id,date_accessed,phase,region,source_type,source_name,source_url,quote_verbatim,language,summary_cs,relates_to_rq,relates_to_hypothesis,notes
E2-001,2026-09-04,2,CZ,web_agentury,Digitální architekti – Pravidelná údržba a monitoring měření,https://digitalniarchitekti.cz/produkty/pravidelna-udrzba-a-monitoring-mereni/,"Pravidelná údržba a monitoring měření … Týdenní nebo měsíční kontroly (dle velikosti webu, zaměření a požadavků)",cs,"Jediná nalezená CZ stránka, která kontinuální správu pojmenovává jako samostatný produkt; obsah: kontrola konverzí/eventů/e-commerce, testování stěžejních událostí, ověření umístění kódů, monitorování změn ovlivňujících měření, aktualizace sledování nových prvků. Nástroje: GA4, FB Pixel/CAPI, Google Ads, Sklik, LinkedIn, sGTM, BigQuery. Cena neuvedena.","RQ1,RQ6,RQ5","H2,H3",stránka publikována 30. 10. 2023 (autor Kristýna Bulíková)
E2-002,2026-09-04,2,CZ,web_agentury,Digitální architekti – Pravidelná údržba a monitoring měření,https://digitalniarchitekti.cz/produkty/pravidelna-udrzba-a-monitoring-mereni/,součást „každodenního provozu“,cs,"Trigger: službu doporučují okamžitě, kvůli nepředvídatelným změnám v systémech a na webech; cílovka: e-shopy a firmy s reklamními kampaněmi.",RQ4,H2,
E2-003,2026-09-04,2,CZ,web_agentury,Digitální architekti – GTM správa,https://digitalniarchitekti.cz/spravujeme-gtm-pro-klicove-hrace-ceske-ecommerce/,"Implementace, rozvoj a péči Google Tag Manager … bez potřeby zásahu webového vývojáře",cs,"Správa GTM = dlouhodobá údržba, řešení přístupů, údržba názvosloví a dokumentace, server-side tagging, konverzní API. Poptávkový formulář nabízí rozpočtová pásma 5 000–10 000 / 11 000–20 000 / 21 000–40 000 / 41 000+ Kč (období neuvedeno).","RQ1,RQ2",H3,"rozpočtová pásma jsou z formuláře, nejde o ceník"
E2-004,2026-09-04,2,CZ,web_agentury,Digitální architekti – Dokumentace GA/GTM,https://digitalniarchitekti.cz/produkty/dokumentace-ga-gtm/,"Po měsíci člověk zapomíná, co a kde nastavil … Změna zaměstnanců či vedoucích pracovníků – pokud dokumentaci nemáte, veškerá nastavení odcházejí",cs,"Pain unknown_owner/access_lost pojmenovaný explicitně; doporučují při změně lidí, novém dodavateli, před redesignem/migrací.","RQ3,RQ4",H2,
E2-005,2026-09-04,2,CZ,web_agentury,Digitální architekti – Onboarding proces,https://digitalniarchitekti.cz/produkty/onboarding-proces/,měsíční spolupráce v závislosti na rozsahu požadovaných služeb … Měření je nutné udržovat aktuální,cs,"13-krokový onboarding (audit 100+ kontrol, workshop, implementace 1–3 měsíce s týdenní komunikací, testování min. 2 testeři, 3–5 školení à 90 min). Po implementaci: pravidelné úpravy měření, garanční kontroly, u větších projektů seniorní/strategické úkony.","RQ1,RQ4,RQ6","H2,H3",
E2-006,2026-09-04,2,CZ,web_agentury,Digitální architekti – Webová a digitální analytika,https://digitalniarchitekti.cz/webova-analytika-digitalni-analytika/,"Dlouhodobá spolupráce – Monitorování, alerty, testy, reporting a konzultace při klíčových rozhodnutích … udržování kódů aktuálních, zkontrolovaných, auditovaných",cs,Dlouhodobá spolupráce vyjmenována jako samostatný blok služby.,"RQ1,RQ6",H2,
E2-007,2026-09-04,2,CZ,case_study,Digitální architekti – Shoptet case,https://digitalniarchitekti.cz/clanek/poklad-v-datech-cesta-shoptetu-k-analyticke-vyspelosti/,"Zadání nastavit 4 události na 30 webech je velice náročné, právě z toho důvodu, že to jsou 4 události napříč 30 weby.",cs,Roční outsourcing analytiky pro Shoptet; zavádění kontrol schémat dataLayer a pravidelných alertů na kvalitu dat; weby na různých technologiích.,"RQ1,RQ6","H2,H5",
E2-008,2026-09-04,2,CZ,inzerat,Digitální architekti – Webový analytik (medior),https://digitalniarchitekti.cz/webovy-analytik-medior/,"Správa a optimalizace měřících nástrojů na webech klientů (Google Analytics, Google Tag Manager, atd.) … Pravidelné vytváření reportů a interpretace výsledků pro naše klienty (Looker Studio) … Instalace a správa měřících kódů na webových stránkách klientů, včetně e-commerce projektů",cs,"Náplň práce agenturního analytika = to, co se prodává jako správa. Mzda neuvedena, forma spolupráce dle domluhy.",RQ1,H3,
E2-009,2026-09-04,2,CZ,web_agentury,RobertNemec.com – Webová analytika,https://robertnemec.com/umime/digitalni-analytika/webova-analytika/,"Měsíční práce na webové analytice (tak, aby měla smysl) začínají na 9 250 Kč, nejběžnější cena je 18 500 Kč … Cena je cena 1 850 Kč/h … spravujeme více jak 180 profilů s měsíční návštěvností přes 9 000 000 návštěvníků",cs,"Jediná agentura s veřejnou měsíční cenou za analytiku (WebFetch stránky uvádí i variantu 31 200 Kč). Obsah je analytický (chování návštěvníků, testování, přehledy na míru), ne monitoring.","RQ2,RQ1",H3,"31 200 Kč z výstupu WebFetch, curl výřez končil u 18 500"
E2-010,2026-09-04,2,CZ,web_freelancer,Václav Ráš – dataras.cz ceník,https://dataras.cz/,"Úvodní konzultace (1-2 h) 4 000 Kč … Krátkodobá spolupráce 2 400 Kč/h … Dlouhodobá spolupráce (více než 2 dny měsíčně) 13 000 Kč/MD … Základní implementace měření (GTM, GA4, BigQuery): 5 700 Kč … Tvorba reportu v Looker Studiu nad BigQuery daty: od 4 300 Kč … preferuji dlouhodobou spolupráci",cs,Veřejný ceník freelancera; dlouhodobá spolupráce definována minimem 2 MD/měs (=26 000 Kč/měs). BigQuery je součástí i základní implementace (BQ-first přístup).,"RQ2,RQ5","H1,H3",
E2-011,2026-09-04,2,CZ,web_freelancer,Tomáš Khoder – ceník,https://www.khoder.cz/,e-commerce reporting od 4 500 Kč (správa od 2 500 Kč měsíčně) … Nastavení GTM pro e-shop od 7 500 Kč. Pro prezenční web od 2 500 Kč … 950 Kč/h,cs,"Nejnižší nalezená měsíční cena za kontinuální datovou službu (správa e-commerce reportu 2 500 Kč/měs; napojení Shoptet, GA4, Google Ads, Sklik, Meta, Heureka, GSC).","RQ2,RQ1",H3,
E2-012,2026-09-04,2,CZ,web_freelancer,Tomáš Khoder – FAQ,https://www.khoder.cz/,"Spolupráce dává smysl zhruba od 500 000 Kč obratu měsíčně, kdy se už vyplatí řídit reklamu podle dat, ne odhadem.",cs,Jediná explicitní veřejná formulace triggeru (velikost klienta) pro datovou spolupráci.,RQ4,H3,
E2-013,2026-09-04,2,CZ,web_agentury,Marketing Makers – Ceník a kapacity,https://marketingmakers.net/my-a-nas-tym/cenik-a-kapacity/,"Jednorázové konzultace, webová analytika, automatizace 2100 Kč … Výkonnostní kampaně, SEO 1600 Kč … Webová analytika: Malé B2C nebo e-shop (kredit do 20.000 Kč) 5 h; Střední (kredit do 100.000) 15 h; Velké (kredit do 500.000) 30 h; B2B 10 h",cs,Veřejný ceník hodinových sazeb + orientační počty hodin webové analytiky podle velikosti klienta (odstupňováno kreditem PPC).,RQ2,H3,tabulka: sloupce nastavení / měsíční správa / webová analytika
E2-014,2026-09-04,2,CZ,web_agentury,Marketing Makers – Měsíční správa kampaní,https://marketingmakers.net/my-a-nas-tym/cenik-a-kapacity/,"Úplný základ 4 h měsíčně … Rosteme 8 h měsíčně … Jsme součástí týmu 14 h měsíčně … Analytika je precizně nastavená. Zkoumáme chování lidí z kampaní, abychom neutráceli ani € nazmar.",cs,"Tiery měsíční správy odstupňované hodinami (4/8/14 h); analytika je diferenciátor nejvyššího tieru PPC správy, ne samostatný produkt.","RQ2,RQ1",H3,
E2-015,2026-09-04,2,CZ,web_agentury,Marketing Makers – Webová analytika,https://marketingmakers.net/webova-analytika/,"pravidelné reportování, nejlépe automatizované … Při naší práci se setkáváme s nepochopením webové analytiky",cs,"Služba měření–analýza–optimalizace; GA4, GTM, Looker Studio, BigQuery a CDP, cookie management; měsíční monitoring není samostatně pojmenován.",RQ1,H5,
E2-016,2026-09-04,2,CZ,web_agentury,Advisio – Datová analytika,https://www.advisio.cz/datova-analytika/,"Správa dat a jejich kontrola … Schází vám důležitá data o stavu vašeho e-shopu? … Nedokážete v nich číst nebo nevíte, co konkrétně měřit?",cs,Advisio nazývá kontinuální službu „Správa dat a jejich kontrola“; ceny neuvedeny.,"RQ1,RQ3",H2,
E2-017,2026-09-04,2,CZ,rozhovor,Advisio blog – O práci datového analytika,https://www.advisio.cz/blog/o-praci-datoveho-analytika-klient-pozna-vysledky-me-prace-ihned-i-to-me-na-ni-bavi/,"Když zavolá, že zaznamenal velký propad v měření – například v návštěvách nebo konverzích. Zjistím, kde je chyba, napravím ji",cs,Reálný pracovní režim agenturního analytika: reaktivní – klient si všimne propadu a volá; analytik opraví chybu v GTM.,"RQ3,RQ4",H2,
E2-018,2026-09-04,2,CZ,web_agentury,Advisio DataPlus – ceník,https://dataplus.advisio.cz/,Menší e-shopy/weby do 150 000 událostí měsíčně od 800 Kč/měsíc … Střední e-shopy/weby 150 000 až 300 000 událostí měsíčně od 1 500 Kč/měsíc … Velké e-shopy/weby … od 3 000 Kč/měsíc,cs,Server-side měření jako produkt s veřejným měsíčním tierem podle počtu událostí; obsahuje aktualizace při legislativních změnách a českou podporu (pracovní dny 9–15).,"RQ2,RQ7",H5,jediný CZ produkt s veřejnými tiery podle objemu událostí
E2-019,2026-09-04,2,CZ,case_study,"Advisio – Klient offline, my online",https://www.advisio.cz/blog/klient-offline-my-online-jak-jsme-diky-dataplus-zachranili-statisicove-trzby/,desítky až sta tisíc korun,cs,Výpadek e-shopu ve 4 zemích detekoval monitoring DataPlus dřív než klient; oprava během hodin; dopad při vícehodinovém výpadku odhadnut na desítky až stovky tisíc Kč.,RQ3,"H2,H5",
E2-020,2026-09-04,2,CZ,case_study,Advisio – Potten & Pannen – Staněk,https://www.advisio.cz/blog/case-study-jak-dataplus-pomohlo-rozjet-online-kampane-potten-pannen-stanek/,Rozdíl mezi množstvím dat z Google Analytics 4 a administrací z e-shopu byl až 70 % … nebylo možné stoprocentně vyhodnocovat kampaně,cs,Kvantifikovaný rozjezd GA4 vs. backend (70 %) kvůli adblockerům/iOS/cookies; řešení sGTM.,RQ3,H2,
E2-021,2026-09-04,2,CZ,case_study,Advisio – Getmi.cz,https://www.advisio.cz/blog/jak-dataplus-pomohlo-zvysit-trzby-u-getmi-cz-o-temer-44/,důsledná revize měření … správné nastavení cookie lišty a consent mode,cs,"Revize konverzních a remarketingových kódů + cookie lišta; správné nastavení lišty vedlo ke ztrátě dat, sGTM vrátilo cca 40 % dat; tržby +44 % y/y.",RQ3,H2,
E2-022,2026-09-04,2,CZ,blog,Fragile – Jak mít více dat pro reklamní systémy,https://www.fragile.cz/blog/kvalitni-data-pro-reklamni-systemy/,"v rámci analytiky vidíme v průměru o 30 % méně dat, než je realita",cs,Agenturní odhad průměrné ztráty dat; revize cookie lišty jako „krok číslo 1“; Fragile nabízí „audity měření“.,RQ3,H2,
E2-023,2026-09-04,2,CZ,blog,Fragile – Consent Mode 2.0,https://fragile.cz/blog/novy-rezim-souhlasu-consent-mode-2-0-neprichazite-o-data/,Ztráty 30-60% dat v rámci webového měření,cs,Kvantifikace ztrát bez consent mode; bez CMv2 firmy „přestanou po stanoveném termínu sbírat data o návštěvnících z Evropské unie“.,RQ3,H2,
E2-024,2026-09-04,2,CZ,web_agentury,Taste – Google Analytics 4,https://taste.cz/google-analytics-4,"Nesedí vám čísla v GAds kampaních s daty v GA4kách? … Zrevidujeme celé měření a doporučíme případné úpravy, ať do začátku sbíráte svá data správně.",cs,"Taste (do níž se přesměrovává medio.cz) prodává audit/školení/konzultace, ne kontinuální správu; ceny neuvedeny.","RQ1,RQ3",H3,
E2-025,2026-09-04,2,CZ,web_agentury,Taste – Maturity model,https://taste.cz/maturity-model-analytics,"stále narážíme na stejné chyby. Klienti nemají nastavené měření stoprocentně správně, nemají jasno v tom co přesně měří a práce s daty je pro ně problematická.",cs,Maturity model zdarma + hodinová konzultace zdarma = akviziční nástroj pro audit.,"RQ3,RQ4",H2,
E2-026,2026-09-04,2,CZ,skoleni,Taste Academy – Analytika ve světě bez dat,https://academy.taste.cz/analytika-ve-svete-bez-dat,"Už vás nějakou dobu trápí propad dat po nasazení cookie lišty, ale nevíte, co s tím dělat?",cs,Pain consent_change formulovaný jako prodejní otázka školení.,RQ3,H2,
E2-027,2026-09-04,2,CZ,web_agentury,Optimics – Level 1/2/3,https://www.optimics.com/level-1-basic,Nedostatek interních dovedností nebo kapacit pro implementaci datové strategie,cs,"Optimics strukturuje nabídku do 3 úrovní (Basic: strategie, GTM Unification, Consent Mode, Reporting, Campaign Anomaly Detector, Ads Policy Monitor; Advanced: sGTM, CAPI, modelování; Expert: MMM, CDP). Kontinuální správa/monitoring není pojmenován, ceny nejsou.","RQ1,RQ2","H3,H4",optimics.cz → optimics.com
E2-028,2026-09-04,2,CZ,web_agentury,Effectix – Analytika,https://www.effectix.com/analytika/,"Technické nastavení – GA4, GTM, server-side GTM, BigQuery, Roivenue … Vizualizace dat a reporty … Testování a optimalizace – Neustálé hledání lepší cesty",cs,"Performance agentura, analytika jako jedna z 10 služeb; kontinuální správa měření není pojmenována; ceny nejsou.",RQ1,H3,
E2-029,2026-09-04,2,CZ,web_agentury,House of Řezáč – Web Analytics,https://www.houseofrezac.com/en/services/web-analytics,Díky Pavlovi máme všechny webové projekty měřeny do detailu — také lépe pracujeme s výsledky měření.,cs,"Seznam služeb zahrnuje správu měření na ekosystémech webů, reporty (Looker Studio/Power BI), školení; ceny nejsou; CZ URL /webova-analytika vrací 404.","RQ1,RQ6",H3,
E2-030,2026-09-04,2,CZ,web_agentury,WEBUI.CZ – Analytika a měření,https://webui.cz/sluzby/analytika-a-mereni/,Pravidelný reporting a monitoring – dlouhodobá péče s doporučeními … SLA podporu … hlídáme anomálie … rychlou aktualizací měření při změnách webu,cs,"Malá agentura s nejúplnějším popisem kontinuální dodávky (SLA, měsíční doporučení, anomálie, dashboardy nad BigQuery s alerty, sGTM/CAPI); ceny neuvedeny.","RQ1,RQ5,RQ6","H1,H2",
E2-031,2026-09-04,2,CZ,web_agentury,Neogy (neologic.cz) – Webová analytika,https://www.neologic.cz/sluzby/webova-analytika/,webový analytik posoudí příčiny … zprávu psanou lidskou řečí,cs,"Model: agentura čte reporty, při změně metrik analytik posoudí příčiny a pošle komentovanou zprávu; ceny nejsou.","RQ1,RQ6",H5,
E2-032,2026-09-04,2,CZ,web_agentury,Web S ÚSMĚVEM – Webová analytika,https://www.websusmevem.cz/marketing/analytika/,"Měsíčně vám vyhodnotíme data z analytických nástrojů, abyste věděli, jaké další kroky podniknout.",cs,Měsíční vyhodnocení jako součást služby webová analytika; konverze FB/Google Ads/Sklik; ceny nejsou.,RQ1,H3,
E2-033,2026-09-04,2,CZ,web_freelancer,Martina Machalová – Webová analytika,https://www.martinamachalova.cz/webova-analytika/,Zůstaneme v kontaktu. Na pravidelné bázi budeme sledovat dopad změn v analytice na vaše podnikání.,cs,"GTM, konverze, GA4, Looker Studio, BigQuery, cookies lišta, zálohování dat; pravidelné sledování bez názvu a ceny.",RQ1,H3,
E2-034,2026-09-04,2,CZ,web_freelancer,Marek Lecián – Webová analytika,https://mareklecian.cz/webova-analytika/,"Analytika se mění společně s webem... Jednorázově správná implementace proto není zárukou správných dat … hledání příčin rozdílů mezi webovou analytikou, reklamními systémy a obchodními daty",cs,"Freelancer explicitně pojmenovává důvod správy (změny webu), ale správu jako službu neprodává; ceny nejsou.","RQ3,RQ4",H2,
E2-035,2026-09-04,2,CZ,web_agentury,MeasureDesign,https://www.measuredesign.cz/,Měsíční partnerství a podpora … Monitoring kvality dat,cs,"Analytický butik (klienti IKEA, Shoptet, ČS, McDonald's); kontinuální službu nazývá „Měsíční partnerství a podpora“; GA4, Adobe, sGTM, BigQuery; ceny nejsou.",RQ1,H3,podstránka /sluzby vrací 404
E2-036,2026-09-04,2,CZ,web_agentury,Signals – produkty,https://www.signals.cz/produkty,"Bar – Automatické upozornění, když se s vašimi daty děje něco neobvyklého. … Game – Nástroj pro hromadný export dat z Google Analytics. Rychlý, spolehlivý, bez limitů API.",cs,"CZ datová firma s produkty pro monitoring (Bar), BQ zpracování GA4 (Dance), export; ceny nejsou.","RQ7,RQ5","H1,H5",
E2-037,2026-09-04,2,CZ,web_agentury,Cross Masters,https://www.crossmasters.com/,Waaila Suite - monitoring a prevence kvalitních dat … mHub Cloud - server-side tracking,cs,CZ firma s vlastním data-quality monitoring nástrojem (Waaila) a sGTM cloudem; ceny nejsou (waaila.com nedostupné).,RQ7,H5,
E2-038,2026-09-04,2,CZ,web_agentury,BizzTreat – Support,https://www.bizztreat.com/en/blog/technologie-support,"Postavit kvalitní BI řešení je základ, ale tím naše práce nekončí.",cs,BI/DWH firma s odděleným support týmem v SLA modelu („24/7 Support“); relevantní jako vzor supportu nad BigQuery; ceny nejsou.,"RQ6,RQ1",H1,
E2-039,2026-09-04,2,CZ,case_study,Sherpas – ČMSS,https://www.sherpas.cz/blog/pokrocila-webova-analytika-pro-cmss,správu webové analytiky a rozvoj v této oblasti,cs,"Dlouhodobá správa analytiky pro finanční instituci (3 weby, User ID, dashboard); ceny nejsou.",RQ1,H3,
E2-040,2026-09-04,2,CZ,web_freelancer,Jiří Franěk – Nastavení GA4,https://jirifranek.cz/nastaveni-google-analytics/,"Cena za nastavení Google Analytcs 4 záleží na komplexnosti Vašeho projektu … GA4 mám už nasazené, ale potřebuji zkontrolovat kvalitu dat.",cs,Shoptet partner; v ceně „automatické měsíční reporty e-mailem“; kontrola kvality dat jako vstupní bod; ceny nejsou.,"RQ1,RQ4",H3,
E2-041,2026-09-04,2,CZ,web_freelancer,Zbyněk Hyrák – Na volné noze,https://navolnenoze.cz/prezentace/zbynek-hyrak/,Osobní konzultace v Praze: 3 000 Kč bez DPH za hodinu … Online konzultace a odborné práce: 2 000 Kč bez DPH za hodinu,cs,Veřejná hodinová sazba seniorního webového analytika/PPC.,RQ2,H3,
E2-042,2026-09-04,2,CZ,web_freelancer,Jiří Kroužek – ceník,https://www.jirikrouzek.cz/cenik.html,Webová analytika – dle hodinové sazby … 1 150 Kč / hod,cs,"Webová analytika bez balíčku, jen hodinovka.",RQ2,H3,
E2-043,2026-09-04,2,CZ,web_freelancer,Open Mage – ceník,https://www.openmage.cz/cenik/,700 Kč/hod … Ecommerce analýza se zaměřením na eshopy vyjde na 6 až 8 000 Kč,cs,Nízká sazba; analytika jako jednorázová analýza.,RQ2,H3,
E2-044,2026-09-04,2,CZ,web_freelancer,MH Marketing – ceník,https://www.mhmarketing.cz/cenik/,Má hodinová sazba je 600 Kč/hod,cs,Webová analytika v menu bez ceny; hodinovka 600 Kč.,RQ2,H3,
E2-045,2026-09-04,2,CZ,web_agentury,WebPrezent.cz – ceník,https://www.webprezent.cz/cenik/,"On-line marketing a webová analytika … Základní hodinová sazba – odborné práce 790,- Kč / hod … 5 hodin 3 450,- Kč … 15 hodin 9 600,- Kč",cs,Balíčky předplacených hodin (690/640 Kč/h) – model retainer_hours na nízké cenové úrovni.,RQ2,H3,
E2-046,2026-09-04,2,CZ,web_agentury,Neosoft – ceník,http://www.neosoft.cz/cenik/,"Analýzy, studie, konceptuální modely: 900 Kč/hod",cs,Obecná analytická hodinovka webové firmy.,RQ2,H3,
E2-047,2026-09-04,2,CZ,pruzkum,Na volné noze – Jak se daří českým freelancerům 2024,https://navolnenoze.cz/novinky/jaksedari/,"600–999 Kč/hod: 27,38 % … 1.000–1.999 Kč/hod: 23,00 % … 2.000–4.999 Kč/hod: 8,95 %",cs,Průzkum 2 237 freelancerů (2024): nejčetnější pásmo 600–999 Kč/h; 32 % nad 1 000 Kč/h; nerozlišuje obory.,RQ2,H3,
E2-048,2026-09-04,2,CZ,platovy_portal,Jooble – Web analytik mzda,https://cz.jooble.org/salary/web-analytik,Průměrná mzda: 81 943 Kč měsíčně … 954 aktivních volných míst,cs,"Agregát Jooble (aktualizace 2. 9. 2026); zahrnuje i IT/web analytiky, proto nadhodnocuje marketingového analytika.",RQ2,H3,proxy in-house alternativy
E2-049,2026-09-04,2,CZ,platovy_portal,PrůměrnéPlaty.cz – Analytik,https://prumerneplaty.cz/pozice/analytik,66 266 Kč,cs,"Průměrný plat „analytik“ (Praha 67 938 Kč), 4. 9. 2026; bez rozlišení webový analytik.",RQ2,H3,
E2-050,2026-09-04,2,CZ,inzerat,Inveo – Webový analytik,https://www.inveo.cz/pracovni-nabidka/webovy-analytik,Spolupráce na part-time do 20 hodin / měsíc … Navrhovat měřicí strategie pro nové i stávající klienty … Navrhovat datovou vrstvu (dataLayer) … Definovat KPI a business metriky,cs,Agentura poptává analytika na max. 20 h/měs – proxy typického rozsahu analytické práce pro portfolio klientů; mzda neuvedena.,"RQ1,RQ2",H3,
E2-051,2026-09-04,2,CZ,inzerat,Ušetřeno.cz – Webový analytik a SEO specialista,https://www.jobs.cz/rpd/2001395953/,realizuješ a vyhodnocuješ testy s cílem zlepšovat výkon webů a konverze,cs,"In-house: správa analytických nástrojů, dashboardy (Power BI, GA4, GTM), testy, SEO; mzda neuvedena.",RQ1,H3,
E2-052,2026-09-04,2,CZ,inzerat,Jooble – inzeráty analytik s mzdou,https://cz.jooble.org/pr%C3%A1ce-web-analytik,DATOVÝ ANALYTIK m/ž - REPORTING A DASHBOARDY … 46 000 Kč … Analytik / Analytička … 32 000 - 48 000 Kč,cs,"Inzeráty s uvedenou mzdou jsou generičtí analytici (reporting/dashboardy), ne webová analytika.",RQ2,H3,
E2-053,2026-09-04,2,CZ,blog,Softmedia – Serverové GTM,https://softmedia.cz/novinky-ze-softmedia/serverove-gtm-pro-presnejsi-data/,1000 Kč měsíčně … 2500 – 4000 Kč … 6000 – 8000 Kč … bude nutné tento ekosystém udržovat a spravovat … postarají se o provoz naši specialisti,cs,"Orientační provozní náklady sGTM podle objemu (malý / ~10 M hitů / ~100 M hitů) + explicitní tvrzení, že sGTM vyžaduje trvalou správu.","RQ2,RQ7",H5,
E2-054,2026-09-04,2,CZ,blog,Pavel Šabatka – Server-side tracking,https://www.sabatka.net/cs/server-side-tracking-sgtm/,zdarma (pro malinké weby) až do 10 tisíc Kč za měsíc,cs,Náklady GCP hostingu sGTM; správa jako služba nenabízena.,"RQ2,RQ7",H5,
E2-055,2026-09-04,2,CZ,blog,Pavel Szabo – Co je GTM,https://www.pavelszabo.cz/co-je-google-tag-manager/,350-600 Kč měsíčně (15-25 USD) … chybět data kvůli iOS a adblockerům,cs,sGTM na Cloudflare Workers; implementace GTM 4–12 h u běžného projektu.,"RQ2,RQ7",H5,
E2-056,2026-09-04,2,CZ,prednaska,Marketing Makers – Server-side GTM ano nebo ne (PPC kemp),https://marketingmakers.net/server-side-gtm-ano-nebo-ne/,není vyplněn region v server side GTM … využívání FB CAPI bez deduplikace událostí. Chybí zde event_id,cs,Konkrétní chyby sGTM implementací z praxe; náklad ~300 Kč/měs při 500 000 eventech (Cloud Run EU); nutnost sledovat logy.,"RQ3,RQ7","H2,H5",
E2-057,2026-09-04,2,CZ,web_agentury,"MarketingPPC – GTM, GA4 a Consent Mode / Kolik stojí Google Ads",https://www.marketingppc.cz/sluzby/ga4/,od 3 900 Kč … od 7 800 Kč … od 19 000 Kč … 800-2000 Kč … 8-30 tis. měsíčně … 15-25%,cs,"Veřejné jednorázové ceny nasazení GTM/GA4 podle velikosti klienta; správa PPC 8–30 tis. Kč/měs nebo 15–25 % spendu – cenová kotva, kterou klient zná.",RQ2,H3,druhý údaj z https://www.marketingppc.cz/faq/kolik-stoji-google-ads/
E2-058,2026-09-04,2,CZ,blog,Martin Kovalčík – Správa PPC kampaní: rozsah a cena,https://martinkovalcik.cz/blog/sprava-ppc-kampani,od 10 000 Kč … 15 000–30 000 Kč … 25 000–70 000+ Kč … procento z budgetu (typicky 10–20 %),cs,"Ceny správy PPC podle typu dodavatele (freelancer / senior / malá / velká agentura); měření a report jsou součástí paušálu, ne zvlášť.",RQ2,H3,
E2-059,2026-09-04,2,CZ,diskuse,Shoptet blog – komentáře pod článkem GA4,https://blog.shoptet.cz/google-analytics-4/,po nasazení měření jsme dostali několik hlášení ohledně problémů s měření … na základě hlášení ohledně problémů s měření jsme úpravu dočasně pozastavili,cs,"Uživatel hlásí (not set) v dimenzi B2B/B2C týden po nasazení; Shoptet potvrzuje, že aktualizace měření obsahovala chyby.",RQ3,H2,
E2-060,2026-09-04,2,CZ,blog,Upgates – Jak propojit e-shop s GA4,https://www.upgates.cz/a/jak-propojit-e-shop-s-google-analytics-a-jaka-zakladni-data-v-nem-sledovat,Právě odmítání zasílání cookies bývá nejčastějším důvodem nesouladu údajů o provedených nákupech v administraci e-shopu a v prostředí Google Analytics.,cs,"Platforma sama vysvětluje nesoulad GA4 vs. administrace (consent, adblock).",RQ3,H2,
E2-061,2026-09-04,2,CZ,blog,nazakladedat.cz – Checklist správného nastavení GA4,https://nazakladedat.cz/checklist-spravneho-nastaveni-ga4/,Tržby po produktech neodpovídají celkovým tržbám … duplicitní měření … Před udělením souhlasu v cookies liště se nesmí založit _ga cookie,cs,"Checklist chyb, které vznikají časem: vývojové verze v datech, platební brána ve zdrojích, UTM nesmysly, tržby neodpovídají realitě.",RQ3,H2,
E2-062,2026-09-04,2,CZ,blog,Effectix – Jak odstranit testovací objednávky z GA,https://www.effectix.com/jak-odstranit-testovaci-objednavky-z-google-analytics/,Objednávku z Google Analytics zcela odstranit bohužel nelze,cs,Testovací objednávky na produkci trvale zkreslují tržby v GA.,RQ3,H2,
E2-063,2026-09-04,2,CZ,blog,Advisio – Měříme interní kampaně,https://www.advisio.cz/blog/merime-interni-kampane-na-webu-pomoci-google-analytics/,"Nejenže si tímto zkreslujete své statistiky, ale hlavně nenávratně přicházíte o původní zdroj návštěvy.",cs,UTM na interních odkazech přepisuje zdroj – pain utm_chaos.,RQ3,H2,
E2-064,2026-09-04,2,CZ,blog,MarketingPPC – GA4 průvodce,https://www.marketingppc.cz/google-analytics/google-analytics-4/,"Cookie lišta má velký vliv na nepřesné statistiky, o to více, že je často nesprávně nasazena.",cs,Nesprávně nasazená lišta jako dlouhodobý zdroj nepřesnosti.,RQ3,H2,
E2-065,2026-09-04,2,CZ,blog,Reshoper – Příprava e-shopu na GA4,https://www.reshoper.cz/cs/blog/detail/priprava-e-shopu-na-prichod-google-analytics-4,"po nasazení může trvat až několik dní, kdy se data začnou v rozhraní GA4 ukazovat",cs,Srovnatelnost: u středního e-shopu 42 994 uživatelů (GA3) vs. 54 872 (GA4).,RQ3,H2,
E2-066,2026-09-04,2,CZ,blog,Flowstack – GA4 BigQuery export,https://flowstack.cz/blog/ga4-bigquery.html,"Data thresholding — GA4 skrývá data, která nechcete vidět … Retence dat jen 14 měsíců",cs,Freelancer (Jan Veverka) prodává BQ export jako jednorázové nastavení; monitoring nenabízí; ceny nejsou.,RQ5,H1,
E2-067,2026-09-04,2,CZ,web_freelancer,Vojtěch Audy – Na volné noze,https://navolnenoze.cz/prezentace/vojtech-audy/,"budu ji pravidelně spravovat, abyste splnili zákonné požadavky",cs,PPC freelancer nabízí pravidelnou správu cookies lišty (B3) – správa měření samostatně ne.,RQ1,H3,
E2-068,2026-09-04,2,CZ,komunita,MeasureCamp Czechia 2026 – sponzoři,https://czechia.measurecamp.org/,"Platinum: Coupler.io; Gold: Roivenue, Dr.Max, Stape, Etnetera Group, Usercentrics; Silver: MeasureDesign, O2, Google, Crossmasters, Digitální architekti, Signals",cs,Mapa aktivních hráčů CZ měřicí komunity (12. 9. 2026).,RQ1,,
E2-069,2026-09-04,2,CZ,web_agentury,Digitální architekti – Mobilní a webová analytika,https://digitalniarchitekti.cz/mobilni-a-webova-analytika/,Pravidelný reporting a optimalizace,cs,Poptávkový formulář nabízí rozpočet 30 000–100 000+ Kč (období neuvedeno).,"RQ1,RQ2",H3,
E2-070,2026-09-04,2,CZ,web_agentury,In creative – Služby,https://www.increative.cz/sluzby/,Rozsah prací a rozpočty plníme zpravidla na měsíční bázi,cs,Měsíční model bez veřejné ceny; audit měření GA/GTM/GSC/dataLayer.,RQ2,H3,
E2-071,2026-09-04,2,CZ,web_agentury,eVisions – Nastavení GA4,https://www.evisions.cz/nastaveni-ga-4/,"Chcete jistotu, že GA4 měří správně … Ověříme nastavení, konverze a datové toky, abyste získali spolehlivé reporty",cs,Jednorázové nastavení + školení; ceny nejsou.,RQ1,H3,
E2-072,2026-09-04,2,CZ,web_freelancer,Tomáš Černovský – Webová analytika,https://www.cernovsky.cz/weby-e-shopy/webova-analytika/,"Ceny za jednorázovou analýzu návštěvnosti webu začínají na jednotkách tisíc korun, mohou ale dosáhnout desítek a u větších projektů stovek tisíc",cs,"Jednorázová analýza, bez měsíční správy.",RQ2,H3,citát parafrázován z WebFetch překladu
E2-073,2026-09-04,2,CZ,web_agentury,Databy (Proficio) – homepage,https://www.databy.io/,MarkO - modulární reporting pro marketingová data na jednom místě,cs,"Datová divize Proficio (20 lidí, 150+ klientů); BI, webová analytika, sGTM s maržemi do BQ; ceny nejsou.",RQ1,H1,
E2-074,2026-09-04,2,CZ,web_agentury,Marketup – Data,https://www.marketup.cz/nase-sluzby/data,reporting dat ve skutečném čase,cs,"Datová analytika, vizualizace, MMM; kontinuální správa měření nepojmenována; ceny nejsou.",RQ1,H3,
E2-075,2026-09-04,2,CZ,technicka_poznamka,Přesměrování a nedostupné weby,https://www.medio.cz/,medio.cz → taste.cz; dobryweb.cz → webtop100.cz; sunmarketing.cz → sun.cz (Taste Sun); dataweps.com → heureka.group; optimics.cz → optimics.com; digitalvisions.cz DNS neexistuje; adexpres.com HTTP 503,cs,Část původního seznamu z plánu už jako samostatná značka neexistuje nebo analytiku neprodává.,RQ1,,ověřeno 2026-09-04
E2-076,2026-09-04,2,CZ,web_agentury,Bubák.cz – Webová analytika,https://www.bubak.cz/co-delame/webova-analytika/,"Není nic horšího, než vytvořit závěry nad špatnými nebo neúplnými daty.",cs,"Audit výkonnosti, jednorázově; ceny nejsou.",RQ3,H2,
E2-077,2026-09-04,2,CZ,web_agentury,Macro Consulting – Webová analytika a data,https://www.macroconsulting.cz/webova-analytika-a-data/,transparentních reportech,cs,"Strategie měření, GA4, consent, reporting; průběžné sledování bez názvu a ceny.",RQ1,H3,
E2-078,2026-09-04,2,CZ,blog,Digitální architekti – Měření GA4 na Shoptetu 2024,https://digitalniarchitekti.cz/clanek/mereni-ga4-na-shoptetu-v-roce-2024/,"Pokud tagujete v GTM, je potřeba si pohlídat na který event své tagy triggerujete. Nemělo by dojít k opakovaným voláním tagů",cs,Riziko duplicit při souběhu nativního gtag měření Shoptetu a vlastního GTM.,RQ3,H2,
E2-079,2026-09-04,2,CZ,inzerat,Optimics – Webový analytik junior (GA4/GTM) – StartupJobs,https://www.startupjobs.cz/nabidka/24388/webovy-analytik-junior-ga4-gtm,Nabídce vypršela platnost nebo již není aktuální,cs,Inzerát expirovaný; mzda a náplň nedostupné.,RQ2,H3,
E2-080,2026-09-04,2,CZ,web_freelancer,Petr Bechyně,https://www.petrbechyne.cz/,"problematická místa, díky kterým vám utíkají peníze",cs,UX + GA4 školení; správa měření ani ceny nejsou.,RQ1,H3,
E3-001,2026-09-04,3,SK,website,"DASE – blog Analytika nie je šprint, ale maratón (Marek Cibuľa, 27.8.2025)",https://www.dase-analytics.com/blog/sk/analytika-nie-je-sprint-ale-maraton/,"700 eur bez DPH mesačne … Výšku mesačného paušálu si určuje vždy klient, pričom výška paušálu determinuje objem",sk,Jediná nalezená veřejná cena kontinuální správy analytiky na SK: minimální měsíční paušál 700 € bez DPH; objem práce odvozen od výše paušálu (retainer typu 'kupujete kapacitu').,RQ2;RQ1,H3,"DASE = jediná čistě analytická agentura na SK (od 2016). Cena je v blogu, ne na stránce služby."
E3-002,2026-09-04,3,SK,website,"DASE – blog Analytika nie je šprint, ale maratón",https://www.dase-analytics.com/blog/sk/analytika-nie-je-sprint-ale-maraton/,"vybudovanie a údržba reportingu; integrácia nových meraní; správa server-side GTM; data warehouse a BigQuery; CRO optimalizácia webu; proaktívne a ad-hoc analýzy; konzulting, školenia tímu",sk,"Výčet aktivit v kontinuální spolupráci DASE – pokrývá F1, A2, A5, E3/E5, I2, I1/H3, H4. Detekce chyb 'pravidelná kontrola dát' + anomaly detection.",RQ1;RQ6,H1;H5,"BigQuery uvedeno jako jedna z položek, ne jako podmínka."
E3-003,2026-09-04,3,SK,website,"DASE – blog maratón, citace Július Selnekovič (Analytics Engineer)",https://www.dase-analytics.com/blog/sk/analytika-nie-je-sprint-ale-maraton/,Meranie niektorých udalostí nefunguje korektne alebo vôbec. Dôvodom bývajú zmeny na webovej stránke.,sk,"Agentura potvrzuje, že při pravidelné kontrole dat pravidelně nachází nefunkční eventy; příčinou jsou změny webu.",RQ3;RQ4,H2,
E3-004,2026-09-04,3,SK,website,"DASE – blog maratón, Július Selnekovič",https://www.dase-analytics.com/blog/sk/analytika-nie-je-sprint-ale-maraton/,"Obzvlášť citlivé je to v prípade consent módu a zmien cookie lišty, kedy môže dôjsť k zníženiu počtu konverzií.",sk,Změna consent mode / cookie lišty jako typický spouštěč propadu konverzí v ad platformách.,RQ3,H2,
E3-005,2026-09-04,3,SK,website,"DASE – blog Investícia do webovej analytiky (Marek Cibuľa, 8.11.2024)",https://www.dase-analytics.com/blog/sk/investicia-do-webovej-analytiky-co-dostanete-za-svoje-peniaze/,"objem analytickej podpory si stanovuje sám klient … 2-mesačná výpovedná doba … platíte len za práce, ktoré budú reálne odvedené",sk,"Smluvní model kontinuální podpory DASE: klient volí objem, 2měsíční výpověď, fakturace odvedené práce. Měsíc 1 = analytická strategie 1 400 €.",RQ2;RQ4,H3,Článek popisuje 12měsíční plán: strategie → GA4 → cookie lišta → skripty → sGTM → dashboardy → analýzy → A/B.
E3-006,2026-09-04,3,SK,website,DASE – blog Investícia do webovej analytiky,https://www.dase-analytics.com/blog/sk/investicia-do-webovej-analytiky-co-dostanete-za-svoje-peniaze/,pre webe s niekoľkými miliónmi requestov mesačne zaplatíte iba cca 20-50€ / mesačne,sk,Provozní náklad sGTM/GCP podle DASE: 20–50 €/měs i pro weby s miliony requestů.,RQ7,H5,
E3-007,2026-09-04,3,SK,website,"DASE – blog Server-side GTM Q&A (Július Selnekovič, 27.1.2025)",https://www.dase-analytics.com/blog/sk/server-side-gtm-qa-common-sense-verzia/,7 €/mesiac – 250 000 požiadaviek/mesiac … 100 €/mesiac – 25 000 000 požiadaviek/mesiac … dlhodobá prevádzka vyžaduje pravidelnú údržbu a monitoring … úplný výpadok meraní,sk,"Ceník GCP hostingu sGTM 7–100 €/měs, Stape free–150 €/měs; explicitně: dlouhodobý provoz vyžaduje údržbu a monitoring; typický incident = úplný výpadek měření kvůli neplatné platební metodě v GCP.",RQ7;RQ3,H5;H2,
E3-008,2026-09-04,3,SK,website,DASE – stránka služby Analytický audit,https://www.dase-analytics.com/sk/analyticky-audit/,"GA4 môže zbierať dáta každý deň a reporty môžu vyzerať úplne v poriadku. To však ešte neznamená, že meriate správne.",sk,"Formulace tichého selhání ('reporty vypadají v pořádku, ale měříte špatně') přímo na prodejní stránce.",RQ3,H2,Audit bez veřejné ceny; trigger: 'po zmenách na webe alebo v meraní'.
E3-009,2026-09-04,3,SK,pricing_page,DASE – stránka služby Efektívna analytika v praxi,https://www.dase-analytics.com/sk/efektivna-analytika-v-praxi/,začína od 1 400 € bez DPH,sk,Jednorázový vstupní produkt (audit + strategie + workshop) od 1 400 € – vstupní bod před kontinuální spoluprací.,RQ2;RQ4,H3,
E3-010,2026-09-04,3,SK,website,Dexfinity – služba Webová analytika a reporting pre e-shopy,https://www.dexfinity.com/sluzby/analytika/,Live dashboard plus týždenný súhrn … Automatizované reporty do e-mailu,sk,"Dexfinity dodává kontinuální prvky (live Looker/Zoho dashboard, týdenní a měsíční souhrn e-mailem, automatické alerty při propadu ROAS/skoku trafficu), sGTM, CAPI, Consent Mode v2. Cena neuvedena.",RQ6;RQ1,H5,EN verze: alerts 'when ROAS drops or traffic jumps'; pain '20 to 40% of conversions' lost to iOS/blockers.
E3-011,2026-09-04,3,SK,website,Dexfinity – Dexguide Google Analytics,https://www.dexfinity.com/dexguide/google-analytics/,"Viac ako 40 % e-shopov, s ktorými začíname spoluprácu, má GA4 nainštalovaný ale bez merania revenue.",sk,Kvantifikace: >40 % nových klientů agentury má GA4 bez měření tržeb – nikdo si nevšiml.,RQ3;RQ4,H2,Agentura ověřuje e-commerce tracking při každém novém klientovi (trigger = onboarding do PPC správy).
E3-012,2026-09-04,3,SK,website,Dexfinity – Dexguide Freelancer (sadzby SK/CZ 2026),https://www.dexfinity.com/dexguide/freelancer/,"Dátová analytika / GA4: junior 25–45 €/h, mid 45–70 €/h, senior 70–110 €/h … Retainer (mesačná paušálna platba za definovaný rozsah)",sk,"Publikované rozpětí hodinových sazeb freelancerů pro datovou analytiku/GA4 na SK/CZ trhu; retainer definován jako měsíční paušál za definovaný rozsah, přechod na retainer po 2–3 měsících.",RQ2,H3,
E3-013,2026-09-04,3,SK,website,Basta digital – Enterprise level digitálna analytika (Daniel Duriš),https://bastadigital.com/enterprise-level-digitalna-analytika/,Našou úlohou je monitorovať ich dostupnosť a zároveň aj správnosť. … Implementácia programátormi vyžaduje opakované testovanie a kontinuálny monitoring zmien.,sk,"Basta popisuje kontinuální monitoring dostupnosti a správnosti dat a nutnost opakovaného testování po zásazích programátorů; surová data přes BigQuery, reporting Looker Studio. Cena neuvedena.",RQ1;RQ3,H1;H2,Basta digital = dříve Pizza SEO; 35+ lidí; CEE.
E3-014,2026-09-04,3,SK,website,Visibility (CZ entita) – Konzultace webové analytiky / pokračující podpora,https://www.visibility.cz/webova-analytika-2/konzultace-webova-analytika/,Výsledky se špatně vyhodnocují,cs,"Pokračující podpora = měsíční analýza výkonu webu a kampaní, měsíční konzultace s doporučeními, Looker Studio dashboardy, průběžná datová podpora při změnách. Bez ceny. Triggery: kolísání kampaní bez vysvětlení, chybějící kapacita týmu na pravidelný monitoring.",RQ1;RQ6;RQ4,H1,SK VISIBILITY s.r.o. (Bratislava) a CZ VISIBILITY DIGITAL s.r.o. (Praha) sdílí značku/skupinu Visibility 360; SK web nemá detail služby.
E3-015,2026-09-04,3,SK,website,Visibility.sk blog – E-commerce analytika: 8 najčastejších chýb (Dominik Baláž),https://visibility.sk/blog/e-commerce-analytika-najcastejsie-chyby-a-problemy/,Kampane sa optimalizujú podľa mikro-konverzií namiesto skutočných konverzií,sk,Typická chyba: špatně nastavené cíle → Smart Bidding optimalizuje na mikrokonverze.,RQ3,H2,
E3-016,2026-09-04,3,SK,website,ConsultOne / webanalytics.sk (Martin Botťánek) – sGTM článek + GTM služba,https://www.webanalytics.sk/google-tag-manager/server-side-tracking-sgtm-najlepsie-investovanych-50-eur-do-marketingu/,Najlepšie investovaných 50 EUR mesačne do marketingu? Server-side tracking … Náklady na sGTM začínajú už na 20 EUR mesačne,sk,Kotva provozního nákladu sGTM 20–50 €/měs; GTM implementace 'Cena od 350 € bez DPH' (consultone.sk). Žádný veřejný měsíční retainer.,RQ2;RQ7,H5,"Specializovaná analytická butiková agentura, Bratislava, od 2007."
E3-017,2026-09-04,3,SK,website,webanalytics.sk – Duplicitné objednávky v Google Analytics (2.5.2025),https://www.webanalytics.sk/google-analytics/duplicitne-objednavky-v-google-analytics/,"Revenue v administrácii e-shopu vôbec nesedí s tým, čo vidíte v Google Analytics",sk,Pain: duplicitní purchase při refreshi děkovné stránky; řešení transaction_id v cookie/localStorage nebo dedup v sGTM přes Firebase/BigQuery.,RQ3;RQ5,H2;H1,
E3-018,2026-09-04,3,SK,pricing_page,TechWeb.sk – Google Tag Manager implementácia,https://techweb.sk/tag-manager-implementacia,od 350 € bez DPH … od 800 € … GTM audit od 150 €,sk,"Veřejné jednorázové ceny: základní GTM (snippet, GA4, Ads konverze, cookie consent) od 350 €, komplexní e-shop (dataLayer, EEC, CMv2) od 800 €, audit od 150 €. Měsíční správa neuvedena.",RQ2,H3,Pain na stránce: 'každý nový tag = ticket programátorovi + 1–3 týždne čakania'; 15–40 % konverzí blokováno.
E3-019,2026-09-04,3,SK,website,"TechWeb.sk blog – Webová analytika, ktorá skutočne mení váš marketing",https://techweb.sk/blog/webova-analytika-ktora-skutocne-meni-vas-marketing,"Pravidelná revízia, aspoň raz za štvrťrok, zaistí, že vaše dáta odrážajú aktuálnu realitu webu … Nepravidelná kontrola kvality dát (mení sa web, menia sa tagy)",sk,Doporučená frekvence revize: min. kvartálně; nepravidelná kontrola kvality dat uvedena jako chyba.,RQ1;RQ4,H2,
E3-020,2026-09-04,3,SK,website,Starbomedia – Server Side Tagging vs Tracking (tabulka nákladů),https://starbomedia.sk/server-side-tagging-vs-server-side-tracking-aky-je-skutocny-rozdiel,Údržba a aktualizácie: €100-300 (mesačne) … Údržba (GCP): €200-500 (mesačne) … GTM konfigurácia (agentúra): €1 000-3 000 … Setup a konfigurácia (GCP): €3 000-8 000 … Stape hosting (Pro) €20-50 … GCP hosting €120-300,sk,"Jediný nalezený SK zdroj s explicitní měsíční cenou ÚDRŽBY měření (sGTM): 100–300 €/měs (Stape varianta), 200–500 €/měs (GCP varianta).",RQ2;RQ7,H3;H5,"Ceny jsou orientační tabulka v blogu, ne ceník služby."
E3-021,2026-09-04,3,SK,pricing_page,Starbomedia – Cenník,https://starbomedia.sk/cennik,Nastavenie merania konverzií … od 400 € jednorazovo … Google Ads od 350 € / mes.,sk,"Měření konverzí (GA4, sGTM, Enhanced Conversions) jako jednorázová položka od 400 €; správa Ads od 350 €/měs.",RQ2,H3,
E3-022,2026-09-04,3,SK,website,Starbomedia – Koľko stojí Google Ads reklama na Slovensku 2026,https://starbomedia.sk/kolko-stoji-google-ads-reklama-na-slovensku-2026,mesačnú validáciu čísel voči reálnym tržbám,sk,"Měsíční validace čísel vůči reálným tržbám je uváděna jako součást poctivé správy PPC (ne samostatná služba); nastavení měření 300–600 € jednorázově, má zachytit ≥90 % tržeb.",RQ1;RQ3,H1,"Ukazuje, že část 'správy měření' je na SK zabalená do PPC správy."
E3-023,2026-09-04,3,SK,website,Peter Šutarík – Čo je data layer a prečo bez neho tracking zlyhá,https://petersutarik.com/sk/blog/co-je-data-layer-preco-tracking-zlyha/,"GA4 ukazovalo za apríl 184 nákupov. Shopify 291 … Dva mesiace pred auditom prebehol frontendový redizajn … Nastavte si monitoring: automatizované testy, ktoré overujú, či sa kritické pushe spúšťajú",sk,"Konkrétní case: DTC brand s 22 000 €/měs ad spend, redesign změnil CSS třídy, Google Ads tag posílal value 0, GA4 chyběly transakce; nikdo si 2 měsíce nevšiml. Doporučení: automatizované testy dataLayer pushů.",RQ3;RQ4,H2,"Freelancer, marketing measurement, B2B; blog 2026."
E3-024,2026-09-04,3,SK,website,Peter Šutarík – GTM triggery: 5 tichých chýb (24.6.2026),https://petersutarik.com/sk/blog/gtm-triggery-ticho-chyby-ktore-rozbiju-tracking/,Tag sa spustí dvakrát. GA4 zaznamená dva eventy. Počet konverzií sa cez noc zdvojnásobí.,sk,Case B2B lead-gen 12 000 €/měs: GA4 94 formulářů vs CRM 162 (42 % rozdíl) – trigger na všech stránkách; překrývající se triggery zdvojují konverze přes noc; doporučeno kvartální mapování triggerů.,RQ3,H2,
E3-025,2026-09-04,3,SK,website,Peter Šutarík – GA4 konverzie: 5 najčastejších chýb (11.6.2026),https://petersutarik.com/sk/blog/ga4-konverzie-nastavenie-najcastejsie-chyby/,"Consent banner je nasadený, právne oddelenie ho schválilo, ale nikto neprepojil banner s Consent Mode v2",sk,Nejčastější nález auditů: CMP nasazena bez napojení na Consent Mode v2 → 30–60 % uživatelů bez dat; case B2B SaaS 14 000 €/měs: GA4 38 vs CRM 67 demo (43 %). Doporučeno měsíční srovnání GA4 vs CRM.,RQ3;RQ1,H2,Citace přeložena z parafrázy nástroje – ověřit doslovnost při použití.
E3-026,2026-09-04,3,SK,website,Peter Šutarík – GA4 vs Google Ads konverzie: Prečo čísla nesedia (10.6.2026),https://petersutarik.com/sk/blog/ga4-vs-google-ads-konverzie-preco-cisla-nesedia/,GA4 ukazovalo 214 nákupných kľúčových udalostí … Google Ads hlásil 297 konverzií,sk,"Case: 39 % rozdíl při 22 000 €/měs spendu; riziko chybného seškrtání rozpočtu, pokud se Ads hodnotí z GA4. Zdroj pravdy = CRM/platební brána.",RQ3,H2,
E3-027,2026-09-04,3,SK,website,Peter Šutarík – GA4 Audit: Kontrolný zoznam na 10 oblastí (7.6.2026),https://petersutarik.com/sk/blog/ga4-audit-kontrolny-zoznam/,Minimálne raz za kvartál kompletný audit a rýchlu kontrolu po každej väčšej zmene … 20 až 40 percent traffiku úplne zmizlo z reportov,sk,Doporučená frekvence: kvartální audit + kontrola po každé větší změně; typický nález: 20–40 % trafficu zmizelo kvůli consentu.,RQ1;RQ4,H2,
E3-028,2026-09-04,3,SK,website,Peter Šutarík – Server-Side Tracking: Kompletný sprievodca (3.2.2026),https://petersutarik.com/sk/blog/server-side-tracking-kompletny-sprievodca/,"konverzie v Google Ads alebo Meta Ads klesajú, zatiaľ čo reálne tržby rastú",sk,"Symptom, který klienta přivede k řešení měření; implementace sGTM 500–2 000 € jednorázově, hosting 20–50 €/měs (Stape), návratnost od ad spendu > 2 000 €/měs.",RQ2;RQ4,H5,
E3-029,2026-09-04,3,SK,website,Peter Šutarík – Assessment marketingového merania,https://petersutarik.com/sk/marketing-measurement/,30-50% konverzií zostáva nesledovaných,sk,Bezplatný 3min assessment jako lead magnet; cílový klient 10–500 tis. €/měs ad spend; 50+ auditů.,RQ3;RQ4,H2,Žádný retainer – projektový model.
E3-030,2026-09-04,3,SK,website,Viktor Madaj (madaja.sk) – GA4 pre e-shop: čo nastaviť a v akom poradí,https://www.madaja.sk/analytika/google-analytics-4-eshop-navod/,"E-shop má Google Analytics 4 nasadené celé mesiace... majiteľ si myslí, že meria. Pritom v Monetizácii má nuly. … Rozbité meranie sa neohlási, jednoducho ticho prestane posielať dáta. … Rozdiel nad 20 % už takmer vždy znamená chybu v nastavení. … Pri každej väčšej zmene e-shopu... si prejdite testovací nákup znova.",sk,"Freelancer popisuje tiché selhání (měsíce nul v Monetizaci – web posílal data ve starém formátu), práh 20 % rozdílu jako signál chyby, doporučení testovacího nákupu po každé větší změně.",RQ3;RQ4,H2,Nabízí audit měření a setup; cena přes kalkulačku.
E3-031,2026-09-04,3,SK,pricing_page,Dinally.sk,https://www.dinally.sk/,od 350 € mesačne bez DPH … 110 € / hod.,sk,"Freelancer/malá agentura: správa kampaní od 350 €/měs, konzultace 110 €/h; měření (GA4, GTM, Meta Pixel) součást nabídky; trhy SK CZ AT DE RO HU.",RQ2;RQ8,H3,
E3-032,2026-09-04,3,SK,pricing_page,plexcore.sk – Cenník konzultačných a realizačných služieb 2025,https://plexcore.sk/cennik/,"70€ / hodina … 8 h/mesiac 532 € (66,50 €/h, odozva 72 h) … 40 h 2 520 € … 80 h 4 760 € … 160 h 8 960 € … ročná predplatba: odozva 24 hodín",sk,"Veřejně strukturovaný retainer (roční smlouva, měsíční platba, sleva za objem, reakční doba jako osa 72 h vs 24 h). Není analytická firma (konzultace + realizace design/tech) – slouží jako vzor struktury tierů na SK.",RQ2;RQ6,H3,"Použít jako strukturální benchmark, ne cenu analytiky."
E3-033,2026-09-04,3,SK,website,Dobrý Marketing – Cenník marketingových služieb 2025 (SK) s odkazem na ADMA benchmark,https://dobrymarketing.sk/blog/qa-freelnacer-marketer/,"Špecialista webovej analytiky: 65 € … Pracujeme buď hodinovo, paušálne alebo projektovo.",sk,"ADMA (Asociácia digitálnych marketingových agentúr) benchmark 2025: špecialista webovej analytiky 65 €/h bez DPH; Strategy/Account Director 90 €/h. Starší ADMA ceník 2022 uváděl 60 €/h (PDF nedostupné, jen snippet).",RQ2,H3,Přímo stránka ADMA s ceníkem vrací 404 – převzato z citace.
E3-034,2026-09-04,3,SK,website,ppcexpert.sk (Arnošt Vágner) – Koľko stojí správa PPC kampaní 2026,https://ppcexpert.sk/kolko-stoji-sprava-ppc-kampani-realne-ceny-agentur-a-freelancerov-v-2026/,"300 až 800 eur mesačne alebo 10 až 20 percent z reklamného rozpočtu … 150 až 600 eur mesačne … Kontrola merania konverzií, aby dáta sedeli … nastavenie analytiky od nuly … bežne účtujú zvlášť",sk,"Cenová kotva PPC správy na SK; kontrola měření konverzí je v ceně správy, nastavení analytiky od nuly se účtuje zvlášť.",RQ2;RQ1,H3;H1,
E3-035,2026-09-04,3,SK,website,Jaspravim.sk – gigy GA4/GTM,https://www.jaspravim.sk/michaltycoon/google-analytics-4---nastavenie-merania-194918,"Google Analytics 4 - nastavenie merania za 50,00 € … 294 hodnotení, 17 predajov",sk,"SK marketplace: GA4 setup 50 € (MichalTycoon), GA nastavenie 30 €/h (LuciaLup, 27 recenzí, ~5 h), GTM 60 € (MarkethinkPPC), audit GA4+GTM 20 € (tomas.po, 0 objednávek). Žádný měsíční gig.",RQ2,H3,Spodní cenová hranice trhu; žádná poptávka po měsíční správě viditelná na marketplace.
E3-036,2026-09-04,3,SK,job_ad,"Profesia.sk – Webový analytik, GA špecialista pre Profesiu (29.7.2022)",https://www.profesia.sk/praca/profesia/O4367098,Revidovať súčasné meranie v Profesii a nastavovať nové meranie v GA4 … Nastavenie a údržba reportingu v GA4 … Správa prístupových práv GA/GTM a súvisiacich nástrojov,sk,"In-house alternativa: 2 800 €/měs brutto + 13. plat (živnost); úkoly = A2, A3, C6, F1, H3, H4, BigQuery plánováno.",RQ2;RQ1,H3,"Starší inzerát (2022), ale úkoly odpovídají správě."
E3-037,2026-09-04,3,SK,job_ad,Worki.sk – Slovenská produkčná (JOJ): Dátový analytik pre digitálne produkty (8/2025),https://www.worki.sk/ponuka-prace/slovenska-produkcna/2058995-datovy-analytik-pre-digitalne-produkty-web-a-mobilne-aplikacie,"Implementácia a správa analytických nástrojov (GA4, GTM, Hotjar, atď.)",sk,"2 500 €/měs brutto; min. 2 roky praxe, GA4/GTM/Looker/Power BI.",RQ2,H3,
E3-038,2026-09-04,3,SK,job_ad,Talent Solutions – Webový analytik (2.7.2024),https://www.talent-solutions.sk/pozicia/webovy-analytik-3363/,"Nastavovať tags (pixely, eventy atď.) v nástroji Google Tag Manager (GTM)",sk,"1 900 €/měs brutto; správa přístupů GA/GSC/GTM, pravidelný a ad-hoc reporting, SEO nástroje.",RQ2,H3,
E3-039,2026-09-04,3,SK,job_ad,8h.sk – agregát inzerátů Web analytik SK,https://8h.sk/s?f=SK-state&q=Web+analytik&t=job,50 pozícií … 980–4 900 € … medián 2 050 € … priemer 2 403 €,sk,"Agregát 50 inzerátů (široce definovaný 'web analytik'), medián 2 050 €/měs, 37 v Bratislavě, 32 remote.",RQ2,H3,Kategorie zahrnuje i marketingové pozice – proxy s nižší váhou.
E3-040,2026-09-04,3,SK,website,Platy.sk – Špecialista marketingových analýz / Dátový analytik,https://www.platy.sk/platy/marketing-reklama-pr,Špecialista marketingových analýz 1 591 - 3 415 EUR … Dátový analytik 1 685 - 3 277 EUR (80 % zamestnancov),sk,Platová rozpětí SK (hrubá měsíční mzda) jako proxy in-house nákladu.,RQ2,H3,
E3-041,2026-09-04,3,SK,website,MeasureCamp Bratislava,https://bratislava.measurecamp.org/,"Saturday, October 3, 2026 … Diamond: Commanders Act; Gold: Datacop; Silver: Bloomreach, Digitálna univerzita, O2, Google",en,"Komunita existuje (unconference, 2017–2026); sponzoři = SaaS a data firmy, žádná lokální agentura mezi sponzory 2026. Datacop (SK data firma) nedostupná (403).",RQ4,,Web FB skupin a LinkedIn nebylo možné otevřít – komunitní citace chybí.
E3-042,2026-09-04,3,SK,website,High5.sk – Rozdielne alebo nepresné meranie konverzií: 8 prípadov (Adam Dzurenda),https://high5.sk/rozdielne-alebo-nepresne-meranie-konverzii-8-pripadov-kedy-sa-s-nimi-mozete-stretnut/,"Pri porovnávaní rozsiahlych období sa môžu vyskytnúť dni či týždne, počas ktorých účty ešte neboli prepojené … Ak užívateľ nepovolí cookies, konverzia sa analyticky nekoná",sk,"PPC agentura vyjmenovává důvody nesouladu konverzí (atribuce, cookies, nepropojené účty, telefonáty).",RQ3,H2,
E3-043,2026-09-04,3,SK,website,"VITA.sk – Ako zistiť, či GA4 je správne nasadený (Miroslav Reiter, 3.3.2026)",https://www.vita.sk/blog/marketing-reklama-pravo/google-analytics-2-cast-ako-zistit-ci-ga4-je-spravne-nasadeny-na-webe-a-ako-ho-pouzivat-ako-na-ai-navstevnost/,Wappalyzer neoveruje správnosť implementácie,sk,"Tři časté chyby: umístění kódu, chybné Measurement ID, duplicita gtag.js + GTM (double-up).",RQ3,H2,
E3-044,2026-09-04,3,SK,website,ui42 – About us,https://www.ui42.com/about-us,"Prague: Opened in 2026 at PernerKarlin, Pernerova 727/40a, Prague 8",en,SK full-service agentura (80+ lidí) expanduje 2026 do Prahy; samostatná stránka webové analytiky neexistuje (404).,RQ8,,SK→CZ expanze potvrzena.
E3-045,2026-09-04,3,SK,website,Dexfinity – služba analytika (kanceláře),https://www.dexfinity.com/sluzby/analytika/,"offices in Slovakia (Bratislava, Trenčín), Czech Republic (Prague); 34+ markets",en,SK performance agentura (63 lidí) s pražskou pobočkou – prodává do CZ; model spolupráce provizní (ACoS).,RQ8,,
E3-046,2026-09-04,3,SK,website,"Proficio SK – Prečo prejsť na novú verziu GTM (Lukáš Vožda, 1.6.2022)",https://proficiodigital.sk/buducnost-analytiky-preco-prejst-na-novu-verziu-gtm,rádovo v desiatkach či stovkách eur,sk,Cloud náklad sGTM podle Proficio (CZ agentura se SK webem): desítky až stovky eur měsíčně podle trafficu.,RQ7,H5,Směr CZ→SK.
E3-047,2026-09-04,3,SK,website,"BigWay Digital – Tracking, analytika, reporting",https://www.bigway.sk/tracking-analytika-reporting/,Nastavenie Google Analytics 4; Server-side Google Tag Manager; Analytická stratégia; Analytický audit; Pokročilé merania v Google Analytics; Analytika pre e-shopy; Školenie analytiky … Pravidelne reportujeme výsledky,sk,Web/marketing agentura; názvy položek se doslova shodují s nabídkou DASE (možný partner/white-label). Bez ceny.,RQ1,,
E3-048,2026-09-04,3,SK,website,ADMA – profil agentúry DASE,https://adma.sk/agentury/dase/,"DASE, je jediná agentúra na Slovensku, ktorá sa zaoberá výlučne digitálnou analytikou … klientov na Slovensku a v zahraničí",sk,Potvrzení pozice DASE; 5 lidí v profilu; zahraniční klienti bez specifikace CZ.,RQ8,,
E3-049,2026-09-04,3,SK,website,Visibility.sk – Kontakt / Visibility.cz – Kontakt,https://visibility.sk/kontakt/,"VISIBILITY s.r.o., IČO 44 927 991, Karadžičova 14, Bratislava … VISIBILITY DIGITAL s.r.o., IČ 24305669, Praha 5",sk,"SK a CZ entity Visibility (Bratislava / Praha) – SK skupina s CZ pobočkou; CZ web nabízí 'pokračující podporu' analytiky, SK web ne.",RQ8,,Vazba doložena jen sdílenou značkou a language switcherem; ne firemní strukturou.
E3-050,2026-09-04,3,SK,website,Starbomedia – Webová analytika a UX,https://starbomedia.sk/analyza-webu,"Väčšina firiem má Google Analytics, ale len málokto mu rozumie … Riadite firmu naslepo",sk,Pozicování přes audit; sGTM + Consent Mode v2 + Looker Studio; 20–40 % ztráta dat.,RQ3,,
E3-051,2026-09-04,3,SK,website,Rast Digital – Analytika a dáta,https://rast.digital/analytika,Nastavíme analytické nástroje pre meranie konverzií a sledovanie dôležitých metrík,sk,"Setup-only formulace, bez ceny, bez kontinuální složky.",RQ1,H1,
E4-001,2026-09-04,4,EU,web_agentura,"LEMONTEC (dříve KlickImpuls), AT – GA4 & GTM Sorglos-Paket",https://lemontec.at/leistungen/tracking/ga4-gtm-sorglos-paket/,"Laufendes Monitoring (Top 10 GA4 Events, GTM Integration, GA4 Pageviews); Proaktive Konfigurationsanpassungen bei neuen Google Features; Schnelle Fehlerbehebungen durch Tracking-Experten; 199 €/Monat; Keine Bindung",de,"Rakouská agentura prodává fixní měsíční balíček za 199 €/měs bez vazby: automatizovaný monitoring 10 nejdůležitějších eventů, integrace GTM a pageviews, proaktivní úpravy konfigurace při změnách GA4, opravy chyb. Bez BigQuery. 14 dní setup před startem monitoringu.",RQ1;RQ2;RQ5;RQ6,H1;H4;H5,Jediný nalezený DACH produkt s veřejnou cenou čistě za správu GA4/GTM (bez sGTM hostingu).
E4-002,2026-09-04,4,EU,blog_agentura,LEMONTEC – GA4 und Tag Manager: Tracking braucht ständige Wartung,https://lemontec.at/news-und-trends/ga4-und-gtm-laufende-wartung/,"Die zugrunde liegenden Trigger basieren auf Parametern wie CSS IDs, Klassen, Selektoren oder auch integrierte DataLayer Events. Nicht selten kommt es vor, dass sich diese Parameter auf der Website ändern. Das führt dann häufig dazu, dass ein Event schon monatelang nicht mehr erfasst wird, es aber niemand bemerkt.",de,"Zdůvodnění správy: triggery závisí na CSS selektorech/dataLayeru, které se na webu mění; event pak měsíce neměří a nikdo si nevšimne. Řešení: denní kontrola 10 klíčových eventů s alertem; i vyhození GTM z webu se odhalí do 24 h.",RQ3;RQ5,H2;H5,Alerting popsán jako denní check eventů – jde bez BQ (GA4 Data API).
E4-003,2026-09-04,4,EU,web_agentura,"ADS-Tracking.de – Server-Side Tracking Agentur, Preise",https://ads-tracking.de/preise,"Basic 179 € (4.000 Sessions) / Starter 299 € (10.000) / Small 449 € (25.000, 10 Support-Std./Jahr) / Middle 799 € (50.000, 20 Std.) / Max 1.299 € (125.000, 30 Std.); 549 € einmalige Einrichtung; Laufendes Monitoring & Störungsbehebung; Updates & Plattform-API-Wartung inklusive; 12 Monate Mindestlaufzeit",de,"Německý provider prodává provoz server-side pipeline jako tiery podle měsíčních sessions (179–1 299 €/měs), setup 549 €, 12 měsíců minimální vazba, roční předplatba. Ve vyšších tierech jsou zahrnuté hodiny podpory (10/20/30 h/rok). Škáluje se podle trafficu, ne hodin.",RQ1;RQ2;RQ6,H4,Model 'managed sGTM' – osa škálování = traffic. GA4 integrace zdarma.
E4-004,2026-09-04,4,EU,web_agentura,ADS-Tracking.de – Server-Side Tracking Agentur (landing),https://ads-tracking.de/server-side-tracking-agentur,"jede Anpassung wird ein Ticket, jedes Ticket kostet Stundensatz",de,Pojmenovaný pain klasického agenturního modelu: každá změna je ticket účtovaný hodinovou sazbou; bez monitoringu se výpadek pozná až podle propadu výkonu kampaní.,RQ3;RQ4,H2,Argumentace pro flat fee místo hodin.
E4-005,2026-09-04,4,EU,web_agentura,"Gandke / Markus Baersch – GA4 & GTM Setup, Tracking Audit; Preisliste",https://www.gandke.de/online-internet-marketing-preisliste.html,"Tracking & Datenschutz-Audit 139,- € pro Stunde (GA4, Tag Manager, Consent Mode V2, Server-Tracking); Monatlich kündbar; Abrechnung minutengenau nach Zeitaufwand",de,"Známý německý GTM konzultant účtuje tracking práce hodinově 139 €/h po minutách, bez měsíční pauschale za tracking (pauschale existuje jen pro správu Google Ads 199/499 €). Pains: 'Widersprüchliche Zahlen', 'lückenhaften Daten'.",RQ2;RQ3,H3;H4,"sGTM doporučuje 'ab 2.000 € Monatsbudget' (reklamní budget klienta, ne cena)."
E4-006,2026-09-04,4,EU,web_agentura,SaphirSolution – Google Analytics 4 Agentur,https://www.saphirsolution.de/google-analytics-4-agentur/,laufende Betreuung statt Einmallösung; ab ca. 500 € (Setup); ab ca. 800–1.500 € (Monatsbudgets),de,"Agentura komunikuje 'průběžnou péči místo jednorázového řešení', v FAQ uvádí orientační měsíční rozpočty 800–1 500 € a setup od 500 €. Konkrétní balíčky nezveřejňuje.",RQ2,H4,Orientační cenová hladina DACH pro měsíční správu GA4.
E4-007,2026-09-04,4,EU,web_agentura,"Grundauf – Tracking & GA4 Setup, White-Label-Betreuung",https://grundauf.com/tracking,"Die Zahlen widersprechen sich; Niemand weiß, was gemessen wird; Wichtige Events fehlen; Die Umsätze stimmen nicht; Nach einem Update war alles anders; Rechtlich unklar. — Laufende Live-Überwachung der Funktionalität und Validität Ihrer Daten; Festpreis je Projekt, 15 % Aufschlag auf Endkundenpreise",de,"Německý poskytovatel nabízí white-label správu trackingu pro agentury (NDA, e-mail alias, +15 % na cenách pro koncového klienta) a 'laufende Betreuung' s live monitoringem a volitelným systémem včasného varování. Šest pojmenovaných painů doslovně.",RQ1;RQ3;RQ6,H2,Model white-label pro agentury – relevantní pro segment 'agentura hledající white-label'.
E4-008,2026-09-04,4,EU,web_freelancer,Tobias Batke – Server-Side Tracking Preise & Pakete,https://tobiasbatke.com/preise/,Analytics 1.500 € / 1 Plattform 1.900 € / 2 Plattformen 2.300 € / Komplex ab 3.500 €; 30 Tage Support nach Go-live; Stape-Hosting separat ab ca. 20 €/Monat,de,"Freelancer prodává sGTM setup jako jednorázové fixní balíčky (1 500–3 500 €) s 30denní podporou; žádný retainer, hosting Stape klient platí zvlášť.",RQ2,H4,"Ukazuje, kde končí 'projekt' – retainer není nabízen."
E4-009,2026-09-04,4,EU,web_agentura,Beyond Media – Server-Side Tracking Agentur,https://www.beyond-media.de/server-side-tracking/,"Setup ab 2.500 € (zwischen 2.500 und 8.000 €); Hosting ab 50 €/M.; Laufend: Server-Uptime-Monitoring, Tag-Updates bei Plattform-Änderungen, Consent-Rate-Optimierung, regelmäßige Audits",de,"Setup sGTM 2 500–8 000 €, hosting od 50 €/měs; průběžná péče vyjmenována (uptime monitoring, aktualizace tagů při změnách platforem, optimalizace consent rate, pravidelné audity) – ale bez ceny.",RQ1;RQ2,H4,"Dodávka správy sGTM = A5, G5, B2, A6."
E4-010,2026-09-04,4,EU,web_agentura,Blue Marketing – Server Side Tracking und Tagging,https://www.blue-marketing.de/leistungen/server-side-tracking-tagging/,"Google Cloud ca. 25 € – 40 €; Stape ab 17,00 € im Monat; TAGGRS ab 22,00 € im Monat; übernehmen wir das Monitoring und die Wartung",de,Agentura uvádí jen náklady hostingu (17–40 €/měs) a nabízí volitelně převzetí monitoringu a údržby bez veřejné ceny.,RQ2;RQ5,H5,
E4-011,2026-09-04,4,EU,blog_agentura,eMinded – Server Side Tracking Leitfaden 2025,https://eminded.de/magazin/server-side-tracking-leitfaden/,"Schnittstellen zu Google, Meta oder anderen Plattformen ändern sich regelmäßig und müssen nachgepflegt werden. Ohne laufende Betreuung können Setups schnell veralten. Je nach Tools und Trafficvolumen sollten mit Kosten zwischen 20€ und 200€ pro Monat gerechnet werden.",de,Zdůvodnění průběžné péče o sGTM: API rozhraní Google/Meta se mění a musí se udržovat; bez péče setup zastará. Hosting 20–200 €/měs.,RQ3,H2,
E4-012,2026-09-04,4,EU,web_saas,GTM-Hosting (cDevelopment GmbH) – Preise,https://gtm-hosting.com/preise/,"Kostenfrei €0/Monat 20.000 Anfragen; Standard €19/Monat 500.000 Anfragen, E-Mail Support; Wachstum €99/Monat 5.000.000 Anfragen",de,"Německý managed hosting pro sGTM: 0/19/99 €/měs podle počtu requestů. Kotva pro to, co je 'infrastruktura' vs. 'služba'.",RQ7,H5,
E4-013,2026-09-04,4,EU,web_saas,Tracify – Preise,https://tracify.ai/en/preise,"Starting at 500€ per month; Adblock proof tracking; AI behavior-based attribution; Setup, integration, and analysis assistance",en,"Německý SaaS pro e-commerce tracking/atribuci od 500 €/měs, včetně podpory při setupu. Podle Daniel Völk navíc 1 % z ad spendu nad 25 000 €/měs.",RQ7,H5,Cena SaaS s 'personal support' – konkurent pro část hodnoty správy.
E4-014,2026-09-04,4,EU,web_saas,JENTIS – Pricing (Core / Professional / Enterprise),https://www.jentis.com/pricing,Managed infrastructure; Dedicated Customer Success Manager; Priority Support; Enterprise SLA; Price: Get Price,en,Rakouská sGTM platforma nezveřejňuje ceny (3 plány na dotaz). Podle ZENITBLAU 'ab ca. 300 Euro monatlich'.,RQ7,H5,
E4-015,2026-09-04,4,EU,blog_agentura,ZENITBLAU (AT) – Server Side Tracking Guide 2026 für KMU,https://www.zenitblau.at/server-side-tracking-guide-kmu-oesterreich/,einmalig 1.500 bis 4.000 Euro; Stape.io ca. 20 bis 100 Euro; Google Cloud Platform zwischen 50 und 150 Euro – technisch wartungsintensiv; Jentis ab ca. 300 Euro monatlich; lohnt sich ab über 2.000 Euro Werbebudget monatlich,de,"Rakouský průvodce: setup sGTM 1 500–4 000 €, hosting 20–150 €/měs, GCP označen za náročný na údržbu; doporučeno až od 2 000 € měsíčního reklamního budgetu.",RQ2;RQ4,H4,Trigger pro nákup sGTM = výše ad spendu.
E4-016,2026-09-04,4,EU,blog_freelancer,Daniel Beuing – Server-Side Tracking: Ab wann sich der Umstieg rechnet,https://danielbeuing.de/blog/tracking/server-side-tracking/,Unter 2.000–3.000 €/Monat: generell nicht lohnend; 5.000 €/Monat: wird es interessant; 10.000 €+/Monat: klar lohnenswert,de,"Prahy ad spendu, od kdy se sGTM vyplatí (2–3 k€ ne, 5 k€ zajímavé, 10 k€+ jasně). Hosting GCP ~120–300 USD, Stape 20–100 USD, Addingwell 50–100 €.",RQ4,H4,
E4-017,2026-09-04,4,EU,blog_agentura,e-dialog (AT) – Die wichtigsten Tracking Monitoring Lösungen,https://e-dialog.group/blog/digital-analytics/die-wichtigsten-tracking-monitoring-losungen-auf-einen-blick/,"Wenn durch Fehler beispielsweise Audience Listen nicht mehr befüllt werden, werden personalisierte Werbemittel nicht effizient ausgespielt. … eine funktionierende Tracking Implementierung kann durch laufende Website Änderungen immer wieder negativ beeinflusst werden",de,"Velká rakouská analytická agentura popisuje monitoring přes GTM custom dimensions, GA alerty, ObservePoint a vlastní GTM monitor; jako službu monitoring veřejně neprodává. BigQuery v článku nezmiňuje.",RQ3;RQ5;RQ7,H2;H5,"e-dialog services page (https://e-dialog.group/en/analytics/) – žádný retainer, žádná cena."
E4-018,2026-09-04,4,EU,web_agentura,TRKKN (Trakken) – Google Analytics 360,https://www.trkkn.com/products-tools/google-marketing-platform/analytics-360/,"Availability in terms of data freshness (1 hour vs 4 hours in GA4 free), data collection (99.9%), data processing (98,0%) and reporting environment (99.0%); Dedicated support",en,"Největší GMP reseller v Evropě prodává SLA jen jako součást licence GA360; vlastní retainer za správu GA4 free veřejně nenabízí, ceny neuvádí.",RQ1;RQ6,H4,"Enterprise segment – mimo cílovou skupinu DataLayer.cz, ale ukazuje SLA osy."
E4-019,2026-09-04,4,EU,web_agentura,FELD M – Google Analytics Agency,https://www.feld-m.de/en/service/google-analytics-agency/,"Review and Audit; Strategy & Implementation; Reporting & Insights (Application of advanced modeling techniques in Google Analytics, Looker Studio, and BigQuery); Training & Workshops",en,"Mnichovská agentura strukturuje služby projektově (audit → implementace → reporting → školení); 'maintenance' zmíněna jen obecně, žádný retainer ani cena.",RQ1,H4,"Podobně mohrstade.de a luna-park.de: BigQuery zmíněno jako služba, retainer ne (viz poznámka v 03-trh-eu.md)."
E4-020,2026-09-04,4,EU,blog_platforma,DYGITIZED – Was kosten Freelancer? (Freelancer-Kompass 2025),https://www.dygitized.io/magazin/was-kosten-freelancer-in-deutschland/,Der durchschnittliche Stundensatz liegt 2025 bei 104 €,de,Průměrná hodinová sazba německých freelancerů 2025 je 104 € (Freelancermap Freelancer-Kompass). Pro profily s GA/GTM uvádí vyhledávání 85–120 €/h.,RQ2,H3,"Rozpětí 85–120 €/h pochází ze snippetu (webmasterei-prange.de), stránka samotná sazbu nepotvrdila."
E4-021,2026-09-04,4,EU,web_skoleni,121WATT – Google Analytics 4 Seminar (2 Tage),https://www.121watt.de/seminare/google-analytics-seminar-fortgeschritten/,"ab 1.184,05 EUR inkl. MwSt. pro Person (Grundlagen); Fortgeschrittene / E-Commerce ab 1.541,05 EUR inkl. MwSt.",de,Cenová kotva DACH: dvoudenní GA4 školení 1 184–1 541 € s DPH za osobu.,RQ2,H4,Ceny ze snippetů vyhledávání (kursfinder/121watt).
E4-022,2026-09-04,4,EU,web_agentura,ELKEON – GA4 Tracking Agentur,https://www.elkeon.de/leistungen/ga4-tracking-agentur/,"Events und Conversions sind nicht sauber definiert; Formulare, Anrufe und Leads werden nicht vollständig erfasst; GA4, Google Ads und andere Systeme zeigen unterschiedliche Zahlen; Consent Mode, Cookie-Banner und GTM blockieren wichtige Daten",de,Čtyři pojmenované painy na landing page; žádná průběžná služba ani cena.,RQ3,H2,
E4-023,2026-09-04,4,EU,web_agentura,ZODA Media – Tracking Agentur,https://zoda-media.de/tracking-agentur,kontinuierliches Monitoring erkennen wir Probleme frühzeitig … Wir melden uns aktiv bei dir mit Empfehlungen und Verbesserungsvorschlägen,de,"Monitoring a alerty (výpadky plateb, budget, zamítnuté reklamy, server) jsou krok 7 projektového workflow; cena 'je nach Größe des Projekts'.",RQ1;RQ6,H4,
E4-024,2026-09-04,4,EU,forum,"Shopify Community DE – Conversion Tracking korrekt eingerichtet, Daten kommen nicht an",https://community.shopify.com/t/shopify-conversion-tracking-korrekt-eingerichtet-aber-daten-kommen-nicht-bei-google-adwords-an/383277,"seit dem trackt Google einfach garnichts mehr bzw. es kommen keine Daten mehr an … Unter Zielvorhaben/Conversions/Zusammenfassung wird einfach nichts angezeigt und der Wert bleibt bei allen 7 Conversion Aktionen auf 0,00",de,Po instalaci cookie lišty Pandectes 13. 12. 2024 přestaly do Google Ads chodit všechny konverze; majitel si všiml 28. 12. (cca 15 dní). Dopad na Smart Bidding.,RQ3,H2,"consent_change pain, has_bq no."
E4-025,2026-09-04,4,EU,forum,Shopify Community DE – Google Ads Conversion Tracking funktioniert nicht mehr,https://community.shopify.com/t/google-ads-conversion-tracking-funktioniert-nicht-mehr/94991,"gestern bin ich durch Zufall über einen massiven Fehler in einem unserer Shops gestoßen … Von einem Tag auf den anderen sind alle Tags als 'inaktiv' gekennzeichnet … uns geht gerade ordentlich Umsatz durch die Lappen, da die Conversions keinen Kampagnen mehr zugeordnet werden … Bis 8. Mai wurden täglich etwa 10-12 Conversions in Google Ads getrackt. Nach dem 8. Mai plötzlich nur noch 1-2",de,"Dva případy: tagy Google Ads 'ze dne na den' neaktivní, odhaleno náhodou; druhý případ pokles z 10–12 konverzí/den na 1–2 bez změny kampaní. Dopad: algoritmus bez dat, ztráta obratu.",RQ3,H2,ad_platform_change / gtm_change_dev.
E4-026,2026-09-04,4,EU,forum,Shopify Community DE – Google Ads Conversion Tracking 2024 fehlerhaft,https://community.shopify.com/t/google-ads-conversion-tracking-2024-fehlerhaft/314752,"seit der Einführung der neuen Google & YouTube App für Shopify funktioniert das Conversion Tracking überhaupt nicht mehr … Man investiert Geld in Werbeanzeigen, kann aber nicht nachvollziehen, ob der Verkauf organisch oder durch Werbung erzielt wurde",de,"Po změně Google & YouTube app pro Shopify přestal fungovat conversion tracking; inzerent neví, co přinesla reklama.",RQ3,H2,
E4-027,2026-09-04,4,EU,web_agentura,argoberlin – Günstige Google Analytics-Beratung (snippet),https://argoberlin.de/google-analytics-beratung/,Google Analytics Beratung ab 190 € pro Monat; Beratungsstunde 106 €,de,Podle snippetu vyhledávání berlínská agentura nabízí GA poradenství od 190 €/měs a 106 €/h. Stránka při přístupu vrátila 404 – NEOVĚŘENO.,RQ2,H3,Používat jen jako orientační; v pricing CSV označeno 'neověřeno'.
E4-028,2026-09-04,4,EU,web_freelancer,digroma – Google Analytics Beratung,https://www.digroma.com/google-analytics,Ich arbeite transparent auf Stunden- bzw. Projektsatz-Basis … ohne versteckte Retainer oder unklare Zusatzkosten … Laufende Begleitung: vereinbaren wir gemeinsame Zeitkontingente,de,Konzultant retainer explicitně odmítá jako 'skrytý'; průběžnou spolupráci řeší dohodnutými časovými kontingenty (= retainer hodin bez názvu).,RQ2;RQ4,H3;H4,
E4-029,2026-09-04,4,EU,web_freelancer,surowiecki.org – Abonament analityczny,https://www.surowiecki.org/oferta/abonament-analityczny/,"Stała opieka nad analityką, raportami i danymi, która nadąża za Twoim biznesem. RUN (monitoring, QA, dokumentacja) / CHANGE (rozwój dashboardów, nowe eventy, BigQuery i łączenie źródeł) / INSIGHT (analizy, pytania biznesowe). Opieka podstawowa / Regularny rozwój / Rozszerzona współpraca. Błąd wychodzi przy raporcie; Backlog nie ma właściciela; Każde zlecenie zaczyna się od discovery",pl,"Polský konzultant má nejpropracovanější strukturu retaineru v PL: tři proudy práce (RUN/CHANGE/INSIGHT), tři kapacitní tiery, 'Analytics Control Board' pro přehled stavu dat a priorit, reakční okna. Cena neuvedena. BigQuery je součást CHANGE, ne podmínka.",RQ1;RQ4;RQ5;RQ6,H1;H4,"Cíl: firmy, kde 'analityka istnieje, ale nikt nie odpowiada za jej codzienną użyteczność'."
E4-030,2026-09-04,4,EU,web_freelancer,"surowiecki.org – Monitoring jakości danych · GA4, GTM i BI",https://www.surowiecki.org/oferta/monitoring-jakosci-danych/,"Purchase nagle znika lub się dubluje; CMP zmienia sposób uruchamiania tagów; Dashboard przestaje się odświeżać; Błąd odkrywa dopiero człowiek. — kilka źródeł w BigQuery, Power BI albo Looker Studio; Po kwalifikacji proponuję zakres startowy i model utrzymania",pl,Samostatná služba monitoringu kvality dat: definice kontrol s tolerancí → pravidlová detekce anomálií → triáž incidentu → ověření opravy. BigQuery volitelné (funguje i nad Power BI/Looker Studio). Cena po kvalifikaci.,RQ3;RQ5;RQ6,H1;H2;H5,Explicitně 'monitoring bez BQ je možný' – oslabuje silnou H1.
E4-031,2026-09-04,4,EU,web_agentura,Greenfields (Wrocław) – Stała opieka analityczna,https://green-fields.pl/en/offer/permanent-analytical-care/,"Monitoring your website statistics through professional UX, Google Analytics and Google Tag Manager tools; Add new events and microconversions; Build dedicated reports … Google Data Studio; Create dashboards",en,"Agentura z Wrocławi prodává 'stálou analytickou péči' (monitoring statistik, nové eventy, reporty, dashboardy) – bez ceny, bez BQ, bez SLA.",RQ1,H1;H4,
E4-032,2026-09-04,4,EU,web_freelancer,ananalytics.pl – Oferta (freelancer GA4/GTM),https://ananalytics.pl/oferta/,"5 godzin miesięcznie do wykorzystania na zmiany, pytania, analizy – 1 200 zł netto/mies.; Doradztwo analityczno-UX 300 zł netto/godz.; Audyt 700 zł; Konfiguracja GA4 1 000 zł; Reaguję od razu, gdy coś przestaje działać.",pl,"Polský freelancer prodává měsíční balíček 5 h za 1 200 zł netto (=240 zł/h) na změny, dotazy a analýzy, s příslibem okamžité reakce při výpadku. Hodinová konzultace 300 zł.",RQ1;RQ2;RQ6,H3;H4,Nejnižší veřejný PL retainer; bez BQ.
E4-033,2026-09-04,4,EU,web_agentura,Agencja Echo – Konfiguracja Google Analytics 4,https://agencjaecho.pl/uslugi/konfiguracja-analityki/konfiguracja-google-analytics/,W przypadku stałej współpracy monitorujemy też stale ruch na stronie i poprawność danych. Abonament Basic od 1050 zł/msc,pl,Agentura má 'Abonament Basic od 1 050 zł/měs' a v rámci stálé spolupráce slibuje průběžný monitoring návštěvnosti a správnosti dat.,RQ1;RQ2,H4,Rozsah abonamentu nejasný (patrně marketingový balíček s analytikou).
E4-034,2026-09-04,4,EU,web_agentura,Conversion.pl – Analityka internetowa (oferta),https://www.conversion.pl/pl/analityka-internetowa/,"Opieka analityczna; Analytics Hotline – elastyczna usługa wsparcia analitycznego, która pozwala zlecać pytania, prośby i zadania ad-hoc; Doświadczony analityk na godziny; Audyt Google BigQuery; Wdrożenie Google BigQuery",pl,"Přední polská analytická agentura má tři průběžné produkty: 'Opieka analityczna', 'Analytics Hotline' (ad-hoc dotazy) a 'analytik na hodiny'; BigQuery jako samostatné služby (audit, implementace). Ceny neuvedeny.",RQ1;RQ5,H1;H4,Struktura: hotline (H3) oddělená od opieky (A–G).
E4-035,2026-09-04,4,EU,blog_agentura,Conversion.pl – Ile kosztuje zatrudnienie analityka internetowego?,https://conversion.pl/blog/ile-kosztuje-zatrudnienie-analityka-internetowego/,Junior ok. 6 000 do 10 000 złotych netto; Mid ok. 8 000 do 14 000 złotych netto; Senior od ok. 10 000 złotych netto miesięcznie; pełny koszt pierwszego roku przekracza 200 000 PLN,pl,"In-house analytik v PL: junior 6–10 k, mid 8–14 k, senior 10 k+ zł netto/měs (B2B); plný roční náklad na analytika s 10 k zł přes 200 k zł včetně náboru a onboardingu.",RQ2,H3,Salary proxy PL.
E4-036,2026-09-04,4,EU,web_agentura,Cube Group – Stała obsługa analityczna,https://cubegroup.pl/uslugi/analityka-i-dane/stala-obsluga-analityczna/,"Stała obsługa analityczna; Bieżące wsparcie w monitorowaniu wyników kampanii, optymalizacji budżetów reklamowych oraz dokładnym targetowaniu grup odbiorców",pl,"Velká performance agentura má 'stálou analytickou obsluhu' jako pojmenovanou službu, ale bez rozsahu, ceny a bez zmínky BQ na stránce (BQ jen na blogu).",RQ1,H4,
E4-037,2026-09-04,4,EU,web_agentura,Sempai – Analityka internetowa,https://sempai.pl/oferta/analityka-internetowa/,Około 7 na 10 naszych klientów … nie wykorzystuje w pełni potencjału Google Analytics; Wsparcie analityczne,pl,"Agentura má 'Wsparcie analityczne' jako položku, ale nabídka je strukturovaná do 3 projektových balíčků; cena na dotaz.",RQ1;RQ3,H4,
E4-038,2026-09-04,4,EU,web_agentura,NBRS – Cennik Analityka,https://nbrs.pl/cennik/analityka/,Analityka Wdrożenie 1 999 zł /jednorazowo; Analityka Audyt 2 199 zł /jednorazowo,pl,"Veřejný ceník jen jednorázových služeb (implementace 1 999 zł, audit 2 199 zł); žádný abonament.",RQ2,H3,
E4-039,2026-09-04,4,EU,web_agentura,Verseo – Cennik: Wdrożenie Google Analytics 4,https://verseo.pl/cennik-ux/wdrozenie-google-analytics-4/,Starter 990 zł (~5h); Starter Plus 1 920 zł (~8h); Advanced 2 800 zł (~12h); Pro 4 100 zł (~18h),pl,Veřejné jednorázové balíčky s uvedenou pracností → implikovaná sazba ~200–240 zł/h. Měsíční správa se neprodává.,RQ2,H3,Implikovaná hodinová sazba PL agentury.
E4-040,2026-09-04,4,EU,web_agentura,Agencja KS – Kampanie Google Ads (pakiety),https://ks.pl/ads,"Standard 990 zł netto miesięcznie … Optimum 1 490 zł netto miesięcznie: Kompleksowa analityka (GA4 + GTM), cykliczne konsultacje z omówieniem raportów",pl,"PPC agentura balí 'komplexní analytiku GA4+GTM' do měsíčního balíčku správy Ads za 1 490 zł – analytika jako doplněk správy PPC, ne samostatný produkt.",RQ2;RQ4,H3,"Kotva: klient PL zvyklý na PPC pauschale ~1–1,5 k zł."
E4-041,2026-09-04,4,EU,blog_platforma,PIT.pl – Jak zarabiają freelancerzy? Stawki 2025 (snippet),https://www.pit.pl/aktualnosci/jak-zarabiaja-freelancerzy-stawki-wynagrodzenia-1009868,"junior 80-120 zł/h, mid 130-190 zł/h, senior 200-300+ zł/h (freelancer IT, B2B)",pl,"Sazby IT freelancerů v PL 2025: junior 80–120, mid 130–190, senior 200–300+ zł/h. Pro analytiky GA4 zvlášť neuvedeno.",RQ2,H3,Ze snippetu vyhledávání.
E4-042,2026-09-04,4,EU,web_agentura,Measurelab (UK) – homepage,https://www.measurelab.co.uk/,"Data Assurance – You have a system that works and needs to keep working. Monitoring, maintenance and governance on subscription, so tracking, pipelines and definitions stay trustworthy. — Tracking drifts; Consent isn't handled the way you think it is; Two reports disagree and nobody can say which one is right",en,"UK analytická konzultace má tři produkty: Foundation Audit, Framing (2–3 týdny, 2 senior konzultanti) a Data Assurance = správa na předplatné (monitoring, údržba, governance). Ceny neuvedeny.",RQ1;RQ4;RQ6,H2;H4,
E4-043,2026-09-04,4,EU,web_agentura,Measurelab – Managed analytics / Data Assurance,https://www.measurelab.co.uk/solutions/managed-analytics/,"Tracking drifts when consent requirements change. Pipelines break when an upstream schema does. Dashboards stop reflecting the business after a rebrand. … Usually happens gradually, nobody raises the alarm until damage is done. — Tracking health monitoring; Pipeline observability with anomaly detection; Platform governance; SLA-backed tag management with guaranteed response times; Dedicated client lead; Client portal (my.measurelab)",en,"Nejúplnější popis dodávky retaineru v UK: monitoring zdraví trackingu, observabilita pipeline (BigQuery) s detekcí anomálií, governance přístupů, SLA na změny tagů, pojmenovaný lead, klientský portál, pravidelné alignment schůzky. Cena a tiery neuvedeny.",RQ1;RQ3;RQ6,H1;H2;H4,Data Assurance pokrývá A–H; pipeline část předpokládá DWH (BQ/Snowflake).
E4-044,2026-09-04,4,EU,web_agentura,Measurelab – Data products,https://www.measurelab.co.uk/solutions/data-products/,"ARIMA-based anomaly detection models in BigQuery ML … We manage the products we build - monitoring, maintenance and evolution",en,"Detekce anomálií staví na BigQuery ML; 'data products' agentura po dodání sama provozuje (monitoring, údržba, rozvoj) v rámci managed services – hranice retainer/data engineering je u nich rozmazaná záměrně.",RQ5,H1,
E4-045,2026-09-04,4,EU,web_agentura,Fresh Egg (UK) – Google Analytics Agency (snippet vyhledávání),https://www.freshegg.co.uk/analytics/,"Monthly ongoing GA4 support from Fresh Egg starts at £1,750 (snippet); one-time audits and ongoing monthly support",en,Podle snippetů vyhledávání nabízí Fresh Egg měsíční GA4 podporu od 1 750 £ a tiery Bronze/Silver/Gold; na aktuální stránce (data-and-insight) ani v sitemapě jsme cenu ani tiery nenašli – NEOVĚŘENO.,RQ2,H4,Stránka /analytics/ přesměrována na /data-and-insight/.
E4-046,2026-09-04,4,EU,blog_agentura,Fresh Egg – The trouble with letting GA4 watch your data for you,https://www.freshegg.co.uk/blog/the-trouble-with-letting-ga4-watch-your-data-for-you/,"It isn't very configurable, it often flags the wrong thing for a perfectly understandable reason … GA4 tells you what changed but not why; you still have to investigate manually. A tool that can't distinguish 'something is broken' from 'something is working exactly as intended, just not converting' isn't really diagnosing anything.",en,"Argument proti spoléhání na nativní GA4 Insights: nekonfigurovatelné, falešné poplachy, chybí business kontext. Fresh Egg postavil vlastní 'Inspectre Insights' nad BigQuery se SQL dotazy a měsíčním briefingem v plain language.",RQ5;RQ7,H1;H5,Podporuje H5 (hodnota = interpretace) a měkce H1 (BQ jako základ spolehlivého monitoringu).
E4-047,2026-09-04,4,EU,guide_agentura,Fresh Egg – How to conduct a Google Analytics health check,https://www.freshegg.co.uk/guides-and-white-papers/how-to-conduct-a-google-analytics-health-check/,Is the Google Tag Manager code in the <head> of the website pages? … Regularly check your key conversions against other data sources … Reviewing referral traffic sources periodically to ensure you add any new domains,en,"Veřejný checklist health checku: sběr dat (GTM v head, streamy, cross-domain, conversion linker), konfigurace (timezone/měna, přístupy), ochrana dat (PII, consent), kvalita (thresholding, direct, boti, hostnames), KPI, UserID/audience. Doporučená kadence: průběžně konverze vs. jiné zdroje, periodicky referraly, ročně kompletní check.",RQ1;RQ6,H4,"Ukázka dodávky: co obsahuje 'health check' (C1–C6, A1, B1, D4)."
E4-048,2026-09-04,4,EU,web_agentura,KRM Digital (UK) – GA4 Consultancy & Support; Analytics Support For Agencies,https://krmdigital.uk/digital-marketing-services/ga4/,"GA4 Setup £850 per property; GA4 Audit £850; GA4 Mentoring (Power Hour) £200; GA4 Consulting £1000 per day; Training from £1500 per workshop; Dedicated analytics support each month (agencies page: GA4 Setup £400 per property, Day Rate £1000)",en,"UK butik má transparentní ceník: den 1 000 £, setup 400–850 £/property, audit 850 £, hodina mentoringu 200 £. 'Dedicated analytics support each month' pro agentury (white-label) – bez měsíční ceny, počítá se denní sazbou.",RQ2;RQ6,H3;H4,Pains: 'Clients keep asking your team analytics questions they can't answer'.
E4-049,2026-09-04,4,EU,web_agentura,Webdigita (UK) – Google Analytics Consulting Services,https://webdigita.co.uk/google-analytics-consulting-services/,"Optimisation Retainer – Monthly measurement upkeep … analytics must stay stable across releases and campaigns … health checks, reporting iterations, and governance; Reply within 15 minutes during UK hours",en,"Čtyři modely spolupráce: Discovery Sprint, Implementation Project, Optimisation Retainer (měsíční health checky, iterace reportů, governance, aktualizace dokumentace), Senior Advisory. Cena podle počtu domén, hloubky e-commerce, taxonomie eventů a consentu. Pains: 'Conversions or revenue do not match platform totals', 'Multiple containers and tags create duplication'.",RQ1;RQ4;RQ6,H4,"Osa ceny explicitně vyjmenována (domény, e-commerce, eventy, consent)."
E4-050,2026-09-04,4,EU,verejna_zakazka,G-Cloud (UK) – Hookflash: Google Analytics (GA4) Support Services,https://www.applytosupply.digitalmarketplace.service.gov.uk/g-cloud/services/386727010772429,"£800 to £900 per unit per day; Ongoing support service covering tagging, platform configuration, updates, and insights generation; Monitoring via templated dashboards to identify data issues; Same-day response during business hours",en,"Veřejný rámcový katalog UK vlády: GA4 support 800–900 £/den, průběžná podpora (tagging, konfigurace, updates, insighty), monitoring přes šablonové dashboardy, odpověď tentýž den.",RQ2;RQ6,H4,Public sector cenová kotva UK.
E4-051,2026-09-04,4,EU,verejna_zakazka,G-Cloud (UK) – Merkle/Dentsu: Google Analytics 4,https://www.applytosupply.digitalmarketplace.service.gov.uk/g-cloud/services/843534734432015,"£850 to £1,950 per unit per day; Continuous monitoring and support for web analytics implementation; Support response: within 24 hours (Monday-Friday, 9am-5pm UK time)",en,"Enterprise agentura: 850–1 950 £/den, průběžný monitoring a podpora, reakce do 24 h v pracovní dny; SLA na sběr 99,9 % je SLA GA360, ne agentury.",RQ2;RQ6,H4,
E4-052,2026-09-04,4,EU,blog_agentura,Dolphin Analytics (UK) – How to choose a Google Analytics agency,https://www.dolphinanalytics.co.uk/blog/google-analytics-agency-hire-intent,"Your GA4 conversions don't match orders in Shopify, Stripe or your CRM; A replatform, redesign or consent change broke tracking; You've inherited a GA4 account and have no idea whether to trust it; Tracking degrades every time a site changes; what moves the price is scope: how many sites and platforms you track, whether you need GTM, consent mode, server-side tagging and BigQuery",en,"Pět triggerů pro nákup (nesoulad konverzí, replatform/redesign/consent rozbil tracking, ads potřebují bidovatelná data, manuální reporting, zděděný GA4 účet) a čtyři cenové tvary (fixní audit, projekt, měsíční retainer, denní sazba). Osy ceny: weby, platformy, GTM, consent, sGTM, BigQuery.",RQ2;RQ3;RQ4,H2;H4,
E4-053,2026-09-04,4,EU,blog,Lilach Bullock – How much does Google Analytics cost to use (UK),https://www.lilachbullock.com/how-much-does-google-analytics-cost-to-use/,"Freelancers and small agencies in the UK typically charge £400 to £1,500 for a full GA4 build … Ongoing management, checking data quality, adjusting events as your site changes, building reports, runs £150 to £600 a month as a retainer with most independent consultants.",en,"UK nezávislí konzultanti: build GA4 400–1 500 £, retainer 150–600 £/měs (kontrola kvality dat, úpravy eventů při změnách webu, reporty).",RQ2,H3;H4,Dolní hranice UK trhu.
E4-054,2026-09-04,4,EU,statistika,"ITJobsWatch – Google Analytics contract rates, London",https://www.itjobswatch.co.uk/contracts/london/google%20analytics.do,"Median daily rate £525 (+23.53% YoY); 25th percentile £493; 75th percentile £575; 30 contract roles, 6 months to 4 September 2026",en,"Kontraktoři s GA v Londýně: medián 525 £/den (≈ 66 £/h), tj. cena 'in-house na kontrakt'.",RQ2,H3,Salary/contract proxy UK.
E4-055,2026-09-04,4,EU,marketplace,Clutch – Top GA4 consultants in the UK,https://clutch.co/it-services/analytics/ga4-consulting-services/uk,"Vidi Corp $100-$149/hr, $1,000+ min; Infopoly $100-$149/hr, $10,000+; Tasman Analytics $100-$149/hr, $10,000+; Inbound Marketing Agency $50-$99/hr; Wagada Digital $100-$149/hr, $1,000+",en,"Clutch štítky UK GA4 agentur: typicky 100–149 $/h, minimální projekt 1 000–10 000 $.",RQ2,H4,
E4-056,2026-09-04,4,EU,marketplace,Clutch – Analytics companies in Germany,https://clutch.co/de/it-services/analytics,"CaseWhen Consulting GmbH (Berlin) $150–$199/hr, $10,000+ min, 2–9 employees; Instinctools $25–$49/hr; Future Processing $50–$99/hr",en,Clutch DE 'analytics' je většinou big-data/IT outsourcing; jediný butik (CaseWhen) 150–199 $/h. Pro GA4 správu málo vypovídající.,RQ2,H4,"Clutch PL Warsaw podobně: Yalantis/WEBSENSA $50–99/h, Itransition/Instinctools $25–49/h – IT firmy, ne GA agentury."
E4-057,2026-09-04,4,EU,web_agentura,Khalid Farhan – Analytics Agency in Ireland,https://khalidfarhan.com/services/analytics-and-tracking/ireland,"Our Analytics services in Ireland start from €1,500/month depending on the scope of work.",en,"Barcelonská agentura obsluhující IE/UK: analytika (audit, GA4, GTM, sGTM, dashboardy, atribuce) od 1 500 €/měs.",RQ2,H4,
E4-058,2026-09-04,4,EU,blog_agentura,Amplio Data (Barcelona) – What does it cost to outsource your analytics setup,https://www.ampliodata.io/blog/cost-to-outsource-your-analytics-setup-to-an-agency,"one time project fee of roughly €400 to €1,500 … monthly retainer from about €700 once the tracking needs ongoing care; Maintained €700 to €1,200/month; Managed €1,800+/month; monitoring, the fixes when tags break after a redesign, and monthly reporting; 20-40% of conversions often go missing",en,"Evropská (ES) agentura zveřejňuje: setup 400–1 500 €, retainer od 700 € 'jakmile tracking potřebuje průběžnou péči' (monitoring, opravy po redesignu, měsíční report). Tier Maintained 700–1 200 €, Managed 1 800+ €. Trigger: 'když se měření stane odpovědností, ne úkolem' – placené kampaně závislé na konverzích, reporting boardu/klientům.",RQ1;RQ2;RQ4,H2;H4,
E4-059,2026-09-04,4,EU,web_agentura,Amplio Data – Pricing,https://www.ampliodata.io/pricing,"Maintained: GA4 + GTM web container, server-side GTM (Stape) + Consent Mode v2, enhanced conversions, monthly QA and health checks, monthly reporting dashboard. Managed: Everything in Maintained, plus CRM integration, BigQuery data warehouse with custom modeling, AI-powered insights and anomaly detection, weekly automated reporting, consent impact analysis, dedicated senior analyst and engineer, quarterly strategy review. Month-to-month after the first month.",en,"Dvouúrovňová struktura, kde BigQuery je diferenciátor vyššího tieru: Maintained (bez BQ: GA4+GTM+sGTM, měsíční QA/health check, měsíční dashboard) vs. Managed (BQ DWH, anomálie, týdenní reporting, CRM, kvartální strategie, senior analytik + engineer). Cena na stránce zobrazena jako 'From €0' (placeholder), reálná v blogu.",RQ1;RQ5;RQ6,H1;H4,Přesně dvouúrovňový model z taxonomie §2.
E4-060,2026-09-04,4,EU,web_saas,Littledata (UK) – Pricing,https://www.littledata.io/pricing,"Flex $0.35 per order; Scale $159 per month, 1,500 orders included, Real-time support; Plus $792 per month, 10,000 orders included, Managed onboarding, Support SLAs",en,"Shopify SaaS: cena podle objednávek ($0,35/objednávka nebo 159/792 $/měs). Osa škálování = objednávky; vyšší tier přidává SLA na podporu.",RQ7,H5,
E4-061,2026-09-04,4,EU,web_agentura,Bind Media (UK) – Google Analytics 4 Agency,https://bind.media/services/analytics-tech/google-analytics-4,We offer flexible retainer packages for GTM & Google Analytics tailored to your needs … from configuration and troubleshooting to data analysis and report generation,en,UK agentura nabízí 'flexibilní retainer balíčky' pro GTM/GA4 bez ceny; Web Tonic uvádí 'from £750 per project'.,RQ1,H4,
E4-062,2026-09-04,4,EU,blog,coders.dev – How much to charge for Google Analytics services (globální benchmark),https://www.coders.dev/blog/how-much-should-i-charge-for-google-analytics-services.html,"Basic Retainer (10-20 hours/month): $2,000-$4,000/month – Monthly reporting, basic maintenance, and ad-hoc query support; Strategic Retainer (30-50 hours/month): $5,000-$10,000+/month; Tier 3 Expert/Agency $175-$250+/hour – BigQuery, data governance, server-side tagging",en,"Anglofonní benchmark struktury retaineru: základní 10–20 h (report, údržba, ad-hoc) vs. strategický 30–50 h; expertní sazba nad 175 $/h je vázaná na BigQuery/sGTM/governance.",RQ2,H4,"US-orientovaný zdroj – jen struktura, ne cena pro EU."
E4-063,2026-09-04,4,EU,web_saas,NiceLookingData (Stockholm) – Compare: audit-only SaaS vs agency vs in-house vs Analytics-as-Code,https://www.nicelookingdata.com/compare,"Analytics agency on retainer: $3,000 – $10,000 / month – handle audits, fixes, monitoring, and a monthly meeting. Failure mode: The retainer becomes a slow drip of small fixes. The audit-and-monitor work that doesn't need a human eats the budget meant for strategy. In-house: The analyst gets pulled onto strategy work and the recurring audit cycle quietly breaks. Tracking decays to the point where reports stop matching ad-platform numbers.",en,"Švédský SaaS srovnává alternativy: agenturní retainer 3–10 k $/měs (audity, opravy, monitoring, měsíční schůzka), senior analytik 80–250 k $/rok, audit SaaS 400–2 000 $/rok, Analytics-as-Code 0–199 $/měs. Popisuje selhání každé varianty.",RQ2;RQ7,H5,"Přímý argument pro H5: rutinní audit/monitoring má dělat software, člověk interpretaci."
E4-064,2026-09-04,4,EU,web_saas,NiceLookingData – Pricing,https://www.nicelookingdata.com/pricing,"Free $0/mo (3 audits/month); Pro $49/mo – Unlimited audits, AI fix code per finding, Daily or weekly re-audits + emails when something drops; Agency $199/mo – multiple client workspaces, REST API; 61 GA4 + 44 GTM checks",en,"Automatizovaný audit/monitoring GA4+GTM: 49 $/měs (denní/týdenní re-audit + e-mail při propadu), agenturní plán 199 $/měs. Bez BQ.",RQ7,H5,Cenová kotva SaaS pro 'watching-and-fixing'.
E4-065,2026-09-04,4,EU,blog_agentura,"Manids ApS (DK) – Hvad koster tracking-setup? GA4, GTM og server-side priser",https://manids.dk/hvad-koster-tracking-setup-ga4-gtm-og-server-side-priser/,"Minimum vedligeholdelse: Kvartalsvis tjek af at data indsamles korrekt, opdatering af tags ved platformændringer og hurtig fejlrettelse ved problemer. Aktiv vedligeholdelse: Månedlig gennemgang, løbende tilpasning af events og konverteringsmål, rapportering og rådgivning om dataanvendelse – 3.000–8.000 kr/måned. Server-side vedligeholdelse 2.000–5.000 kr/måned; infrastruktur 300–2.000 kr/måned",da,"Dánská agentura zveřejňuje strukturu i ceny: dva stupně údržby (minimum = kvartální kontrola sběru + aktualizace tagů + rychlé opravy; aktivní = měsíční review, úpravy eventů/konverzí, reporting, poradenství) 3 000–8 000 DKK/měs; údržba sGTM 2 000–5 000 DKK/měs zvlášť; setup GA4 6 000–40 000 DKK.",RQ1;RQ2;RQ6,H4,"Přepočet DKK přes 7,46 DKK/EUR → 1 DKK ≈ 3,35 CZK. sGTM doporučeno od 15–20 k DKK/měs ad spendu."
E4-066,2026-09-04,4,EU,blog_agentura,Manids ApS (DK) – Tracking-tjekliste: Er din konverteringssporing korrekt?,https://manids.dk/tracking-tjekliste-er-din-konverteringssporing-korrekt/,"Problemet opdages sjældent af sig selv. GA4 giver ingen fejlmeddelelse, når en konvertering er sat forkert op. … En virksomhed har kørt Google Ads i et halvt år, rapporteret 200 konverteringer i platformen, men når vi sammenligner med det faktiske antal leads i CRM-systemet, er tallet 40 procent lavere. … Tracking bliver sat op, testet én gang og derefter glemt. Seks måneder senere er halvdelen af opsætningen brudt.",da,"Konkrétní painy: GA4 nehlásí špatně nastavenou konverzi; firma půl roku hlásila 200 konverzí, CRM mělo o 40 % méně; 'nastaveno, jednou otestováno, zapomenuto – za 6 měsíců je půlka setupu rozbitá'; až 30 % firem má problémy s kvalitou, protože setup nebyl revalidován po implementaci.",RQ3,H2,Nejsilnější kvantifikované painy v rešerši.
E4-067,2026-09-04,4,EU,web_agentura,Webanalist (NL) – Pakketten en prijzen GTM en GA4 implementatie,https://webanalist.com/diensten/pakket/,"Basis GA4 & GTM €495 excl. btw; Basis GA4 + Consent Mode €695; GA4 E-commerce Tracking vanaf €795; GA4 Maatwerk & Server-side (Enterprise): Server-side tagging omgeving opzetten, Koppeling met Google Cloud (BigQuery) – offerte",nl,"Nizozemský specialista: jednorázové balíčky 495–795 €, enterprise s sGTM a BigQuery na míru. Měsíční správa není v balíčcích.",RQ2,H3,
E4-068,2026-09-04,4,EU,blog_agentura,Webanalist (NL) – Google Analytics uitbesteden: wanneer loont het en wat kost het?,https://webanalist.com/google-analytics-uitbesteden/,"Specialisten rekenen tussen €60 en €150 per uur; Performance Marketing Support start bijvoorbeeld vanaf €250 per maand – regelmatige controles, campagne-aanpassingen en hulp bij nieuwe trackingvraagstukken. Je data klopt niet maar je weet niet waarom; Je hebt geen tijd om GA4 bij te houden",nl,"NL: sazby 60–150 €/h, průběžná podpora od 250 €/měs (pravidelné kontroly, úpravy, pomoc s novými požadavky). Triggery: 'data nesedí a nevíš proč', 5–25 % rozptyl v konverzích, není čas GA4 udržovat, chybí know-how GTM.",RQ2;RQ3;RQ4,H2;H3,
E4-069,2026-09-04,4,EU,web_agentura,GA4Support / Attributions (NL) – Google Tag Manager implementatie,https://www.ga4support.nl/google-tag-manager-implementatie/,"Basis €499 eenmalig: Container-audit + tag-cleanup, Consent Mode v2, DataLayer specificatie, Workspace policy & naming convention; Advanced vanaf €20/maand: Server-side GTM container (Cloud Run), Automatische Ecommerce events, Enhanced Conversions & Meta CAPI; losse GTM audits vanaf €450",nl,"NL butik: GTM setup 499 € jednorázově, sGTM varianta 'od 20 €/měs' (= hosting), audity od 450 €. Měsíční správa mimo hosting neuvedena.",RQ2,H3,
E4-070,2026-09-04,4,EU,blog_agentura,"Follo (ex OrangeValley, NL) – GA4 Quality Control Monitor",https://folloagency.com/nl/insights/nieuws/hallo-ga4-met-deze-twee-tools-van-follo-jouw-implementatie-en-je-datakwaliteit,"controleert of alle standaardmetingen van GA4 actief zijn, custom dimensies, metrics en conversies zijn geregistreerd, de koppeling met bijv. Google Ads, BigQuery en Search Console correct is ingesteld – Voor vast (zeer laag) bedrag per maand",nl,"Agentura zabalila konfigurační monitoring GA4 (aktivní streamy, custom dimenze, konverze, propojení Ads/BQ/GSC) do nástroje za 'fixní (velmi nízkou) měsíční částku' – produktizace vrstvy C (hygiena property).",RQ5;RQ7,H5,Monitoring konfigurace bez BQ.
E4-071,2026-09-04,4,EU,blog_agentura,Govanalytics (NL) – GA4 uitbesteden: wat het oplevert en wanneer het slim is,https://www.govanalytics.nl/artikelen/google-analytics-uitbesteden/,zes- tot achtduizend euro per jaar voor een volledig beheerd traject bij een middelgrote gemeente; een paar honderd euro per maand voor basisrapportages,nl,"NL veřejný sektor: plně spravovaná analytika pro středně velkou obec 6–8 k €/rok (≈ 500–670 €/měs), základní reporting 'pár set eur měsíčně'. Triggery: bez interního analytika, compliance termíny (DPIA, NIS2), reorganizace.",RQ2;RQ4,H4,
E4-072,2026-09-04,4,EU,web_agentura,Precis (SE) – Data & Analytics,https://www.precis.com/services/data-and-analytics,Data engineering – centralizes dispersed marketing data; monitoring and health alerts; Tracking – Marketing that works starts with data you can trust,en,"Precis (Stockholm) staví vlastní platformu Alvie na BigQuery/Cloud Run (Google Cloud case study) a nabízí data engineering s monitoringem a health alerty jako součást engagementu – BQ-first model, ale bez veřejné ceny a bez samostatného 'správa GA4' produktu.",RQ5,H1,Google Cloud case study: https://cloud.google.com/customers/precis-digital
E4-073,2026-09-04,4,EU,web_agentura,Viva Media (SE) – Webbanalys / Data & Tracking,https://vivamedia.se/tjanster/marknadsforingsbyra-webbanalys/,"Löpande Support & Optimering – snabb och effektiv support, felsökning samt nödvändiga justeringar; tredjepartscookies håller på att fasas ut; dataskyddsregler som GDPR skärps",sv,"Švédská agentura má 'löpande support' jako poslední fázi procesu (audit → strategie → implementace → QA → launch → průběžná podpora); bez ceny, bez BQ.",RQ1,H4,Exsitec.se podobně – žádná cena.
E4-074,2026-09-04,4,EU,web_saas,TAGGRS (NL) – Prices,https://taggrs.io/prices/,"FREE €0 10,000 requests; BASIC €22 750,000; PRO €57 3,000,000; ULTIMATE €127 10,000,000 (Dedicated Account Manager); ENTERPRISE custom – SLAs",en,"Nizozemský sGTM hosting 0–127 €/měs podle requestů; SLA až v Enterprise; partnerský program pro agentury (100+ klientů, white-label).",RQ7,H5,
E4-075,2026-09-04,4,EU,web_freelancer,Matthias Kupperschmidt (DK) – Google Analytics Freelancer,https://bluerivermountains.com/en/google-analytics-freelancer,"$130/hour; a monthly retainer fee can be arranged; duplicate transactions, repeat page views, conversions lacking essential data, or tags not adhering to consent settings",en,"Kodaňský freelancer 130 $/h, retainer 'lze dohodnout' bez ceny; vyjmenované typické chyby (duplicitní transakce, konverze bez dat, tagy nerespektující consent).",RQ2;RQ3,H3,
E4-076,2026-09-04,4,EU,web_agentura,Tasman Analytics (UK) – homepage,https://www.tasman.ai/,"Fixed-price sprints; make ourselves redundant; Conflicting numbers, unclear ownership, and decisions that stall. Dashboards multiply.",en,UK data konzultace prodává fixní sprinty a předání týmu – opačná filozofie než retainer ('make ourselves redundant').,RQ4,H4,
E4-077,2026-09-04,4,EU,web_agentura,Tag Manager Italia (IT) – homepage,https://www.tagmanageritalia.it/,Ogni intervento di consulenza vede la presenza di Matteo Zambon,it,Italská značka staví na školení a konzultacích s osobní účastí zakladatele; retainer ani ceny neuvádí.,RQ1,H4,"Mimo hlavní regiony, jen doplněk."
E5-001,2026-09-04,5,US,website,EmberTribe – Google Analytics Cost 2026,https://embertribe.com/blog/google-analytics-cost,"A retainer for ongoing analytics management typically runs $500 to $3,000 per month depending on scope.",en,US agenturní odhad: retainer za průběžnou správu analytiky 500–3 000 USD/měs.; implementace 2–10k USD jednorázově.,RQ2,H4,
E5-002,2026-09-04,5,US,website,coders.dev – How Much to Charge for Google Analytics Services,https://www.coders.dev/blog/how-much-should-i-charge-for-google-analytics-services.html,"Basic Retainer (10-20 hours/month): $2,000 - $4,000/month — Monthly reporting, basic maintenance, and ad-hoc query support. Strategic Retainer (30-50 hours/month): $5,000 - $10,000+/month.",en,"Dvoutierový model retaineru odvozený od hodin: 10–20 h = 2–4k USD; 30–50 h = 5–10k+ USD. Sazby Tier1 50–100, Tier2 100–175, Tier3 175–250+ USD/h.","RQ1, RQ2",H4,
E5-003,2026-09-04,5,US,website,Dig Designs – Google Analytics Consulting Cost 2026,https://digdesigns.com/google-analytics-consulting-cost-2026-pricing-guide/,"Ongoing consulting and reporting for smaller businesses commonly falls between $600 and $3,800 per month",en,Průběžná konzultace + reporting pro menší firmy 600–3 800 USD/měs.; hodinově 90–250 USD; audity 450–8 000 USD.,RQ2,H4,
E5-004,2026-09-04,5,US,website,EGGKNITE – How Much Does Analytics Implementation Cost in 2026,https://www.eggknite.com/blog/how-much-does-analytics-implementation-cost,"Budget the governance retainer, directionally $1,000–5,000 per month, or budget a full re-audit every eighteen months.",en,Retainer 'tag governance' 1–5k USD/měs. jako alternativa k plnému re-auditu každých 18 měsíců – explicitní argument proti rozpadu implementace.,"RQ2, RQ4","H2, H4",
E5-005,2026-09-04,5,US,pricing_page,NiceLookingData – compare + pricing,https://www.nicelookingdata.com/compare,"Audit-only SaaS $400 – $2,000 / year; Analytics agency on retainer $3,000 – $10,000 / month; In-house analyst $80,000 – $250,000 / year. ... $49/mo Pro adds writes + watches. $199/mo Agency adds client workspaces",en,"SaaS nástroj staví cenovou kotvu: agentura na retaineru 3–10k USD/měs., in-house 80–250k USD/rok, nástroj 49–199 USD/měs. Tvrdí, že nástroj pokryje 'typically 60-80%' opakující se audit-fix-monitor práce.","RQ2, RQ7","H4, H5",
E5-006,2026-09-04,5,UK,website,Vidi Corp – How to Hire a Google Analytics Consultant (2026),https://vidi-corp.com/hire-google-analytics-consultant/,"In-House Analyst: $70k–$110k+ salary, plus overheads. Outsourced Consultant: Typically $10k–$40k/year depending on scope. ... What does ongoing support look like after the initial project, and what does it cost?",en,Srovnání in-house vs. externí konzultant (10–40k USD/rok); doporučuje klientům ptát se na cenu ongoing supportu – tj. není standardně v nabídce.,"RQ2, RQ4",H4,
E5-007,2026-09-04,5,US,website,YourGrowthPartner – Best Web Analytics Agencies (listing konkurence),https://yourgrowthpartner.io/blog/best-web-analytics-agencies/,"Bounteous: Retainers typically start at $15,000/month. InfoTrust: Retainers from $8,000/month. Empirical Path: Retainers from $7,000/month. Analytics Pros: Retainers from $5,000/month. Cardinal Path: Retainers from $8,000/month. Blast Analytics: Retainers typically start at $10,000/month.",en,"Jediný nalezený zdroj s číselnými minimy enterprise US agentur (5–15k USD/měs.). Third-party, na webech agentur nepotvrzeno – všechny mají 'no public rate card'.",RQ2,H4,neověřeno na primárním zdroji
E5-008,2026-09-04,5,US,website,RFP.wiki – Bounteous hidden limits,https://www.rfp.wiki/advertising-media-communications-services/digital-experience-services/bounteous,"Post-go-live optimization, managed services, and retainer extensions can extend TCO beyond the initial launch budget. ... blended hourly rates often cited in the $150 to $300 range",en,Enterprise agentura: managed services jako 'retainer extension' po go-live; blended sazba 150–300 USD/h; podmínky případ od případu.,RQ2,H4,
E5-009,2026-09-04,5,US,website,Napkyn – GA4/GA 360 License & Support,https://www.napkyn.com/services/ga4-license-and-support,"on-demand training, monthly support hours, and regular check-ins to help you fully leverage GA 360 ... A proactive approach that resolves issues quickly",en,Struktura ongoing supportu u kanadsko-US GMP partnera: měsíční balík hodin + pravidelné check-iny + školení; na /services i 'Automated Data Quality Monitoring'. Cena neuvedena.,"RQ1, RQ6",H4,
E5-010,2026-09-04,5,US,website,Marcel Digital – GA4 Consulting,https://www.marceldigital.com/services/google-analytics/google-analytics-4-consulting,"weekly, bi-monthly, or monthly check-ins with our analytics specialists to monitor progress and ensure you're getting the most out of GA4",en,"Retainer škálovaný frekvencí check-inů (týdně / 2× měs. / měsíčně); dodávka training, reports, dashboards, documentation.","RQ1, RQ6",H4,
E5-011,2026-09-04,5,UK,website,Measurelab – Data Assurance (managed analytics),https://www.measurelab.co.uk/solutions/managed-analytics/,"Subscription monitoring, maintenance and governance for a system that already works and needs to keep working. ... Tracking health monitoring and breakage detection; Pipeline observability with anomaly detection; SLA-backed tag management with guaranteed response times",en,"Nejpropracovanější anglofonní popis 'správy' jako produktu: subscription, breakage detection, observability pipeline, SLA na tagy, klientský portál (my.measurelab), named lead, měsíční alokace konzultací.","RQ1, RQ6","H2, H4",
E5-012,2026-09-04,5,US,website,Grazitti – GA4 maintenance service,https://www.grazitti.com/ga4-implementation-services/,"Our GA4 maintenance service keeps your implementation accurate, catching issues before they skew data.",en,Maintenance prodávaná jako prevence tichého zkreslení dat; bez ceny.,RQ1,H2,
E5-013,2026-09-04,5,US,website,Netpeak US – GA4 services,https://netpeak.us/services/google-analytics-4/,"Our team continuously monitors and optimizes your GA settings, providing ongoing support and regular updates",en,'Continuous monitoring' jako součást end-to-end supportu; cena neuvedena.,RQ1,H4,
E5-014,2026-09-04,5,US,pricing_page,E2M Solutions – White Label GA4 & GTM Service,https://www.e2msolutions.com/white-label-ga4-gtm-service/,"Standard $1299 /mo (Hours Per Month 30 - 35, Progress Call Once a month, Chosen by 77 agencies); Pro $2099 /mo (50 - 60, Bi-weekly, 116 agencies); Advanced $3999 /mo (100 - 120, Weekly, 207 agencies) ... No minimums. No contracts. No retainers. ... 24–48 Hr Turnaround",en,Veřejný ceník white-label správy pro agentury: cena roste s hodinami a frekvencí progress callů; QBR v balíčku; počet agentur na plánu jako proxy poptávky (207 na Advanced).,"RQ1, RQ2, RQ6",H4,"provider sídlí v Indii, prodává US agenturám"
E5-015,2026-09-04,5,US,pricing_page,MeasureSchool – Managed Server-Side GTM,https://measureschool.com/services/server-side-tagging-services/,"$297* Monthly (early bird, from $497) ... Up to 5 Million Requests ... Free 1-Hour Zoom Consultation/Troubleshooting Call Each Month; Enterprise $697* ... Priority Support - Email/Slack ... Free 3-Hour Zoom Consultation/Troubleshooting Call Each Month; 6 months minimum commitment",en,Managed sGTM jako předplatné: hosting + údržba + měsíční hodiny konzultace (1 h / 3 h) + Slack priorita ve vyšším tieru. Model 'provoz + malý retainer'.,"RQ1, RQ2",H4,
E5-016,2026-09-04,5,EU,website,Amplio Data – cost to outsource analytics setup,https://www.ampliodata.io/blog/cost-to-outsource-your-analytics-setup-to-an-agency,"Maintained tier: €700 to €1,200 a month, for teams who want the setup kept reliable and reported on ... the monitoring, the inevitable fixes, the monthly reporting and the analysis that turns numbers into decisions. Managed: from €1,800 a month",en,Tři tiery Foundation (jednorázově €400–1 500) / Maintained (€700–1 200) / Managed (od €1 800). Maintained = monitoring + opravy + měsíční report.,"RQ1, RQ2",H4,
E5-017,2026-09-04,5,UK,website,Lilach Bullock – How Much Does Google Analytics Cost,https://www.lilachbullock.com/how-much-does-google-analytics-cost-to-use/,"Ongoing management, checking data quality, adjusting events as your site changes, building reports, runs £150 to £600 a month as a retainer with most independent consultants.",en,"UK freelance retainer 150–600 GBP/měs. za kontrolu kvality dat, úpravy eventů po změnách webu a reporty.","RQ1, RQ2","H3, H4",
E5-018,2026-09-04,5,UK,pricing_page,Vixen Digital – GA4 Audit,https://www.vixendigital.com/analytics/ga4-audit/,Data Health Checks – Every 6 to 12 months. Your website is likely to have updates/changes quite regularly that can affect your GA4 data.,en,Agentura místo retaineru prodává opakovaný audit každých 6–12 měsíců (£1 500–3 000/property) – hranice 'projekt vs. správa'.,"RQ1, RQ4",H2,
E5-019,2026-09-04,5,US,pricing_page,GA4 Experts – Quick Fix $299,https://ga4experts.com/,"Quick Fix - $299 flat: A single, well-defined tracking problem. Scoped, fixed and validated. ... No retainer, no commitment",en,Produktizovaná ad-hoc oprava za fixní cenu jako protipól retaineru.,"RQ2, RQ4",H4,
E5-020,2026-09-04,5,US,website,GAfix.ai – GA4 Audit Cost,https://www.gafix.ai/blog/ga4-audit-cost,"Bronze ($199): Fix up to 3 GA4/GTM issues, 5 standard events, basic GTM container setup ... Gold ($499): Fix up to 10 issues, 20 events, 20 GTM tags, 8 reports ... Typical engagement: 20–60 hours = $1,000–$10,500",en,"Nízkonákladové fix balíčky 199–499 USD; freelance audit 20–60 h = 1–10,5k USD.",RQ2,H4,
E5-021,2026-09-04,5,US,website,Upwork – GTM Specialist hourly rates,https://www.upwork.com/hire/google-tag-manager-freelancers/cost/,The median hourly rate for Google Tag Manager Specialists is $30. Hourly rates for Google Tag Manager Specialists on Upwork typically range between $20 and $49.,en,"Marketplace kotva: medián 30 USD/h, typicky 20–49 USD/h; příklad 6měsíční zakázky 15–20 h/týden.",RQ2,H4,z search snippetu; stránka blokuje fetch
E5-022,2026-09-04,5,US,website,Fiverr – GA4/GTM setup gigy,https://www.fiverr.com/ppc_bappi/fix-or-setup-google-analytics-4-ga4-ecommerce-tracking-conversion-tracking-gtm,"I will fix or setup google analytics 4, ga4 ecommerce tracking, conversion tracking GTM for $30 ... I will fix or setup google analytics 4, fb pixel, ga4 conversion tracking via GTM for $10",en,Fiverr nabízí prakticky jen jednorázový setup/fix od 10–30 USD; měsíční 'maintenance' gigy nenalezeny (kategorie ga4-reporting blokovaná).,RQ2,H4,Fiverr blokuje fetch; jen titulky ze searche
E5-023,2026-09-04,5,US,job_ad,ZipRecruiter – Freelance GA4 jobs,https://www.ziprecruiter.com/Jobs/Freelance-Google-Analytics-4-Ga4,$24-$96/hr Freelance Google Analytics 4 Ga4 Jobs Hiring Now,en,Rozpětí hodinovek v inzerátech na freelance GA4 práci.,RQ2,H4,jen titulek listingu
E5-024,2026-09-04,5,US,review,Clutch – DataVinci Analytics Agency,https://clutch.co/profile/datavinci-analytics-agency,"$25 - $49 / hr; Min project size $5,000+ ... 'I really feel like they are an extension of our team.' (Retail Company, ongoing since Aug 2023)",en,"Offshore agentura (Pune) na Clutch: 25–49 USD/h, 26 recenzí; recenze zmiňují ongoing spolupráci od 2023.","RQ2, RQ6",H4,
E5-025,2026-09-04,5,US,review,Clutch – adMind Analytics,https://clutch.co/profile/admind-analytics-0,"$150 - $199 / hr; Min project size $5,000+ ... 'They have been extremely responsive, always getting back to us in less than 24 hours.' ... 'We meet biweekly to discuss current campaign status' ... 'We've invested between $150,000–$200,000.'",en,"US analytická agentura: 150–199 USD/h, biweekly meetingy, reakce <24 h, klient utratil 150–200k USD; vyvíjí vlastní software na 'monitoring site health anomalies'.","RQ2, RQ6",H4,
E5-026,2026-09-04,5,US,review,Clutch – GA4 Consulting Companies listing,https://clutch.co/it-services/analytics/ga4-consulting-services?page=0,"RSO Consulting: $100-$149, $5,000+, 35 reviews — 'continue to provide support, integrations, analytics, and solutions'; Vidi Corp LTD: $100-$149, $1,000+, 51 reviews; Risely Digital: $50-$99, $5,000+, 42 reviews; Encore Media $25-$49",en,Clutch pásma hodinovek GA4 konzultantů: 25–199 USD/h; minimum projektu 1 000–25 000 USD.,RQ2,H4,
E5-027,2026-09-04,5,US,pricing_page,GA4 Monitor,https://www.ga4monitor.com/,"Starter $29/ month – 1 GA4 property – Weekly automated audits; Pro $99/ month – 5 GA4 properties; Agency $499/ month – 30 GA4 properties – Daily automated audits ... 35+ automated checks ... tag firing, event naming, conversion setup, attribution, and data retention ... Slack · Email · WhatsApp · Teams",en,SaaS health monitoring GA4 bez BQ: 29–499 USD/měs. podle počtu properties a frekvence (týdně vs. denně).,RQ7,H5,
E5-028,2026-09-04,5,US,pricing_page,GA4 Auditor,https://ga4auditor.com/,"One-Time Audit $99/audit ... Agency Pro Yearly $999/year – 100 comprehensive audits per year – Whitelabel, use your own theme ... over 100 data points across more than 40 pages",en,Point-in-time audit report (PDF/PPT/Slides) jako produkt; bez průběžného monitoringu.,"RQ6, RQ7",H5,
E5-029,2026-09-04,5,EU,pricing_page,Verified Data – pricing,https://www.verified-data.com/pricing,1 Data stream – FREE; 5 Data streams – €99/month; 10 – €149/month; 25 – €249/month; GA4 preset checks 60+; Monitor & Alert daily / weekly / monthly,en,"Kontinuální audit GA4 (60+ kontrol + PII scan) s alerty denně/týdně/měsíčně, bez BQ.",RQ7,H5,
E5-030,2026-09-04,5,EU,pricing_page,GA4Dataform – pricing,https://ga4dataform.com/pricing/,Core € 0 Free forever ... Basic data quality assertions; Premium One € 275 per month ... Anomaly detection ... Dataform error alerts ... Priority updates for GA4 schema changes; Premium Custom: SLA-backed support,en,"BQ-first vrstva: transformace + assertions zdarma, anomálie a alerty v Premium 275–375 EUR/měs.; 'priority updates for GA4 schema changes' = údržba E3 jako produkt.","RQ5, RQ7","H1, H5",
E5-031,2026-09-04,5,US,pricing_page,Trackingplan – pricing,https://www.trackingplan.com/pricing,"$249/month, $499/month, $999/month (billed annually); Enterprise Starting at $1,750 ... 24/7 Automatic error detection ... Dedicated premium support with SLA",en,Tag/event monitoring podle MAU 249–1 750+ USD/měs.,RQ7,H5,
E5-032,2026-09-04,5,US,website,NiceLookingData – Best GA4 Audit Tools 2026 (srovnání),https://www.nicelookingdata.com/blog/best-ga4-audit-tools-2026,"ObservePoint: Free (300 page scans); ~$599/month Essentials; ~$2,400/month Professional ... Consultant Engagement: typically $1,500–$10,000 per engagement",en,"Přehled cen monitoringových nástrojů a srovnání s konzultantským auditem 1,5–10k USD.",RQ7,H5,
E5-033,2026-09-04,5,US,pricing_page,Elevar pricing (dle Analyzify),https://analyzify.com/shopify-apps/elevar-conversion-tracking,"Configurable daily or weekly email alerts on tag and event delivery ... Analyst Support: Tier 1: $500/month for up to three requests monthly; Tier 2: $1,000/month for up to ten requests monthly ... within 24 hours on Core/Advanced, and within 12 hours priority support on Premium/Elite",en,Shopify SaaS balí monitoring (denní/týdenní e-mail alerty) a nad něj prodává lidskou 'Analyst Support' 500–1 000 USD/měs. podle počtu požadavků – cenový vzor 'nástroj + člověk'.,"RQ1, RQ2, RQ7",H5,
E5-034,2026-09-04,5,US,pricing_page,Littledata – pricing,https://www.littledata.io/pricing,"Scale $159 per month – 1,500 orders included; Plus $792 per month – 10,000 orders included – Managed onboarding – Support SLAs",en,"Shopify datový pipeline, ceny podle objednávek.",RQ7,H5,
E5-035,2026-09-04,5,US,pricing_page,AgencyAnalytics – pricing,https://agencyanalytics.com/pricing,"$20 USD per client / month billed annually ... Automated client reporting ... Goals, alerts & anomaly detection ... White-label branding ... Client portal",en,Cena automatizovaného klientského reportingu 20 USD/klient/měs. – kotva pro 'report bez komentáře'.,"RQ6, RQ7",H5,
E5-036,2026-09-04,5,US,website,DataCanary,https://www.datacanary.io/,Free to use. No credit card required. ... alerts when an event drops to zero or falls outside its normal range ... Checks run automatically ... Daily,en,"Bezplatný monitoring propadu eventů přes GA4 Data API (bez BQ), e-mail denně.","RQ5, RQ7","H1, H5",
E5-037,2026-09-04,5,US,pricing_page,Web Tonic – pricing,https://www.webtonic.io/pricing,Monthly pricing scales with your ad spend ... Full tracking and pixel audit with server-side MTA ... Weekly strategy calls; Daily Slack communication,en,Performance agentura: analytika/tracking je součást retaineru odvozeného od ad spendu.,RQ2,H4,
E5-038,2026-09-04,5,US,website,Analytico Digital,https://www.analyticodigital.com/,"Architecture Governance – Ongoing Accuracy: Signal quality monitoring, Schema governance, Stakeholder reporting, Stack evolution management ... The work is built to run without us",en,"Agentura pojmenovává ongoing vrstvu 'Ongoing Accuracy', ale programově tlačí klienta k vlastnímu provozu – opačná strategie než retainer.","RQ1, RQ4",H4,
E5-039,2026-09-04,5,US,website,Optizent – GA4 Configuration Audit,https://www.optizent.com/blog/ga4-configuration-audit-the-settings-that-are-silently-breaking-your-reports/,"the settings that control how your GA4 property collects, attributes, and stores data were probably configured once — during initial implementation — and haven't been touched since. Maybe that was six months ago. Maybe two years. Maybe the person who set it up left the company.",en,Popis 'tichého' rozpadu konfigurace a ztráty vlastníka nastavení.,RQ3,H2,
E5-040,2026-09-04,5,US,website,Optizent – The BigQuery Audit,https://www.optizent.com/blog/the-bigquery-audit-why-your-analytics-pipeline-might-be-built-on-missing-data/,"Date gaps sit silently in datasets ... every query, every model, every dashboard that references that date range inherits the gap without any indication something's wrong. ... how many distinct event dates exist in the dataset over the trailing 90 days — immediately surfaces any date gaps",en,Konkrétní kontrola E1: počet distinct event_date za 90 dní; výpadky exportu jsou tiché a propadají do všech dashboardů.,"RQ3, RQ5","H1, H2",
E5-041,2026-09-04,5,US,website,Optizent – GA Auditor Insights & Monitoring,https://www.optizent.com/blog/ga-auditor-insights-monitoring-monitor-changes-automatically/,GA Auditor's Insights & Monitoring layer runs daily ... It doesn't audit configuration settings. It doesn't validate BigQuery schema integrity. It doesn't review GTM container structure or check consent implementation.,en,"Nástroj sám vyjmenovává, co monitoring neumí (konfigurace, BQ schema, GTM struktura, consent) – to je prostor pro lidskou službu.",RQ7,H5,
E5-042,2026-09-04,5,UK,website,Dolphin Analytics – How to Choose a GA Agency,https://www.dolphinanalytics.co.uk/blog/google-analytics-agency-hire-intent,"Hire an agency when ... data doesn't match reality, when paid media depends on conversions you can't trust, or when reporting is eating time your team should spend on decisions. ... Broken tracking is more common than most teams assume, and it hides well.",en,"Spouštěče nákupu: nesoulad dat s realitou, nedůvěryhodné konverze pro paid media, ruční reporting. Pricing má 4 tvary vč. 'monthly retainer for ongoing measurement and reporting'.",RQ4,H2,
E5-043,2026-09-04,5,US,website,Bounteous – Server-Side Analytics in 2026 and Beyond,https://www.bounteous.com/insights/2026/03/02/server-side-analytics-2026-and-beyond/,"sGTM requires cloud infrastructure, configuration expertise, and ongoing governance. Hosting environments, monitoring, scalability, and debugging become part of the analytics function.",en,"Enterprise agentura potvrzuje, že sGTM přináší trvalou provozní práci (A5, G5).",RQ1,H4,
E5-044,2026-09-04,5,US,website,Bounteous – GA4 Custom Insights & Data Governance,https://www.bounteous.com/insights/2022/01/19/google-analytics-4-custom-insights-data-governance/,Daily Pageview < 1 ... Weekly Ecommerce Revenue decreasing by 15 Percent ... Emergency: Daily Traffic Flatlined ... Early Warning: Weekly X Event Conversion Rate - Decreased by >20%,en,Ukázka dodávky: sada GA4 Custom Insights s prahy a prioritami (Informative / Early Warning / Emergency) + odkaz na tabulku s 55+ alerty. Bez BQ.,"RQ5, RQ6","H1, H5",
E5-045,2026-09-04,5,US,website,Google – Custom insights (nápověda GA4),https://support.google.com/analytics/answer/9443595,"Hourly, Daily, Weekly, Monthly. Hourly evaluation is available only for web data. ... Has anomaly ... create up to 50 custom insights per property",en,"Nativní alerting GA4: max 50 pravidel/property, e-mail, hodinově jen web.","RQ5, RQ7","H1, H5",
E5-046,2026-09-04,5,UK,website,Team Simmer – How Do I Proactively Monitor My Server-side GTM Setup,https://www.teamsimmer.com/blog/how-do-i-proactively-monitor-my-server-side-gtm-setup/,Count of error logs ... error responses (HTTP status 4XX or 5XX) to known request paths ... Threshold: 5 errors/second over 5 minutes; CPU utilization 60%; instance count 8; request latency 2000 milliseconds,en,"Ukázka dodávky G5: čtyři Cloud Monitoring politiky pro sGTM s konkrétními prahy, e-mail notifikace.",RQ6,H5,
E5-047,2026-09-04,5,UK,website,Team Simmer – trigger scheduled query when GA4 export happens,https://www.teamsimmer.com/blog/how-do-i-trigger-a-scheduled-query-when-the-ga4-daily-export-happens/,"The daily export schedule is erratic at best. On one day, it might land in BigQuery before noon, on another day late in the afternoon, and on some other day it might arrive past midnight your time the following day!",en,Nepředvídatelný čas denního exportu = důvod pro monitoring E1/G6 a event-driven orchestraci (Logs Router → Pub/Sub → Cloud Function).,RQ5,H1,
E5-048,2026-09-04,5,US,website,Simo Ahava & Mark Edmondson – How To Build A Google Tag Manager Monitor,https://www.simoahava.com/analytics/google-tag-manager-monitor/,lacking the necessary features for auditing and monitoring has always seemed like an oversight ... dashboards ... rely on a human being to react to give you ROI ... Training a machine learning model on the data set to identify anomalies and automatically alert to them when detected.,en,"Referenční ukázka G4: GTM Monitor template → Cloud Function → BigQuery (tag id, name, status, execution time per event); autoři sami říkají, že dashboard nestačí a je třeba alertovat.",RQ6,"H2, H5",
E5-049,2026-09-04,5,US,github,GitHub – gtm-templates-simo-ahava/google-tag-manager-monitor,https://github.com/gtm-templates-simo-ahava/google-tag-manager-monitor,Google Tag Manager Monitor - Custom Tag Template for Google Tag Manager.,en,Veřejná šablona tagu pro monitoring spouštění tagů (web GTM); Apache 2.0.,RQ6,H5,
E5-050,2026-09-04,5,US,github,GitHub – gtm-templates-simo-ahava/server-container-monitor + blog Write To BigQuery From GTM Server Container,https://www.simoahava.com/analytics/write-to-google-bigquery-from-gtm-server-container/,"event_name, event_timestamp, client_name, tag.id, tag.name, tag.status, tag.execution_time ... You can actually utilize this setup to see if tags are consistently signaling failure.",en,"Ukázka G4/G5 pro sGTM: log každého tagu do BQ tabulky; umožňuje hledat eventy, kde žádný tag nevystřelil, nebo dlouhé exekuce. Vyžaduje BQ.",RQ6,"H1, H5",
E5-051,2026-09-04,5,EU,github,GitHub – Liscor/dataform-ga4-tests,https://github.com/Liscor/dataform-ga4-tests,"Set of tests to check data quality of Google Analytics 4 raw data. ... Standard E-Commerce Events: exp. 'purchase', 'view_item' ... Missing IDs: user_pseudo_ids, ga_session_id ... the share of bad events or missing IDS in comparision to all events, sessions and users",en,"Dataform balíček testů kvality GA4 exportu (e-commerce eventy, session kvalita, chybějící ID) s přehledovou tabulkou v BQ. 5 stars.",RQ6,H1,
E5-052,2026-09-04,5,US,github,GitHub – aliasoblomov/Bigquery-GA4-Queries,https://github.com/aliasoblomov/Bigquery-GA4-Queries,measurement_protocol_event_ratio.sql – Tracks the ratio of suspected measurement protocol events based on device attributes; ga4_table_creation_time.sql – diagnose potential delays in table creation,en,65+ SQL dotazů (142 stars) vč. monitoringu času vytvoření denní tabulky (E1) a podílu podezřelých MP eventů (kvalita dat).,RQ6,H1,
E5-053,2026-09-04,5,US,github,GitHub – Velir/dbt-ga4,https://github.com/Velir/dbt-ga4,"dbt Package for modeling raw data exported by Google Analytics 4. BigQuery support, only. ... conversion of sharded event tables into a single partitioned table ... package uses pytest as a method of unit testing individual models",en,"Nejrozšířenější dbt balíček pro GA4 export (402 stars, 168 forks); údržba transformací (E3) je komunitní, testy unit-level.",RQ6,H1,
E5-054,2026-09-04,5,EU,github,stacktonic – dbt example project for GA4 BigQuery,https://stacktonic.com/article/google-analytics-big-query-and-dbt-a-dbt-example-project,"Freshness settings for the GA4 source table is setup ... For the fact and dimensions tables, checks on unique identifiers are built in. ... dbt enables you to set up test easily (missing data, data formats etc).",en,Ukázka E1/E3: dbt source freshness na GA4 export + unique testy; repo stacktonic-com/stacktonic-dbt-example-project (41 stars).,RQ6,H1,
E5-055,2026-09-04,5,EU,website,GA4Dataform – Anomaly detection concepts,https://ga4dataform.com/ml-detect-anomalies-ga4dataform-concepts/,"Every combination of metric and dimension becomes its own series, and the model treats each one independently ... Run on a daily basis, it draws on recent data to estimate what the current day should have looked like ... anomaly detection is only as good as the data behind it",en,"Denní ARIMA_PLUS/ML.DETECT_ANOMALIES nad GA4 exportem (page views, purchases, hostname…); vyžaduje BQ a dostatečný objem.","RQ6, RQ5","H1, H5",
E5-056,2026-09-04,5,EU,linkedin,Marco Tognon – GA4 events anomaly detection (and alerting) with BigQuery & Dataform,https://www.linkedin.com/pulse/ga4-events-anomaly-detection-alerting-bigquery-dataform-marco-tognon-pxxef,"In the Alert details, you could also set where to get notified and the text to be received (email for example or also Slack if you prefer). ... we set a time window of anomalies detected of 7 days",en,Kompletní ukázka G1 s BQ: ARIMA_PLUS na denní page views → Dataform assertion → Cloud Logging log-based alert → e-mail/Slack; repo github.com/tognonm/ga4_dataformpublic (8 stars).,RQ6,H1,
E5-057,2026-09-04,5,UK,website,GOV.UK Data Community – BigQuery email alerts (GA4),https://docs.data-community.publishing.service.gov.uk/processes/ga4-data-alert-process/bigquery-email-alerts/,"The check runs each day, examining the previous day's data and sends the results by email to the GOVUK GA4 Alerts Google group. ... Triggers if data is missing or count changes exceed ±5% ... individual events with count changes exceeding ±15% when yesterday's or two days ago's count exceeds 10,000 ... new parameters with counts >100 or disappeared parameters",en,"Veřejně zdokumentovaný denní alerting nad GA4 BQ exportem (6 kontrol s konkrétními prahy: přišla data, ±5 % eventů, nové/zmizelé eventy, ±15 % per event, nové/zmizelé parametry ±20 %). E-mail na Google group, Apps Script 12–13 h.",RQ6,"H1, H2",
E5-058,2026-09-04,5,UK,website,GOV.UK Data Community – Looker Studio alerts (PII),https://docs.data-community.publishing.service.gov.uk/processes/ga4-data-alert-process/looker-studio-alerts/,Once a week an email is generated by Looker Studio with a link to a dashboard containing 7 days of data containing potential PII.,en,"Týdenní PII kontrola (page_location, page_title, referrer, query_string, search_term) přes scheduled query + Looker Studio e-mail.",RQ6,H1,
E5-059,2026-09-04,5,UK,website,GOV.UK Data Community – GA4 query costs dashboard,https://docs.data-community.publishing.service.gov.uk/products/ga4-query-costs-dashboard,"queries and processing costs from jobs which have been run in GDS-owned GCP projects ... spot any jobs which result in unusually large query costs, and other changes or activity that is unexpected",en,Ukázka E2: dashboard nákladů BQ dotazů pro analytický tým.,RQ6,H1,
E5-060,2026-09-04,5,EU,website,The Data Story – GA4 Data Alerts in Slack,https://thedatastory.nl/en/data-stories/ga4-data-alerts-in-slack/,is at least {diffp}% lower than last week \n Yesterday: {yd} \n Week before: {wb} ... we can schedule it to run every morning,en,Ukázka Slack alertu: porovnání včera vs. před týdnem s prahem v %; Cloud Function + Scheduler + Sheets s definicemi dotazů; vyžaduje BQ.,RQ6,H1,
E5-061,2026-09-04,5,EU,website,IIH Nordic – Ensuring data quality for GA4 at scale with GCP,https://iihnordic.com/news/ensuring-data-quality-for-ga4-at-scale-with-google-cloud-platform/,"Do all purchase events have a transaction ID (in the expected format) and is the purchase revenue greater than 0? ... Do all items have an item ID, a quantity and a value?",en,"Příklady validačních pravidel A4/E3 nad BQ exportem (Dataform assertions), ne produkt.",RQ6,H1,
E5-062,2026-09-04,5,US,website,DumbData – Free Looker Studio dashboards,https://dumbdata.co/dashboard-resources/,"Google Analytics (GA4) Audit Tool – FREE GA4 audit tool built within Looker Studio, designed to assist you in identifying issues, areas to improve, etc. ... FREE GA4 UTM Campaign Audit Tool ... Consent Mode Migration Impact Report ... GA4 - 404 Error Monitoring Dashboard",en,"Sada bezplatných Looker Studio šablon bez BQ: GA4 audit/health dashboard, UTM audit (D4), dopad consent mode (B2), 404 monitoring.","RQ6, RQ5",H1,
E5-063,2026-09-04,5,FR,website,NarratIQ – GA4 report templates for clients,https://narratiq.fr/en/blog/ga4-report-templates,The client must be able to read the summary in 60 seconds. ... An 8-page report with 5 clear sections builds a long relationship ... Cover; Executive summary: 4 KPIs vs M-1; Acquisition; Content; Engagement; Conversions; Recommendations (2-3 actions); Appendix / methodology,en,"Struktura měsíčního klientského reportu (F3): 8 stran, exec summary do 60 s, 2–3 doporučení.",RQ6,-,
E5-064,2026-09-04,5,US,website,Radyant – Free GA4 Looker Studio templates (client-grade),https://www.radyant.io/tools/free-google-analytics-4-looker-studio-template,"E-Commerce (Client-Grade): Revenue, transactions, AOV, and ROAS broken out by source / medium, plus product performance, checkout funnel, and landing pages ranked by revenue ... No opt-in, no email gate, no upsell.",en,"Klientský e-commerce/lead-gen dashboard v Looker Studio na nativním GA4 konektoru, zdarma.",RQ6,-,
E5-065,2026-09-04,5,JP,website,88studio – Looker Studio GA4 EC Monthly Report Template,https://88studio.io/products/ga4-ec-monthly-report-template,"$100.00 USD ... 99 pages ... Summary & Trends: Monthly, Daily, MoM/YoY ... Charge clients for reports built with this template",en,"Placená šablona měsíčního e-commerce reportu (100 USD, 99 stran) – ukázka, jak vypadá 'report bez komentáře'.",RQ6,-,
E5-066,2026-09-04,5,US,website,Analytics Mates – Free GA4 Looker Studio templates,https://www.analyticsmates.com/resources/free-google-analytics-4-templates,GA4 Overall Performance Dashboard ... PPC Report - Google Ads vs GA4 ... GA4 Lead Generation Dashboard ... SaaS GTM Performance Report,en,8 bezplatných šablon vč. srovnání Google Ads vs GA4 (D5) na nativním konektoru.,RQ6,-,
E5-067,2026-09-04,5,US,website,NiceLookingData – produktová stránka,https://www.nicelookingdata.com/,"3 personal Gmail accounts have Administrator access — Administrator is the most privileged role in GA4 — it can delete data streams, rotate measurement IDs ... Monday digest: what moved, what broke, what's new",en,Ukázka formátu 'nálezu' (C6 přístupy) a týdenního digestu – vzor pro klientskou komunikaci.,RQ6,H5,
E5-068,2026-09-04,5,US,website,MeasureSchool – Services,https://measureschool.com/services/,White-Label Support for Agencies – We help you when you wished you had a tracking expert on your team to fix your setup and keep your data flowing!,en,Vzdělávací značka prodává white-label support agenturám bez veřejné ceny.,RQ1,H4,
E5-069,2026-09-04,5,US,website,KS Digital (Krista Seiden) – Services,https://ksdigital.co/services/,Analytics Audits; Solution Design; Training; Executive Advising; Speaking,en,"Špičková US konzultantka nemá ongoing správu v nabídce – jen audit, design, training, advising.",RQ1,H4,
E5-070,2026-09-04,5,US,website,InfoTrust – What we do,https://infotrust.com/what-we-do/,"Integrity – Secure your data collection with proactive monitoring that identifies risks before they become costly violations ... Managed Privacy Program, Consent Monitoring, Remediation Guidance",en,Enterprise agentura balí ongoing monitoring hlavně jako privacy/consent governance (B1–B3) s vlastním nástrojem Tag Inspector.,RQ1,H4,
E5-071,2026-09-04,5,US,website,Analytics Mania – GTM/GA Audit,https://www.analyticsmania.com/services/google-analytics-and-google-tag-manager-audit/,"a very detailed report of all identified problems, how critical are they, recommendations on how to fix them (+ related/useful resources) ... Top Priority action items (Most important/impactful fixes + quick wins)",en,"Julius Fedorovicius prodává audit (report + priority list), ne retainer; cena neuvedena.","RQ1, RQ6",H4,
E5-072,2026-09-04,5,US,website,Trackingplan – 12 best GA4 audit tools (přehled),https://www.trackingplan.com/blog/ga-4-audit-tools,"Verified Data: schedule them to run daily, weekly, or monthly ... AuditTags: Approximately 47 distinct checks via real-browser scans ... GA4 Auditor: No continuous monitoring",en,"Hranice nástrojů: část jen point-in-time audit, část kontinuální monitoring; žádný nedělá opravu ani komunikaci s vývojáři.",RQ7,H5,
E5-073,2026-09-04,5,FR,website,Data Marketing School – GTM server-side cost,https://data-marketing-school.com/en/blog/gtm-server-side-cost/,"GTM server hosting; Technical setup; Tracking maintenance ... Some companies just need a quarterly audit, others prefer monthly support ... €1,200 in annual hosting, €2,000 in initial setup and €1,800 in maintenance, the total cost in the first year reaches €5,000",en,Roční 'maintenance' sGTM v příkladu 1 800 EUR (=150 EUR/měs.) vedle hostingu a setupu.,RQ2,H4,
E5-074,2026-09-04,5,US,reddit,r/GoogleAnalytics – Charge to migrate to GA4?,https://www.reddit.com/r/GoogleAnalytics/comments/147ixal/charge_to_migrate_to_ga4/,"u/Insane-Bull: We are charging USD3,000 per ecommerce website ... u/mafost-matt: As little as $40 for a simple site up to $1500 for complex e-commerce. u/puk789: I do an audit for a flat fee (with time estimates) and then switch to hourly.",en,Rozptyl jednorázových cen 40–3 000 USD; model 'audit za fix + pak hodinově'.,RQ2,H4,
E5-075,2026-09-04,5,US,reddit,r/GoogleAnalytics – Custom GA Dashboard Price,https://www.reddit.com/r/GoogleAnalytics/comments/y9fmb5/custom_ga_dashboard_price/,What about on-going maintenance will that be included in your price??? ... I might charge $125/hr but I have 15+ yrs experience,en,Freelancer 125 USD/h; údržba dashboardu je otevřená otázka při cenění.,"RQ2, RQ1",H4,
E5-076,2026-09-04,5,US,reddit,r/analytics – Am I really charging above market rates for freelance analytics work?,https://www.reddit.com/r/analytics/comments/1nqs4a6/am_i_really_charging_above_market_rates_for/,"u/Sausage_Queen_of_Chi: I'm in the US and assuming you have at least a couple years of experience, I wouldn't charge less than $100/hour for analytics work. ... So the general rule of thumb is at least 2x your hourly salaried rate or more.",en,US komunita: pod 100 USD/h se analytická práce nedělá; offshore 18–20 USD/h označeno za 'very low'.,RQ2,H4,
E5-077,2026-09-04,5,US,reddit,r/agency – Dedicated Tracking & Analytics Agency - What do you think?,https://www.reddit.com/r/agency/comments/1gx5oia/dedicated_tracking_analytics_agency_what_do_you/,"OP: I'm thinking of charging $600 per month per site. ... anon: The idea is good, but this is not something you can sell on a retainer. Analytics setup and troubleshooting is a one-off service. Once that is done, nobody is going to pay $600 every month for insights and reports. ... u/UnknownGuy102: You're better off targeting marketing agencies vs companies direct.",en,Test trhu: 600 USD/web/měs. za tracking+reporty naráží na námitku 'setup je jednorázový'; doporučení prodávat white-label agenturám.,"RQ2, RQ4",H4,
E5-078,2026-09-04,5,US,reddit,r/PPC – How much should I charge for conversion tracking set up?,https://www.reddit.com/r/PPC/comments/1fvr97w/how_much_should_i_charge_for_conversion_tracking/,"u/PPC-Memes: 5 hours x $125/hour for basic setup. 10 hours x $150/hour for advanced. u/Menaxerius_: Starting price of 3400$ for basic ga4 setup is my standard rate. u/TTFV: We don't charge for it, but we have an annual cap of free time ... 2.5 hours ... when clients make changes you often have to review and update tracking from time to time.",en,Conversion tracking se v PPC světě cení 100–3 400 USD jednorázově nebo se schová do PPC retaineru s ročním limitem hodin.,"RQ2, RQ1",H4,
E5-079,2026-09-04,5,US,reddit,r/PPC – Hiring A Google Ads specialist from Fiverr. He is charging extra for Conversion Tracking,https://www.reddit.com/r/PPC/comments/1d7geho/hiring_a_google_ads_specialist_from_fiverr_he_is/,"u/Dammit_Meg: '$1k a month to manage ads. If tracking isn't done I need to do that too which is usually around $500' ... u/aldbz: As a freelancer I do 2 bills : 1 for the setup (conversion tracking, GTM, GA4, Google merchant center) and 1 for the ads managing that I charge every month",en,"Dvě faktury: setup jednorázově, správa měsíčně; klienti nerozumí, proč se tracking účtuje zvlášť.","RQ2, RQ4",H4,
E5-080,2026-09-04,5,UK,reddit,r/PPC – UK Freelance rate check,https://www.reddit.com/r/PPC/comments/1vjsaxs/uk_freelance_rate_check/,"u/HumorousSeating: £800 flat for all that is basically charity work with extra steps ... that setup alone would run 3-5k as a one-off from any decent agency ... you should be looking at £300/day minimum. u/PracticalAd9393: £399 minimum for each channel management per month and probably up to £199 for tracking setup as a one off. u/PXLynxi: Retainers last longer, especially with GTM (or tracking and tagging specialists been quite niche).",en,"UK sazby: 300 GBP/den, tracking setup 199–5 000 GBP; komunita doporučuje oddělit jednorázový setup od měsíční správy.",RQ2,H4,
E5-081,2026-09-04,5,US,reddit,"r/agency – How I went from charging $250/month to $2,250/month",https://www.reddit.com/r/agency/comments/1vesibt/how_i_went_from_charging_250month_to_2250month_in/,u/romanmalinowski: $5-20k is the market price for SEO + paid ads. u/used_: Those are freelancer prices and you have a team.,en,Kotva plných marketingových retainerů v USA (5–20k USD/měs.); analytika je jejich součást.,RQ2,H4,
E5-082,2026-09-04,5,US,reddit,r/agency – Client Reporting Gut Check,https://www.reddit.com/r/agency/comments/1aeqtru/client_reporting_gut_check/,"u/trentonrerker: if companies want specific reporting, then they need to pay for that ... 2. When they want specific commentary every month 3. When they want industry or business relevant insights that tools don't automatically provide. u/MineAllTheCrypto: a report delivered without some context and feedback can be a dangerous thing. u/DifferenceWorldly806: I find the more reports I give the more questions I get",en,"Agentury: automatický report je komodita (20 USD/klient), komentář a insight se účtují zvlášť; report bez kontextu je rizikový.","RQ6, RQ2",H5,
E5-083,2026-09-04,5,US,reddit,r/GoogleTagManager – My GA4 monitoring system (DataCanary),https://www.reddit.com/r/GoogleTagManager/comments/1t7a89m/my_ga4_monitoring_system/,"Clients bring me for a project -> I set everything up -> I offer a retainer, most say no -> and in 18 months they are back where they started. Changes pushed to the site and GTM slowly break the setup. ... It's helped me catch lots of issues quickly that otherwise might have taken weeks.",en,"Praktik po letech odmítaných retainerů prodává monitoring (Sheets → app): klienti kupují 'hlídání', ne hodiny.","RQ3, RQ4","H2, H5",
E5-084,2026-09-04,5,US,reddit,r/GoogleAnalytics – My biggest issue with GA and some solutions,https://www.reddit.com/r/GoogleAnalytics/comments/1tdqyma/my_biggest_issue_with_ga_and_some_solutions/,"u/Munalytics: It's hard to have a retainer on GA4, since most businesses expect it to just work after setup and don't understand that as their site evolves their analytics and tracking needs to as well. ... u/Saneless: Google's GA insights alerts are very anemic and spotty",en,"Bariéra retaineru: klient čeká, že GA4 'prostě funguje'; nativní GA4 Insights hodnoceny jako slabé.","RQ4, RQ7","H2, H5",
E5-085,2026-09-04,5,US,reddit,r/GoogleAnalytics – How do you catch GA4 tracking breaks before a client report goes out?,https://www.reddit.com/r/GoogleAnalytics/comments/1vmb41m/how_do_you_catch_ga4_tracking_breaks_before_a/,"u/Big-Branch-8532: GA4 Custom Insights can email on zero traffic or an unusual drop ... Then run one external check against the Data API each morning: compare yesterday with the same weekday, and monitor page_view, session_start, the main conversion event, and source/medium coverage separately. ... The alert should go to whoever can inspect GTM and the last site release, not wait for the reporting person to notice.",en,"Doporučená dvouvrstvá architektura monitoringu bez BQ (Insights + denní Data API check) a princip: alert má jít k tomu, kdo umí opravit.","RQ5, RQ6","H1, H5",
E5-086,2026-09-04,5,US,reddit,r/GoogleAnalytics – What makes a good analytics service?,https://www.reddit.com/r/GoogleAnalytics/comments/1h88a4g/what_makes_a_good_analytics_service/,"OP: both he and our new VP of strategy tend to see little value in an ongoing retainer for our work once the initial implementations have been done ... u/eighteesix: Data visualization ... Blended data attribution reports with BQ ... Recurring performance analysis ... GTM and consent maintenance ... Auditing - this is a key element of any offering. u/Isotope1: services are only worth paying for if they increase revenue, not just as nice to haves.",en,"Interní odpor vůči retaineru za údržbu; komunita radí balit údržbu s analýzou/CRO/BQ, aby byl vidět revenue dopad.","RQ1, RQ4","H4, H5",
E5-087,2026-09-04,5,US,reddit,r/agency – How does client reporting actually work at your agency?,https://www.reddit.com/r/agency/comments/1vkvnhu/how_does_client_reporting_actually_work,"u/Beginning_Buy2094: We tried full automated reports for a while and clients barely opened them. What actually got read was a one-page note with the 3–4 numbers that mattered that month plus a couple sentences on what changed and what we're doing next. u/seb-in-public: What actually causes churn is rarely the report itself, it is the gap between reports. Clients get nervous in the silence ... the ones who flag a problem before the client notices it themselves. u/That-Regular-7828: more than one agency told me a client caught a tracking or reporting error before they did. by the time it showed up as a complaint, it'd been broken for weeks and nobody thought to look because the dashboard 'looked fine.'",en,Co klienti čtou: jednostránková poznámka s 3–4 čísly a 'co s tím'. Retence = ozvat se dřív než klient; klienti chytají rozbité tracking dřív než agentura.,"RQ6, RQ4",H2,
E5-088,2026-09-04,5,US,reddit,r/bigquery – Has anyone connected GA4 to BigQuery and then barely used it?,https://www.reddit.com/r/bigquery/comments/1v7rk24/has_anyone_connected_ga4_to_bigquery_and_then/,"OP (digitxl_agency): The export gets switched on because it feels like the right next step. A few months later, the tables are growing, but most reporting is still happening in GA4 or Looker Studio. ... Without that question, it can become another setup to maintain. u/Johnny__Escobar: it requires more than just streaming data into it, it needs optimised tables, etc. Which we don't have resource for as of right now.",en,"Důkaz k H1: BQ export sám nevytváří poptávku po správě; hodnota přichází až s transformacemi, které někdo musí udržovat (E3).",RQ5,H1,
E5-089,2026-09-04,5,US,reddit,r/bigquery – Email alert on job failure (GA4 export),https://www.reddit.com/r/bigquery/comments/1h4rdp9/email_alert_on_job_failure/,"u/LairBob: the GA4 webstream will simply not post data on 'empty' days, but without ever issuing any kind of log event or system notification. There simply won't be shards for those days ... any given one of them can trickle in as late as 2PM ... we actively check our feeds every morning. u/Acidulated: Make a view ... with a date spread ... Make an alert based on grains with count=0 ... chronjob that queries my tables of interest with a slack hook.",en,Chybějící denní tabulka nevyvolá žádnou nativní notifikaci; praxe = ranní ruční kontrola nebo vlastní cron+Slack (E1/G6).,"RQ5, RQ6",H1,
E5-090,2026-09-04,5,US,reddit,r/bigquery – Severe data drops from GA4 streaming into Big Query,https://www.reddit.com/r/bigquery/comments/1opexnb/severe_data_drops_from_ga4_streaming_into_big/,"u/Pure_Coconut_3866: At a consulting firm that has ~50 accounts all with some sort of monitoring on them, most not on GA4360. Haven't seen anything abnormal and no alerts.",en,US konzultační firma monitoruje export u ~50 účtů – 'monitoring na každém účtu' je u BQ-first konzultantů norma.,"RQ5, RQ6",H1,
E5-091,2026-09-04,5,US,reddit,r/GoogleAnalytics – How to Diagnose GA4 When Something Looks Wrong,https://www.reddit.com/r/GoogleAnalytics/comments/1soc0r5/how_to_diagnose_ga4_when_something_looks_wrong/,"GA4 problems come in two forms: the obvious breaks (conversions disappear overnight, traffic drops 40%, revenue stops recording) and the slow leaks (data that gradually degrades over weeks until someone looks at a trend line and realizes the numbers have been quietly wrong for a long time). ... The problem: most teams don't have a reliable changelog. Development deploys happen without analytics sign-off. GTM changes are made without documentation.",en,"Auditor s 13 lety praxe: dva typy poruch (náhlé vs. 'slow leaks'); chybějící changelog a deploy bez analytického sign-offu jsou příčina (H1, A3).","RQ3, RQ6",H2,
E5-092,2026-09-04,5,US,reddit,r/GoogleAnalytics – Finally figured out why a client's Meta EMQ dropped after Shopify Checkout Extensibility,https://www.reddit.com/r/GoogleAnalytics/comments/1tui9cv/finally_figured_out_why_a,"None of these issues completely broke tracking. They just made the data less reliable. That's why they're so easy to miss. ... u/Storefries: The scary ones are where everything looks fine on the surface, events are firing, purchases are showing up, and then months later you realize attribution quality has been slowly degrading.",en,"Migrace checkoutu = 'tiché' degradace (consent timing, identifikátory), viditelné až přes EMQ/atribuci po měsících.",RQ3,H2,
E5-093,2026-09-04,5,US,reddit,r/GoogleTagManager – Google Ads Purchase Tags stuck on Still running (Jan 2026),https://www.reddit.com/r/GoogleTagManager/comments/1qi3v21/google_ads_purchase_tags_stuck_on_still_running/,"If your Google Ads conversion tags suddenly stopped firing (stuck on 'Still running' in GTM Preview) starting around Friday, Jan 16th, it might be due to a silent update in how gtag.js handles ecommerce data. ... Even if it worked for years, it now causes the tag to hang indefinitely without failing. ... u/healthspanhero: Had you not posted I don't think we would have figured it out.",en,"Ukázka spouštěče ad_platform_change: Google tiše změnil gtag.js, staré UA-style items rozbily Ads purchase tagy napříč weby.",RQ3,H2,
E5-094,2026-09-04,5,US,reddit,r/PPC – Recovery time: Agency responsible messed up ROAS due to tracking setup,https://www.reddit.com/r/PPC/comments/19epd82/recovery_time_agency_responsible_messed_up_roas/,"OP: recently discovered two conversions were set as primary (GA4 + Google Ads tag). Google ads has combined both conversion values. I believe this may have been since rolling out GA4 about 8 months ago. ... u/potatodrinker: Agency teams at a minimum need to eyeball the top line data at least daily (CPA, CPC, spending, ROAS). u/BusinessBou: The only reason I caught this was so quickly we because I was monitoring updates to our enhanced conversions settings.",en,"8 měsíců dvojího počítání konverzí; klient zdvojnásobil rozpočet na základě špatných dat. Kdo to chytil brzy, monitoroval změny nastavení.",RQ3,H2,
E5-095,2026-09-04,5,US,reddit,r/PPC – Client's Google Ad conversion tracking suddenly broke,https://www.reddit.com/r/PPC/comments/1vrsz2b/clients_google_ad_conversion_tracking_suddenly/,"u/Either_Guess2405: 'Your conversion tracking is broken' gets queued. 'Someone changed the GTM container or the GA4 link around the 15th' gets fixed. ... u/Ishan_GS: being unable to diagnose your own tracking is the real problem here, and it'll happen again.",en,Hodnota správce: převést 'rozbilo se' na konkrétní hypotézu pro vývojáře (G7/H1) a mít přístupy (C6).,"RQ3, RQ6",H2,
E5-096,2026-09-04,5,US,reddit,r/GoogleAnalytics – GA4 isn't a problem. Most businesses are under investing in Marketing Analytics,https://www.reddit.com/r/GoogleAnalytics/comments/1v02zw4/ga4_isnt_a_problem_most_business,"I regularly see businesses spending thousands, sometimes millions, across Paid Ads, SEO, email, content ... But the analytics layer responsible for telling them whether any of that activity is actually working gets a tiny fraction of the investment.",en,"Argument pro pozicování: analytika dostává zlomek rozpočtu oproti médiím, které má měřit.","RQ4, RQ8",H4,
E5-097,2026-09-04,5,US,reddit,r/shopify – GA4 shows fewer purchases than Shopify? Here's the actual checklist,https://www.reddit.com/r/shopify/comments/1urnsf1/ga4_shows_fewer_purchases_than_shopify_heres,"Some version of 'GA4 shows 20-30% fewer purchases than Shopify' gets posted here every week ... Somewhere between 15 and 25% of visitors block Google Analytics entirely ... The only real mitigation is sending purchases server-side from a webhook. ... GA4's behavioral modeling has volume thresholds (roughly 1,000 denied-consent events a day plus a healthy consented baseline), so smaller stores often don't qualify",en,Revenue mismatch je týdenní téma; D5/G2 kontrola přes transaction_id diff; malé e-shopy nedostanou modelování.,"RQ3, RQ5",H2,
E5-098,2026-09-04,5,US,forum,"Shopify Community – vlákna o rozbitém GA4/Ads trackingu (328192, 217797, 218648, 346739, 188978, 314768)",https://community.shopify.com/t/massive-drop-in-ga-tracking-accuracy-after-moving-to-google-channel/218648,"we're now only tracking about 40% of purchase events ... This is having knock on effects on our PPC campaigns (218648, May 2023); Shopify sending on 60% conversion data (217797, Jun 2023); hasn't recorded a purchase in over a week (328192, Jun 2024); drop in conversion reporting via GA4 & Google Ads since completing the checkout extensionability updates (346739, Aug 2024)",en,"Shopify platformní změny (Google & YouTube app, checkout extensibility, thank_you redirect) opakovaně tiše snižují měřené konverze o 40–60 %; merchanti si všímají po dnech až týdnech přes objednávky.",RQ3,H2,
E5-099,2026-09-04,5,EU,website,Kukie.io + Adnan Agic – dopad cookie lišty / consent mode na měření,https://kukie.io/blog/google-analytics-traffic-drop-cookie-banner,"User and session counts fall by 30-50% compared to the previous period (kukie.io). ... Yet your reported conversions are half of what they should be ... Just quietly, over time, in ways that are hard to trace (adnanagic.com)",en,"Consent změny berou 30–50 % měřených uživatelů a až polovinu konverzí, bez chybové hlášky.",RQ3,H2,
E6-001,2026-09-04,6,GLOBAL,third_party_comparison,NiceLookingData – compare ObservePoint,https://www.nicelookingdata.com/compare/observepoint,"$599/mo Essentials → $2,400/mo Professional → ~$72,000/yr average enterprise",en,"Ceny ObservePoint (třetí strana): Essentials 599 USD/měs do 4 000 scanů, Professional 2 400 USD/měs do 20 000 scanů, enterprise průměr ~72 000 USD/rok.","RQ7,RQ2",H5,"vlastní pricing page ObservePoint je JS kalkulačka, čísla nešla vytáhnout"
E6-002,2026-09-04,6,GLOBAL,third_party_blog,Privado.ai – ObservePoint alternatives,https://www.privado.ai/post/observepoint-alternatives,"The first 1,000 page scans and 100 journey runs are free yearly … $0.17 per page … $2,500 for 1,500 runs, scaling with volume",en,"ObservePoint: 1 000 scanů + 100 journey běhů ročně zdarma, 0,17 USD/scan, journeys 2 500 USD za 1 500 běhů (stav 08/2026).","RQ7,RQ2",H5,
E6-003,2026-09-04,6,GLOBAL,vendor_site,InfoTrust – Tag Inspector,https://infotrust.com/products/tag-inspector,The average website has $2M+ in risk exposure from non-compliant data collection,en,"Tag Inspector se prodává primárně jako privacy/compliance monitoring (consent-state scany, realtime PII), ne jako hlídání kvality měření; cena jen na vyžádání.",RQ7,H5,"cílí na DPO / IT directors, enterprise loga"
E6-004,2026-09-04,6,GLOBAL,vendor_pricing,Trackingplan pricing,https://www.trackingplan.com/pricing,Front-end changes silently break tracking? Not anymore,en,"Trackingplan: 249–999 USD/měs (50k–500k MAU, ročně), Enterprise od 1 750 USD/měs; 24/7 detekce chyb z reálného provozu, pixel report, consent modul.","RQ7,RQ2,RQ3","H2,H5",
E6-005,2026-09-04,6,GLOBAL,vendor_pricing,DataTrue pricing,https://datatrue.com/pricing/,Move from reactive data management to proactive data monitoring with the powerful DataTrue platform.,en,"DataTrue: Starter 16 000 USD/rok (2 domény, 10k scanů/měs, jen setup support), Team 32 000 USD/rok (2 h/měs support), Enterprise custom (5 h/měs). Lidské hodiny jsou přímo součástí tieru.","RQ7,RQ2",H5,"support hodiny v tieru = důkaz, že nástroj sám nestačí"
E6-006,2026-09-04,6,GLOBAL,third_party_blog,Attribuly – Elevar pricing guide,https://attribuly.com/blogs/elevar-pricing-ultimate-guide-shopify-server-side-tracking/,"Essentials at $200 for 1,000 orders, Growth at $450 for 10,000 orders, and Business at $950 for 50,000 orders … ongoing tracking support at $500/month",en,"Elevar (Shopify): 0/200/450/950 USD/měs podle objednávek; lidský add-on 'ongoing tracking support' 500 USD/měs, Expert Installation od 1 000 USD.","RQ7,RQ2",H5,ověřeno třetí stranou 05/2026; citace 'ongoing tracking support' pochází ze shrnutí vyhledávače nad tímto článkem
E6-007,2026-09-04,6,GLOBAL,third_party_pricing_tracker,PricingSaaS – Elevar,https://pricingsaas.com/companies/getelevar,"Core $225/month … Advanced $650/month … Premium $1,250/month … Elite Not disclosed",en,"Novější názvy tierů Elevar (Q1 2026): Core 225, Advanced 650, Premium 1 250 USD/měs – konflikt s předchozí sadou; potřeba ověřit přímo.","RQ7,RQ2",,doména getelevar.com při fetchi přesměrovávala na nesouvisející web
E6-008,2026-09-04,6,GLOBAL,vendor_pricing,Tracify pricing,https://www.tracify.ai/pricing,Traffic-Plattformen sind in Bezug auf ihr Tracking nicht ehrlich,de,"Tracify (DE): od 500 EUR/měs, server-side atribuce; pain = ad platformy nadhodnocují vlastní přínos.","RQ7,RQ2",,
E6-009,2026-09-04,6,GLOBAL,vendor_pricing,Littledata pricing,https://www.littledata.io/pricing,"Flex … $0.35 per order … Scale $159/month … 1,500/month … Plus $792/month … 10,000/month",en,"Littledata (Shopify): pay-per-order 0,35 USD nebo 159/792 USD/měs; datová pipeline, ne monitoring – stránka nezmiňuje alerty.","RQ7,RQ2",H5,
E6-010,2026-09-04,6,GLOBAL,vendor_site,Analytics Debugger,https://www.analytics-debugger.com/en/tools/analytics-debugger-extension,Analytics Debugger is free and always will be,en,"Analytics Debugger (David Vallejo) je bezplatný ladicí nástroj, žádný placený monitoring.",RQ7,,citace ze shrnutí vyhledávače
E6-011,2026-09-04,6,GLOBAL,vendor_site,Analytics Mania – audit,https://www.analyticsmania.com/ga4-auditor/,"Discover which parts are misconfigured, not customized enough, or broken",en,Analytics Mania nabízí ruční jednorázový audit GTM/GA4 bez veřejné ceny; není to automatizovaný 'GA4 Auditor' nástroj.,RQ7,H5,
E6-012,2026-09-04,6,GLOBAL,third_party_pricing_tracker,SaaSworthy – GA4 Auditor,https://www.saasworthy.com/product/ga4-auditor/pricing,"$79.00 for a One-Time Audit, with an Agency Plan at $349.00 per month and an Agency Pro Plan at $749.00 per month",en,"GA4 Auditor (ga4auditor.com): 79 USD jednorázově, agenturní 349/749 USD/měs; white-label reporty.","RQ7,RQ2",,
E6-013,2026-09-04,6,GLOBAL,third_party_blog,NiceLookingData – best GA4 audit tools 2026,https://www.nicelookingdata.com/blog/best-ga4-audit-tools-2026,no continuous monitoring — it's a point-in-time report generator,en,"Trh GA4 audit nástrojů se dělí na jednorázové generátory reportů (GA4 Auditor 99 USD, GAfix 49 USD) a kontinuální monitoring (Verified Data od 99 EUR, NLD 49 USD, ObservePoint 599 USD); konzultant 1 500–10 000 USD/engagement.","RQ7,RQ2",H5,
E6-014,2026-09-04,6,GLOBAL,third_party_pricing_tracker,SaaSworthy/Capterra – Tagmate,https://www.saasworthy.com/product/tagmate-app/pricing,Growth Plan costs $79/month and includes 1 Website … Pro Plan is $299/month and includes 5 Websites … $499/month … 100 hours yearly,en,Tagmate: 79/299/499 USD/měs; agenturní tier obsahuje 100 h/rok lidských služeb.,"RQ7,RQ2",H5,doména tagmate.app vracela při fetchi obsah casino webu – produkt možná zanikl
E6-015,2026-09-04,6,GLOBAL,vendor_pricing,JENTIS pricing,https://www.jentis.com/pricing,Synthetic Users … conversion signals otherwise lost to consent,en,"JENTIS: 3 tiery bez veřejné ceny; prodává recovery dat (ad blocker, consent) + Health Center pro detekci problémů.",RQ7,,
E6-016,2026-09-04,6,GLOBAL,vendor_pricing,TAGGRS prices,https://taggrs.io/prices/,"Ad blockers, browser restrictions, and cookies drop up to 60% of events",en,TAGGRS sGTM hosting: 0/22/57/127 EUR/měs (10k–10M requests); 24/7 dohled serveru bez SLA; pain-komunikace = ztráta eventů kvůli blokování.,"RQ7,RQ2,RQ3",,citace z homepage taggrs.io
E6-017,2026-09-04,6,GLOBAL,third_party_blog,Hardal – Stape pricing,https://usehardal.com/blog/stape-pricing,Your GA4 event count is not your request count.,en,"Stape: Free 10k, Pro 17–20 USD (500k), Business 83–100 USD (5M), Enterprise 167 USD (20M); monitoring, multi-zone a 10denní logy až od Business; skryté náklady: script loads a boti spotřebovávají kvótu, 1 kontejner = 1 web.","RQ7,RQ2",H5,
E6-018,2026-09-04,6,GLOBAL,third_party_review,Datascale – Stape review 2026,https://datascale.de/en/blog/stape-io-review-2026/,"A campaign launches, volume jumps, the plan no longer covers it...Without monitoring, you find out from accounting.",en,Recenze Stape: krátká retence logů (3 dny v Pro) znemožňuje zpětnou diagnostiku; překročení kvóty se bez monitoringu zjistí až z faktury.,"RQ3,RQ7",H2,
E6-019,2026-09-04,6,GLOBAL,vendor_pricing,Addingwell pricing,https://www.addingwell.com/pricing,"Helpful humans, no robots",en,"Addingwell sGTM hosting: 90–1 190 EUR/měs (1M–100M requests), add-ony za kontejner/doménu/region; monitoring/SLA na stránce nespecifikován.","RQ7,RQ2",,
E6-020,2026-09-04,6,GLOBAL,vendor_blog,Stape – how much does server GTM cost,https://stape.io/blog/how-much-does-server-gtm-cost,"Each server costs approximately $40 / month, so the production environment's monthly price would be a minimum of 3*$40=$120",en,"Vlastní provoz sGTM na Cloud Run: min. ~120 USD/měs (3 instance), při provozu 240–300 USD; logování +~100 USD na 500k requestů.","RQ7,RQ2",,
E6-021,2026-09-04,6,GLOBAL,vendor_pricing,Avo pricing,https://www.avo.app/pricing,"instantly catch issues such as inconsistent naming, duplicate items or missing descriptions",en,"Avo: Free / Team 250–300 USD/měs / Enterprise; Inspector hlídá schéma eventů v produkci, alerty do Slacku.","RQ7,RQ2",H5,
E6-022,2026-09-04,6,GLOBAL,vendor_pricing,Twilio Segment pricing,https://www.twilio.com/en-us/pricing/customer-data,Take control of data quality with intuitive data cleaning features and real-time validation built for enterprise scale.,en,Segment Protocols (validace tracking planu) je placený add-on bez veřejné ceny.,RQ7,,
E6-023,2026-09-04,6,GLOBAL,vendor_pricing,Amplitude pricing,https://amplitude.com/pricing,Data Governance,en,"Amplitude data governance (schéma, blokace eventů) jen v Growth/Enterprise s custom cenou.",RQ7,,
E6-024,2026-09-04,6,GLOBAL,vendor_pricing,Metrics Watch pricing,https://metricswatch.com/pricing,Catch data issues before they cost you money,en,"Metrics Watch Alerts: 79/99/299 USD/měs (3–neomezeno alertů, 15–5 min), Reports 49/149/399 USD/měs; GA4 anomálie do e-mailu/Slacku.","RQ7,RQ2,RQ3","H2,H5",
E6-025,2026-09-04,6,GLOBAL,vendor_site,Metrics Watch – Alerts,https://metricswatch.com/alerts,"We recently experienced data loss that went unnoticed for several days, affecting dashboards, reports, and business decisions.",en,"Testimonial (web analytik, EU automotive marketplace): ztráta dat nepovšimnutá několik dní – přesně pain H2; vendor: 'One prevented incident pays for the entire year', in-house řešení 30 000+ USD.","RQ3,RQ7","H2,H5",
E6-026,2026-09-04,6,GLOBAL,vendor_pricing,Whatagraph pricing,https://whatagraph.com/pricing,For teams scaling reporting without scaling the team,en,"Whatagraph: Max 699 EUR/měs (ročně, 50 source credits), Prime custom; 'Goals & alerts' součástí.","RQ7,RQ2",,
E6-027,2026-09-04,6,GLOBAL,vendor_pricing,AgencyAnalytics pricing,https://agencyanalytics.com/pricing,One rate. Every feature. Only pay for the clients you actually have.,en,"AgencyAnalytics: 20 USD/klient/měs (ročně), alerty a anomaly detection v ceně; enterprise od 25 klientů.","RQ7,RQ2",,
E6-028,2026-09-04,6,GLOBAL,vendor_pricing,DashThis pricing,https://dashthis.com/pricing/,"We don't charge per client, source, or integrations, just by the number of dashboards you need!",en,DashThis: 44/139/279/429 USD/měs podle počtu dashboardů; bez alertů.,"RQ7,RQ2",,
E6-029,2026-09-04,6,GLOBAL,vendor_pricing,Databox pricing,https://databox.com/pricing,"Free to start, built to scale",en,"Databox: Free / 64 / 159 / 399 USD/měs (ročně); anomaly detection ve všech placených, notifikace + Slack od Pro.","RQ7,RQ2",,
E6-030,2026-09-04,6,GLOBAL,vendor_pricing,Supermetrics pricing,https://supermetrics.com/pricing,Supermetrics has saved us approximately 160 hours a month just in data extraction,en,"Supermetrics: Starter 55, Growth 222 USD/měs (ročně 44/177), Enterprise custom; BigQuery destinace jen Enterprise; stránka nezmiňuje monitoring selhání přenosů.","RQ7,RQ2,RQ5",H1,
E6-031,2026-09-04,6,GLOBAL,vendor_pricing,Funnel pricing,https://funnel.io/pricing,"We have a plan for companies of all sorts and sizes, from tech startup to global media agency.",en,"Funnel: Starter 300, Business 600 USD/měs (ročně), Enterprise custom; BigQuery destinace od Business.","RQ7,RQ2",,
E6-032,2026-09-04,6,GLOBAL,vendor_pricing,Windsor.ai pricing,https://windsor.ai/pricing/,absolutely all connectors and destinations in all plans. You don't need to worry about hidden fees or premium connectors.,en,Windsor.ai: Free / 23 / 118 / 299 / 598 USD/měs; BigQuery i Looker Studio ve všech plánech – nejlevnější cesta ad-dat do BQ.,"RQ7,RQ2,RQ5",H1,
E6-033,2026-09-04,6,GLOBAL,vendor_pricing,Dataslayer pricing,https://www.dataslayer.ai/pricing,Stop wasting time. Start slaying data.,en,Dataslayer: 29/99/299 EUR/měs (z FAQ; tabulka zobrazovala chybné 20 €); 'Alerts Agent' od Advanced.,"RQ7,RQ2",,
E6-034,2026-09-04,6,GLOBAL,vendor_pricing,Adverity pricing,https://www.adverity.com/pricing,Because every customer is different we don't stick to rigid pricing plans.,en,"Adverity: jen individuální nabídka, enterprise/agentury.",RQ7,,
E6-035,2026-09-04,6,GLOBAL,vendor_pricing,Fivetran pricing,https://www.fivetran.com/pricing,"One contract covers all of your connections, transformations, and activations",en,"Fivetran: Free 500k MAR, Standard usage-based, Enterprise/Business Critical custom.","RQ7,RQ2",,
E6-036,2026-09-04,6,GLOBAL,vendor_pricing,Airbyte pricing,https://airbyte.com/pricing,You shouldn't pay more just because your data volume spikes,en,"Airbyte Cloud Data Replication Standard od 10 USD/měs (volume-based), Core open-source zdarma.","RQ7,RQ2",,
E6-037,2026-09-04,6,GLOBAL,vendor_pricing,Porter Metrics pricing,https://portermetrics.com/en/pricing/,"Monthly pricing: 1 account $15, 2 accounts $30, 3 accounts $39.99, 4 accounts $40, 5-12 accounts $8/account, 13-20 accounts flat $100/mo",en,"Porter Metrics: cena za data-source účet, 12,50 USD/účet/měs ročně; Looker Studio konektory.","RQ7,RQ2",,
E6-038,2026-09-04,6,GLOBAL,vendor_pricing,Coupler.io pricing,https://www.coupler.io/pricing,Pricing built to grow with you,en,Coupler.io: Free / 32 / 132 / 259 USD/měs; BigQuery destinace ve všech tierech.,"RQ7,RQ2",,
E6-039,2026-09-04,6,GLOBAL,vendor_pricing,Improvado pricing,https://improvado.io/pricing,"Get notified of any data, campaign or ops issues.",en,"Improvado: MCP Only 100 USD/měs, Advanced/Enterprise custom s 'Marketing Data Governance' pravidly (50/100).",RQ7,,
E6-040,2026-09-04,6,GLOBAL,vendor_pricing,Keboola pricing,https://www.keboola.com/pricing,Start for free. No credit card required.,en,"Keboola (CZ): Free 60 min compute/měs, overage 0,14 USD/min, Enterprise custom.",RQ7,,
E6-041,2026-09-04,6,GLOBAL,vendor_pricing,Meiro pricing,https://www.meiro.io/pricing,Designed for teams who hate billing surprises,en,Meiro (CZ CDP): 3 tiery bez veřejné ceny.,RQ7,,
E6-042,2026-09-04,6,GLOBAL,vendor_pricing,Checkly pricing,https://www.checklyhq.com/pricing/,Hobby $0 … Starter $24 … Team $64,en,"Checkly: syntetické Playwright testy 0/24/64 USD/měs, alerty email/Slack/webhook/PagerDuty – použitelné jako 'nákupní cesta každé 2 min' test.","RQ7,RQ2",H5,
E6-043,2026-09-04,6,GLOBAL,vendor_pricing,Verified Data pricing,https://www.verified-data.com/pricing,Automated audits at a fixed cost,en,"Verified Data: GA4 monitoring 0/99/149/249 EUR/měs (1–25 streamů, 60+ checků, denní/týdenní alerty); consent crawl 249–699 EUR/měs.","RQ7,RQ2",H5,
E6-044,2026-09-04,6,GLOBAL,vendor_pricing,NiceLookingData pricing,https://www.nicelookingdata.com/pricing,A tag fires in GTM but no key event is configured in GA4... These are the most expensive analytics bugs to track down manually,en,"NLD: 0/49/199 USD/měs; 150+ checků (61 GA4, 44 GTM, 3 cross-checky), Daily Pulse anomálie e-mailem; pozicuje se proti in-house analytikovi (110–250k USD).","RQ7,RQ2,RQ3",H5,
E6-045,2026-09-04,6,GLOBAL,vendor_pricing,GAfix pricing,https://www.gafix.ai/pricing,"Audit your GA4 setup, identify critical issues, and fix them faster",en,"GAfix: audit zdarma / 49 USD / bundle 198 USD; lidské 'service packages' Bronze 199, Silver 299, Gold 499 USD (opravy 3–10 issues).","RQ7,RQ2",H5,nástroj sám prodává lidskou opravu jako navazující balíček
E6-046,2026-09-04,6,GLOBAL,google_docs,GA4 Help – Insights,https://support.google.com/analytics/answer/9443595,You can create up to 50 custom insights per property.,en,"GA4 custom insights: zdarma, 50/property, hourly (jen web)/daily/weekly/monthly, podmínka 'Has anomaly', notifikace pouze e-mailem.","RQ5,RQ7","H1,H5",
E6-047,2026-09-04,6,GLOBAL,google_docs,BigQuery – scheduling queries,https://docs.cloud.google.com/bigquery/docs/scheduling-queries,Check Send email notifications to allow email notifications of transfer run failures.,en,Scheduled queries: e-mail při selhání běhu + Pub/Sub topic; min. interval 5 min; obsah dat musí hlídat vlastní SQL.,"RQ5,RQ7",H1,
E6-048,2026-09-04,6,GLOBAL,google_docs,Dataform – assertions,https://docs.cloud.google.com/dataform/docs/assertions,Dataform runs assertions every time it updates your workflow and it alerts you if any assertions fail.,en,"Dataform assertions (nonNull, uniqueKey, rowConditions, custom SQL) selžou workflow a zobrazí se v execution logs; kanál notifikace nutno doplnit.","RQ5,RQ7",H1,
E6-049,2026-09-04,6,GLOBAL,google_docs,Cloud Monitoring pricing,https://cloud.google.com/stackdriver/pricing,"Execution of Monitoring uptime checks $0.30/1,000 executions … 1 million executions per Google Cloud project … Alerting policies $0.35 per month for each metric reference",en,"Cloud Monitoring: uptime checky 1M/měs zdarma, pak 0,30 USD/1 000; alerting 0,35 USD/měs za metric reference (uvedená účinnost 1. 9. 2027); logy 50 GiB/projekt zdarma.",RQ7,,
E6-050,2026-09-04,6,GLOBAL,google_docs,Looker Studio Pro – about,https://docs.cloud.google.com/looker/docs/studio/about-looker-studio-pro,set up alerts that will notify you and your stakeholders when a chart on your Data Studio report meets criteria that you specify,en,"Looker Studio Pro nově uvádí alerty nad grafem, 200 plánovaných doručení a doručení do Google Chatu; cena per user na stránce neuvedena.","RQ5,RQ7",H1,stránka produkt označuje 'Data Studio Pro'
E6-051,2026-09-04,6,GLOBAL,google_docs,GTM API v2,https://developers.google.com/tag-platform/tag-manager/api/v2,"create, preview and publish a Version",en,"GTM API umí listovat verze/headers, tagy, triggery, práva – ale nemá webhook/push na publish; hlídání změn = polling skript.",RQ7,H5,
E6-052,2026-09-04,6,GLOBAL,google_docs,GA4 BigQuery export,https://support.google.com/analytics/answer/9358801,"Typically exports mid-afternoon in your property's timezone, but can be delayed until later in the day or the next day.",en,"Denní export do BQ může přijít se zpožděním až do dalšího dne, streaming je 'best-effort'; dokumentace nezmiňuje žádnou notifikaci o výpadku.","RQ5,RQ7","H1,H2",
E6-053,2026-09-04,6,GLOBAL,google_docs,GA4 Data API quotas,https://developers.google.com/analytics/devguides/reporting/data/v1/quotas,"Core tokens per property per day: 200,000 … per property per hour: 40,000",en,"Data API kvóty standardní property: 200k tokenů/den, 40k/hod, 10 souběžných requestů – dostatečné pro vlastní hodinový anomaly skript bez BQ.","RQ5,RQ7",H1,
E6-054,2026-09-04,6,GLOBAL,meta_docs,Meta CAPI – verifying setup,https://developers.facebook.com/documentation/ads-commerce/conversions-api/verifying-setup,Event Match Quality is scored from 1 to 10 … aiming for an Event Match Quality score of 6.0 or higher,en,"Events Manager ukazuje EMQ, podíl deduplikovaných eventů a Event Freshness – ale dokument nezmiňuje žádné push notifikace; kontrola = ruční.",RQ7,H5,
E6-055,2026-09-04,6,GLOBAL,blog,Simo Ahava – GTM Monitor,https://www.simoahava.com/analytics/google-tag-manager-monitor/,"if you want to be alerted to issues in data collection, the best way to do this is to monitor the data collection itself",en,"Open-source vzor tag monitoringu: addEventCallback → Cloud Function → BigQuery → Looker Studio; zdarma mimo GCP náklady, ale vyžaduje vlastní údržbu.","RQ7,RQ5","H1,H5",
E6-056,2026-09-04,6,GLOBAL,review_site,Capterra – ObservePoint (WebAssurance),https://www.capterra.com/p/156573/WebAssurance/,You get informed in advance if any of your analytics tagging break in production,en,"Recenze ObservePoint (4,0/5, 3 recenze): kupují kvůli včasné informaci o rozbitém taggingu; stěžují si na pomalou podporu a časté falešné pády journeys.","RQ3,RQ7","H2,H5",
E6-057,2026-09-04,6,GLOBAL,review_site,Capterra – Stape,https://www.capterra.com/p/10028692/Global-Server-GTM-Hosting/,The analytics/monitoring tools...the monitoring tool is only available on,en,"Recenze Stape (5,0/5, 7 recenzí): chválí úsporu času ('no more server'), stížnosti: monitoring jen ve vyšším tieru, pomalá podpora pro agentury, těsný free limit.","RQ3,RQ7",H5,citace v Capterra zkrácena
E6-058,2026-09-04,6,GLOBAL,review_site,GetApp – Supermetrics reviews,https://www.getapp.com/business-intelligence-analytics-software/a/supermetrics/reviews/,Loses connection multiple times,en,"Supermetrics (4,4/5, 109 recenzí, value for money 3,8): kupují kvůli úspoře času s extrakcí; stížnosti: výpadky spojení, příplatky za konektory, pomalá podpora, cena pro malé firmy.","RQ3,RQ7",H2,
E6-059,2026-09-04,6,GLOBAL,review_site,GetApp – Funnel reviews,https://www.getapp.com/business-intelligence-analytics-software/a/funnel/reviews/,"It helps us track campaign performance, understand customer behavior, and see which emails are driving conversions.",en,"Funnel (4,7/5, 19 recenzí): pozitivní; GetApp uvádí starší ceny 120/750 USD – liší se od aktuální stránky (300/600).",RQ7,,
E6-060,2026-09-04,6,GLOBAL,review_site,Shopify App Store – Littledata reviews,https://apps.shopify.com/littledata/reviews,"with Littledata, you skip the 99 mind boggling steps",en,"Littledata (4,8/5, 140 recenzí): kupují kvůli jednoduchému server-side nastavení a rychlé podpoře; 6 % jednohvězdičkových bez viditelného textu.","RQ3,RQ7",,
E6-061,2026-09-04,6,GLOBAL,third_party_blog,GAfix – GA4 audit cost,https://www.gafix.ai/blog/ga4-audit-cost,"Freelance consultants: $1,000–$10,500 (20–60 hours) … Agency projects: $1,500–$8,000",en,"Cenový žebřík auditu: nástroj 0–49 USD vs. konzultant 1 000–10 500 USD; člověk nutný pro sGTM, cross-domain, atribuci, multi-property BQ prostředí.","RQ2,RQ7",H5,
E6-062,2026-09-04,6,GLOBAL,third_party_blog,Trackingplan – GA4 audit tools,https://www.trackingplan.com/blog/ga-4-audit-tools,"a minor code release, a marketing campaign launch, or a third-party script update can silently break your tracking",en,"Vendor argument pro kontinuální monitoring místo manuálních auditů (pomalé, chybové, nestíhají release cyklus).","RQ3,RQ7",H2,vendor content
E6-063,2026-09-04,6,GLOBAL,vendor_site,Trackingplan homepage,https://www.trackingplan.com/,"You can have a perfectly implemented tag, in the right place, firing the right event — and still lose most of your data. If the timing is wrong relative to how real users behave on your specific traffic mix, it is operationally invisible until something makes you look at it differently.",en,"Citace D. Rascóna (Havas): i správně nasazený tag může tiše ztrácet data kvůli timingu; 2,2 mld. eventů/den, 855 issues/den napříč účty.",RQ3,H2,
E6-064,2026-09-04,6,GLOBAL,vendor_site,DataTrue homepage,https://datatrue.com/,DataTrue monitors your implementation 24/7 to identify broken analytics before the errors corrupt your reports.,en,"Pain-komunikace DataTrue: 'Incomplete analytics lead to failed strategies and wasted spend', 'Replace troubleshooting hours with strategic action'.","RQ3,RQ7",H2,
E6-065,2026-09-04,6,GLOBAL,vendor_site,ObservePoint homepage,https://www.observepoint.com/,Catch hidden privacy violations (before regulators do),en,"ObservePoint komunikuje privacy riziko a 'Catch tracking errors fast'; enterprise loga (Microsoft, Adobe, Disney, Roche, Vodafone).","RQ3,RQ7",,
E6-066,2026-09-04,6,GLOBAL,vendor_docs,Elevar docs – Monitoring overview,https://docs.getelevar.com/docs/monitoring-overview,Channel Accuracy Report … Email Alerts … Server Events Log … Error Directory,en,"Elevar Monitoring = porovnání objednávek Shopify vs. konverze přijaté per kanál (GA4, Meta, Google Ads, Klaviyo) + e-mail alerty + log serverových eventů s kódy chyb – jediný nalezený nástroj, který automatizuje G2 bez BigQuery (jen Shopify).","RQ5,RQ7","H1,H5",
E6-067,2026-09-04,6,GLOBAL,vendor_site,Avo Inspector,https://www.avo.app/inspector,Anybody can look at it and understand which bug has the biggest impact.,en,"Avo Inspector detekuje chybějící property, konflikty typů, neočekávané eventy; Slack alerty; instalace přes Segment/RudderStack/SDK.",RQ7,H5,
E6-068,2026-09-04,6,GLOBAL,vendor_pricing,Fivetran docs – alerts,https://fivetran.com/docs/using-fivetran/fivetran-dashboard/alerts,"Depending on your notification settings, we may send you email notifications about new alerts.",en,"Fivetran alerty: chyby připojení zdroje/destinace, konfigurace, auto-pauza transformací; jen e-mail.",RQ7,,
E6-069,2026-09-04,6,GLOBAL,vendor_pricing,Reportz pricing,https://reportz.io/pricing/,$9.90 per dashboard per month,en,"Reportz: 9,90 USD za dashboard/měs, cena klesá s počtem dashboardů; bez alertů (citace ze shrnutí vyhledávače nad pricing stránkou, přímý fetch vrátil prázdnou stránku).","RQ7,RQ2",,
E7-001,2026-09-04,7,GLOBAL,forum,Shopify Community – GA4 purchase event not being fired during checkout,https://community.shopify.com/t/ga4-purchase-event-not-being-fired-during-checkout/342255,the purchase event stopped firing since 15th of July,en,"Agentura spravující více Shopify obchodů: purchase event přestal chodit 15.7.2024, ostatní eventy OK; příčina deprecace checkout scriptů (Thank you page). Zjištěno po ~9 dnech.",RQ3;RQ4,H2,
E7-002,2026-09-04,7,GLOBAL,forum,Shopify Community – Drop in sessions after changing cookie consent banner,https://community.shopify.com/t/drop-in-sessions-after-changing-cookie-consent-banner/314768,if you now click the x and not dismiss or accept then nothing is recorded,en,"Po výměně cookie lišty (Pandectes, consent mode v2) propad sessions ~40 %; zavření lišty křížkem = nic se neměří.",RQ3,H2,
E7-003,2026-09-04,7,GLOBAL,forum,Shopify Community – Drop in Conversion Rates GA4 and Google Ads,https://community.shopify.com/t/drop-in-conversion-rates-ga4-and-google-ads/346739,We are experiencing a drop in conversion reporting via GA4 & Google Ads since completing the checkout extensionability updates for Shopify.,en,"Propad konverzí v GA4 a Google Ads po přechodu na checkout extensibility; nový systém Customer Events respektuje souhlas, starý ne.",RQ3,H2,
E7-004,2026-09-04,7,GLOBAL,forum,Shopify Community – Google Analytics Data Deleted,https://community.shopify.com/t/google-analytics-data-deleted/576935,data not only was not being tracked at all but data was completely deleted from September,en,"Majitelka e-shopu zjistila, že GA4 přes Google & YouTube app neměří od září; zjištěno až po největším výprodeji roku (listopad 2025).",RQ3;RQ5,H2,
E7-005,2026-09-04,7,GLOBAL,forum,Shopify Community – Why is GA4 showing less revenue than my sales channel,https://community.shopify.com/t/why-is-ga4-showing-less-revenue-than-my-sales-channel/259429,GA4 is recording less than half the revenue that shopify is showing.,en,GA4 ukazuje méně než polovinu tržeb oproti Shopify.,RQ3,H2,
E7-006,2026-09-04,7,GLOBAL,forum,Shopify Community – Incomplete Conversion data being sent to google and facebook (60%),https://community.shopify.com/t/incomplete-conversion-data-being-sent-to-google-and-facebook-shopify-sending-on-60-conversion-data/217797,the number of conversion data being sent to facebook and google dropped to 60%,en,Od 12.5.2023 19:00 GMT Shopify posílá do Google/Meta jen ~60 % konverzí; agentura to vidí u 20+ obchodů; Google snižuje tROAS; Shopify i Meta support si přehazují vinu.,RQ3,H2,
E7-007,2026-09-04,7,GLOBAL,forum,Shopify Community – Conversion tracking stopped working,https://community.shopify.com/t/conversion-tracking-stopped-working/188978,pretty consistent conversion data so its pretty obvious when something stops working,en,Gtag na thank-you page přestal chodit; jiný uživatel měsíc bez správných metrik.,RQ3,H2,
E7-008,2026-09-04,7,GLOBAL,forum,Shopify Community – Google Ads is no longer providing conversion tracking,https://community.shopify.com/t/google-ads-is-no-longer-providing-conversion-tracking/301533,Google ads conversion tracking has been inoperable for over a month for my website. Tags are apparently misfiring–according to Google support.,en,"Google Ads konverze nefungují přes měsíc; support jen řekl, že tagy 'misfire'.",RQ3,H2,
E7-009,2026-09-04,7,GLOBAL,forum,Shopify Community – Conversion Tracking has stopped working (2025),https://community.shopify.com/t/conversion-tracking-has-stopped-working/413822,"I've made no changes to my Gtag or anything like that. However, for some reason, my conversion tracking is no longer working.",en,"Konverze přestaly bez zásahu majitele; příčina: Shopify vypnul additional scripts, Google oznámil nutnost změny.",RQ3,H2,
E7-010,2026-09-04,7,GLOBAL,forum,Shopify Community – Completed Checkout not tracking (Hydrogen),https://community.shopify.com/t/issue-completed-checkout-not-tracking-in-analytics-using-hydrogen/575542,"For the last two weeks, the ""Completed Checkout"" metric has completely stopped tracking",en,"Dva týdny nechodí Completed Checkout, ostatní metriky OK; thank-you page neposílá event.",RQ3,H2,
E7-011,2026-09-04,7,GLOBAL,forum,Shopify Community – Google Ads Conversion Value Not Updating After Migrating to Shopify,https://community.shopify.com/t/google-ads-conversion-value-not-updating-after-migrating-to-shopify/571974,"Since the migration, everything in Google Ads still records - clicks, impressions, costs - but the conversion value stopped updating correctly",en,"Po migraci na Shopify se v Google Ads přestala aktualizovat hodnota konverze, tag 'inactive', duplicitní tagy; 2+ týdny.",RQ3,H2,
E7-012,2026-09-04,7,GLOBAL,forum,Shopify Community – Google Performance Max not tracking conversions,https://community.shopify.com/t/google-performance-max-not-tracking-conversions/152336,We were recently auto upgraded to Google Performance Max campaign and suddenly Google Ads stopped tracking conversions.,en,Po automatickém upgradu na PMax přestaly chodit konverze.,RQ3,H2,
E7-013,2026-09-04,7,GLOBAL,forum,Shopify Community – Shopify Analytics is not working (also messing up Meta pixel),https://community.shopify.com/t/shopify-analytics-is-not-working-also-messing-up-our-meta-pixel-data/360218,Our shopify analytics dashboard is completely messed up for the last two weeks.,en,"Dva týdny rozbitá analytika i Meta pixel; příčina cookie lišta; 'jsme slepí, které reklamy zabít/škálovat'.",RQ3,H2,
E7-014,2026-09-04,7,GLOBAL,forum,Shopify Community – Analytics discrepancy caused by cookie banner,https://community.shopify.com/t/analytics-discrepancy-orders-vs-sessions-with-completed-checkout-caused-by-cookie-banner/391432,tracked to orders at around 98% accuracy. Since Pandectes implementation it has tracked to 55-65% accuracy,en,Po nasazení Pandectes v listopadu přesnost měření objednávek z 98 % na 55–65 %; zjištěno/řešeno až koncem ledna.,RQ3,H2,
E7-015,2026-09-04,7,GLOBAL,forum,Shopify Community – Meta reporting fewer purchases after Aug 26 checkout upgrade,https://community.shopify.com/t/meta-reporting-fewer-purchases-than-shopify-after-the-aug-26-checkout-upgrade-is-anyone-else-seeing-this/672772,since the checkout extensibility upgrade on the 26th a few of them have stopped agreeing with each other,en,"26.8.2026 Shopify vypnul Additional Scripts na Thank you/Order status pro non-Plus; Meta hlásí méně nákupů; rozdíl malý, CPA rostla dřív, než to dashboardy ukázaly.",RQ3;RQ4,H2,
E7-016,2026-09-04,7,GLOBAL,forum,Shopify Community – How do you catch it when your Meta Pixel / GA4 / CAPI quietly stops firing?,https://community.shopify.com/t/how-do-you-catch-it-when-your-meta-pixel-ga4-capi-quietly-stops-firing/666988,"A gap of 10–30% is normal (ad blockers, iOS, consent).",en,"Vlákno o tom, jak zachytit tiché výpadky měření: denní porovnání objednávek vs. platformy, práh 15 %, test po každé změně, sandboxované pixely selhávají potichu.",RQ3;RQ5;RQ7,H2;H5,
E7-017,2026-09-04,7,GLOBAL,forum,Shopify Community – Shopify Conversions 90% direct since 5 days,https://community.shopify.com/t/shopify-conversions-90-direct-since-5-days/366519,"In the past few days, 90% of all conversions are being incorrectly attributed as 'direct' traffic in Shopify Analytics",en,90 % konverzí připsáno na direct u 5 obchodů po přechodu na nové Shopify Pixels.,RQ3,H2,
E7-018,2026-09-04,7,GLOBAL,forum,Shopify Community – Tracking Issues: Sales Misattributed as Direct,https://community.shopify.com/t/tracking-issues-sales-misattributed-as-direct/369537,noticed it more after updating our theme last month,en,Půl roku většina prodejů jako direct; zhoršeno po aktualizaci šablony; příčina custom checkout (GoKwik); zjištěno až po roce.,RQ3,H2,
E7-019,2026-09-04,7,GLOBAL,forum,Shopify Community – GA4 additional events stopped being reported,https://community.shopify.com/t/ga4-tracking-additional-google-analytics-events/204574,In debugging I can see they are being fired but the GA4 reports stay empty,en,"begin_checkout/add_payment_info se odesílají, ale v GA4 nejsou; týden a více.",RQ3,H2,
E7-020,2026-09-04,7,GLOBAL,forum,Shopify Community – Google Tag not connecting when using google and youtube app,https://community.shopify.com/t/google-tag-not-connecting-when-using-google-and-youtube-app/236275,Conversions were being tracked perfectly until last week on google analytics however now google tag manager is saying that the tag is not connected.,en,"Konverze chodily do minulého týdne, GTM hlásí tag nepřipojen.",RQ3,H2,
E7-021,2026-09-04,7,GLOBAL,forum,Shopify Community – Year-End Reporting 2025: What Numbers Actually Matter?,https://community.shopify.com/t/year-end-reporting-2025-what-numbers-actually-matter/586376,"Refunds are the #1 reason Shopify, GA4, and accounting numbers don't line up.",en,"Každý rok při uzávěrce zjišťují merchanti, že čísla Shopify/GA4/účetnictví nesedí; refundy #1 důvod.",RQ3,H2,
E7-022,2026-09-04,7,GLOBAL,forum,"Shopify Community – Drop in tracked GA4, Ads, Socials conversions since August",https://community.shopify.com/t/drop-in-tracked-ga4-ads-socials-conversions-since-august/556234,"Since August 1 we see a sudden 40 - 80% drop in tracked conversions within GA4, Google Ads, Meta and other channels.",en,Od 1.8.2025 propad 40–80 % měřených konverzí napříč GA4/Ads/Meta u více obchodů; příčina (Cookiebot změnil předávání consentu do custom pixels) popsána až v dubnu 2026.,RQ3,H2,
E7-023,2026-09-04,7,GLOBAL,forum,Shopify Community – Google Ads conversions dropping/disappearing after January,https://community.shopify.com/t/google-ads-conversions-dropping-disappearing-after-january-shopify-tracking-issue/608395,Has anyone else experienced Google Ads conversions being recorded and then later disappearing? I've been running into this issue frequently since January this year.,en,"Z 80 objednávek dřív ~40 konverzí v Ads, od ledna 16; konverze mizí; příčina consent mode v2 + nativní Shopify lišta nepředává signály.",RQ3,H2,
E7-024,2026-09-04,7,GLOBAL,forum,"Shopify Community – Meta pixel misconnection causing months of structural CV decline, P-MAX CPA 15x",https://community.shopify.com/t/checkout-intermittently-stops-working-mid-day-gmc-products-vanishing-without-reason-meta-pixel-misconnection-causing-months-of-structural-cv-decline-p-max-cpa-spiking-15x-overnight-2-months-of-platform-level-anomalies-i-cant-explain/592057,"one of our main campaigns had been sending conversion signals to a 'dead pixel'...for approximately 60 days. We discovered this on March 7, 2026",en,Kampaň ~60 dní posílala konverze do 'mrtvého' pixelu; 3 měsíce rostl spend při stagnaci konverzí; PMax CPA 15× nad normál.,RQ3,H2,
E7-025,2026-09-04,7,GLOBAL,forum,Shopify Community – Google Ads Conversions Not Showing with Google & YouTube App,https://community.shopify.com/t/google-ads-conversions-not-showing-in-dashboard-with-google-youtube-app-integration/353171,"We can see tags firing, but the conversions are not reported on the dashboard or at the campaign level.",en,"Purchase konverze nechodí do Ads, ač GTM debug ukazuje tag; vysvětlení: ScriptTags na order status page vypnuty (Plus 8/2025, non-Plus 26.8.2026).",RQ3,H2,
E7-026,2026-09-04,7,GLOBAL,forum,Shopify Community – Huge amount of orders not showing any conversion details,https://community.shopify.com/t/huge-amount-of-orders-not-showing-any-conversion-details/276968,a huge amount of orders (anywhere between 40-60% daily) have suddenly stopped showing any conversion details,en,"Od 9.11.2023 (změna backendu Shopify kvůli GDPR) 40–60 % objednávek denně bez atribuce, vše 'Direct'.",RQ3,H2,
E7-027,2026-09-04,7,GLOBAL,forum,Shopify Community – Meta ads conversion tracking: some conversions not showing,https://community.shopify.com/t/meta-ads-conversion-tracking-issue-some-conversions-are-not-showing-up/397264,"Out of 20 conversions recorded, only 11 are showing up in Meta's Business Manager.",en,Z 20 konverzí jen 11 v Meta; PayPal Express obchází thank-you page.,RQ3,H2,
E7-028,2026-09-04,7,EU,forum,Shopify Community (DE) – Google Ads Conversion Tracking funktioniert nicht mehr,https://community.shopify.com/t/google-ads-conversion-tracking-funktioniert-nicht-mehr/94991,"Von einem Tag auf den anderen sind alle Tags als 'inaktiv' gekennzeichnet und auch der Google Tag Assistant zeigt an, dass kein Google Ads Conversion Tracking im Shop installiert ist.",de,"Ze dne na den všechny tagy 'inaktiv'; jiný uživatel: do 8.5.2023 10–12 konverzí/den, pak 1–2, pak 0 bez změn v kampaních.",RQ3,H2,
E7-029,2026-09-04,7,US,reddit,Reddit r/GoogleAnalytics + r/GoogleTagManager – vlákna o purchase eventu (přes Brave Search snippety),https://www.reddit.com/r/GoogleAnalytics/comments/1dinhpm/,"Purchase events gets triggered, but is not tracked in GA4",en,"Vlákna typu 'purchase event stopped firing' – GA4 přestalo evidovat nákupy ~6 týdnů zpět, event se odesílá, ale v GA4 není.",RQ3,H2,Reddit není z prostředí přímo dostupný; snippety přes search.brave.com
E7-030,2026-09-04,7,US,reddit,Reddit r/GoogleAnalytics – GA4 Missing Purchase Events vs Shopify,https://www.reddit.com/r/GoogleAnalytics/comments/1oqm0dx/,GA4 Missing Purchase Events vs Shopify,en,Shopify 850 nákupů vs. GA4 655.,RQ3,H2,snippet Brave
E7-031,2026-09-04,7,US,reddit,Reddit r/GoogleTagManager – Not all manually added purchase events shown in GA4,https://www.reddit.com/r/GoogleTagManager/comments/1jphnb9/,Not all manually added purchase events shown in GA4,en,"Jen ~70 % ručně přidaných purchase eventů zachyceno, ostatní eventy 100 %.",RQ3,H2,snippet Brave
E7-032,2026-09-04,7,US,reddit,Reddit r/GoogleTagManager – Purchase Event No Longer Firing,https://www.reddit.com/r/GoogleTagManager/comments/191ln4e/,Purchase Event No Longer Firing,en,"Purchase fungoval měsíc, pak přestal bez změn; ostatní eventy OK.",RQ3,H2,snippet Brave
E7-033,2026-09-04,7,US,reddit,Reddit r/GoogleAnalytics – GA4 Events Randomly Stopped Pulling In,https://www.reddit.com/r/GoogleAnalytics/comments/10h3rsj/,GA4 Events Randomly Stopped Pulling In,en,form_submit a generate_lead přestaly chodit bez změny konfigurace.,RQ3,H2,snippet Brave
E7-034,2026-09-04,7,US,reddit,Reddit r/GoogleAnalytics – GA4 BigQuery daily export not producing event tables since Feb 25,https://www.reddit.com/r/GoogleAnalytics/comments/1rjkeoa/ga4_bigquery_daily_export_not_producing_event/,GA4 BigQuery daily export not producing event tables — 7 days and counting...We migrated our GA4 BigQuery data from one GCP project to another,en,"Po migraci datasetu mezi GCP projekty 7 dní žádné events_ tabulky, žádná chyba.",RQ3;RQ5,H1;H2,snippet Brave
E7-035,2026-09-04,7,US,reddit,Reddit r/bigquery – Missing Tables and Scheduling Confusion,https://www.reddit.com/r/bigquery/comments/1etlplo/help_with_google_analytics_to_bigquery_export/,"The most recent table I see is from 6 days ago, labeled 'events_20240810.'",en,Poslední tabulka events_20240810 stará 6 dní.,RQ3;RQ5,H1;H2,snippet Brave
E7-036,2026-09-04,7,US,reddit,Reddit r/bigquery – Missing data in BigQuery paired to GA4 after 90 days,https://www.reddit.com/r/bigquery/comments/179rx2m/missing_data_in_bigquery_database_paired_to_ga4/,events table stopped saving after 90 days and I have not data for last week,en,"Sandbox/expirace: tabulky se po 90 dnech přestaly ukládat, týden bez dat.",RQ3;RQ5,H1;H2,snippet Brave
E7-037,2026-09-04,7,GLOBAL,stackoverflow,Stack Overflow – GA4 BigQuery Daily Export Missing Data After Specific Date,https://stackoverflow.com/questions/79849127/ga4-bigquery-daily-export-missing-data-after-specific-date,"Everything was working fine until 2025-11-23, when the events_YYYYMMDD table contained about ~540k rows daily...Starting 2025-11-24, the exported tables only have about 5k rows per day",en,"Do 23.11.2025 ~540k řádků/den, od 24.11. jen ~5k řádků/den.",RQ3;RQ5,H1;H2,snippet Brave
E7-038,2026-09-04,7,US,reddit,Reddit r/bigquery – GA4 daily export to BigQuery stopped suddenly,https://www.reddit.com/r/bigquery/comments/12do1sd/ga4_daily_export_to_bigquery_stopped_suddenly/,I set up a daily export of GA4 data to BigQuery but it stopped exporting after March 15...My free trial of Cloud expired on March 17,en,Export skončil 15.3.; free trial Cloud vypršel 17.3.,RQ3;RQ5,H1;H2,snippet Brave
E7-039,2026-09-04,7,US,reddit,Reddit r/bigquery – retrieve missing data from GA4,https://www.reddit.com/r/bigquery/comments/1gvkal6/retrieve_missing_data_from_ga4/,"I have missing data in my big query, the data supposed to be saved in big query from GA4 but for sometime I could not have the data for a while",en,"Chybějící data v BQ 'po nějakou dobu', nelze dohledat zpětně.",RQ3;RQ5,H1;H2,snippet Brave
E7-040,2026-09-04,7,GLOBAL,stackoverflow,Stack Overflow – GA4 streaming export intraday tables exist but not daily tables,https://stackoverflow.com/questions/75392277/ga4-streaming-export-intraday-tables-exist-but-not-daily-tables,"If your property consistently exceeds the export limit, the daily BigQuery export will be paused and previous days' exports will not be reprocessed.",en,Při překročení limitu exportu je denní export pozastaven a předchozí dny se nezpracují zpětně.,RQ3;RQ5,H1,snippet Brave
E7-041,2026-09-04,7,GLOBAL,support_community,Google Developer forums – Missing Days from GA4 BigQuery Export,https://discuss.google.dev/t/missing-days-from-ga4-bigquery-export/107663,My GA4 daily export has various missing days,en,"Různé chybějící dny v denním exportu; zjištěno až po týdnech při dotazování; příčina neplatné platební údaje na billing účtu, bez notifikace.",RQ3;RQ5,H1;H2,
E7-042,2026-09-04,7,GLOBAL,support_community,Google Cloud Community – Missing Days from GA4 BigQuery Export (#3 aidy),https://discuss.google.dev/gc/Data-Analytics/Missing-Days-from-GA4-BigQuery-Export/m-p/544925,data collection was halted due to invalid payment details — with no further notifications until the table data was checked/queried a few weeks later,en,"Sběr zastaven kvůli neplatné platbě, bez dalších notifikací, zjištěno o týdny později dotazem do tabulek; backfill nejde.",RQ3;RQ5,H1;H2,
E7-043,2026-09-04,7,GLOBAL,support_community,Google Developer forums – GA4 -> Bigquery Export Bug (GA360),https://discuss.google.dev/t/ga4-bigquery-export-bug/164873,"GA4-Export intraday-Table had complete data, but the batch load of that day only includes partially that data.",en,"Intraday tabulka kompletní, denní batch jen částečná; data se v dalších dnech neopraví – trvalá díra za den. I u GA360.",RQ3;RQ5,H1;H2,
E7-044,2026-09-04,7,EU,blog,GOV.UK data community docs – GA4 backfill process,https://docs.data-community.publishing.service.gov.uk/processes/ga4-backfill,"on occasion the data can arrive relatively late in the day. When this happens, several processes we use to transform the data fail, and the transformed data needs to be backfilled when it does arrive.",en,"Veřejná dokumentace: export od Googlu občas dorazí pozdě, transformace selžou a je nutný backfill; validační dotaz na počty řádků po dnech.",RQ3;RQ5;RQ6,H1,
E7-045,2026-09-04,7,US,reddit,Reddit r/GoogleTagManager – Help: Agency won't give me access to Google tag manager!,https://www.reddit.com/r/GoogleTagManager/comments/w2rf8b/help_agency_wont_give_me_access_to_google_tag/,Help: Agency won't give me access to Google tag manager!,en,Agentura odmítá dát klientovi přístup ke GTM.,RQ3;RQ4,H2,snippet Brave
E7-046,2026-09-04,7,US,reddit,Reddit r/GoogleAnalytics – Lost access to GA4 and other Google Marketing accounts!,https://www.reddit.com/r/GoogleAnalytics/comments/1r13ndr/lost_access_to_ga4_and_other_google_marketing/,Lost access to GA4 and other Google Marketing accounts!,en,"Instituce zrušila Google Workspace a přišla o GA4, GMC, GSC i GTM, i když byl super admin.",RQ3,H2,snippet Brave
E7-047,2026-09-04,7,US,reddit,Reddit r/GoogleAnalytics – Google Administrator access w/ ex-employee who left,https://www.reddit.com/r/GoogleAnalytics/comments/1mlu0za/google_administrator_access_w_exemployee_who_left/,"More efficient to just create a new GA4 account, remove the old code from the site.",en,Odešlý zaměstnanec držel admin; rada: založit nový GA4 účet a odstranit starý kód.,RQ3,H2,snippet Brave
E7-048,2026-09-04,7,US,reddit,Reddit r/PPC – Marketing agency refuses to provide access to client's LSA account,https://www.reddit.com/r/PPC/comments/1axjo5n/urgent_marketing_agency_refuses_to_provide_access/,I gave the agency 48 hours to give me access...or else I threatened to notify all their other clients.,en,Agentura odmítá vydat přístupy; klient dal 48 h ultimátum.,RQ3,H2,snippet Brave
E7-049,2026-09-04,7,US,reddit,Reddit r/GoogleTagManager – Admin access to GTM but not Google Tag,https://www.reddit.com/r/GoogleTagManager/comments/1f8qvf2/admin_access_to_gtm_but_not_google_tag/,Admin access to GTM but not Google Tag,en,"Po odstranění předchozí agentury je klient admin v GTM, ale jen read-only na Google Tag.",RQ3,H2,snippet Brave
E7-050,2026-09-04,7,US,reddit,Reddit r/GoogleAnalytics – Lost access to Google Tag Manager admin account,https://www.reddit.com/r/GoogleAnalytics/comments/oaujgf/lost_access_to_google_tag_manager_admin_account/,Lost access to Google Tag Manager admin account,en,Migrace zaměstnanců způsobila ztrátu GTM adminu.,RQ3,H2,snippet Brave
E7-051,2026-09-04,7,GLOBAL,blog,Tracking Auditor – Lost Access to Google Analytics?,https://www.trackingauditor.io/lost-access-to-google-analytics,"Historical GA4 data cannot be exported without account access, so a truly orphaned property means starting a new one",en,Bez přístupu nelze exportovat historii GA4; osiřelá property = začít znovu; obnova přes Google trvá týdny.,RQ3,H2,
E7-052,2026-09-04,7,GLOBAL,blog,Seresa – Your GTM Container Builder Left. Nobody Knows What the 47 Tags Do.,https://seresa.io/blog/google-tag-manager/your-gtm-container-builder-left-nobody-knows-what-the-47-tags-do,"Your GTM container has 47 tags, 83 triggers, and 120 variables. The developer who built it left six months ago.",en,"Scénář kontejneru se 47 tagy po odchodu autora: mrtvé tagy 18 měsíců, duplicitní GA4 tag, 5-letá cena údržby 70–145k USD, sazby 120–200 USD/h.",RQ3;RQ2,H2;H3,
E7-053,2026-09-04,7,GLOBAL,blog,Seresa – Who Owns Your GTM Container? You or Your Agency?,https://seresa.io/blog/google-tag-manager/your-agency-owns-your-gtm-container-and-that-is-a-business-governance-crisis,"If your agency created your GTM container, they own it—and can block your access when you leave.",en,"Pokud kontejner založila agentura, může po ukončení spolupráce zablokovat přístup.",RQ3;RQ4,H2,
E7-054,2026-09-04,7,GLOBAL,blog,Analytics Mania – 21 Most common Google Tag Manager mistakes,https://www.analyticsmania.com/post/common-google-tag-manager-mistakes/,"Like two ships passing in the night, there may be a lack of coordination among all parties with access to the container; people either don't know or don't care about what others are doing in GTM.",en,"Zkušenosti z klientských kontejnerů: nekoordinované zásahy, mrtvé tagy dva roky, marketing rozbil frontend skriptem a přišel o právo publikovat.",RQ3,H2,
E7-055,2026-09-04,7,US,reddit,Reddit r/GoogleAnalytics – vlákna o skoku Direct/(not set)/Unassigned (přes Brave),https://www.reddit.com/r/GoogleAnalytics/comments/1q3snpn/has_anyone_seen_unexplained_spikes_in_direct/,"Over the past few months I have noticed a sharp increase in sessions being attributed to the Direct channel in GA4, with other channels declining at the same time.",en,"Série vláken: nárůst Direct/Unassigned při poklesu ostatních kanálů, po změnách CMP, redirectech, cross-domain.",RQ3,H2,snippet Brave
E7-056,2026-09-04,7,US,reddit,"Reddit r/GoogleAnalytics – Unassigned (not set) spike, Paid Social decreased",https://www.reddit.com/r/GoogleAnalytics/comments/1lefgsm/unassingednot_set_issue_there_has_been_a_sudden/,"traffic categorized as Unassigned (with 'not set' as the source) has increased significantly. At the same time, traffic from Paid Social (Meta source) has decreased.",en,"Unassigned roste, Paid Social (Meta) klesá.",RQ3,H2,snippet Brave
E7-057,2026-09-04,7,US,reddit,Reddit r/GoogleTagManager – GA4 suddenly unassigned after Cookiebot changes,https://www.reddit.com/r/GoogleTagManager/comments/1p0tjgf/ga4_traffic_suddenly_unassigned_overcounting/,"previously most of our traffic was categorized as Direct, and now the majority is showing as Unassigned.",en,Po změnách Cookiebotu většina trafficu Unassigned.,RQ3,H2,snippet Brave
E7-058,2026-09-04,7,US,reddit,Reddit r/GoogleAnalytics – GA4 Direct Traffic Surge after fixing Cross-Domain,https://www.reddit.com/r/GoogleAnalytics/comments/1smd9a8/ga4_direct_traffic_surge_still_stuck_after_fixing/,"Currently, 'Direct' is dominating our acquisition reports, which is making it impossible to see the true ROI of our campaigns.",en,"Direct dominuje akvizici, nelze vidět ROI kampaní.",RQ3,H2,snippet Brave
E7-059,2026-09-04,7,US,reddit,Reddit r/GoogleAnalytics – Massive uptick in (not set) traffic in GA4,https://www.reddit.com/r/GoogleAnalytics/comments/19ffmrl/massive_uptick_in_not_set_traffic_in_ga4/,We are seeing major increases in traffic attributed to (not set) in GA4 across multiple properties.,en,Nárůst (not set) napříč více properties.,RQ3,H2,snippet Brave
E7-060,2026-09-04,7,US,reddit,Reddit r/GoogleAnalytics – (not set) traffic spikes,https://www.reddit.com/r/GoogleAnalytics/comments/1fyv4yp/not_set_traffic_spikes/,most of them have randomly had a huge spike in traffic on a random day in the last few months,en,Náhodné jednodenní skoky trafficu u většiny účtů.,RQ3,H2,snippet Brave
E7-061,2026-09-04,7,US,reddit,Reddit r/GoogleAnalytics – Sudden increase in direct traffic,https://www.reddit.com/r/GoogleAnalytics/comments/1dvc4q9/sudden_increase_in_direct_traffic/,Two clients of mine have had this in the last couple of weeks. Nothing was changed in regards to UTM parameters.,en,"Dva klienti agentury najednou, UTM nezměněny.",RQ3,H2,snippet Brave
E7-062,2026-09-04,7,US,reddit,Reddit r/GoogleAnalytics – Sudden Drop In Direct Traffic,https://www.reddit.com/r/GoogleAnalytics/comments/1mccinf/sudden_drop_in_direct_traffic/,"starting at the beginning of July, our Direct traffic has halved. Thousand or so less Direct sessions per day.",en,Od začátku července Direct na polovinu (tisíc sessions/den).,RQ3,H2,snippet Brave
E7-063,2026-09-04,7,GLOBAL,support_community,Google Analytics Community – Large spike in direct/none traffic,https://support.google.com/analytics/thread/277236822/large-spike-in-direct-none-traffic?hl=en,We have restored GA4 reporting for now by setting analytics_storage=granted as default in the UserCentrics template configuration in GTM.,en,Skok direct/(none) kvůli CMP (UserCentrics); 'opraveno' nastavením analytics_storage=granted jako default v GTM.,RQ3,H2,snippet Brave
E7-064,2026-09-04,7,GLOBAL,blog,ClickCease – Why is most of my GA4 traffic suddenly Direct?,https://www.clickcease.com/blog/why-is-most-of-my-ga4-traffic-suddenly-direct/,"This indicates tracking parameters like UTMs are being lost due to a technical issue, such as a server redirect or a consent tool conflict.",en,UTM se ztrácí kvůli redirectům nebo konfliktu consent nástroje.,RQ3,H2,snippet Brave
E7-065,2026-09-04,7,US,reddit,Reddit r/GoogleAnalytics – GA4 purchases never match the actual order count,https://www.reddit.com/r/GoogleAnalytics/comments/1unrvd5/ga4_purchases_never_match_the_actual_order_count/,"GA4's purchase count and the real order count in the backend never match. GA4 is almost always lower - consent drop-off, blockers, iOS, people bouncing before the thank you page loads.",en,"GA4 vs. backend nikdy nesedí; GA4 téměř vždy níž (consent, blokátory, iOS, odchod před thank-you).",RQ3,H2,snippet Brave
E7-066,2026-09-04,7,US,reddit,Reddit r/GoogleAnalytics – reliable way to validate GA4 ecommerce vs backend,https://www.reddit.com/r/GoogleAnalytics/comments/1rn0ggg/has_anyone_found_a_reliable_way_to_validate_ga4/,"transaction id is the only reliable join key, everything else is vibes. best process is backend orders as source of truth, then reconcile ga4 by transaction id.",en,transaction_id jediný spolehlivý join; backend jako zdroj pravdy.,RQ3;RQ5,H1;H2,snippet Brave
E7-067,2026-09-04,7,US,reddit,Reddit r/GoogleAnalytics – GA4 vs Meta conversions not matching,https://www.reddit.com/r/GoogleAnalytics/comments/1r8ifrk/ga4_vs_meta_conversions_not_matching_what_are_you/,"On average only about 60% of client side tracking is successful, and that number keeps dropping.",en,Client-side měření úspěšné jen ~60 % a klesá.,RQ3,H2,snippet Brave
E7-068,2026-09-04,7,US,reddit,Reddit r/GoogleAnalytics – How accurate is your GA4 data really?,https://www.reddit.com/r/GoogleAnalytics/comments/1rjmuv2/how_accurate_is_your_ga4_data_really_whats_your/,a 10-15% gap between GA4 and backend is common and generally acceptable. Above 20% and I start digging.,en,"10–15 % rozdíl běžný, nad 20 % začít zkoumat.",RQ3,H2,snippet Brave
E7-069,2026-09-04,7,US,reddit,Reddit r/GoogleAnalytics – How can GA4 not capture 38% of purchases?,https://www.reddit.com/r/GoogleAnalytics/comments/15us5ul/how_can_ga4_not_capture_38_of_purchases/,GA4 captured 36 purchases on 58 actual orders. Last week GA4 shows only 182 orders instead of actual 295. That's 38% less captures than reality.,en,GA4 36 nákupů z 58; týden 182 vs. 295 (−38 %).,RQ3,H2,snippet Brave
E7-070,2026-09-04,7,US,reddit,Reddit r/googleads – Huge discrepancy between Google Ads revenue and GA4,https://www.reddit.com/r/googleads/comments/1d9nqik/huge_discrepancy_between_google_ads_revenue_and/,GA4 is omitting data for a bunch of PPC visits/sales... we're talking a discrepancy of ~80% some weeks.,en,"GA4 vynechává PPC návštěvy/prodeje, rozdíl ~80 % některé týdny.",RQ3,H2,snippet Brave
E7-071,2026-09-04,7,US,reddit,Reddit r/GoogleAnalytics – GA4 vs GA3 Revenue Discrepancy,https://www.reddit.com/r/GoogleAnalytics/comments/129uhjc/ga4_vs_ga3_revenue_discrepancy/,there is a significant disparity between the # of purchases and revenue... starting at ~2% and the past month was up to 18%.,en,Rozdíl narostl z ~2 % na 18 % za měsíc.,RQ3,H2,snippet Brave
E7-072,2026-09-04,7,US,reddit,Reddit r/GoogleAnalytics – 17.5% difference GA3 vs GA4,https://www.reddit.com/r/GoogleAnalytics/comments/1459lal/i_am_seeing_a_175_difference_in_reported/,We're currently investigating similar large drops as well. On some of our website pages we're seeing a 70% difference.,en,Na některých stránkách 70 % rozdíl.,RQ3,H2,snippet Brave
E7-073,2026-09-04,7,US,reddit,Reddit r/GoogleAnalytics – Fixing Discrepancy Between GA4 and Shopify,https://www.reddit.com/r/GoogleAnalytics/comments/13uymua/fixing_discrepancy_between_reported_ga4_and/,I have a -20% discrepancy in reported sales between Shopify and GA4.,en,−20 % prodejů v GA4 vs. Shopify.,RQ3,H2,snippet Brave
E7-074,2026-09-04,7,GLOBAL,blog,Echo (echologyx) – Why Shopify Revenue Doesn't Match GA4,https://www.echologyx.com/blog/why-shopify-revenue-doesnt-match-ga4-and-how-to-fix-it,the gap between Shopify and GA4 revenue was consistently 20–30%,en,"Případ: trvalý rozdíl 20–30 %, jeden den −30 %; po odečtení objednávek z admin/3rd-party zbývá ~12 % (consent).",RQ3,H2,
E7-075,2026-09-04,7,GLOBAL,blog,UppedGame – Why GA4 Doesn't Match Revenue,https://uppedgame.com/knowledge/why-ga4-doesnt-match-revenue/,,en,Ilustrace: GA4 hlásí 82 % transakcí a 76 % tržeb backendu.,RQ3,H2,
E7-076,2026-09-04,7,GLOBAL,blog,Analytico – Revenue reconciliation: why analytics and finance never agree,https://www.analyticodigital.com/insights/ga4-revenue-discrepancy,GA4 captured only 67.23% of total revenue recorded by Shopify,en,"Souhrn čísel: GA4 zachytilo 67,23 % tržeb Shopify (audit 2023); rozdíly 2–25 %; 30–70 % rozdíl klik vs. session po vymáhání consent mode v EU.",RQ3,H2,
E7-077,2026-09-04,7,GLOBAL,blog,GroPulse – Why Your GA4 Purchases Don't Match Shopify,https://gropulse.com/why-your-ga4-purchases-dont-match-shopify/,"If your gap is over 20%, you likely have a technical configuration error.",en,10–12 % rozdíl normální; nad 20 % technická chyba.,RQ3,H2,
E7-078,2026-09-04,7,GLOBAL,blog,Allsopp Media – Why Your GA4 Data Doesn't Match Your Actual Revenue,https://allsoppmedia.com/ga4-data-mismatch,it is now entirely normal to see a 20% to 40% discrepancy between your raw bank data and your standard GA4 reports simply due to users declining cookie tracking.,en,20–40 % rozdíl mezi bankou a GA4 jen kvůli odmítání cookies je dnes normální.,RQ3,H2,snippet Brave
E7-079,2026-09-04,7,GLOBAL,blog,ask-luca – Google Analytics for Ecommerce,https://ask-luca.com/blogs/google-analytics-for-ecommerce,,en,GA4 typicky 20–30 % pod Shopify/Stripe.,RQ3,H2,snippet Brave
E7-080,2026-09-04,7,GLOBAL,review,Trustpilot – Supermetrics reviews,https://uk.trustpilot.com/review/supermetrics.com,upgraded to a more expensive plan which allows me to pull data for more websites. All my reports stopped working,en,Recenze: po upgradu plánu přestaly fungovat všechny reporty; dashboard se rozbil po slibovaném addonu; dotazy padají kvůli změnám datových zdrojů; výpadky spojení řešené týdny.,RQ3;RQ7,H2;H5,
E7-081,2026-09-04,7,GLOBAL,review,Trustpilot – Windsor.ai reviews,https://uk.trustpilot.com/review/windsor.ai,when it is time for them to troubleshoot anything they will take there sweet 10 - 15 days time,en,Troubleshooting u konektoru trvá 10–15 dní.,RQ3;RQ7,H5,
E7-082,2026-09-04,7,GLOBAL,review,Trustpilot – Funnel.io reviews,https://uk.trustpilot.com/review/funnel.io,"Funnel dismissed connectors without giving any communication to its clients, which caused huge harm to other businesses.",en,Funnel zrušil konektory bez komunikace; support odpovídá po 20 h.,RQ3;RQ7,H5,
E7-083,2026-09-04,7,GLOBAL,review,"Shopify App Store – Elevar Conversion Tracking reviews (Dragonfly, Czechia)",https://apps.shopify.com/reviews/1606513,there was a 35% inaccuracy in tracking—even worse than before Elevar,en,"Český e-shop na Shopify: 35 % nepřesnost měření, několik měsíců nefunkční tracking, zastavené Klaviyo flows, 2 měsíce blokované retargetingové audience před Black Week.",RQ3,H2;H5,
E7-084,2026-09-04,7,EU,review,Shopify App Store – Conversios Server Side Tagging reviews (Kaufweise),https://apps.shopify.com/conversios-server-side-tagging/reviews,"After 2.5 months and €4,400 burned in 'learning phases', the campaigns have been running blind.",en,"Po 2,5 měsících a 4 400 EUR v learning phase 40–50 % konverzí nikdy nezměřeno.",RQ3,H2;H5,
E7-085,2026-09-04,7,US,review,Shopify App Store – Google Ads Pixel by Nabu reviews,https://apps.shopify.com/reviews/1790103,Conversion tracking stop working out of nowhere and CPA went through the roof.,en,"Konverze přestaly z ničeho nic, CPA vyletělo.",RQ3,H2,
E7-086,2026-09-04,7,US,reddit,"Reddit r/PPC, r/googleads, r/adwords – vlákna o propadu konverzí po consent mode v2 (přes Brave)",https://www.reddit.com/r/PPC/comments/1b93r44/consent_mode_v2_just_killed_ppc_forever_i_need_a/,"I've noticed a drastic decline in Google Ads conversions – we're talking more than a 90% drop... 100 conversions per day, but now there are days when I'm lucky to get even one",en,"Série vláken 2024–2026: po nasazení lišty/consent mode propad konverzí 40–90 %, kliky a impressions stejné.",RQ3,H2,snippet Brave
E7-087,2026-09-04,7,US,reddit,Reddit r/googleads – Consent Mode V2 Help,https://www.reddit.com/r/googleads/comments/1c5b4pq/consent_mode_v2_help/,"conversions have still dropped off a cliff and cannot see after a week them bouncing back to normal... they are getting as little as 8, yet impressions, clicks and impression share is UP",en,"Konverze spadly, po týdnu se nevrací; impressions/kliky rostou.",RQ3,H2,snippet Brave
E7-088,2026-09-04,7,US,reddit,Reddit r/PPC – conversions lowering because of consent banner,https://www.reddit.com/r/PPC/comments/1h4w8oz/with_conversions_lowering_because_of_your_consent/,my consent banner has a consent rate of about 30%... consent rate is as low as 17% for legally compliant consent banners,en,"Consent rate 30 %, u kompliantních lišt až 17 %.",RQ3,H2,snippet Brave
E7-089,2026-09-04,7,US,reddit,Reddit r/adwords – Can Google Consent Mode screw up your Google ads performance?,https://www.reddit.com/r/adwords/comments/1jwkurl/can_google_consent_mode_screw_up_your_google_ads/,We've tried activating Google Consent Mode... it really screwed up the whole sales funnel... sales have never fully recovered,en,"Po aktivaci consent mode se rozbil funnel, prodeje se nevrátily.",RQ3,H2,snippet Brave
E7-090,2026-09-04,7,US,reddit,Reddit r/googleads – Conversions aren't showing inside of Google Ads,https://www.reddit.com/r/googleads/comments/1qg7k4x/conversions_arent_showing_inside_of_google_ads/,Yeah the Shopify native cookie banner defaults to blocking tracking until users accept which means anyone who ignores the banner never triggers your conversion tag,en,"Nativní Shopify lišta blokuje tracking, dokud uživatel nepřijme; kdo ignoruje lištu, nikdy nespustí konverzní tag.",RQ3,H2,snippet Brave
E7-091,2026-09-04,7,US,reddit,Reddit r/PPC – Conversions drop after implementing consent mode,https://www.reddit.com/r/PPC/comments/1cv9dud/conversions_drop_after_implementing_consent_mode/,"revenue dropped significantly... It's about 40-50% less sales... Clicks, ctr and other metrics are kind of the same",en,"40–50 % méně prodejů, kliky/CTR stejné.",RQ3,H2,snippet Brave
E7-092,2026-09-04,7,US,reddit,Reddit r/PPC – Consent Mode v2 in the EU,https://www.reddit.com/r/PPC/comments/1md45eo/consent_mode_v2_in_the_eu/,,en,21.7.2025 Google začal vymáhat consent mode v2.,RQ3,H2,snippet Brave
E7-093,2026-09-04,7,US,reddit,Reddit r/googleads – Sudden drop in conversions – Consent Mode V2?,https://www.reddit.com/r/googleads/comments/1cbegvh/sudden_drop_in_conversions_on_google_ads_consent/,"Starting from April 15th, there has been a noticeable stop in conversions from Google Ads",en,Od 15.4. znatelné zastavení konverzí.,RQ3,H2,snippet Brave
E7-094,2026-09-04,7,US,reddit,Reddit r/GoogleAnalytics – Struggling with Consent Mode V2 (Advanced),https://www.reddit.com/r/GoogleAnalytics/comments/1f373p1/struggling_with_google_consent_mode_v2_advanced/,I've noticed a significant drop in our Google Ads ROAS... the massive drop in reported conversion value in GA4,en,Propad ROAS a hodnoty konverzí v GA4.,RQ3,H2,snippet Brave
E7-095,2026-09-04,7,US,reddit,Reddit r/PPC – Issues with Google Ads and Consent Mode,https://www.reddit.com/r/PPC/comments/1gkxetw/issues_with_google_ads_and_consent_mode_how_did/,"After implementing Consent Mode v2 using a banner, it really messed up our reporting for Google Ads",en,Po nasazení consent mode v2 přes lištu rozbitý reporting Ads.,RQ3,H2,snippet Brave
E7-096,2026-09-04,7,US,reddit,Reddit r/GoogleTagManager – No consistency in Google picking up consent mode v2,https://www.reddit.com/r/GoogleTagManager/comments/1bwdct2/no_consistency_in_google_picking_up_consent_mode/,There are Google Ads accounts where Google indicates Consent Mode V2 is in place while I made zero changes... quite some inconsistencies,en,"Google hlásí CMv2 tam, kde se nic nezměnilo – nekonzistence.",RQ3,H2,snippet Brave
E7-097,2026-09-04,7,US,reddit,Reddit r/SEO – drop in Google Analytics data after consent mode V2,https://www.reddit.com/r/SEO/comments/1d81edg/is_anyone_facing_a_drop_in_google_analytics_data/,"Recently we could see a huge mismatch... traffic data is wrong. If existing overall traffic is x, the actual should be 4x",en,Traffic v GA 4× nižší než realita.,RQ3,H2,snippet Brave
E7-098,2026-09-04,7,EU,blog,PPC Land – Consent Mode V2 enforcement is silently breaking Google Ads conversions,https://ppc.land/consent-mode-v2-enforcement-is-silently-breaking-google-ads-conversions/,A Google Ads account experienced a 90% overnight drop in measured conversions caused by a Consent Mode V2 misconfiguration,en,"Případ Harvest Digital: −90 % konverzí přes noc, 2 dny diagnostiky, 40 % obnoveno modelováním, 60 % trvale ztraceno; vymáhání od 21.7.2025.",RQ3,H2,
E7-099,2026-09-04,7,EU,linkedin,LinkedIn – Mike Teasdale (Harvest Digital) post o consent mode v2,https://www.linkedin.com/posts/miketeasdale_i-got-a-call-last-august-from-a-client-whose-share-7445391848573005827-wT9y/,I got a call last August from a client whose Google Ads conversions had dropped 90% overnight. They hadn't changed their campaigns.,en,"Klient volal v srpnu 2025: konverze −90 % přes noc, nic neměnil; lišta sbírala souhlas, ale nepředávala ho Googlu; 40 % dat obnoveno; mnoho klientů má totéž a neví to.",RQ3;RQ4,H2,
E7-100,2026-09-04,7,US,linkedin,"LinkedIn – Fazal ur Rehman: 318 conversions, $1,270 spent, zero real leads",https://www.linkedin.com/posts/fazalurrehman0_318-conversions-1270-spent-zero-real-activity-7462457447127949312-HJkn,"318 conversions. $1,270 spent. Zero real leads.",en,"Audit lead-gen účtu: všechny konverze byly importované page views z GA4, GTM chyběl na hlavní landing page, UTM rozbité.",RQ3,H2,
E7-101,2026-09-04,7,GLOBAL,linkedin,LinkedIn – Zobaer Morshed: Prevent 'You Broke Our Tracking' with 10 Easy Checks,https://www.linkedin.com/posts/zobaer-morshed_conversiontracking-googletagmanager-ga4-activity-7481745107356934144-r-c7,"The redesign ships. The client signs off happy. Then two weeks later the leads ""drop."" Except they didn't drop. They just stopped being counted.",en,"Po redesignu leady 'klesnou' za dva týdny – jen se přestaly počítat; GTM přežije, ale změní se třídy, ID, URL, dataLayer; 10 kontrol za 40 minut před go-live.",RQ3;RQ6,H2,
E7-102,2026-09-04,7,EU,linkedin,LinkedIn (DE) – Annett Bonkowski: Google Ads Conversion-Tracking meldet keine Conversions,https://de.linkedin.com/posts/annett-bonkowski-2287061b0_wenn-dein-google-ads-conversion-tracking-activity-7459178952708956162-E_KV,"Ein Kunde wunderte sich, warum Klicks auf seinen WhatsApp-Button nicht mehr in Google Ads auftauchen. Der Button funktionierte. Das Tracking war eingerichtet. Trotzdem: 0 Conversions.",de,Audit: WhatsApp tlačítko 0 konverzí kvůli chybějícímu '+' v trigger URL; url_passthrough=false v cookie pluginu ztrácí gclid.,RQ3,H2,
E7-103,2026-09-04,7,US,linkedin,LinkedIn – David Horvath: Found this on an audit this week,https://www.linkedin.com/posts/dhorvath1_found-this-on-an-audit-this-week-client-activity-7498156754862505984-hLpC,The conversion action tied to it showed zero activity,en,"Konverzní akce 90 dní nula, tým hledal bug; funkce nebyla nikdy zapnutá – nikdo nevlastnil aktivaci.",RQ3,H2,
E7-104,2026-09-04,7,US,case_study,RedClaw Ad Graveyard – How a Broken Tracking Stack Wasted $60K,https://redclawey.com/en/cases/tracking-gap-multi-saas/,The GA4 migration had been completed by an external contractor six months prior. No post-migration audit had been conducted.,en,"B2B SaaS: 75 dní, 60 000 USD spendu na rozbitém měření; GA4 migrace externistou bez auditu; redirect stripoval UTM; 3 zdroje pálily sign_up; zjištěno při přípravě na board.",RQ3,H2,
E7-105,2026-09-04,7,US,blog,GitHub – JoinDataCops/shopify-attribution README,https://github.com/JoinDataCops/shopify-attribution,"for a brand spending $50K per month on ads, broken attribution costs roughly $23,500 per month in wasted spend.",en,Odhad: při 50k USD/měs spendu stojí rozbitá atribuce ~23 500 USD/měs promrhaného spendu.,RQ3,H2,snippet Yahoo
E7-106,2026-09-04,7,EU,linkedin,"Varn (UK agency) – video post: Nearly a third of conversions, gone",https://www.facebook.com/Varn.co.uk/videos/-nearly-a-third-of-conversions-gonenot-because-the-campaigns-werent-working-but-/2099173484313452/,hiding almost 30% of true performance from the reports,en,Audit GA4 klienta: blokátory a privacy prohlížečů skrývaly ~30 % skutečného výkonu.,RQ3,H2,snippet Yahoo; zdroj FB video agentury
E7-107,2026-09-04,7,CZ,blog,Shoptet blog – Google Consent Mode v2 (komentáře),https://blog.shoptet.cz/google-consent-mode-v2/,Od 1. března 2024 začne Google ve svých službách...vyžadovat předávání nových údajů v rámci cookie lišty,cs,"Článek k 1.3.2024; komentáře e-shopařů: Ads hlásí chybějící signály EHP, GA4 měří i po odmítnutí v liště.",RQ3;RQ4,H2,
E7-108,2026-09-04,7,CZ,blog,Shoptet blog – Novinky v integrovaném měření do GA4 (komentáře),https://blog.shoptet.cz/google-analytics-4/,"Nasadil jsem si vlastní dimenzi, jenže i po týdnu v ní mám (not set).",cs,Shoptet po nasazení změny měření dostal hlášení o problémech a úpravu pozastavil; vlastní dimenze týden (not set).,RQ3,H2,
E7-109,2026-09-04,7,CZ,forum,"Shoptet Partneři – poptávka: PPC specialista – Shoptet, Google Ads a oprava měření",https://partneri.shoptet.cz/poptavka/ppc-specialista-shoptet-google-ads-a-oprava-mereni/,"Google Ads již delší dobu běží a účet má historii, ale aktuálně přestalo správně fungovat měření konverzí.",cs,"E-shop TopTuje.cz: Google Ads běží dlouho, ale měření konverzí přestalo správně fungovat; chce jednorázovou opravu a pak měsíční paušál.",RQ3;RQ4;RQ2,H2;H3,
E7-110,2026-09-04,7,CZ,forum,"Shoptet Partneři – poptávka: Google analytics, tags atd",https://partneri.shoptet.cz/poptavka/google-analytics-tags-atd/,"Dělali jsme to bez nějaké větší znalosti sami, ale například v google analytics si myslím že nám spousta dat zbytečně chybí, v ads se nám zase například neukazuje hodnota konverze atd..",cs,"Majitel si nastavil GA/Ads sám; v GA4 'spousta dat zbytečně chybí', v Ads se neukazuje hodnota konverze.",RQ3;RQ4,H2,
E7-111,2026-09-04,7,CZ,forum,"Shoptet Partneři – poptávka: Kontrola nastavení e-shopu, google ads",https://partneri.shoptet.cz/poptavka/kontrola-nastaveni-e-shopu-google-ads/,"přestali nám chodit objednávky, návrh/realizace řešení.",cs,"Přestaly chodit objednávky, v hostingu svítí upozornění; chce kontrolu nastavení a napojení Ads.",RQ3;RQ4,H2,
E7-112,2026-09-04,7,CZ,forum,Shoptet Partneři – poptávka: Oprava optimalizace Meta CAPI na Shoptetu s garantovaným EMQ,https://partneri.shoptet.cz/poptavka/oprava-optimalizace-meta-capi-na-shoptetu-s-garantovanym-emq-kvalita-parovani/,"Cílem poptávky je najít zkušeného specialistu na Server-Side Tracking (Meta CAPI), který opraví kritické chyby v naší implementaci a zajistí nejvyšší kvalitu dat pro učení algoritmu.",cs,"Kritické chyby v Meta CAPI implementaci: fbc, EMQ 8/10, deduplikace pixel vs. CAPI.",RQ3,H2,
E7-113,2026-09-04,7,CZ,forum,Shoptet Partneři – poptávka: Google consent mode v2,https://partneri.shoptet.cz/poptavka/google-consent-mode-v2/,"poptávám někoho, kdo se mrkne na to, proč nám PPC a Analytics stále vyhazují, že nepovolujeme souhlas v rámci EHP.",cs,"PPC a Analytics stále hlásí, že e-shop nepovoluje souhlas v rámci EHP (březen 2024).",RQ3,H2,
E7-114,2026-09-04,7,CZ,forum,Shoptet Partneři – poptávka: Identifikace marketingoveho kanalu pro objednavku,https://partneri.shoptet.cz/poptavka/identifikace-marketingoveho-kanalu-pro-objednavku/,"Hledame technicke reseni na libovolne urovni, ktere nam umozni presne identifikovat, zda dana objednavka vznikla organicky nebo z jakeho kanalu/kampane (Google, Seznam, Facebook, mailing).",cs,"E-shop hledá jakékoli technické řešení, aby věděl, z jakého kanálu objednávka vznikla.",RQ3,H2,
E7-115,2026-09-04,7,SK,forum,Shoptet Partneři – poptávka: Server Side tagging Facebook konverzii v GTM,https://partneri.shoptet.cz/poptavka/server-side-tagging-facebook-konverzii-v-google-tag-manager/,"Sme firma ktora ma 100% zakaznikov z iOS a Apple zariadeni, takze potrebujeme co najpresnejsie data z reklamy.",sk,Firma se 100 % zákazníků na iOS/Apple potřebuje server-side tagging pro přesnější data.,RQ3,H2,
E7-116,2026-09-04,7,CZ,forum,Shoptet Partneři – poptávka: Chybná (neexistující) data v GA4 vs. reálné nákupy,https://partneri.shoptet.cz/poptavka/chybna-neexistujici-data-v-ga4-vs-realne-nakupy/,Od 1. července se přestaly zobrazovat nákupy v GA4,cs,Od 1.7.2023 (konec UA) se v GA4 přestaly zobrazovat nákupy.,RQ3,H2,
E7-117,2026-09-04,7,CZ,forum,"Shoptet Partneři – poptávka: Propojení a nastavení Google Ads, Merchant Center, Analytics",https://partneri.shoptet.cz/poptavka/propojeni-a-nastaveni-google-ads-mrchant-center-analytics/,převážně zkusmo nastavena cca 3 roky,cs,"Nástroje nastavené 'převážně zkusmo cca 3 roky', chce ověřit správnost.",RQ3;RQ4,H2,
E7-118,2026-09-04,7,CZ,forum,Shoptet Partneři – poptávka: Kompletní audit a nastavení reklam,https://partneri.shoptet.cz/poptavka/kompletni-audit-a-nastaveni-reklam/,potřebuji kompletní audit a správné nastavení měření konverzí...pravděpodobně špatně nastaveným trackingem,cs,"Potřebuje kompletní audit a správné nastavení měření konverzí, pravděpodobně špatně nastavený tracking.",RQ3;RQ4,H2,
E7-119,2026-09-04,7,CZ,forum,Shoptet Partneři – poptávka: Nastavení datové vrsty a GTM,https://partneri.shoptet.cz/poptavka/nastaveni-datove-vrsty-a-gtm/,Hledání pomoci při spolupráci s programátorem na nastavení datové vrstvy a měření přes GTM,cs,Hledá pomoc při spolupráci s programátorem na datové vrstvě a GTM.,RQ3,H2,
E7-120,2026-09-04,7,CZ,forum,Shoptet Partneři – kategorie poptávek Analytika (53 poptávek),https://partneri.shoptet.cz/poptavky/analytika/,Kontrola nastavení GA4 pro e-shop; Chybná (neexistující) data v GA4 vs. reálné nákupy; Google consent mode v2; Oprava optimalizace Meta CAPI na Shoptetu s garantovaným EMQ,cs,"53 poptávek e-shopů na Shoptetu v kategorii Analytika 2023–2026: kontroly GA4, oprava měření, consent, CAPI, enhanced conversions, BigQuery.",RQ3;RQ4,H1;H2,
E7-121,2026-09-04,7,CZ,blog,Optimics – Letní úklid marketingové infrastruktury: co zkontrolovat před Q4,https://optimics.com/blog/letni-uklid-marketingove-infrastruktury-co-zkontrolovat-pred-q4-v-google-ads-ga4,nejasné nebo rozbité konverze,cs,"Typické nálezy u klientů: neaktuální přístupy, špatně zdokumentované API napojení, nejasné nebo rozbité konverze, AI traffic schovaný v Direct/Referral.",RQ3;RQ1,H2,
E7-122,2026-09-04,7,CZ,blog,MarketingPPC – Kontrola cookie lišty,https://www.marketingppc.cz/sluzby/kontrola-cookies/,Existence cookie lišty neznamená soulad s pravidly,cs,"Z 250+ auditů 42 % webů se závažnými problémy, 39 % má lištu, ale funguje špatně; Google může zablokovat měření konverzí; cena od 3 990 Kč.",RQ3;RQ2,H2;H3,
E7-123,2026-09-04,7,CZ,blog,Webklient – Cookies lišta správně – Consent Mode v2,https://webklient.cz/napoveda/cookies-lista-spravne-consent-mode-v2/,"Bez Consent Mode v2 Google: nezaznamenává data v Google Analytics 4, nepoužívá konverze v Google Ads, omezuje remarketing",cs,"Bez CMv2 od března 2024 Google nezaznamenává data v GA4, nepoužívá konverze v Ads, omezuje remarketing.",RQ3,H2,
E7-124,2026-09-04,7,CZ,blog,S2 Studio – Google mění GTM: co přinese nová éra měření,https://www.s2studio.cz/blog/google-meni-gtm-co-prinese-nova-era-mereni-webum-a-e-shopum,stávající implementace se samy od sebe nezruší,cs,Google integruje GTM a Google tag; doporučen audit duplicit a consentu.,RQ3,H2,
E7-125,2026-09-04,7,GLOBAL,blog,Google – What's new in Google Analytics (release notes),https://support.google.com/analytics/answer/9164320?hl=en,August 11: Updated conversion window configuration; August 10: Campaign data import validation report; July 30: New diagnostic for aggregate parameter issues; ... January 16: Cross-channel budgeting (Beta),en,"Leden–srpen 2026: 16 datovaných změn GA4 (konverzní okno, hostname filtr, AI traffic, Data API konverze, Task Assistant...).",RQ3,H2,frekvence změn prostředí
E7-126,2026-09-04,7,GLOBAL,blog,Google – Analytics Data API changelog,https://developers.google.com/analytics/devguides/reporting/data/v1/changelog,"2024-06-28: Added ""client errors per project per property"" quota; 2023-05-11: Tokens quota changes",en,"Data API: 17 změn v roce 2023, 13 v roce 2024 (kvóty, nové dimenze, chování).",RQ3,H2,frekvence změn
E7-127,2026-09-04,7,GLOBAL,blog,Meta for Developers – Graph API changelog,https://developers.facebook.com/docs/graph-api/changelog/,"v24.0 | October 8, 2025 | v23.0 | May 29, 2025 | v22.0 | January 21, 2025",en,"3 nové verze Graph/Marketing API ročně (2023–2025), deprekace po ~2 letech; v25 2/2026, v26 7/2026.",RQ3,H2,frekvence změn
E7-128,2026-09-04,7,GLOBAL,blog,Google Ads API release notes,https://developers.google.com/google-ads/api/docs/release-notes,"Google Ads API v25 includes the following new features, updates, and breaking changes",en,"2026: v24 (4/22), v24.1, v24.2, v25 (7/22), v25.1 (8/19) – 5 vydání s breaking changes za 8 měsíců.",RQ3,H2,frekvence změn
E7-129,2026-09-04,7,GLOBAL,blog,Google – Server-side tagging release notes,https://developers.google.com/tag-platform/tag-manager/server-side/release-notes,4.0.0 (November 10): Upgraded Node.js version to Node.js v24,en,"sGTM image: 4 vydání 2025 (Node 22, 24), 3 vydání 2026 – nutné aktualizace kontejneru.",RQ3;RQ1,H2,frekvence změn (A5)
E7-130,2026-09-04,7,GLOBAL,blog,Privacy Sandbox blog – Next steps for Privacy Sandbox and tracking protections in Chrome,https://privacysandbox.google.com/blog/privacy-sandbox-next-steps,"maintain our current approach to offering users third-party cookie choice in Chrome, and will not be rolling out a new standalone prompt for third-party cookies",en,"22.4.2025 Google otočil: Chrome zachová volbu 3rd-party cookies, žádný nový prompt – prostředí prohlížečů se mění oběma směry.",RQ3,H2,frekvence změn
E7-131,2026-09-04,7,EU,blog,Dataslayer – Google Ads Tracking After Consent Mode V2,https://www.dataslayer.ai/blog/track-google-ads-after-consent-mode-v2-2025-guide,Google's Consent Mode V2 became mandatory for EEA and UK advertisers in March 2024.,en,CMv2 povinný pro EEA/UK od března 2024; průměrně 31 % uživatelů přijímá cookies; managed sGTM 20–50 USD/měs.,RQ3;RQ2,H2,
E7-132,2026-09-04,7,GLOBAL,blog,NMS – Google Signals June 15 Change: Consent Mode Audit Guide,https://noticemesenpai.com/news/google-signals-june-15-consent-mode-90-conversions-2026/,"Google Signals will stop governing Google Ads data on June 15, 2026. After that date, only Consent Mode's ad_storage parameter controls whether Google Ads receives advertising cookies",en,"Od 15.6.2026 Google Signals přestává řídit Ads data, rozhoduje jen consent mode ad_storage (dle PPC Land) – další změna pravidel.",RQ3,H2,sekundární zdroj; ověřit u Googlu
E7-133,2026-09-04,7,CZ,blog,Shoptet blog – GA4 (odpověď Shoptetu),https://blog.shoptet.cz/google-analytics-4/,po nasazení měření jsme dostali několik hlášení ohledně problémů s měření a proto jsme úpravu dočasně pozastavili.,cs,Platforma sama změnila měření a po hlášeních problémů úpravu pozastavila (12/2023).,RQ3,H2,
E7-134,2026-09-04,7,CZ,job_ad,LinkedIn Jobs – O2 Czech Republic: Online Marketingový Analytik,https://cz.linkedin.com/jobs/view/online-marketingov%C3%BD-analytik-at-o2-czech-republic-4452243323,"monitoring a analýza chování uživatelů na webových stránkách a v aplikacích; sledování funnelů a identifikace míst, kde zákazníci odcházejí; spolupráce s vývojáři, marketingem i externí digitální agenturou",cs,"Náplň: monitoring chování, funnely, reporty, KPI, spolupráce s vývojáři a externí agenturou; GA, Adobe, GTM; mzda neuvedena.",RQ2;RQ1,H3,
E7-135,2026-09-04,7,CZ,job_ad,Jobs.cz – Ušetřeno.cz: Webový analytik a SEO specialista,https://www.jobs.cz/rpd/2001395953/,"Power BI, GA4, GTM",cs,"Správa analytiky a reportingu (Power BI, GA4, GTM), dashboardy, testy; mzda neuvedena.",RQ2;RQ1,H3,
E7-136,2026-09-04,7,CZ,job_ad,Jobs.cz – BTL Medical: Web & Analytics Specialist,https://www.jobs.cz/rpd/2001362139/,"GA4, Google Tag Manager and other tools",cs,"GA4, GTM pro 90+ poboček, landing pages; Looker Studio výhodou; mzda neuvedena.",RQ2;RQ1,H3,
E7-137,2026-09-04,7,CZ,job_ad,Jobs.cz – Marketup: Medior Reporting Specialist & Data Analyst,https://www.jobs.cz/rpd/2001362535/,"Budeš mít projekty na starosti od sběru dat, přes datové sklady až po finální produkty",cs,"60–80 000 Kč (IČO); od sběru dat přes datové sklady po reporty, detekce anomálií, GCP/BigQuery, Data Studio.",RQ2;RQ1,H3,
E7-138,2026-09-04,7,CZ,job_ad,Jobs.cz – kalkulator.cz: Senior Performance Marketing Specialist,https://www.jobs.cz/rpd/2001333985/,"Kompletní převzetí a řízení PPC účtů (Google Ads, Meta, Sklik, Microsoft Ads, Criteo)",cs,"70–90 000 Kč (IČO); PPC účty v milionech měsíčně, GA4 na úrovni samostatné práce.",RQ2,H3,
E7-139,2026-09-04,7,CZ,job_ad,Jobs.cz – Cross Masters: Začínající Datový Analytik,https://www.jobs.cz/rpd/2001401751/,Transformace byznysových požadavků na konkrétní požadavky,cs,"Junior webová analytika: GA, Piano, GTM, Power BI; mzda neuvedena.",RQ2;RQ1,H3,
E7-140,2026-09-04,7,CZ,job_ad,LinkedIn Jobs – Heureka Group: Data Analyst,https://cz.linkedin.com/jobs/view/data-analyst-at-heureka-group-4459676872,Implement automated data quality controls and anomaly detection,cs,"ETL Keboola/Dataform, BigQuery, Looker; 'automated data quality controls and anomaly detection'; expert na GA4/GSC/Ads data.",RQ2;RQ1;RQ5,H1;H3,
E7-141,2026-09-04,7,CZ,job_ad,Jobs.cz – Alensa: Senior PPC Specialista,https://www.jobs.cz/rpd/2001387365/,"Navrhovat, realizovat a vyhodnocovat A/B testy a optimalizace",cs,"PPC senior s BigQuery, GA4, Power BI, enhanced conversions, profit-based bidding.",RQ2;RQ1,H3,
E7-142,2026-09-04,7,CZ,job_ad,Jobs.cz – Grada: E-commerce marketingový specialista,https://www.jobs.cz/rpd/2001300075/,GA4 (vyhodnotit přínos kampaní a optimalizovat je dle toho),cs,"GA4 k vyhodnocení kampaní, GTM výhodou – analytika jako část marketingové role.",RQ2;RQ1,H3,
E7-143,2026-09-04,7,SK,job_ad,Profesia.sk – WPP Media Slovakia: Digital Analytics Expert,https://www.profesia.sk/praca/wpp-media-slovakia/O5334933,Expertná a praktická znalosť Google Analytics 4 (GA4) a Google Tag Manager (GTM),sk,"1 800–3 200 EUR; audity GA4/GTM/dataLayer, měření konverzí Ads/Meta, sGTM, consent mode v2, Looker/Power BI.",RQ2;RQ1,H3,
E7-144,2026-09-04,7,SK,job_ad,"Profesia.sk – WPP Media Slovakia: Senior Specialist – Data, Reporting & Automation",https://www.profesia.sk/praca/wpp-media-slovakia/O5350413,"Monitorovanie, auditovanie a zabezpečovanie kvality...dát",sk,"1 500–2 800 EUR; monitoring a audit kvality dat, SQL/BigQuery/dbt, dashboardy.",RQ2;RQ1;RQ5,H1;H3,
E7-145,2026-09-04,7,SK,job_ad,Profesia.sk – ČSOB: Business Analyst for Digital Channels,https://www.profesia.sk/praca/csob-financna-skupina/O5338517,"From €1,900/month",sk,Od 1 900 EUR; digitální kanály banky.,RQ2,H3,
E7-146,2026-09-04,7,CZ,blog,Kurzy.cz – Medián mzdy 2025,https://zpravy.kurzy.cz/856266-median-mzdy-dosahl-v-roce-2025-vyse-43-241-kc-prumerna-mzda-52-239-kc-mzdova-sfera-vysledky/,"Medián mzdy dosáhl v roce 2025 výše 43 241 Kč, průměrná mzda 52 239 Kč",cs,"Medián mzdy ČR 2025 43 241 Kč, průměr 52 239 Kč – kontext pro mzdové proxy.",RQ2,H3,
E7-147,2026-09-04,7,CZ,blog,Indeed – Plat IT analytik Česko,https://cz.indeed.com/career/it-analytik/salaries,Průměrný plat pracovní pozice IT Analytik v lokalitě Česko je 70 855 Kč (typ platu: měsíc).,cs,Průměr 70 855 Kč/měs.,RQ2,H3,snippet Seznam
E7-148,2026-09-04,7,CZ,forum,Shoptet Partneři – profily partnerů s hodinovou sazbou (hledání 'GA4'),https://partneri.shoptet.cz/?s=GA4,Vašek Jelen 1800 Kč/hr; PLACEMENT.cz 1590 Kč/hr; Solvika 1150 Kč/hr; Zbyněk Hyrák 2000 Kč/hr; Martin Tomčík 1000 Kč/hr,cs,Hodinové sazby analytických partnerů Shoptetu: 1 000–2 000 Kč/h.,RQ2,H3,
E7-149,2026-09-04,7,GLOBAL,blog,"dev.to (RisingWave Labs) – BigQuery's pricing model cost us $10,000 in 22 seconds",https://dev.to/__354f265b41dafa0d901b/bigquerys-ridiculous-pricing-model-cost-us-10000-in-just-22-seconds-4c43,"The invoice arrived: $9,847.24 for Three Queries?!",en,Tři dotazy s LIMIT na velkou tabulku = 9 847 USD; zjištěno až z faktury.,RQ3;RQ5,H1;H2,"BQ obecně, ne GA4 export"
E7-150,2026-09-04,7,EU,blog,GOV.UK – GA4 query costs dashboard,https://docs.data-community.publishing.service.gov.uk/products/ga4-query-costs-dashboard,"by monitoring this report, you can spot any jobs which result in unusually large query costs",en,"Veřejná organizace provozuje dashboard nákladů dotazů nad GA4 exportem, aby zachytila neobvykle drahé joby.",RQ5;RQ6,H1,
E7-151,2026-09-04,7,GLOBAL,blog,Simo Ahava – Google Tag Manager Monitor,https://www.simoahava.com/analytics/google-tag-manager-monitor/,"If you want to be alerted to issues in data collection, the best way to do this is to monitor the data collection itself.",en,"2019: chceš-li alert na výpadek sběru dat, monitoruj sběr sám, ne až koncové reporty.",RQ5;RQ7,H5,
E7-152,2026-09-04,7,GLOBAL,forum,WordPress.org support – Purchase event not appearing on GA4 (GTM Kit),https://wordpress.org/support/topic/purchase-event-not-appearing-on-ga4/,"The tag is still successfully firing on GTM, but no Purchase event is visible on GA4",en,"Purchase fungoval měsíc, pak zmizel z GA4, tag v GTM stále pálí, nic se neměnilo.",RQ3,H2,
E7-153,2026-09-04,7,GLOBAL,support_community,Google Analytics Community – GA4 not showing purchase revenue after website redesign,https://support.google.com/analytics/thread/344260412/,GA4 not showing purchase revenue after website redesign – need help fixing it.,en,Vlákno (titulek): po redesignu webu GA4 neukazuje purchase revenue.,RQ3,H2,"obsah vlákna nedostupný (JS), jen titulek"
E7-154,2026-09-04,7,GLOBAL,blog,WordPress.org – Pixel Manager for WooCommerce plugin page,https://wordpress.org/plugins/woocommerce-google-adwords-conversion-tracking-tag/,typically recovering up to 30% more conversions,en,Server-side obchází blokátory/ITP a typicky obnoví až 30 % konverzí.,RQ3,H2,snippet Yahoo
