id,date_accessed,region,segment,source_type,source_url,quote_verbatim,language,situation,what_broke,how_noticed,time_to_notice,impact,would_prevent,has_bq,pain_cluster,evidence_id
N2-001,2026-09-04,CZ,e-shop (klient agentury),rozhovor,https://www.advisio.cz/blog/o-praci-datoveho-analytika-klient-pozna-vysledky-me-prace-ihned-i-to-me-na-ni-bavi/,"Když zavolá, že zaznamenal velký propad v měření – například v návštěvách nebo konverzích. Zjistím, kde je chyba, napravím ji",cs,Klient sám zaznamená propad návštěv/konverzí v GA a volá agentuře; analytik hledá chybu v měřicím kódu/GTM.,gtm_change_dev,klient si všimne propadu v reportech a zavolá,"neuvedeno (reaktivně, až když si klient všimne)",období s chybějícími/špatnými daty; rozhodování nad špatnými čísly,alert na propad klíčových eventů (G1) + reakce (G7),neuvedeno,,E2-017
N2-002,2026-09-04,CZ,"e-shop střední/velký (zdravotnické potřeby, 4 země)",case_study,https://www.advisio.cz/blog/klient-offline-my-online-jak-jsme-diky-dataplus-zachranili-statisicove-trzby/,desítky až sta tisíc korun,cs,Kompletní výpadek e-shopu ve 4 zemích; zákazníci nemohli nakupovat; klient o tom nevěděl.,revenue_mismatch,monitoring DataPlus (sGTM) detekoval pád měřených událostí a poslal alert agentuře,"minuty–hodiny (automaticky), oprava tentýž den",odhad ztráty desítky až stovky tisíc Kč za vícehodinový výpadek,"24/7 alert na purchase=0 / propad eventů (G1, G5)",ne,,E2-019
N2-003,2026-09-04,CZ,e-shop střední (kuchyňské vybavení),case_study,https://www.advisio.cz/blog/case-study-jak-dataplus-pomohlo-rozjet-online-kampane-potten-pannen-stanek/,Rozdíl mezi množstvím dat z Google Analytics 4 a administrací z e-shopu byl až 70 %,cs,"GA4 vidělo jen ~30 % transakcí oproti administraci kvůli adblockerům, iOS a cookies; kampaně nešlo vyhodnotit.",browser_change,audit měření agenturou (srovnání GA4 vs. administrace),neuvedeno (dlouhodobý stav do auditu),"nemožnost vyhodnocovat kampaně, špatná alokace rozpočtu",pravidelné srovnání GA4 vs. backend (D5/G2) + sGTM,ne,,E2-020
N2-004,2026-09-04,CZ,e-shop (Getmi.cz),case_study,https://www.advisio.cz/blog/jak-dataplus-pomohlo-zvysit-trzby-u-getmi-cz-o-temer-44/,důsledná revize měření … správné nastavení cookie lišty a consent mode,cs,"Chyby v konverzních/remarketingových kódech a v cookie liště; po správném nastavení lišty úbytek dat, který vrátilo sGTM (+40 % dat).",consent_change,revize měření agenturou,neuvedeno,méně dat pro optimalizaci kampaní; po nápravě tržby +44 % y/y,kontrola chování tagů podle consentu (B1) + sledování podílu souhlasů (B2),ne,,E2-021
N2-005,2026-09-04,CZ,klienti agentury (e-shopy),blog,https://www.fragile.cz/blog/kvalitni-data-pro-reklamni-systemy/,"v rámci analytiky vidíme v průměru o 30 % méně dat, než je realita",cs,Průměrná ztráta dat v analytice oproti realitě u klientů; primární příčina nastavení cookie lišty.,consent_change,srovnání s reálnými čísly (backend),trvalý stav,rozhodování nad 70 % dat; chyby I. a II. typu,"revize lišty, sledování podílu souhlasů (B1, B2), modelování",ne,,E2-022
N2-006,2026-09-04,CZ,inzerenti v EU,blog,https://fragile.cz/blog/novy-rezim-souhlasu-consent-mode-2-0-neprichazite-o-data/,Ztráty 30-60% dat v rámci webového měření,cs,"Bez Consent Mode v2 přestává fungovat import dat GA→Ads, remarketing a Smart Bidding pro EU uživatele.",ad_platform_change,"změna požadavků Googlu (termín), agenturní upozornění",dle termínu Googlu,"přerušení remarketingu, pokles kvality kampaní","reakce na změny požadavků platforem (B3, C5)",ne,,E2-023
N2-007,2026-09-04,CZ,firmy s Google Ads,web_agentury,https://taste.cz/google-analytics-4,Nesedí vám čísla v GAds kampaních s daty v GA4kách?,cs,"Konverze v Google Ads nesedí s GA4; klient neví, které číslo platí.",revenue_mismatch,klient srovná dva reporty,neuvedeno,"nedůvěra v data, špatné bidování","měsíční srovnání konverzí napříč platformami (D1, D5)",ne,,E2-024
N2-008,2026-09-04,CZ,klienti Taste (různé),web_agentury,https://taste.cz/maturity-model-analytics,"Klienti nemají nastavené měření stoprocentně správně, nemají jasno v tom co přesně měří a práce s daty je pro ně problematická.",cs,"Opakující se stav u nových klientů: měření není správně, nikdo neví co přesně měří.",unknown_owner,audit / maturity model,dlouhodobě neodhaleno,"špatná rozhodnutí, stagnace analytiky","živý měřicí plán a dokumentace (H2), kvartální review (F4)",neuvedeno,,E2-025
N2-009,2026-09-04,CZ,marketingové týmy,skoleni,https://academy.taste.cz/analytika-ve-svete-bez-dat,"Už vás nějakou dobu trápí propad dat po nasazení cookie lišty, ale nevíte, co s tím dělat?",cs,"Po nasazení cookie lišty klesla měřená data; tým neví, co dělat.",consent_change,viditelný propad v GA4 po nasazení lišty,„nějakou dobu“ – trvá,"podměřené konverze, nižší výkon kampaní","B1, B2, consent mode/modelování, sGTM",ne,,E2-026
N2-010,2026-09-04,CZ,firmy s in-house marketingem,web_agentury,https://digitalniarchitekti.cz/produkty/dokumentace-ga-gtm/,"Změna zaměstnanců či vedoucích pracovníků – pokud dokumentaci nemáte, veškerá nastavení odcházejí",cs,"Odešel člověk, který nastavoval GA/GTM; nikdo neví, co které nastavení dělá; po měsíci se zapomíná.",access_lost,až při potřebě změny / při redesignu / novém dodavateli,měsíce,"strach cokoli měnit, přešlapy poškozující data","dokumentace a changelog (A3, H2), správa přístupů (C6)",ne,,E2-004
N2-011,2026-09-04,CZ,e-shopy na Shoptetu,diskuse,https://blog.shoptet.cz/google-analytics-4/,po nasazení měření jsme dostali několik hlášení ohledně problémů s měření,cs,Po aktualizaci integrovaného GA4 měření Shoptetu měl uživatel týden v dimenzi B2B/B2C jen (not set); Shoptet úpravu pozastavil.,release_web,uživatel kontroloval novou dimenzi v GA4 a hlásil v komentářích,cca týden,"nefunkční segmentace B2B/B2C, nutnost čekat na opravu platformy","QA po releasu platformy (A1), alert na skok (not set) (G3)",ne,,E2-059
N2-012,2026-09-04,CZ,e-shopy (Upgates),blog,https://www.upgates.cz/a/jak-propojit-e-shop-s-google-analytics-a-jaka-zakladni-data-v-nem-sledovat,Právě odmítání zasílání cookies bývá nejčastějším důvodem nesouladu údajů o provedených nákupech v administraci e-shopu a v prostředí Google Analytics.,cs,"Počet nákupů v GA4 nesedí s administrací e-shopu (consent, adblock, chyby prohlížeče).",consent_change,majitel srovná GA4 s administrací,průběžně,nedůvěra v GA4 data,"D5/G2 srovnání s tolerancí, B2 podíl souhlasů, sGTM/Measurement Protocol",ne,,E2-060
N2-013,2026-09-04,CZ,e-shopy (checklist GA4),blog,https://nazakladedat.cz/checklist-spravneho-nastaveni-ga4/,Tržby po produktech neodpovídají celkovým tržbám,cs,Součet tržeb po položkách nesedí s celkovou tržbou transakcí – chyba v e-commerce dataLayer/položkách.,release_web,až při analýze produktových reportů,neuvedeno,"špatné produktové reporty, chybné rozhodnutí o sortimentu","validace dataLayer proti specifikaci (A4), QA po releasu (A1)",ne,,E2-061
N2-014,2026-09-04,CZ,e-shopy (checklist GA4),blog,https://nazakladedat.cz/checklist-spravneho-nastaveni-ga4/,duplicitní měření … Platební brána mezi zdroji návštěvnosti … Vývojové verze webu,cs,Hity odcházejí vícekrát; platební brána se objevuje jako zdroj; dev/localhost návštěvnost v produkčních datech.,gtm_change_dev,při auditu / v reportech zdrojů,neuvedeno,"nadhodnocené eventy, přisouzení konverzí platební bráně místo kampani","referral exclusions a filtry (C3, C4), úklid GTM (A6)",ne,,E2-061
N2-015,2026-09-04,CZ,e-shopy (vývoj na produkci),blog,https://www.effectix.com/jak-odstranit-testovaci-objednavky-z-google-analytics/,Objednávku z Google Analytics zcela odstranit bohužel nelze,cs,Vývojáři testují objednávkový proces na živém webu; testovací objednávky se pošlou do GA a nejdou smazat.,release_web,při kontrole tržeb / počtu objednávek,neuvedeno,trvale zkreslené tržby a počet objednávek v GA,"blokace test objednávek v GTM, koordinace s vývojáři před releasy (H1)",ne,,E2-062
N2-016,2026-09-04,CZ,e-shopy s sGTM (přednáška PPC kemp),prednaska,https://marketingmakers.net/server-side-gtm-ano-nebo-ne/,není vyplněn region v server side GTM … využívání FB CAPI bez deduplikace událostí. Chybí zde event_id,cs,sGTM bez regionu → část tagů netrackuje; CAPI bez event_id → duplicitní konverze v Meta.,ad_platform_change,kontrola logů sGTM / event match quality v Meta,neuvedeno,"ztracené nebo zdvojené konverze, špatná optimalizace Meta","kontrola deduplikace a EMQ (D2), sGTM logy (G5)",ne,,E2-056
N2-017,2026-09-04,CZ,weby s bannery / interními kampaněmi,blog,https://www.advisio.cz/blog/merime-interni-kampane-na-webu-pomoci-google-analytics/,"Nejenže si tímto zkreslujete své statistiky, ale hlavně nenávratně přicházíte o původní zdroj návštěvy.",cs,UTM parametry na interních odkazech přepisují původní zdroj návštěvy (např. vyhledávač → banner).,utm_chaos,až při analýze zdrojů,dlouhodobě,"špatná atribuce, nadhodnocené interní kampaně","UTM konvence a kontrola (D4, C4)",ne,,E2-063
N2-018,2026-09-04,CZ,weby s cookie lištou,blog,https://www.marketingppc.cz/google-analytics/google-analytics-4/,"Cookie lišta má velký vliv na nepřesné statistiky, o to více, že je často nesprávně nasazena.",cs,Špatně nasazená lišta (blokuje víc než musí nebo měří před souhlasem) trvale zkresluje statistiky.,consent_change,zpravidla až při auditu,měsíce,"podměřená nebo neprávně měřená data, právní riziko",kontrola chování tagů podle souhlasu (B1),ne,,E2-064
N2-019,2026-09-04,CZ,e-shopy střední (migrace GA3→GA4),blog,https://www.reshoper.cz/cs/blog/detail/priprava-e-shopu-na-prichod-google-analytics-4,"po nasazení může trvat až několik dní, kdy se data začnou v rozhraní GA4 ukazovat",cs,Po přechodu na GA4 nesedí čísla s historií (42 994 vs. 54 872 uživatelů) a data se zobrazují se zpožděním.,ga4_change,srovnání s předchozím nástrojem,dny,"nesrovnatelnost meziročních čísel, zmatek v reportech","dokumentace změn metodiky (H2), historizace v BQ (E4)",ne,,E2-065
N2-020,2026-09-04,CZ,firmy bez BQ exportu,blog,https://flowstack.cz/blog/ga4-bigquery.html,"Data thresholding — GA4 skrývá data, která nechcete vidět … Retence dat jen 14 měsíců",cs,GA4 UI skrývá řádky (thresholding) a maže detailní data po 14 měsících; historie mizí.,ga4_change,až když jsou potřeba starší/detailní data,měsíce (při meziročním srovnání),"ztracená historie, neúplné reporty","BQ export a historizace (E4), retence (C2)",ne,,E2-066
N2-021,2026-09-04,CZ,"klienti freelancera (e-shopy, migrace)",web_freelancer,https://mareklecian.cz/webova-analytika/,"hledání příčin rozdílů mezi webovou analytikou, reklamními systémy a obchodními daty",cs,"Tři zdroje (GA4, reklamní systémy, backend) ukazují jiná čísla; klient si objednává hledání příčin.",revenue_mismatch,klient srovná reporty,neuvedeno,"ad-hoc náklady na diagnostiku, nedůvěra v data",měsíční srovnání konverzí napříč systémy (D5),ne,,E2-034
N2-022,2026-09-04,CZ,e-shopy a firmy s kampaněmi,web_agentury,https://digitalniarchitekti.cz/produkty/pravidelna-udrzba-a-monitoring-mereni/,součást „každodenního provozu“,cs,Nepředvídatelné změny v reklamních systémech a na webech průběžně rozbíjejí měření konverzí; bez kontroly se kampaně cílí špatně.,release_web,týdenní/měsíční kontroly (pokud jsou zaplaceny),týden–měsíc dle frekvence kontrol,"špatné zacílení kampaní, nadbytečné výdaje, ztráta důvěryhodnosti dat","pravidelné kontroly konverzí/eventů/e-commerce (A1, C1, D1–D3)",volitelně,,E2-001
N2-023,2026-09-04,CZ,"Shoptet (interní, 30 webů)",case_study,https://digitalniarchitekti.cz/clanek/poklad-v-datech-cesta-shoptetu-k-analyticke-vyspelosti/,"Zadání nastavit 4 události na 30 webech je velice náročné, právě z toho důvodu, že to jsou 4 události napříč 30 weby.",cs,Weby vznikaly v různých letech na různých technologiích; plošná změna měření ovlivňuje mnoho lidí a procesů.,platform_migration,při zadání změny,–,vysoké náklady na koordinaci; riziko nekonzistentního dataLayer,"schéma dataLayer a jeho validace (A4), alerty kvality dat",ano,,E2-007
N3-001,2026-09-04,SK,eshop_small,website,https://www.madaja.sk/analytika/google-analytics-4-eshop-navod/,"E-shop má Google Analytics 4 nasadené celé mesiace... majiteľ si myslí, že meria. Pritom v Monetizácii má nuly.",sk,"E-shop po přechodu na GA4 posílal e-commerce data ve starém (UA) formátu, návštěvnost v reportech vypadala normálně",ga4_change,"až při auditu/nové spolupráci; návštěvnost seděla, chyběly jen tržby",měsíce,Bez dat o tržbách podle kanálu; kampaně bez konverzních dat,Alert purchase=0 / revenue vs. backend; testovací nákup po změně,no,,E3-030
N3-002,2026-09-04,SK,eshop_small,website,https://www.madaja.sk/analytika/google-analytics-4-eshop-navod/,"Rozbité meranie sa neohlási, jednoducho ticho prestane posielať dáta. … Rozdiel nad 20 % už takmer vždy znamená chybu v nastavení.",sk,Po větší změně e-shopu přestane fungovat část měření,release_web,Srovnání GA4 vs. administrace e-shopu; práh 20 %,neuvedeno,Rozhodování podle neúplných dat,Testovací nákup po každé větší změně; automatické srovnání revenue,no,,E3-030
N3-003,2026-09-04,SK,eshop_mid,website,https://petersutarik.com/sk/blog/co-je-data-layer-preco-tracking-zlyha/,GA4 ukazovalo za apríl 184 nákupov. Shopify 291 … Dva mesiace pred auditom prebehol frontendový redizajn,sk,"DTC brand, 22 000 €/měs ad spend, frontend redesign změnil CSS třídy, tagy četly hodnoty z DOM",release_web,Audit: srovnání GA4 vs. Shopify (37 % rozdíl); Google Ads tag posílal value 0,cca 2 měsíce,Smart Bidding optimalizoval na value 0; chybějící transakce v GA4; Meta špatné názvy produktů,Strukturovaný dataLayer + automatizované testy pushů po releasu,no,,E3-023
N3-004,2026-09-04,SK,b2b_leadgen,website,https://petersutarik.com/sk/blog/gtm-triggery-ticho-chyby-ktore-rozbiju-tracking/,Tag sa spustí dvakrát. GA4 zaznamená dva eventy. Počet konverzií sa cez noc zdvojnásobí.,sk,"B2B lead-gen, 12 000 €/měs Google Ads; trigger konverze nastaven na všechny stránky místo děkovné; překrývající se triggery",gtm_change_dev,Audit: GA4 94 formulářů vs. CRM 162 (42 %),neuvedeno (do auditu),Smart Bidding na fantomové signály; zkreslené CPL,"Kvartální mapování triggerů, test single-fire, srovnání s CRM",no,,E3-024
N3-005,2026-09-04,SK,b2b_leadgen,website,https://petersutarik.com/sk/blog/ga4-konverzie-nastavenie-najcastejsie-chyby/,"Consent banner je nasadený, právne oddelenie ho schválilo, ale nikto neprepojil banner s Consent Mode v2",sk,"B2B SaaS, 14 000 €/měs Google Ads; CMP nasazena bez propojení na Consent Mode v2",consent_change,Audit: GA4 38 klíčových událostí vs. CRM 67 demo (43 %),neuvedeno,"30–60 % uživatelů bez dat; podhodnocené konverze, riziko seškrtání rozpočtu",Měsíční kontrola stavu consent mode a srovnání GA4 vs. CRM,no,,E3-025
N3-006,2026-09-04,SK,eshop_mid,website,https://petersutarik.com/sk/blog/ga4-vs-google-ads-konverzie-preco-cisla-nesedia/,GA4 ukazovalo 214 nákupných kľúčových udalostí … Google Ads hlásil 297 konverzií,sk,Brand s 22 000 €/měs v Google Ads hodnotí kampaně podle GA4,revenue_mismatch,Srovnání GA4 vs. Google Ads (39 %),"průběžně, bez vysvětlení","Chybné škrty rozpočtu, protože GA4 přerozděluje kredit organic/e-mailu",Definovaný zdroj pravdy (CRM/platební brána) a pravidelná rekonciliace,no,,E3-026
N3-007,2026-09-04,SK,unknown,website,https://www.dase-analytics.com/blog/sk/analytika-nie-je-sprint-ale-maraton/,Meranie niektorých udalostí nefunguje korektne alebo vôbec. Dôvodom bývajú zmeny na webovej stránke.,sk,Agentura při pravidelné kontrole dat klientů nachází nefunkční eventy po změnách webu,release_web,Pravidelná kontrola dat analytikem + anomaly detection,neuvedeno,Chybějící eventy v reportech a v ad platformách,Pravidelná kontrola dat / anomaly detection (součást paušálu od 700 €),optional,,E3-003
N3-008,2026-09-04,SK,eshop_mid,website,https://www.dase-analytics.com/blog/sk/analytika-nie-je-sprint-ale-maraton/,"Obzvlášť citlivé je to v prípade consent módu a zmien cookie lišty, kedy môže dôjsť k zníženiu počtu konverzií.",sk,Změna cookie lišty / consent mode u klienta,consent_change,Pokles počtu konverzií v marketingových platformách,neuvedeno,"Méně konverzí pro optimalizaci kampaní, chybná atribuce",Kontrola chování tagů podle souhlasu po každé změně CMP,optional,,E3-004
N3-009,2026-09-04,SK,unknown,website,https://www.dase-analytics.com/blog/sk/server-side-gtm-qa-common-sense-verzia/,úplný výpadok meraní,sk,sGTM na GCP: neplatná platební metoda v účtu GCP → kontejner se zastaví,connector_token,Až podle výpadku dat (článek nespecifikuje),neuvedeno,Kompletní výpadek měření všech platforem přes sGTM,Uptime monitoring sGTM + billing alert GCP,no,,E3-007
N3-010,2026-09-04,SK,eshop_small,website,https://www.dexfinity.com/dexguide/google-analytics/,"Viac ako 40 % e-shopov, s ktorými začíname spoluprácu, má GA4 nainštalovaný ale bez merania revenue.",sk,E-shopy přicházející do PPC správy mají GA4 bez e-commerce eventů,unknown_owner,Při onboardingu agentura ověřuje e-commerce tracking,často měsíce/roky (do změny agentury),Kampaně bez revenue dat; nelze počítat ROAS,Vstupní audit + kontrola purchase eventu,no,,E3-011
N3-011,2026-09-04,SK,eshop_small,website,https://www.webanalytics.sk/google-analytics/duplicitne-objednavky-v-google-analytics/,"Revenue v administrácii e-shopu vôbec nesedí s tým, čo vidíte v Google Analytics",sk,Purchase event se odesílá opakovaně při refreshi děkovné stránky / duplicitní dataLayer push,revenue_mismatch,Srovnání revenue v administraci e-shopu vs. GA4,neuvedeno,Nadhodnocené tržby a konverze v GA4 i Ads,Dedup transaction_id (cookie/localStorage nebo sGTM + Firebase/BigQuery),optional,,E3-017
N3-012,2026-09-04,SK,eshop_mid,website,https://petersutarik.com/sk/blog/server-side-tracking-kompletny-sprievodca/,"konverzie v Google Ads alebo Meta Ads klesajú, zatiaľ čo reálne tržby rastú",sk,"Adblockery (25–40 %), iOS ATT (75 % odmítá), Safari 7denní cookies",browser_change,Rozjetí trendu konverzí v Ads vs. reálných tržeb,postupně,Podhodnocené konverze → špatné bidování; 20–40 % ztráta,sGTM + CAPI/Enhanced Conversions; srovnání s backendem,no,,E3-028
N3-013,2026-09-04,SK,unknown,website,https://techweb.sk/blog/webova-analytika-ktora-skutocne-meni-vas-marketing,"Duplikovaný tracking kód spôsobuje nafúknuté čísla … Nepravidelná kontrola kvality dát (mení sa web, menia sa tagy)",sk,"Web i tagy se průběžně mění, nikdo pravidelně nekontroluje kvalitu dat",gtm_change_dev,Nafouknutá čísla v reportech,neuvedeno,"Nepřesná atribuce, chybné vyhodnocení kampaní",Pravidelná revize min. kvartálně,no,,E3-019
N3-014,2026-09-04,SK,eshop_large,website,https://bastadigital.com/enterprise-level-digitalna-analytika/,Implementácia programátormi vyžaduje opakované testovanie a kontinuálny monitoring zmien.,sk,"Enterprise implementace měření programátory klienta, opakované releasy",release_web,Kontinuální monitoring dostupnosti a správnosti dat agenturou,—,Nedostupná nebo nesprávná data v reportingu (Looker Studio nad BigQuery),Kontinuální monitoring dostupnosti + správnosti dat po releasech,yes,,E3-013
N3-015,2026-09-04,SK,eshop_small,website,https://visibility.sk/blog/e-commerce-analytika-najcastejsie-chyby-a-problemy/,Kampane sa optimalizujú podľa mikro-konverzií namiesto skutočných konverzií,sk,Špatně zvolené cíle kampaní v GA4/Ads,unknown_owner,Při auditu / nízký výkon kampaní,neuvedeno,Rozpočet utrácený na nenakupující uživatele,Kvartální review klíčových událostí a importů do Ads,no,,E3-015
N3-016,2026-09-04,SK,unknown,website,https://high5.sk/rozdielne-alebo-nepresne-meranie-konverzii-8-pripadov-kedy-sa-s-nimi-mozete-stretnut/,"Pri porovnávaní rozsiahlych období sa môžu vyskytnúť dni či týždne, počas ktorých účty ešte neboli prepojené",sk,Účty GA4 a Google Ads nebyly po část období propojené,ad_platform_change,Při srovnání delších období,dny–týdny,Chybějící konverze v Ads za část období; nesrovnatelná data,Kontrola propojení účtů a importů (kvartálně / po změně),no,,E3-042
N3-017,2026-09-04,SK,unknown,website,https://petersutarik.com/sk/blog/ga4-audit-kontrolny-zoznam/,20 až 40 percent traffiku úplne zmizlo z reportov,sk,Evropské property po nasazení consentu bez modelování/sGTM,consent_change,Při auditu (kvartální doporučení),neuvedeno,20–40 % trafficu neviditelných v reportech,Kvartální audit + kontrola po každé větší změně,no,,E3-027
N3-018,2026-09-04,SK,unknown,website,https://www.vita.sk/blog/marketing-reklama-pravo/google-analytics-2-cast-ako-zistit-ci-ga4-je-spravne-nasadeny-na-webe-a-ako-ho-pouzivat-ako-na-ai-navstevnost/,Wappalyzer neoveruje správnosť implementácie,sk,Web má hardcoded gtag.js i GTM zároveň (double-up),gtm_change_dev,Tag Assistant / DebugView,neuvedeno,Dvojité počítání pageviews a eventů,Jediná cesta nasazení přes GTM + QA po releasu,no,,E3-043
N4-001,2026-09-04,EU,obecný web / e-shop (AT),blog_agentura,https://lemontec.at/news-und-trends/ga4-und-gtm-laufende-wartung/,"Nicht selten kommt es vor, dass sich diese Parameter auf der Website ändern. Das führt dann häufig dazu, dass ein Event schon monatelang nicht mehr erfasst wird, es aber niemand bemerkt.",de,Trigger v GTM závisí na CSS ID/třídách/dataLayer eventech; vývojář změní šablonu,release_web,typicky vůbec / náhodně,měsíce,"event se měsíce neměří, reporty a optimalizace kampaní bez dat",denní automatická kontrola top 10 eventů s alertem (G1/G4) + QA po releasu (A1),ne,,E4-002
N4-002,2026-09-04,EU,obecný web (AT),blog_agentura,https://lemontec.at/news-und-trends/ga4-und-gtm-laufende-wartung/,"Auch große Bugs wie zum Beispiel ein versehentlicher Ausbau des GTM, was das gesamte Tracking zerstört, wird mit diesem Alerting innerhalb von 24 Stunden erkannt",de,Při úpravě webu někdo omylem odstraní GTM snippet,gtm_change_dev,alertem do 24 h (s monitoringem); bez něj až z reportů,24 h s alertem,kompletní výpadek měření,alert na pageviews/GTM integraci (G4),ne,,E4-002
N4-003,2026-09-04,EU,e-shop DACH,blog_agentura,https://e-dialog.group/blog/digital-analytics/die-wichtigsten-tracking-monitoring-losungen-auf-einen-blick/,"Wenn durch Fehler beispielsweise Audience Listen nicht mehr befüllt werden, werden personalisierte Werbemittel nicht effizient ausgespielt.",de,Chyba v trackingu po změně webu přestane plnit publika pro remarketing,release_web,podle výkonu kampaní,neuvedeno,"personalizovaná reklama se nevydává efektivně, plýtvání spendem","tag monitoring (G4), kontrola publik (D1)",ne,,E4-017
N4-004,2026-09-04,EU,malý e-shop Shopify (DE),forum,https://community.shopify.com/t/shopify-conversion-tracking-korrekt-eingerichtet-aber-daten-kommen-nicht-bei-google-adwords-an/383277,"seit dem trackt Google einfach garnichts mehr bzw. es kommen keine Daten mehr an … der Wert bleibt bei allen 7 Conversion Aktionen auf 0,00",de,13. 12. 2024 instalována cookie lišta Pandectes; od té doby žádné konverze v Google Ads,consent_change,"majitel v rozhraní Google Ads (konverze 0,00), post 28. 12.",~15 dní,"Smart Bidding bez konverzních dat přes Vánoce, kampaně slepé","kontrola chování tagů dle consentu po změně CMP (B1), alert na purchase=0 (G1)",ne,,E4-024
N4-005,2026-09-04,EU,e-shop Shopify (DE),forum,https://community.shopify.com/t/google-ads-conversion-tracking-funktioniert-nicht-mehr/94991,"gestern bin ich durch Zufall über einen massiven Fehler in einem unserer Shops gestoßen … Von einem Tag auf den anderen sind alle Tags als 'inaktiv' gekennzeichnet … uns geht gerade ordentlich Umsatz durch die Lappen, da die Conversions keinen Kampagnen mehr zugeordnet werden",de,Konverzní tagy Google Ads ze dne na den 'neaktivní' bez zásahu majitele,ad_platform_change,náhodou při kontrole účtu,neznámo (odhaleno náhodou),"konverze nepřiřazené kampaním, algoritmus 'schwach auf der Brust', ztráta obratu","denní alert na propad konverzí v Ads vs. GA4 (G1, D5)",ne,,E4-025
N4-006,2026-09-04,EU,e-shop Shopify (DE),forum,https://community.shopify.com/t/google-ads-conversion-tracking-funktioniert-nicht-mehr/94991,Bis 8. Mai wurden täglich etwa 10-12 Conversions in Google Ads getrackt. Nach dem 8. Mai plötzlich nur noch 1-2 ohne Änderungen an den Google Ads Kampagnen,de,Po 8. 5. 2023 propad konverzí z 10–12/den na 1–2 bez změny kampaní (Google Channel App),ad_platform_change,z denního počtu konverzí v Ads,dny–týdny,"80–90 % konverzí nezaznamenáno, bidování na zlomku dat","alert na propad key eventu (G1), srovnání s backendem (D5)",ne,,E4-025
N4-007,2026-09-04,EU,e-shop Shopify (DE),forum,https://community.shopify.com/t/google-ads-conversion-tracking-2024-fehlerhaft/314752,"seit der Einführung der neuen Google & YouTube App für Shopify funktioniert das Conversion Tracking überhaupt nicht mehr … Man investiert Geld in Werbeanzeigen, kann aber nicht nachvollziehen, ob der Verkauf organisch oder durch Werbung erzielt wurde",de,Změna integrace Google & YouTube app pro Shopify rozbila conversion tracking,ad_platform_change,"nesoulad: Ads hlásí prodej, Shopify ho nezná",měsíce (prosinec → duben),"inzerent neví, co přinesla reklama","měsíční srovnání konverzí Ads vs. backend (D5), reakce na změny platformy (B3/D)",ne,,E4-026
N4-008,2026-09-04,EU,obecný web / lead-gen (DK),blog_agentura,https://manids.dk/tracking-tjekliste-er-din-konverteringssporing-korrekt/,"Tracking bliver sat op, testet én gang og derefter glemt. Seks måneder senere er halvdelen af opsætningen brudt.",da,"Setup po implementaci nikdo nerevaliduje, web se mezitím mění",release_web,až při auditu,6 měsíců,polovina měření nefunkční,"pravidelná revalidace po releasech (A1), kvartální health check (C)",ne,,E4-066
N4-009,2026-09-04,EU,B2B lead-gen (DK),blog_agentura,https://manids.dk/tracking-tjekliste-er-din-konverteringssporing-korrekt/,"En virksomhed har kørt Google Ads i et halvt år, rapporteret 200 konverteringer i platformen, men når vi sammenligner med det faktiske antal leads i CRM-systemet, er tallet 40 procent lavere. … Problemet opdages sjældent af sig selv. GA4 giver ingen fejlmeddelelse, når en konvertering er sat forkert op.",da,Špatně nastavená konverze (dvojité počítání) půl roku nafukovala výsledky Ads,revenue_mismatch,až při srovnání s CRM agenturou,6 měsíců,půl roku optimalizace na o 40 % nadhodnocená čísla,"měsíční rekonciliace konverzí vs. CRM/backend (D5, G2)",ne,,E4-066
N4-010,2026-09-04,EU,střední e-shop / enterprise (UK),web_agentura,https://www.measurelab.co.uk/solutions/managed-analytics/,Tracking drifts when consent requirements change.,en,"Změna consent požadavků (CMP, legislativa) posune chování tagů",consent_change,"postupně, 'nobody raises the alarm until damage is done'","postupně, týdny+",posun měřených čísel bez zjevné příčiny,"kontrola consentu po změnách (B1), monitoring podílu souhlasů (B2)",ano,,E4-043
N4-011,2026-09-04,EU,enterprise s DWH (UK),web_agentura,https://www.measurelab.co.uk/solutions/managed-analytics/,Pipelines break when an upstream schema does. Dashboards stop reflecting the business after a rebrand.,en,"Změna schématu upstream zdroje (GA4 export, API) rozbije pipeline; rebrand/redesign rozbije dashboardy",ga4_change,postupně; dashboardy 'přestanou odrážet business',týdny,"reporty nesedí, důvěra v data klesá","observabilita pipeline s anomáliemi (E1, G6), údržba transformací (E3), údržba dashboardů (F1)",ano,,E4-043
N4-012,2026-09-04,EU,e-shop (PL),web_freelancer,https://www.surowiecki.org/oferta/monitoring-jakosci-danych/,Purchase nagle znika lub się dubluje,pl,Po změně webu/checkoutu se purchase event přestane posílat nebo se duplikuje,release_web,'Błąd odkrywa dopiero człowiek' – až člověk v reportu,neuvedeno,chybějící/dvojitý revenue v GA4 a Ads,"pravidlová detekce anomálií na purchase (G1, G2) + QA po releasu (A1)",volitelně,,E4-030
N4-013,2026-09-04,EU,obecný web (PL),web_freelancer,https://www.surowiecki.org/oferta/monitoring-jakosci-danych/,CMP zmienia sposób uruchamiania tagów,pl,"Aktualizace CMP změní, kdy a zda se tagy spouští",consent_change,až z reportu,neuvedeno,propad měřených uživatelů/konverzí,"kontrola chování tagů podle consentu po změně (B1, B3)",volitelně,,E4-030
N4-014,2026-09-04,EU,firma s BI reportingem (PL),web_freelancer,https://www.surowiecki.org/oferta/monitoring-jakosci-danych/,Dashboard przestaje się odświeżać,pl,Zdroj dashboardu (konektor/token/scheduled query) tiše selže,connector_token,až uživatel dashboardu,neuvedeno,rozhodování nad zastaralými daty,"alert na výpadek exportu/konektoru (G6), údržba konektorů (F2)",volitelně,,E4-030
N4-015,2026-09-04,EU,firma po implementaci analytiky (PL),web_freelancer,https://www.surowiecki.org/oferta/abonament-analityczny/,Błąd wychodzi przy raporcie; Backlog nie ma właściciela; Każde zlecenie zaczyna się od discovery,pl,"Analytika existuje, ale nikdo za ni denně neodpovídá; chyby se objevují až při měsíčním reportu",unknown_owner,při reportu,do měsíce,"opakované discovery, ztracený čas, chyby v reportech","pojmenovaný vlastník + changelog + živá dokumentace (H2, H5), RUN monitoring",volitelně,,E4-029
N4-016,2026-09-04,EU,e-shop / agenturní klient (DE),web_agentura,https://grundauf.com/tracking,"Nach einem Update war alles anders; Die Umsätze stimmen nicht; Niemand weiß, was gemessen wird",de,Po updatu webu/pluginu se změní měření; revenue nesedí; chybí dokumentace,release_web,z nesouladu čísel,neuvedeno,"strach cokoli měnit, nedůvěra v revenue","live monitoring + systém včasného varování (G1–G4), dokumentace (H2)",ne,,E4-007
N4-017,2026-09-04,EU,e-shop DACH,web_agentura,https://www.elkeon.de/leistungen/ga4-tracking-agentur/,"GA4, Google Ads und andere Systeme zeigen unterschiedliche Zahlen; Consent Mode, Cookie-Banner und GTM blockieren wichtige Daten",de,"Nesoulad čísel mezi GA4, Ads a dalšími systémy; consent/GTM blokuje data",revenue_mismatch,při srovnání reportů,neuvedeno,"nelze rozhodovat, konflikt čísel","srovnání konverzí napříč platformami (D5), kontrola consentu (B1)",ne,,E4-022
N4-018,2026-09-04,EU,e-shop / lead-gen (UK),blog_agentura,https://www.dolphinanalytics.co.uk/blog/google-analytics-agency-hire-intent,"A replatform, redesign or consent change broke tracking … Tracking degrades every time a site changes",en,"Replatform, redesign nebo změna consentu rozbije tracking",platform_migration,když konverze nesedí s objednávkami v Shopify/Stripe/CRM,neuvedeno,nelze bidovat na spolehlivá konverzní data,"QA po releasu (A1), specifikace dataLayer před releasem (H1)",ne,,E4-052
N4-019,2026-09-04,EU,firma se zděděným účtem (UK),blog_agentura,https://www.dolphinanalytics.co.uk/blog/google-analytics-agency-hire-intent,You've inherited a GA4 account and have no idea whether to trust it,en,"Odešel člověk/agentura, nový tým zdědil GA4 bez dokumentace",access_lost,při převzetí,–,"nedůvěra v data, nutný audit","dokumentace/měřicí plán jako živý dokument (H2), správa přístupů (C6)",ne,,E4-052
N4-020,2026-09-04,EU,MKB web (NL),blog_agentura,https://webanalist.com/google-analytics-uitbesteden/,Je data klopt niet maar je weet niet waarom,nl,"Adblockery, špatně nakonfigurované eventy a updates GA4 mění čísla; firma nemá čas GA4 udržovat",browser_change,z nesouladu dat (5–25 % rozptyl konverzí),neuvedeno,"kampaně vyhodnocované na špatných datech, rozptyl přes měsíce","pravidelné kontroly (C4, D5), reakce na změny GA4 (C5)",ne,,E4-068
N4-021,2026-09-04,EU,e-shop / performance klient (ES/EU),blog_agentura,https://www.ampliodata.io/blog/cost-to-outsource-your-analytics-setup-to-an-agency,"monitoring, the fixes when tags break after a redesign, and monthly reporting … 20-40% of conversions often go missing due to tracking issues",en,Redesign webu rozbije tagy; bez consent handlingu chybí až 34 % sessions,release_web,monitoringem (v retaineru) / propadem konverzí,neuvedeno,"20–40 % konverzí chybí, špatné bidování","měsíční QA a health check (A1, C), monitoring (G)",ne,,E4-058
N4-022,2026-09-04,EU,firma s in-house analytikem (SE/globál),web_saas,https://www.nicelookingdata.com/compare,The analyst gets pulled onto strategy work and the recurring audit cycle quietly breaks. Tracking decays to the point where reports stop matching ad-platform numbers.,en,"In-house analytik je odveden na strategii, rutinní audit se přestane dělat",unknown_owner,když reporty přestanou sedět s čísly ad platforem,měsíce,"eroze trackingu, reporty vs. Ads nesedí",automatizovaný re-audit (SaaS) + osoba odpovědná za G7,ne,,E4-063
N4-023,2026-09-04,EU,web s sGTM (DE),blog_agentura,https://eminded.de/magazin/server-side-tracking-leitfaden/,"Schnittstellen zu Google, Meta oder anderen Plattformen ändern sich regelmäßig und müssen nachgepflegt werden. Ohne laufende Betreuung können Setups schnell veralten.",de,"Ad platformy mění API (Meta CAPI, Google Ads), sGTM setup zastará",ad_platform_change,postupně,neuvedeno,výpadek/degradace konverzí do platforem,"údržba sGTM a API (A5), měsíční kontrola D1/D2",ne,,E4-011
N4-024,2026-09-04,EU,e-shop s sGTM (DE),web_agentura,https://ads-tracking.de/server-side-tracking-agentur,"jede Anpassung wird ein Ticket, jedes Ticket kostet Stundensatz",de,Klasický agenturní model: každá změna trackingu = ticket za hodinovou sazbu; výpadky bez monitoringu se poznají až z propadu výkonu,unknown_owner,'bis deine Kampagnen-Performance einbricht',týdny,náklady na tickety + slepý spend,"flat fee s monitoringem a opravami v ceně (G7, H5)",ne,,E4-003
N5-001,2026-09-04,US,agentura/freelancer (více klientů),reddit,https://www.reddit.com/r/GoogleAnalytics/comments/1tdqyma/my_biggest_issue_with_ga_and_some_solutions/,Clients used to bring me in for a one-off project (no retainer!) -> I set everything up -> and in 18 months they were back where they started. Changes pushed to the site and GTM slowly broke the setup.,en,Konzultant po jednorázové implementaci bez retaineru,release_web,po 18 měsících při návratu klienta,měsíce,"implementace zdegradovaná, znovu od začátku",monitoring propadů/skoků eventů s e-mail alertem (Sheets → app),ne,,E5-084
N5-002,2026-09-04,US,agentura (PPC + analytika),reddit,https://www.reddit.com/r/GoogleAnalytics/comments/1tdqyma/my_biggest_issue_with_ga_and_some_solutions/,"It's hard to have a retainer on GA4, since most businesses expect it to just work after setup and don't understand that as their site evolves their analytics and tracking needs to as well.",en,Prodej retaineru na GA4 samostatně,release_web,-,-,"analytika schovaná do PPC fee, práce 'goes un-noticed'","vysvětlit, že web se mění a měření s ním; monitoring jako viditelná služba",ne,,E5-084
N5-003,2026-09-04,US,firmy bez interní analytické governance,reddit,https://www.reddit.com/r/GoogleAnalytics/comments/1tdqyma/my_biggest_issue_with_ga_and_some_solutions/,"over time site changes, new templates, dev updates, consent changes, and GTM edits slowly break tracking quality without anyone noticing immediately. In a lot of cases, companies only realize months later when reporting suddenly looks wrong.",en,Postupná degradace po změnách webu/CMP/GTM,gtm_change_dev,reporting 'vypadá špatně',měsíce,špatná data v reportech měsíce zpětně,monitoring a anomaly detection jako součást infrastruktury,ne,,E5-084
N5-004,2026-09-04,US,agentura/analytik,reddit,https://www.reddit.com/r/GoogleAnalytics/comments/1vmb41m/how_do_you_catch_ga4_tracking_breaks_before_a/,saw a thread where someone's GA4 tag was silently broken for 2 weeks and only caught it while pulling a report.,en,GA4 tag tiše nefunguje,release_web,až při přípravě klientského reportu,2 týdny,"2 týdny chybějících dat, nelze doplnit",alert do 24 h (Insights / Data API check),ne,,E5-085
N5-005,2026-09-04,US,analytik (dashboard pro rozhodování),reddit,https://www.reddit.com/r/GoogleAnalytics/comments/1vmb41m/how_do_you_catch_ga4_tracking_breaks_before_a/,"I'd split an event by landing page instead of page path, so anyone who entered on one section and used another quietly fell out: 817 recorded where the real number was 1,024, for about three weeks, with the daily line looking completely normal. What found it was the BigQuery export disagreeing with the Data API.",en,Chybná definice metriky v reportu (session vs. event scope),gtm_change_dev,nesoulad BQ exportu vs. Data API při jiném šetření,3 týdny,"−20 % v jedné sekci, celkově −3,6 %; rozhodnutí na špatných číslech",test pinující definici metriky; re-derivace čísla z raw eventů (BQ),ano,,E5-085
N5-006,2026-09-04,US,agentura,reddit,https://www.reddit.com/r/GoogleAnalytics/comments/1vmb41m/how_do_you_catch_ga4_tracking_breaks_before_a/,"If page_view is normal but purchase disappears, that points to an event-level break rather than the whole tag. ... The alert should go to whoever can inspect GTM and the last site release, not wait for the reporting person to notice.",en,Design alertingu,release_web,-,-,-,"denní Data API check per event (page_view, session_start, hlavní konverze, source/medium) + doručení alertu tomu, kdo umí opravit",ne,,E5-085
N5-007,2026-09-04,US,agentura (analytický tým),reddit,https://www.reddit.com/r/GoogleAnalytics/comments/1h88a4g/what_makes_a_good_analytics_service/,"both he and our new VP of strategy tend to see little value in an ongoing retainer for our work once the initial implementations have been done. I understand that maintaining tracking and integrations doesn't sound sexy, but I do think there's quantifiable ROI in preventing things from breaking",en,Interní prodej retaineru na údržbu měření,unknown_owner,-,-,tým bez MRR; údržba nevnímána jako hodnota,kvantifikovat ROI prevence; balit s BQ atribucí/CRO,částečně,,E5-086
N5-008,2026-09-04,US,malý e-shop / SMB,reddit,https://www.reddit.com/r/agency/comments/1gx5oia/dedicated_tracking_analytics_agency_what_do_you/,"Analytics setup and troubleshooting is a one-off service. Once that is done, nobody is going to pay $600 every month for insights and reports.",en,Námitka proti měsíční platbě za tracking+reporty,release_web,-,-,churn/odmítnutí retaineru,prodávat přes agentury (white-label) nebo vázat na měřitelný výsledek,ne,,E5-077
N5-009,2026-09-04,US,freelancer (GA/GTM od začátku),reddit,https://www.reddit.com/r/GoogleTagManager/comments/1t7a89m/my_ga4_monitoring_system/,"I offer a retainer, most say no -> and in 18 months they are back where they started. Changes pushed to the site and GTM slowly break the setup. ... It's helped me catch lots of issues quickly that otherwise might have taken weeks.",en,"Retainer odmítán, monitoring přijat",release_web,dříve: po týdnech; nyní alert,týdny → dny,opakované přestavby měření,"monitoring 0/skok metrik + parametrů, e-mail",ne,,E5-083
N5-010,2026-09-04,AU,agentura (Digitxl),reddit,https://www.reddit.com/r/GoogleTagManager/comments/1t7a89m/my_ga4_monitoring_system/,"I've seen GA4 setups silently break after site migrations, CMS updates, consent banner changes, GTM edits, you name it. Sometimes nobody notices until reporting season and then you're trying to explain missing data that can't be recovered.",en,Tiché rozbití po migraci/CMS/CMP/GTM,platform_migration,až v 'reporting season',měsíce,"nenávratně chybějící data, vysvětlování klientovi",alert 'traffic dropped to near zero' + monitoring ad platforem,ne,,E5-083
N5-011,2026-09-04,US,"finanční služby (lead-gen), PPC agentura",reddit,https://www.reddit.com/r/PPC/comments/1ovnpi0/broken_conversion_tracking_ruined_performance_help/,I have a finance client whose conversion tracking broke in September for 30+ days. ... they were previously seeing 5-10 leads/day. CPC's & CPL's have also increased quite drastically.,en,Rozbité conversion tracking při předání účtu,release_web,po převzetí účtu novou agenturou,30+ dní,"leads 5–10/den → ~1/den, růst CPC/CPL, reset learningu Smart Biddingu","denní kontrola konverzí; data exclusion; fix do dnů, ne týdnů",ne,,E5-094
N5-012,2026-09-04,US,"SMB, PPC",reddit,https://www.reddit.com/r/PPC/comments/1ovnpi0/broken_conversion_tracking_ruined_performance_help/,The client updated their website where it became super restrictive where it wouldn't allow 95% of any traffic to access the website. Their web dev implemented a security 'feature' and didn't told him. ... Lasted for more than s month,en,Dev nasadil bezpečnostní blok bez informování marketingu,release_web,propad výkonu kampaní,> 1 měsíc,"kampaně 'in shambles', dlouhá obnova","koordinace releasů s měřením (H1), data exclusions",ne,,E5-094
N5-013,2026-09-04,US,"B2B divize větší firmy, PPC agentura",reddit,https://www.reddit.com/r/PPC/comments/1vrsz2b/clients_google_ad_conversion_tracking_suddenly/,"sometimes soemthing will change with their website/GA4/GTM that messes things up for us and we have no control over it. Recently, something happened and every single one of their conversions is 'misconfigured' ... No conversions for the past two weeks.",en,Jiný tým změnil GA4/GTM/propojení Ads,gtm_change_dev,status 'misconfigured' v Ads,2 týdny,"2 týdny Max Conversions naslepo, ztráta historie importovaných konverzí",kontrola GA4↔Ads linku a key events; přístupy pro diagnostiku; konkrétní hlášení vývojářům,ne,,E5-095
N5-014,2026-09-04,US,"SMB weby na Squarespace, PPC",reddit,https://www.reddit.com/r/PPC/comments/1k4qt34/april_10_gtm_update_broke_google_ads_conversion/,"Everything worked smoothly until April 10, but since then, conversions are no longer appear in Google Ads - even though Microsoft Clarity confirms users from ad clicks are submitting forms. The tag debugger tool shows tags firing correctly",en,Změna GTM/Ads na straně Googlu,ad_platform_change,srovnání s Clarity,~10 dní,chybějící konverze ve 2 účtech,sledování změn platformy (C5/B3) + srovnání s nezávislým zdrojem,ne,,E5-093
N5-015,2026-09-04,US,in-house PPC (e-commerce),reddit,https://www.reddit.com/r/PPC/comments/1smhl9c/career_question_broken_tracking_affecting_bonus/,"a dev trying to update consent settings broke conversion tracking, for the whole website. We're looking at a 7 day gap with limited to no conversion tracking. No conversions in any ad dashboard, no conversion events in GA4, even with UTM parameters. ... It took 3 days before I noticed",en,Dev změnil consent nastavení,consent_change,propad konverzí v dashboardech,3 dny,"7 dní spendu s 'bottom of the barrel ROAS', bonus KPI",QA consentu po releasu (B1); alert na purchase=0; 'NO DEPLOYS ON FRIDAY',ne,,E5-094
N5-016,2026-09-04,UK,"e-shop (£12–24k/měs. spend), agentura",reddit,https://www.reddit.com/r/PPC/comments/19epd82/recovery_time_agency_responsible_messed_up_roas/,recently discovered two conversions were set as primary (GA4 + Google Ads tag). Google ads has combined both conversion values. I believe this may have been since rolling out GA4 about 8 months ago. I'm shocked the agency hasn't picked up on this,en,Dvojí počítání konverzí po migraci na GA4 (Google automaticky přidal GA4 purchase jako konverzi),ga4_change,klient sám přes vlastní Looker Studio/GA4 vs. reporty agentury,8 měsíců,rozpočet zdvojnásoben na základě nadhodnoceného ROAS; ROAS 8× → 4×; měsíce obnovy,D1 měsíční kontrola primárních konverzí; srovnání Ads vs GA4 vs backend (D5); sledování změn nastavení,ne,,E5-094
N5-017,2026-09-04,US,"e-commerce účty, agentura",reddit,https://www.reddit.com/r/PPC/comments/19epd82/recovery_time_agency_responsible_messed_up_roas/,"GA4 automatically added purchases as a conversion to all our accounts, after we had already switched to using the Google Ads tag for everything. ... The only reason I caught this was so quickly we because I was monitoring updates to our enhanced conversions settings.",en,Automatická migrace nastavení Googlem,ga4_change,monitoring změn nastavení enhanced conversions,~2 týdny,nutnost vracet automatické změny,"monitoring change history (C5, D1)",ne,,E5-094
N5-018,2026-09-04,CA,"lokální služby, Google Ads",reddit,https://www.reddit.com/r/PPC/comments/1s7qree/google_ads_only_tracking_a_small_amount_of_my/,"Only a small percentage of people visiting my site are accepting cookies. Because of that, Google Ads is only showing a fraction of the actual conversions. I know we are getting more leads than what shows up in the account, (5 day on average) ... Google recording only 1 or 2 a week.",en,Nízký consent rate + možná špatná implementace consent mode,consent_change,porovnání s reálnými leady,průběžně,"nelze věřit datům v Ads, rozhodování naslepo","B1/B2 kontrola consent mode a jeho update, enhanced conversions, offline import z CRM",ne,,E5-097
N5-019,2026-09-04,US,freelance BQ uživatel (Sandbox),reddit,https://www.reddit.com/r/bigquery/comments/1vdcvgz/is_anyone_else_missing_ga4_bigquery_daily_exports/,Firebase/Google engineering finally confirmed the issue is caused by a recent change to BigQuery Sandbox: the free storage quota is now treated as a one-time cumulative lifetime limit ... That explains why my exports stopped even though only ~2.5 GiB was actually stored.,en,Export do BQ přestal chodit kvůli změně kvóty Sandboxu,bq_export_gap,"ručně, chybějící tabulky",~2 týdny,chybějící denní tabulky; nutný backfill od Googlu,E1 alert na chybějící tabulku; billing místo Sandboxu,ano,,E5-089
N5-020,2026-09-04,US,"malý web, BQ export",reddit,https://www.reddit.com/r/bigquery/comments/12do1sd/ga4_daily_export_to_bigquery_stopped_suddenly/,"I set up a daily export of GA4 data to BigQuery but it stopped exporting after March 15. I tried unlinking and relinking BQ with no luck. It worked fine from Feb 13 - Mar 15, and my free trial of Cloud expired on March 17",en,Export se zastavil po expiraci Cloud trialu,bq_export_gap,"ručně, po 3 týdnech",~3 týdny,díra v datech,E1 monitoring + E2 billing alert,ano,,E5-089
N5-021,2026-09-04,US,agentura s ~12 GA4 webstreamy v BQ,reddit,https://www.reddit.com/r/bigquery/comments/1h4rdp9/email_alert_on_job_failure/,"the GA4 webstream will simply not post data on 'empty' days, but without ever issuing any kind of log event or system notification. There simply won't be shards for those days in the BQ dataset. ... we actively check our feeds every morning",en,Chybějící denní shard bez notifikace,bq_export_gap,ranní ruční kontrola,hodiny–den,riziko tichých děr v pipeline,view s kalendářem dat + alert na count=0 (cron + Slack),ano,,E5-089
N5-022,2026-09-04,US,"větší web (ne GA360), BQ streaming",reddit,https://www.reddit.com/r/bigquery/comments/1opexnb/severe_data_drops_from_ga4_streaming_into_big/,"around this time last year Google broke part of the GA4-BQ connection,. It led to sporadic 20-40% data loss for some days. Since then they seem to suggest a 5% tolerance in documentation. ... We're getting around 10-20% data loss on some days, typically around weekends.",en,Ztráta dat ve streaming exportu,bq_export_gap,srovnání počtu eventů BQ vs GA4 UI,dny,10–40 % dat chybí v některých dnech,E1 kontrola počtu eventů vs. norma; přechod na denní export,ano,,E5-090
N5-023,2026-09-04,US,klientský web po redesignu,reddit,https://www.reddit.com/r/GoogleAnalytics/comments/1p21vjp/ga_tracking_broke_after_layout_update_r,"One of my clients recently updated their website design (same URL, only the layout changed). Ever since the redesign, we've seen a massive drop in visits and events. ... we noticed the GA tag isn't installed on several pages.",en,Redesign přesunul GA tag jen do některých šablon,release_web,propad návštěv a eventů,dny–týdny,"chybějící data z části webu, nelze doplnit",A1 QA po releasu (10–15 náhodných stránek napříč šablonami),ne,,E5-091
N5-024,2026-09-04,US,Shopify e-shop (Checkout Extensibility),reddit,https://www.reddit.com/r/GoogleAnalytics/comments/1tui9cv/finally_figured_out_why_a,"Not completely broken. Just... off. Meta started matching fewer purchases. GA4 looked different. Everything was technically firing, but the data quality wasn't where it should have been. ... Consent was updating after some tracking requests had already fired. Key identifiers weren't consistently making it from storefront → checkout → server-side tracking.",en,Migrace checkoutu Shopify,platform_migration,"pokles Meta EMQ, drift atribuce",měsíce,"horší match rate a atribuce, dražší akvizice","plný audit po migraci (A1, B1, D2, A4)",ne,,E5-092
N5-025,2026-09-04,US,web s Cookiebot (CMP přestal být placen),reddit,https://www.reddit.com/r/GoogleAnalytics/comments/1p0tj24/ga4_traffic_s,"We stopped paying in May (banner stopped showing), just started paying again recently. In GA4, we saw a noticeable drop in traffic toward the end of June ... previously most of our traffic was categorized as Direct, and now the majority is showing as Unassigned. Today, GA4 shows ~231 users, which is way higher than what's realistic",en,Výpadek a obnova CMP rozhodila consent mode a atribuci,consent_change,"propad trafficu, pak Unassigned a nadhodnocení users",týdny–měsíce,neinterpretovatelná atribuce,B1/B3 kontrola CMP a consent defaults; C4 sledování Unassigned,ne,,E5-092
N5-026,2026-09-04,US,malý web (Squarespace 7.0→7.1),reddit,https://www.reddit.com/r/GoogleAnalytics/comments/1knu09n/ga4_reporting_90_drop_in_users_ss_an,"GA4 now shows a 90% drop in Users across all channels, however Squarespace Analytics shows normal traffic from Google. ... the result is only when I accept the Cookie banner. ... I've not added the basic consent mode snippet",en,Migrace šablony + cookie banner blokující GA4,platform_migration,srovnání s platformní analytikou a GSC,týdny,−90 % users v GA4,B1 consent mode po migraci; A1 QA,ne,,E5-091
N5-027,2026-09-04,US,e-shop (Meta Ads),reddit,https://www.reddit.com/r/GoogleAnalytics/comments/1kkp8zv/ga4_not_tracking_facebook_ads_revenue_correc,"Facebook Ads Manager is reporting high revenue and transactions, but GA4 attributes less than 20% of that. Same UTM structure, same funnel, same site.",en,Nesoulad atribuce Meta vs GA4,revenue_mismatch,srovnání reportů,průběžně,"nedůvěra v obě strany, spor o rozpočet",D5 vysvětlené srovnání atribučních modelů; sGTM/CAPI; 1-day click v Metě,ne,,E5-097
N5-028,2026-09-04,US,Shopify e-shop (~$290k/měs.),reddit,https://www.reddit.com/r/GoogleAnalytics/comments/1oqm0dx/ga4_missing_purchase_events_vs_shopify_any_ideas/,"For September 2025, Shopify reports ~850 purchases and ~$290K in revenue. In GA4, I'm only seeing ~655 purchases and ~$219K in revenue. ... I've noticed a 4-5 second delay from the payment gateway → Thank You page where GA4 triggers.",en,GA4 revenue −24 % vs. backend,revenue_mismatch,měsíční srovnání s Shopify,měsíc,~$71k neatribuované revenue/měs.,G2 pravidelné srovnání GA4 vs backend; purchase server-side/webhook; diff transaction_id,ne,,E5-097
N5-029,2026-09-04,US,klientský web po změně domény a systému,reddit,https://www.reddit.com/r/GoogleAnalytics/comments/1ntrua6/how_do_i_know_if_tracking_works_correctly/,"we recently switched the domain and the whole system. Now I am getting about 25% of visits from before. ... Microsoft Clarity, as well as Pirsch ... are showing way more traffic than GA4. The question now is... How do I know if GA4 tracking works correctly?",en,Migrace platformy a domény,platform_migration,srovnání s Clarity/Pirsch,týdny,"nejistota, zda −75 % je SEO nebo měření","A1 QA po migraci, srovnání se serverovými logy/backendem do 10 %",ne,,E5-091
N5-030,2026-09-04,US,e-shop s e-mail funnely,reddit,https://www.reddit.com/r/GoogleAnalytics/comments/1fftjnu/since_switching_to_ga4_our_utm_tracking_doesnt/,we have email funnels and used to be able to track how much revenue we made for each email using UTM tags. Now it's all marked as $0. I've been told this is due to modern day tracking and there's not much we can do.,en,UTM stripped / cross-domain po migraci na GA4,utm_chaos,report revenue per e-mail = 0,měsíce,nelze vyhodnotit e-mailové kampaně,"C3 cross-domain, D4 kontrola UTM přes landing page, záloha UTM do user properties",ne,,E5-091
N5-031,2026-09-04,US,Shopify e-shop s externí agenturou,reddit,https://www.reddit.com/r/shopify/comments/1n4xh83/google_youtube_app_is_breaking_my_ga4_events_no/,"As soon as GA4 is linked through the app, DebugView goes completely silent — no events show up. ... With the app connected, no purchase events fire → GA4 shows almost zero sales and no revenue. ... My marketing agency has launched campaigns, but I can't measure results",en,Konflikt nativní Shopify integrace a GTM,platform_migration,"DebugView, chybějící revenue",dny,kampaně bez měření výsledků,jednotná implementace přes GTM/dataLayer; A1 QA,ne,,E5-097
N5-032,2026-09-04,EU,"e-shop se sGTM + CAPI (Meta, Reddit, Pinterest)",reddit,https://www.reddit.com/r/GoogleTagManager/comments/1v3aex7/sgtm_sudden_drop_in_capi_events/,"about 10 days ago we noticed a sudden and notable drop in our CAPI numbers for almost all events, down to about 1/3 of their previous values. Importantly, the Pixel events have stayed completely stable ... u/Andrei_EastPeaks: If a payload is missing user identifiers, the HTTP status is still 200, but the event is silently discarded by the platform.",en,"Serverové eventy tiše zahazovány (200 OK, chybějící identifikátory)",ad_platform_change,srovnání CAPI vs Pixel po 10 dnech,~10 dní,"−66 % CAPI eventů, horší match",D2 monitoring poměru CAPI/Pixel a event match quality; G5 logy sGTM,ne,,E5-093
N5-033,2026-09-04,US,"solo dev, 5+ webů",reddit,https://www.reddit.com/r/GoogleTagManager/comments/1ryxkid/solo_dev_managing_gtm_across_5_sites_my_container/,"'GA4 - NEW (use this one)' 'GA4 test IGNORE' ...all inside the same container. I genuinely couldn't tell which ones were live, which were deprecated, or why past-me made three versions of the same tag.",en,Bez konvencí a dokumentace GTM,unknown_owner,při údržbě,-,strach cokoli měnit; mrtvé tagy,"A3 verzování a naming, A6 úklid, H2 živá dokumentace",ne,,E5-091
N5-034,2026-09-04,US,auditor GA4 (13 let),reddit,https://www.reddit.com/r/GoogleAnalytics/comments/1soc0r5/how_to_diagnose_ga4_when_something_looks_wrong/,the slow leaks (data that gradually degrades over weeks until someone looks at a trend line and realizes the numbers have been quietly wrong for a long time) ... most teams don't have a reliable changelog. Development deploys happen without analytics sign-off. GTM changes are made without documentation.,en,Diagnostika bez changelogu,gtm_change_dev,trendová linie 'vypadá divně',týdny,dlouhé hledání příčiny,"A3 changelog, H1 sign-off před deployem, GTM versions + GA4 change history",ne,,E5-091
N5-035,2026-09-04,US,malý e-shop (booking),reddit,https://www.reddit.com/r/GoogleAnalytics/comments/1bby3be/ga4_suddenly_stopped_tracking_purchases/,GA4 has suddenly stopped tracking purchases on my website during the weekend since Friday. ... I set up Facebook Pixel on GTM last Friday via Facebooks own tool. That's the only thing I can think of that I changed regarding GTM.,en,Cizí nástroj (Meta) upravil GTM a rozbil purchase trigger,gtm_change_dev,"po víkendu, purchase = 0",3 dny,ztracené purchase eventy,A3 kontrola cizích změn v GTM; G1 alert purchase=0,ne,,E5-093
N5-036,2026-09-04,US,"enterprise (18 domén, legacy dataLayer)",reddit,https://www.reddit.com/r/GoogleTagManager/comments/1qi3v21/google_ads_purchase_tags_stuck_on_still_running/,"If your Google Ads conversion tags suddenly stopped firing (stuck on 'Still running' in GTM Preview) starting around Friday, Jan 16th, it might be due to a silent update in how gtag.js handles ecommerce data. ... Even if it worked for years, it now causes the tag to hang indefinitely without failing.",en,Google tiše odstranil podporu UA-style items v Ads tagu,ad_platform_change,Ads přestaly hlásit konverze; GTM Preview 'Still running',4 dny,Ads konverze napříč weby; '4 hours of debugging',"C5/B3 sledování změn Google, A4 validace dataLayer proti GA4 schématu",ne,,E5-093
N5-037,2026-09-04,US,agentury (research vlákno),reddit,https://www.reddit.com/r/agency/comments/1vkvnhu/how_does_client_reporting_actually_work,"more than one agency told me a client caught a tracking or reporting error before they did. by the time it showed up as a complaint, it'd been broken for weeks and nobody thought to look because the dashboard 'looked fine.'",en,Rozbité měření objeví klient dřív než agentura,release_web,stížnost klienta,týdny,"ztráta důvěry, churn",proaktivní alerting + 'flag a problem before the client notices',ne,,E5-087
N5-038,2026-09-04,US,Shopify merchanti (týdenní dotazy),reddit,https://www.reddit.com/r/shopify/comments/1urnsf1/ga4_shows_fewer_purchases_than_shopify_heres,"Some version of 'GA4 shows 20-30% fewer purchases than Shopify' gets posted here every week, and the replies are usually one guess each - it's ad blockers, no it's consent, no you set it up wrong.",en,Chronický nesoulad GA4 vs Shopify,revenue_mismatch,srovnání s objednávkami,průběžně,nedůvěra v GA4,D5/G2 srovnání s tolerancí + server-side purchase z webhooku,ne,,E5-097
N5-039,2026-09-04,US,Shopify e-shop (nový),forum,https://community.shopify.com/t/ga4-suddenly-stopped-tracking-purchases/328192,hasn't recorded a purchase in over a week ... I can't figure out why.,en,GA4 přestalo zapisovat nákupy,platform_migration,ručně v reportech,> 1 týden,chybějící purchase data,G1 alert purchase=0,ne,,E5-098
N5-040,2026-09-04,US,Shopify merchanti (více obchodů),forum,https://community.shopify.com/t/incomplete-conversion-data-being-sent-to-google-and-facebook-shopify-sending-on-60-conversion-data/217797/24,Shopify sending on 60% conversion data ... Unresolved support ticket for 6 days with no response for 3 days,en,Změna Shopify (GTM přístup / thank_you redirect) snížila odesílané konverze,platform_migration,porovnání s objednávkami,dny–týdny,"40 % konverzí chybí v Ads/Meta, špatné učení kampaní",G2 denní srovnání konverzí vs. objednávky,ne,,E5-098
N5-041,2026-09-04,US,Shopify e-shop (UA→GA4 přes Google & YouTube app),forum,https://community.shopify.com/t/massive-drop-in-ga-tracking-accuracy-after-moving-to-google-channel/218648,we're now only tracking about 40% of purchase events ... This is having knock on effects on our PPC campaigns due to that purchase event being mapped to the Google Ads conversion event,en,Migrace na nativní integraci,platform_migration,vlastní analýza po migraci,týdny,60 % nákupů chybí; dopad na Google Ads bidding,A1 QA po migraci; G2 srovnání; vlastní purchase event s transaction ID,ne,,E5-098
N5-042,2026-09-04,US,"Shopify e-shop (checkout extensibility, 2 Ads účty)",forum,https://community.shopify.com/t/drop-in-conversion-rates-ga4-and-google-ads/346739,We are experiencing a drop in conversion reporting via GA4 & Google Ads since completing the checkout extensionability updates for Shopify.,en,Povinná migrace checkoutu bez přenesení pixelů do Customer Events,platform_migration,propad konverzí,týdny–měsíce (odpověď s řešením po 5 měsících),chybějící konverze v GA4 i Ads,"H1 konzultace před migrací, A1 QA po ní",ne,,E5-098
N5-043,2026-09-04,US,Shopify e-shop,forum,https://community.shopify.com/t/conversion-tracking-stopped-working/188978,I have been having metrics tracking issues with Shopify for a month now ... Really hurts optimizing with incomplete data.,en,Tagy na thank-you stránce nestřílí,platform_migration,testovací objednávky,měsíc,měsíc optimalizace na nekompletních datech,G1/G4 monitoring purchase tagu,ne,,E5-098
N5-044,2026-09-04,US,Shopify e-shop,forum,https://community.shopify.com/t/drop-in-sessions-after-changing-cookie-consent-banner/314768/4,if you now click the x and not dismiss or accept then nothing is recorded,en,Změna chování cookie lišty,consent_change,'further digging' po propadu sessions,týdny,propad měřených sessions,B1/B2 sledování consent rate a dopadu změn lišty,ne,,E5-098
N5-045,2026-09-04,EU,weby s novou cookie lištou,website,https://kukie.io/blog/google-analytics-traffic-drop-cookie-banner,User and session counts fall by 30-50% compared to the previous period. ... Real-time reports show an immediate decrease the day the banner goes live,en,Nasazení consent lišty,consent_change,reporty ihned po nasazení,den,−30–50 % měřených uživatelů; bez consent mode méně dat pro bidding,"B2 kvantifikace dopadu, consent mode v2 Advanced",ne,,E5-099
N5-046,2026-09-04,US,Google Ads inzerenti,website,https://adnanagic.com/blog/consent-mode-blocking-google-ads-conversions/,"Your Google Ads campaigns look healthy. Tag Assistant shows consent as 'granted.' No errors in GTM ... Yet your reported conversions are half of what they should be. ... Not immediately. Not with a clear error. Just quietly, over time",en,Nefunkční interakce s lištou = většina uživatelů bez rozhodnutí,consent_change,nesoulad konverzí,měsíce,polovina konverzí chybí,"B2 monitoring consent rate, redesign lišty, ověření 4 parametrů CMv2",ne,,E5-099
N5-047,2026-09-04,US,BQ-first týmy,website,https://www.optizent.com/blog/the-bigquery-audit-why-your-analytics-pipeline-might-be-built-on-missing-data/,"Date gaps sit silently in datasets ... every query, every model, every dashboard that references that date range inherits the gap without any indication something's wrong.",en,Výpadek exportu propadne do všech reportů,bq_export_gap,až při auditu,měsíce,všechny navazující modely a dashboardy s dírou,E1 denní kontrola distinct event_date / počtu řádků vs. klouzavý průměr,ano,,E5-040
N5-048,2026-09-04,US,majitelé GA4 property (obecně),website,https://www.optizent.com/blog/ga4-configuration-audit-the-settings-that-are-silently-breaking-your-reports/,the settings ... were probably configured once — during initial implementation — and haven't been touched since. Maybe that was six months ago. Maybe two years. Maybe the person who set it up left the company.,en,Ztráta vlastníka konfigurace,access_lost,-,roky,atribuce 'quietly shift credit between channels every single reporting day',"C1–C6 pravidelná hygiena property, H2 dokumentace",ne,,E5-039
N6-001,2026-09-04,GLOBAL,marketplace / e-shop velký,vendor_testimonial,https://metricswatch.com/alerts,"We recently experienced data loss that went unnoticed for several days, affecting dashboards, reports, and business decisions.",en,Web analytik evropského automotive marketplace; ztráta dat v GA4 bez povšimnutí (příčina neuvedena – kód odhad),release_web,až následně z dashboardů/reportů,několik dní,chybné reporty a rozhodnutí několik dní,alert na propad metrik do hodiny (koupili Metrics Watch),neuvedeno,tiché rozbití měření,E6-025
N6-002,2026-09-04,GLOBAL,enterprise / agentura,vendor_testimonial,https://www.trackingplan.com/,"You can have a perfectly implemented tag, in the right place, firing the right event — and still lose most of your data. If the timing is wrong relative to how real users behave on your specific traffic mix, it is operationally invisible until something makes you look at it differently.",en,"Havas Media Network; tag správně nasazen, ale timing vůči chování reálných uživatelů způsobí ztrátu většiny dat (kód nejbližší – nejde o release, ale o skrytou vadu implementace)",release_web,"náhodně, 'until something makes you look'",neurčeno (dlouho),ztráta většiny dat z tagu,"monitoring reálného provozu, ne jen debug v prohlížeči",neuvedeno,tiché rozbití měření,E6-063
N6-003,2026-09-04,GLOBAL,obecně,vendor_landing,https://www.trackingplan.com/pricing,"Tracking breaks all the time, especially after front-end changes, consent updates, or tag edits.",en,"Vendor pojmenovává tři nejčastější spouštěče: front-end změny, změny consentu, úpravy tagů",release_web,neuvedeno,neuvedeno,'Money burns when marketing data doesn't tell the true story',24/7 automatická detekce chyb,ne,tiché rozbití měření,E6-004
N6-004,2026-09-04,GLOBAL,e-shop malý/střední (sGTM),third_party_review,https://datascale.de/en/blog/stape-io-review-2026/,"A campaign launches, volume jumps, the plan no longer covers it...Without monitoring, you find out from accounting.",en,"Provoz sGTM na Stape; kampaň zvedne objem requestů nad kvótu plánu (kód nejbližší – překročení kvóty hostingu, ne BQ)",bq_cost_spike,z faktury/účtárny,měsíc (fakturační cyklus),"neplánované náklady, případně omezení služby",monitoring objemu requestů s alertem,ne,provozní náklady sGTM,E6-018
N6-005,2026-09-04,GLOBAL,e-shop malý/střední (sGTM),third_party_review,https://datascale.de/en/blog/stape-io-review-2026/,Three-day logs on Pro. That's tight for debugging. An attribution problem someone reports a week later can no longer be reconstructed.,en,Stape Pro uchovává logy 3 dny; klient nahlásí atribuční problém po týdnu a nelze ho dohledat,revenue_mismatch,stížnost klienta po týdnu,7+ dní,"nemožnost diagnózy, ztráta důvěry",delší retence logů / vlastní log sink do BQ,ne,chybějící historie pro diagnostiku,E6-018
N6-006,2026-09-04,GLOBAL,agentura / SMB,review_site,https://www.getapp.com/business-intelligence-analytics-software/a/supermetrics/reviews/,Loses connection multiple times,en,Supermetrics konektor do reportů opakovaně ztrácí připojení ke zdroji,connector_token,dashboard bez dat / ruční zjištění,neuvedeno,"zastavené reporty, ruční re-autorizace",alert na neúspěšný přenos + rutina re-autorizace,ne,rozbitý konektor,E6-058
N6-007,2026-09-04,GLOBAL,enterprise,review_site,https://www.capterra.com/p/156573/WebAssurance/,Frequent web journey failures in production without any change in scripts,en,ObservePoint syntetické journeys padají bez změny skriptu – falešné poplachy (kód nejbližší; navrhnout nový kód tool_noise),release_web,alert z nástroje,okamžitě (falešně),"čas na triáž falešných alertů, únava z alertů","člověk, který alerty třídí a udržuje testovací scénáře",ne,alertová únava / falešné poplachy,E6-056
N6-008,2026-09-04,GLOBAL,enterprise,review_site,https://www.capterra.com/p/156573/WebAssurance/,You get informed in advance if any of your analytics tagging break in production,en,Důvod nákupu ObservePoint: dozvědět se o rozbitém taggingu v produkci dřív než z čísel,release_web,alert z nástroje,minuty–hodiny,(prevence) – bez nástroje by se zjistilo z reportů,tag monitoring / syntetické průchody,ne,tiché rozbití měření,E6-056
N6-009,2026-09-04,GLOBAL,SMB / agentura,vendor_landing,https://www.nicelookingdata.com/pricing,A tag fires in GTM but no key event is configured in GA4... These are the most expensive analytics bugs to track down manually,en,"Nesoulad mezi GTM a GA4 konfigurací: tag odesílá event, ale v GA4 není označen jako klíčová událost → konverze se nepočítají (kód nejbližší – nekoordinovaná změna konfigurace)",gtm_change_dev,ruční audit / cross-check nástroje,neuvedeno,chybějící konverze pro Ads/GA4 reporty,automatický cross-check GTM ↔ GA4 (NLD 3 cross-checky),ne,konfigurační drift GA4/GTM,E6-044
N6-010,2026-09-04,GLOBAL,e-shop střední,vendor_testimonial,https://metricswatch.com/alerts,"With MetricsWatch, we are alerted within an hour if any of our key performance indicators are out of variance... The alerts have helped us quickly identify issues with ad campaigns, payment gateways, and product availability, saving us time and money.",en,"Vari (e-commerce, VP): alert na odchylku KPI odhalil i problémy platební brány a dostupnosti produktů – nejde o měření, ale alerting nad GA4 je zachytil (kód nejbližší)",revenue_mismatch,alert do hodiny,do 1 h,ušetřený čas a tržby,alerting nad klíčovými KPI každých 5–15 min,ne,byznys anomálie zachycená analytikou,E6-025
N6-011,2026-09-04,GLOBAL,obecně (BQ klient),google_docs,https://support.google.com/analytics/answer/9358801,"Typically exports mid-afternoon in your property's timezone, but can be delayed until later in the day or the next day.",en,Denní export GA4 → BQ přijde pozdě nebo až další den; Google o tom neinformuje,bq_export_gap,až z prázdného reportu / scheduled query bez dat,hodiny–1 den,"ranní reporty bez dat, rozbité navazující dotazy",vlastní scheduled query kontrolující existenci tabulky + Pub/Sub/e-mail,ano,výpadek exportu,E6-052
N6-012,2026-09-04,GLOBAL,e-shop malý/střední (sGTM),third_party_blog,https://usehardal.com/blog/stape-pricing,Script loads consume quota — Each page load burns requests before conversions fire … One container = one site — Multiple domains require separate subscriptions (5 sites = 5× the cost),en,Kvóta sGTM hostingu se spotřebovává i načítáním gtm.js/gtag.js a boty; více webů = více předplatných (kód nejbližší – náklady infrastruktury),bq_cost_spike,z faktury,měsíc,vyšší náklady než plán,"správa kvót/bot filtr, konsolidace kontejnerů",ne,provozní náklady sGTM,E6-017
N6-013,2026-09-04,GLOBAL,obecně,vendor_landing,https://taggrs.io/prices/,"Ad blockers, browser restrictions, and cookies drop up to 60% of events",en,"Vendor tvrzení (marketing, neověřeno): ztráta až 60 % eventů kvůli blokování v prohlížeči",browser_change,porovnáním s backendem,průběžně,"podhodnocené konverze, horší optimalizace kampaní ('Every missing event is a missed ROAS optimization')",server-side tracking,ne,ztráta dat prohlížečem,E6-016
N6-014,2026-09-04,GLOBAL,agentura / BQ klient,vendor_docs,https://fivetran.com/docs/using-fivetran/fivetran-dashboard/alerts,Data source connection problem … Destination connection problem … Transformation auto-pausing due to repeated failures,en,"Katalog toho, co v konektorech do DWH selhává: přihlášení ke zdroji, destinace, konfigurace, opakované pády transformací",connector_token,e-mail alert od Fivetranu,minuty–hodiny,zastavená pipeline do BQ,"alert + člověk, který re-autorizuje a opraví konfiguraci",ano,rozbitý konektor,E6-068
N6-015,2026-09-04,GLOBAL,e-shop (Shopify),vendor_docs,https://docs.getelevar.com/docs/monitoring-overview,Channel Accuracy Report … Email Alerts … Server Events Log … Error Directory,en,Konverze doručené do GA4/Meta/Google Ads/Klaviyo se rozcházejí s objednávkami v Shopify – Elevar to řeší jako hlavní monitoring funkci s e-mail alertem,revenue_mismatch,e-mail alert / Channel Accuracy report,denně,"podhodnocené konverze v ad platformách, horší bidding",porovnání backend objednávek vs. per-kanál konverzí,ne,rozjetí GA4/ads vs. backend,E6-066
N7-001,2026-09-04,GLOBAL,agency,linkedin,https://www.linkedin.com/posts/zobaer-morshed_conversiontracking-googletagmanager-ga4-activity-7481745107356934144-r-c7,"The redesign ships. The client signs off happy. Then two weeks later the leads ""drop."" Except they didn't drop. They just stopped being counted.",en,Redesign webu dodaný agenturou,release_web,klient hlásí pokles leadů,~2 týdny,"ztracená konverzní data z prvních týdnů po launchi, spor agentura vs. klient",A1;H1;A4,unknown,Purchase potichu přestal chodit po releasu/změně checkoutu,E7-101
N7-002,2026-09-04,GLOBAL,agency,linkedin,https://www.linkedin.com/posts/zobaer-morshed_conversiontracking-googletagmanager-ga4-activity-7481745107356934144-r-c7,"The GTM container survives the rebuild. What changes is everything it was listening for underneath - button classes, form IDs, URLs, the dataLayer.",en,Redesign webu,release_web,až z poklesu leadů,2 týdny,"triggery na neexistující třídy/ID, formuláře a thank-you URL",A1;A4;H1,unknown,Purchase potichu přestal chodit po releasu/změně checkoutu,E7-101
N7-003,2026-09-04,GLOBAL,b2b_leadgen,linkedin,https://www.linkedin.com/posts/zobaer-morshed_conversiontracking-googletagmanager-ga4-activity-7481745107356934144-r-c7,Developers rebuild the front end and drop the dataLayer. Variables return undefined. This one kills value and e-commerce tracking.,en,Přestavba frontendu vývojáři,release_web,až z reportů,týdny,ztráta hodnoty konverzí a e-commerce dat,A4;H1;A1,unknown,Někdo sáhl do GTM/dataLayeru bez koordinace,E7-101
N7-004,2026-09-04,GLOBAL,b2b_leadgen,linkedin,https://www.linkedin.com/posts/zobaer-morshed_conversiontracking-googletagmanager-ga4-activity-7481745107356934144-r-c7,Half of lead tracking is a URL trigger on /thank-you. Rename it to /thanks and the conversion stops counting.,en,Změna URL děkovné stránky při releasu,release_web,až z poklesu konverzí,týdny,"Google Ads bez konverzí, optimalizace naslepo",A1;H1;G1,unknown,Purchase potichu přestal chodit po releasu/změně checkoutu,E7-101
N7-005,2026-09-04,GLOBAL,eshop_small,forum,https://community.shopify.com/t/issue-completed-checkout-not-tracking-in-analytics-using-hydrogen/575542,"For the last two weeks, the ""Completed Checkout"" metric has completely stopped tracking",en,"Shopify Hydrogen storefront, změna thank-you page",release_web,v dashboardu (jiné metriky OK),2 týdny,chybí konverzní krok funnelu,A1;G1;A4,no,Purchase potichu přestal chodit po releasu/změně checkoutu,E7-010
N7-006,2026-09-04,GLOBAL,eshop_small,forum,https://community.shopify.com/t/ga4-tracking-additional-google-analytics-events/204574,In debugging I can see they are being fired but the GA4 reports stay empty,en,Checkout eventy po úpravě měření,release_web,porovnání GTM preview vs. GA4 report,1+ týden,chybí begin_checkout/add_payment_info v GA4,A1;A4;H3,no,Purchase potichu přestal chodit po releasu/změně checkoutu,E7-019
N7-007,2026-09-04,GLOBAL,eshop_small,forum,https://wordpress.org/support/topic/purchase-event-not-appearing-on-ga4/,"The tag is still successfully firing on GTM, but no Purchase event is visible on GA4",en,"WooCommerce + GTM Kit, po měsíci provozu",release_web,porovnání GTM vs. GA4,týdny,"purchase chybí v GA4, příčina nenalezena",A4;G1;H3,no,Purchase potichu přestal chodit po releasu/změně checkoutu,E7-152
N7-008,2026-09-04,GLOBAL,eshop_small,support_community,https://support.google.com/analytics/thread/344260412/,GA4 not showing purchase revenue after website redesign – need help fixing it.,en,Redesign webu,release_web,GA4 reporty bez revenue,neuvedeno,ztráta revenue dat po redesignu,A1;H1;G1,no,Purchase potichu přestal chodit po releasu/změně checkoutu,E7-153
N7-009,2026-09-04,GLOBAL,eshop_small,forum,https://community.shopify.com/t/tracking-issues-sales-misattributed-as-direct/369537,noticed it more after updating our theme last month,en,Aktualizace šablony Shopify + custom checkout,release_web,atribuce většiny prodejů jako direct,~6 měsíců,kampaně Meta/Ads/GA4 nelze vyhodnotit,A1;C4;G3,no,Kampaně spadly do Direct / (not set) – atribuce slepá,E7-018
N7-010,2026-09-04,EU,b2b_leadgen,linkedin,https://de.linkedin.com/posts/annett-bonkowski-2287061b0_wenn-dein-google-ads-conversion-tracking-activity-7459178952708956162-E_KV,"Ein Kunde wunderte sich, warum Klicks auf seinen WhatsApp-Button nicht mehr in Google Ads auftauchen. Der Button funktionierte. Das Tracking war eingerichtet. Trotzdem: 0 Conversions.",de,"Změna URL tlačítka (+ v předvolbě), trigger v GTM nesedí",release_web,klient si všiml 0 konverzí v Ads,týdny,Google Ads bez lead konverzí,A1;A4;G1,no,Purchase potichu přestal chodit po releasu/změně checkoutu,E7-102
N7-011,2026-09-04,EU,b2b_leadgen,linkedin,https://de.linkedin.com/posts/annett-bonkowski-2287061b0_wenn-dein-google-ads-conversion-tracking-activity-7459178952708956162-E_KV,"Das „+"" vor der Ländervorwahl fehlte im Trigger. Ergebnis: Der Tag wurde nicht ausgelöst.",de,Drobná změna na webu vs. trigger,release_web,audit,týdny,0 konverzí,A1;A4,no,Purchase potichu přestal chodit po releasu/změně checkoutu,E7-102
N7-012,2026-09-04,US,saas_marketplace,case_study,https://redclawey.com/en/cases/tracking-gap-multi-saas/,The GA4 migration had been completed by an external contractor six months prior. No post-migration audit had been conducted.,en,B2B SaaS po migraci GA4 externistou,release_web,VP marketingu při přípravě na board (blended CPA nesedí),75 dní,60 000 USD spendu přes 3 platformy na rozbitých datech,A1;A4;D5;G2;H2,unknown,Smart Bidding týdny optimalizuje na rozbitá data (slepý spend),E7-104
N7-013,2026-09-04,US,saas_marketplace,case_study,https://redclawey.com/en/cases/tracking-gap-multi-saas/,The second hop...had a server-side redirect rule...that stripped all query parameters from the URL.,en,Redirect chain track → www → try,release_web,až reconciliací CRM vs. GA4 vs. platformy,75 dní,"kampaně bez UTM, atribuce direct",D4;C4;G3,unknown,Kampaně spadly do Direct / (not set) – atribuce slepá,E7-104
N7-014,2026-09-04,US,saas_marketplace,case_study,https://redclawey.com/en/cases/tracking-gap-multi-saas/,"All three were firing the ""sign_up"" event",en,GTM + přímý GA4 snippet + marketing automation,gtm_change_dev,reconciliace,75 dní,trojnásobně počítané konverze,A6;A4;D5,unknown,Fake a duplicitní konverze nafukují čísla,E7-104
N7-015,2026-09-04,GLOBAL,agency,forum,https://community.shopify.com/t/ga4-purchase-event-not-being-fired-during-checkout/342255,"Essentially, the purchase event stopped firing since 15th of July.",en,Shopify deprekoval checkout scripts (thank-you page),platform_migration,"chybějící purchase v GA4, ostatní eventy OK",~9 dní,GA4 bez nákupů u více obchodů,A1;G1;C5,no,Platforma změnila pravidla pod nohama (Shopify/Shoptet/Google/Meta),E7-001
N7-016,2026-09-04,GLOBAL,agency,forum,https://community.shopify.com/t/ga4-purchase-event-not-being-fired-during-checkout/342255,"the issue was not in the scripts, but rather in the fact that Shopify deprecated the checkout scripts and with them, the Thank You page and Order summary pages",en,Deprekace checkout scriptů Shopify,platform_migration,hledání příčiny,~10 dní,nutné publikovat nové Thank you/Order status pages,B3;C5;H1,no,Platforma změnila pravidla pod nohama (Shopify/Shoptet/Google/Meta),E7-001
N7-017,2026-09-04,GLOBAL,eshop_small,forum,https://community.shopify.com/t/drop-in-conversion-rates-ga4-and-google-ads/346739,We are experiencing a drop in conversion reporting via GA4 & Google Ads since completing the checkout extensionability updates for Shopify.,en,Upgrade na checkout extensibility,platform_migration,propad konverzí v GA4 a Ads,dny–týdny,méně konverzí pro Smart Bidding,A1;B1;D1,no,Platforma změnila pravidla pod nohama (Shopify/Shoptet/Google/Meta),E7-003
N7-018,2026-09-04,GLOBAL,eshop_small,forum,https://community.shopify.com/t/drop-in-conversion-rates-ga4-and-google-ads/346739,Its possible that your earlier integration with GA4 and Google ads did not comply with the user's cookie consent and since now you have migrated to Customer events where the pixel tracking is protected by the user's cookie consent by default.,en,Nový systém Customer Events respektuje consent,consent_change,vysvětlení z komunity,–,část konverzí legálně neměřitelná,B1;B2;D1,no,Cookie lišta potichu vypnula měření a Ads konverze,E7-003
N7-019,2026-09-04,GLOBAL,eshop_small,forum,https://community.shopify.com/t/conversion-tracking-has-stopped-working/413822,"I've made no changes to my Gtag or anything like that. However, for some reason, my conversion tracking is no longer working.",en,Shopify vypnul additional scripts,platform_migration,konverze přestaly chodit,neuvedeno,Ads bez organických i placených konverzí,B3;C5;G1,no,Platforma změnila pravidla pod nohama (Shopify/Shoptet/Google/Meta),E7-009
N7-020,2026-09-04,GLOBAL,eshop_small,forum,https://community.shopify.com/t/conversion-tracking-has-stopped-working/413822,Google announced you need to update the tracking...Shopify made changes where additional script no longer work.,en,Změna platformy ohlášená Googlem,platform_migration,komunita,–,nutná reimplementace měření,B3;H2,no,Platforma změnila pravidla pod nohama (Shopify/Shoptet/Google/Meta),E7-009
N7-021,2026-09-04,GLOBAL,eshop_mid,forum,https://community.shopify.com/t/google-ads-conversion-value-not-updating-after-migrating-to-shopify/571974,"Since the migration, everything in Google Ads still records - clicks, impressions, costs - but the conversion value stopped updating correctly",en,Migrace e-shopu na Shopify,platform_migration,Ads: 'Needs attention' / 'Tag inactive',2+ týdny,"hodnota konverzí chybí, optimalizace kampaní trpí",A1;D1;A6,no,Platforma změnila pravidla pod nohama (Shopify/Shoptet/Google/Meta),E7-011
N7-022,2026-09-04,GLOBAL,eshop_mid,forum,https://community.shopify.com/t/google-ads-conversion-value-not-updating-after-migrating-to-shopify/571974,We also have found duplicates tags using Chrome Tag Assistant - but no success on finding it in theme code,en,Po migraci duplicitní tagy,gtm_change_dev,Tag Assistant,2+ týdny,riziko dvojího počítání,A6;A3,no,Fake a duplicitní konverze nafukují čísla,E7-011
N7-023,2026-09-04,GLOBAL,agency,forum,https://community.shopify.com/t/meta-reporting-fewer-purchases-than-shopify-after-the-aug-26-checkout-upgrade-is-anyone-else-seeing-this/672772,since the checkout extensibility upgrade on the 26th a few of them have stopped agreeing with each other,en,26.8.2026 Shopify vypnul Additional Scripts pro non-Plus,platform_migration,porovnání Meta vs. Shopify u více obchodů,dny,"Meta hlásí méně nákupů, horší match quality",D2;D5;G2,no,Platforma změnila pravidla pod nohama (Shopify/Shoptet/Google/Meta),E7-015
N7-024,2026-09-04,GLOBAL,agency,forum,https://community.shopify.com/t/meta-reporting-fewer-purchases-than-shopify-after-the-aug-26-checkout-upgrade-is-anyone-else-seeing-this/672772,The gap is small enough that you would miss it unless you put the two numbers side by side,en,Po upgradu checkoutu,platform_migration,jen při vědomém srovnání,–,tichý pokles kvality dat,D5;G2,no,"GA4 vs. backend se rozjely a nikdo neví, co je normální",E7-015
N7-025,2026-09-04,GLOBAL,agency,forum,https://community.shopify.com/t/meta-reporting-fewer-purchases-than-shopify-after-the-aug-26-checkout-upgrade-is-anyone-else-seeing-this/672772,Aug 26 killed Additional Scripts on Thank You / Order status for non-Plus,en,Deadline Shopify,platform_migration,–,–,purchase eventy 'went quiet',B3;A1;H2,no,Platforma změnila pravidla pod nohama (Shopify/Shoptet/Google/Meta),E7-015
N7-026,2026-09-04,GLOBAL,eshop_mid,forum,https://community.shopify.com/t/meta-reporting-fewer-purchases-than-shopify-after-the-aug-26-checkout-upgrade-is-anyone-else-seeing-this/672772,CPA did start drifting up for us before the reporting dashboards actually showed anything wrong,en,Po upgradu checkoutu,platform_migration,růst CPA v kampaních,dny,Smart Bidding reaguje dřív než reporting,G1;G2;D5,no,Smart Bidding týdny optimalizuje na rozbitá data (slepý spend),E7-015
N7-027,2026-09-04,GLOBAL,eshop_mid,forum,https://community.shopify.com/t/meta-reporting-fewer-purchases-than-shopify-after-the-aug-26-checkout-upgrade-is-anyone-else-seeing-this/672772,"sees today's conversions today, and when fewer of them arrive it reads that as demand softening and reprices within hours",en,Výpadek konverzí vs. Smart Bidding,platform_migration,–,hodiny,algoritmus přeceňuje během hodin,G1;D1,no,Smart Bidding týdny optimalizuje na rozbitá data (slepý spend),E7-015
N7-028,2026-09-04,GLOBAL,eshop_small,forum,https://community.shopify.com/t/incomplete-conversion-data-being-sent-to-google-and-facebook-shopify-sending-on-60-conversion-data/217797,the number of conversion data being sent to facebook and google dropped to 60%,en,Změna Shopify 12.5.2023 19:00 GMT,platform_migration,porovnání konverzí Ads/Meta vs. objednávky,~9 dní,40 % konverzí chybí v obou platformách,D5;G2;D1;D2,no,Platforma změnila pravidla pod nohama (Shopify/Shoptet/Google/Meta),E7-006
N7-029,2026-09-04,GLOBAL,eshop_small,forum,https://community.shopify.com/t/incomplete-conversion-data-being-sent-to-google-and-facebook-shopify-sending-on-60-conversion-data/217797,google thinks my site is now not performing well so I have had to lower my TROAS goal,en,Chybějící konverze do Google Ads,platform_migration,výkon kampaní,týdny,"nutnost snížit tROAS, horší bidding",D1;G1,no,Smart Bidding týdny optimalizuje na rozbitá data (slepý spend),E7-006
N7-030,2026-09-04,GLOBAL,agency,forum,https://community.shopify.com/t/incomplete-conversion-data-being-sent-to-google-and-facebook-shopify-sending-on-60-conversion-data/217797,we are also facing this same issue in more then 20 stores,en,Změna platformy napříč klienty,platform_migration,agentura,3 týdny,20+ obchodů s neúplnými konverzemi,D5;G2;H5,no,Platforma změnila pravidla pod nohama (Shopify/Shoptet/Google/Meta),E7-006
N7-031,2026-09-04,GLOBAL,eshop_small,forum,https://community.shopify.com/t/incomplete-conversion-data-being-sent-to-google-and-facebook-shopify-sending-on-60-conversion-data/217797,"Shopify support blames it on Facebook, Facebook support blames it on Shopify",en,Hledání viníka,platform_migration,–,3 týdny bez řešení,"nikdo neřeší, klient sám",G7;H5,no,Platforma změnila pravidla pod nohama (Shopify/Shoptet/Google/Meta),E7-006
N7-032,2026-09-04,GLOBAL,eshop_small,forum,https://community.shopify.com/t/huge-amount-of-orders-not-showing-any-conversion-details/276968,a huge amount of orders (anywhere between 40-60% daily) have suddenly stopped showing any conversion details,en,Změna backendu Shopify 9.11.2023 (GDPR),platform_migration,chybějící atribuce u objednávek,týdny,40–60 % objednávek bez zdroje,C4;G3;D5,no,Kampaně spadly do Direct / (not set) – atribuce slepá,E7-026
N7-033,2026-09-04,GLOBAL,eshop_small,forum,https://community.shopify.com/t/huge-amount-of-orders-not-showing-any-conversion-details/276968,virtually everything is showing as Direct in the source/medium reports,en,Změna backendu Shopify,platform_migration,reporty zdroj/medium,týdny,'a massive knock-on effect on our revenue attribution and paid marketing targets',C4;G3,no,Kampaně spadly do Direct / (not set) – atribuce slepá,E7-026
N7-034,2026-09-04,GLOBAL,eshop_mid,forum,https://community.shopify.com/t/shopify-conversions-90-direct-since-5-days/366519,"In the past few days, 90% of all conversions are being incorrectly attributed as 'direct' traffic in Shopify Analytics",en,Přechod na nové Shopify Pixels u 5 obchodů,platform_migration,atribuce v Shopify Analytics,dny,"90 % konverzí direct, GA4/Ads OK",C4;D5;G3,no,Kampaně spadly do Direct / (not set) – atribuce slepá,E7-017
N7-035,2026-09-04,GLOBAL,eshop_small,forum,https://community.shopify.com/t/tracking-issues-sales-misattributed-as-direct/369537,We were using a custom checkout (GoKwik) which was causing this issue,en,Custom checkout třetí strany,platform_migration,až po roce hledání,~12 měsíců,rok bez spolehlivé atribuce,A1;C3;H3,no,Kampaně spadly do Direct / (not set) – atribuce slepá,E7-018
N7-036,2026-09-04,GLOBAL,eshop_small,forum,https://community.shopify.com/t/google-analytics-data-deleted/576935,data not only was not being tracked at all but data was completely deleted from September,en,GA4 ID vypadlo z Google & YouTube app,platform_migration,kontrola po víkendovém výprodeji,~2 měsíce,'I'm devastated that I have no data from our biggest sale of the year',G1;C6;F3,no,Purchase potichu přestal chodit po releasu/změně checkoutu,E7-004
N7-037,2026-09-04,GLOBAL,eshop_small,forum,https://community.shopify.com/t/google-analytics-data-deleted/576935,Only about a month ago I was creating reports and pouring over data in GA4,en,Výpadek měření mezi reporty,platform_migration,až při dalším reportu,~1–2 měsíce,chybí data z Black Friday,G1;F3,no,Purchase potichu přestal chodit po releasu/změně checkoutu,E7-004
N7-038,2026-09-04,GLOBAL,eshop_small,forum,https://community.shopify.com/t/google-ads-conversions-not-showing-in-dashboard-with-google-youtube-app-integration/353171,"We can see tags firing, but the conversions are not reported on the dashboard or at the campaign level.",en,Google & YouTube app + ScriptTags na order status,platform_migration,porovnání GTM debug vs. Ads,dny–týdny,purchase konverze nechodí do Ads,D1;A1;G1,no,Platforma změnila pravidla pod nohama (Shopify/Shoptet/Google/Meta),E7-025
N7-039,2026-09-04,GLOBAL,agency,forum,https://community.shopify.com/t/google-ads-conversions-not-showing-in-dashboard-with-google-youtube-app-integration/353171,Order status page ScriptTags went off for Plus in August 2025 and for non-Plus on 26 August 2026.,en,Dva deadliny Shopify,platform_migration,–,–,pixely na order status page přestaly pálit,B3;H2;A1,no,Platforma změnila pravidla pod nohama (Shopify/Shoptet/Google/Meta),E7-025
N7-040,2026-09-04,GLOBAL,eshop_small,forum,https://community.shopify.com/t/google-tag-not-connecting-when-using-google-and-youtube-app/236275,Conversions were being tracked perfectly until last week on google analytics however now google tag manager is saying that the tag is not connected.,en,Google & YouTube app / Google tag,platform_migration,GTM hlásí nepřipojený tag,~1 týden,konverze nechodí,C6;G4;G1,no,Platforma změnila pravidla pod nohama (Shopify/Shoptet/Google/Meta),E7-020
N7-041,2026-09-04,EU,eshop_small,forum,https://community.shopify.com/t/google-ads-conversion-tracking-funktioniert-nicht-mehr/94991,"Von einem Tag auf den anderen sind alle Tags als 'inaktiv' gekennzeichnet und auch der Google Tag Assistant zeigt an, dass kein Google Ads Conversion Tracking im Shop installiert ist.",de,Google Channel App (Shopify) přestala vkládat snippety,platform_migration,Ads: tagy inaktiv,dny,"'uns geht gerade ordentlich Umsatz durch die Lappen, da die Conversions keinen Kampagnen mehr zugeordnet werden.'",D1;G1;G7,no,Platforma změnila pravidla pod nohama (Shopify/Shoptet/Google/Meta),E7-028
N7-042,2026-09-04,EU,eshop_small,forum,https://community.shopify.com/t/google-ads-conversion-tracking-funktioniert-nicht-mehr/94991,Bis 8. Mai wurden täglich etwa 10-12 Conversions in Google Ads getrackt. Nach dem 8. Mai plötzlich nur noch 1-2 ohne Änderungen an den Google Ads Kampagnen.,de,Změna platformy květen 2023,platform_migration,pokles denních konverzí,~2 měsíce (post 9.7.),z 10–12 na 1–2 a pak 0 konverzí/den,G1;D1;D5,no,Platforma změnila pravidla pod nohama (Shopify/Shoptet/Google/Meta),E7-028
N7-043,2026-09-04,CZ,eshop_small,forum,https://partneri.shoptet.cz/poptavka/chybna-neexistujici-data-v-ga4-vs-realne-nakupy/,Od 1. července se přestaly zobrazovat nákupy v GA4,cs,"Konec Universal Analytics, nové GA4 property",platform_migration,GA4 bez nákupů,~4 týdny (poptávka 27.7.),měsíc bez e-commerce dat,A1;C1;G1,no,Platforma změnila pravidla pod nohama (Shopify/Shoptet/Google/Meta),E7-116
N7-044,2026-09-04,CZ,eshop_small,blog,https://blog.shoptet.cz/google-analytics-4/,po nasazení měření jsme dostali několik hlášení ohledně problémů s měření a proto jsme úpravu dočasně pozastavili.,cs,Shoptet změnil integrované GA4 měření (12/2023),platform_migration,hlášení e-shopařů,dny–týdny,platforma sama mění měření bez souhlasu e-shopu,C5;H2;A1,no,Platforma změnila pravidla pod nohama (Shopify/Shoptet/Google/Meta),E7-133
N7-045,2026-09-04,CZ,eshop_small,blog,https://blog.shoptet.cz/google-analytics-4/,"Nasadil jsem si vlastní dimenzi, jenže i po týdnu v ní mám (not set).",cs,Nová vlastní dimenze na Shoptetu,platform_migration,GA4 report (not set),1 týden,dimenze nepoužitelná,C1;A4;H3,no,Platforma změnila pravidla pod nohama (Shopify/Shoptet/Google/Meta),E7-108
N7-046,2026-09-04,GLOBAL,eshop_small,forum,https://community.shopify.com/t/drop-in-sessions-after-changing-cookie-consent-banner/314768,if you now click the x and not dismiss or accept then nothing is recorded,en,"Nová cookie lišta (Pandectes, CMv2)",consent_change,propad sessions ~40 %,dny,40 % návštěv neměřeno,B1;B2;G3,no,Cookie lišta potichu vypnula měření a Ads konverze,E7-002
N7-047,2026-09-04,GLOBAL,eshop_small,forum,https://community.shopify.com/t/shopify-analytics-is-not-working-also-messing-up-our-meta-pixel-data/360218,Our shopify analytics dashboard is completely messed up for the last two weeks.,en,Cookie lišta (customer privacy) rozbila analytiku i Meta pixel,consent_change,dashboard,2 týdny,'We are completely lost and blind on which ads to kill/scale and how to run our store',B1;G1;G7,no,Cookie lišta potichu vypnula měření a Ads konverze,E7-013
N7-048,2026-09-04,GLOBAL,eshop_small,forum,https://community.shopify.com/t/shopify-analytics-is-not-working-also-messing-up-our-meta-pixel-data/360218,Seemed to have been the privacy cookie banner. We set it up as 'automated' by shopify again and now analytics is running correctly again.,en,Oprava lišty,consent_change,pokus/omyl,2+ týdny,řešení až po 2 týdnech slepoty,B1;G7,no,Cookie lišta potichu vypnula měření a Ads konverze,E7-013
N7-049,2026-09-04,GLOBAL,eshop_mid,forum,https://community.shopify.com/t/analytics-discrepancy-orders-vs-sessions-with-completed-checkout-caused-by-cookie-banner/391432,tracked to orders at around 98% accuracy. Since Pandectes implementation it has tracked to 55-65% accuracy,en,Nasazení Pandectes v listopadu,consent_change,porovnání sessions s checkoutem vs. objednávky,~3 měsíce (post 31.1.),přesnost z 98 % na 55–65 %,B2;D5;G2,no,Cookie lišta potichu vypnula měření a Ads konverze,E7-014
N7-050,2026-09-04,GLOBAL,eshop_small,forum,https://community.shopify.com/t/analytics-discrepancy-orders-vs-sessions-with-completed-checkout-caused-by-cookie-banner/391432,suddenly since around January 2025.. The difference between 'Sessions converted' and 'Total Orders' became much bigger ( around 50% difference ),en,Změna checkoutu/consentu,consent_change,porovnání metrik,~2 měsíce,50 % rozdíl,D5;G2;B2,no,"GA4 vs. backend se rozjely a nikdo neví, co je normální",E7-014
N7-051,2026-09-04,GLOBAL,agency,forum,https://community.shopify.com/t/drop-in-tracked-ga4-ads-socials-conversions-since-august/556234,"Since August 1 we see a sudden 40 - 80% drop in tracked conversions within GA4, Google Ads, Meta and other channels.",en,Cookiebot změnil Shopify integraci (předávání consentu do custom pixels),consent_change,porovnání napříč účty,~11 dní,40–80 % konverzí chybí ve všech platformách,B1;B3;G1;D5,no,Cookie lišta potichu vypnula měření a Ads konverze,E7-022
N7-052,2026-09-04,GLOBAL,agency,forum,https://community.shopify.com/t/drop-in-tracked-ga4-ads-socials-conversions-since-august/556234,"The result is that your tags fire before cookiebot reports the consent decision, so they run in 'denied' mode even when the user accepted.",en,Race condition CMP vs. tagy,consent_change,root cause až 4/2026,~8 měsíců do vysvětlení,tagy v denied módu i při souhlasu,B1;B3;A4,no,Cookie lišta potichu vypnula měření a Ads konverze,E7-022
N7-053,2026-09-04,GLOBAL,eshop_small,forum,https://community.shopify.com/t/google-ads-conversions-dropping-disappearing-after-january-shopify-tracking-issue/608395,Has anyone else experienced Google Ads conversions being recorded and then later disappearing? I've been running into this issue frequently since January this year.,en,Consent mode v2 + nativní Shopify lišta,consent_change,konverze mizí zpětně,~3 měsíce,"z ~40 konverzí na 80 objednávek na 16; 'seriously affecting my CPA and ROAS reporting in Google Ads, making it difficult to scale or confidently increase ad spend'",B1;B2;D1;G2,no,Cookie lišta potichu vypnula měření a Ads konverze,E7-023
N7-054,2026-09-04,GLOBAL,eshop_small,forum,https://community.shopify.com/t/google-ads-conversions-dropping-disappearing-after-january-shopify-tracking-issue/608395,shopify's native cookie banner doesn't fully pass google's required consent signals,en,Nativní lišta vs. požadavky Googlu,consent_change,komunita,–,"Ads modeluje méně, konverze mizí",B1;B3,no,Cookie lišta potichu vypnula měření a Ads konverze,E7-023
N7-055,2026-09-04,EU,agency,linkedin,https://www.linkedin.com/posts/miketeasdale_i-got-a-call-last-august-from-a-client-whose-share-7445391848573005827-wT9y/,I got a call last August from a client whose Google Ads conversions had dropped 90% overnight. They hadn't changed their campaigns.,en,Vymáhání CMv2 od 21.7.2025 (UK/EEA),consent_change,klient volal kvůli propadu,dny (pak 2 dny diagnostiky),"−90 % konverzí, CPA nahoru",B1;B3;G1;G7,unknown,Cookie lišta potichu vypnula měření a Ads konverze,E7-099
N7-056,2026-09-04,EU,agency,linkedin,https://www.linkedin.com/posts/miketeasdale_i-got-a-call-last-august-from-a-client-whose-share-7445391848573005827-wT9y/,This client had a consent banner. It looked compliant. But the banner was collecting consent without passing it back to Google.,en,Lišta nepředává signály,consent_change,diagnostika,2 dny,'No warning email. No grace period. And the data from non-compliant periods is permanently lost.',B1;B3;A4,unknown,Cookie lišta potichu vypnula měření a Ads konverze,E7-099
N7-057,2026-09-04,EU,agency,linkedin,https://www.linkedin.com/posts/miketeasdale_i-got-a-call-last-august-from-a-client-whose-share-7445391848573005827-wT9y/,Their numbers have been soft for months. They assume it's the market. It's their data infrastructure.,en,Ostatní klienti se stejným problémem,consent_change,nevšimli si,měsíce,měsíce slabých čísel připsané trhu,B2;F3;G2,unknown,Cookie lišta potichu vypnula měření a Ads konverze,E7-099
N7-058,2026-09-04,EU,agency,blog,https://ppc.land/consent-mode-v2-enforcement-is-silently-breaking-google-ads-conversions/,A Google Ads account experienced a 90% overnight drop in measured conversions caused by a Consent Mode V2 misconfiguration,en,Vymáhání CMv2,consent_change,propad,dny,"40 % obnoveno modelováním, 60 % trvale ztraceno",B1;B3;G1,unknown,Cookie lišta potichu vypnula měření a Ads konverze,E7-098
N7-059,2026-09-04,US,eshop_small,reddit,https://www.reddit.com/r/PPC/comments/1b93r44/consent_mode_v2_just_killed_ppc_forever_i_need_a/,"I've noticed a drastic decline in Google Ads conversions – we're talking more than a 90% drop... 100 conversions per day, but now there are days when I'm lucky to get even one",en,Nasazení consent mode v2 (březen 2024),consent_change,denní konverze v Ads,dny,ze 100/den na ~1/den,B1;B2;D1,no,Cookie lišta potichu vypnula měření a Ads konverze,E7-086
N7-060,2026-09-04,US,eshop_small,reddit,https://www.reddit.com/r/googleads/comments/1c5b4pq/consent_mode_v2_help/,"conversions have still dropped off a cliff and cannot see after a week them bouncing back to normal... they are getting as little as 8, yet impressions, clicks and impression share is UP",en,Consent mode v2,consent_change,Ads reporting,1 týden,"konverze dole, kliky nahoře = slepý spend",B1;B2;G1,no,Smart Bidding týdny optimalizuje na rozbitá data (slepý spend),E7-087
N7-061,2026-09-04,US,eshop_small,reddit,https://www.reddit.com/r/PPC/comments/1cv9dud/conversions_drop_after_implementing_consent_mode/,"revenue dropped significantly... It's about 40-50% less sales... Clicks, ctr and other metrics are kind of the same",en,Po nasazení consent mode,consent_change,report tržeb,dny,−40–50 % měřených prodejů,B1;B2;D5,no,Cookie lišta potichu vypnula měření a Ads konverze,E7-091
N7-062,2026-09-04,US,eshop_small,reddit,https://www.reddit.com/r/adwords/comments/1jwkurl/can_google_consent_mode_screw_up_your_google_ads/,We've tried activating Google Consent Mode... it really screwed up the whole sales funnel... sales have never fully recovered,en,Aktivace consent mode,consent_change,výkon kampaní,týdny,trvalý pokles prodejů z Ads,B1;B2;D1,no,Smart Bidding týdny optimalizuje na rozbitá data (slepý spend),E7-089
N7-063,2026-09-04,US,eshop_small,reddit,https://www.reddit.com/r/googleads/comments/1qg7k4x/conversions_arent_showing_inside_of_google_ads/,Yeah the Shopify native cookie banner defaults to blocking tracking until users accept which means anyone who ignores the banner never triggers your conversion tag,en,Nativní lišta blokuje do souhlasu,consent_change,komunita,–,konverze ignorujících uživatelů se nikdy nezměří,B1;B2,no,Cookie lišta potichu vypnula měření a Ads konverze,E7-090
N7-064,2026-09-04,US,b2b_leadgen,reddit,https://www.reddit.com/r/PPC/comments/1h4w8oz/with_conversions_lowering_because_of_your_consent/,my consent banner has a consent rate of about 30%... consent rate is as low as 17% for legally compliant consent banners,en,Kompliantní lišta,consent_change,–,–,jen 17–30 % měřitelných uživatelů,B2;D1,no,"Prohlížeče, blokátory a iOS ujídají 20–40 % měřeného",E7-088
N7-065,2026-09-04,US,eshop_small,reddit,https://www.reddit.com/r/googleads/comments/1cbegvh/sudden_drop_in_conversions_on_google_ads_consent/,"Starting from April 15th, there has been a noticeable stop in conversions from Google Ads",en,Consent mode v2 (2024),consent_change,Ads,dny,konverze stop,B1;G1,no,Cookie lišta potichu vypnula měření a Ads konverze,E7-093
N7-066,2026-09-04,US,eshop_small,reddit,https://www.reddit.com/r/GoogleAnalytics/comments/1f373p1/struggling_with_google_consent_mode_v2_advanced/,I've noticed a significant drop in our Google Ads ROAS... the massive drop in reported conversion value in GA4,en,Advanced consent mode,consent_change,ROAS,týdny,propad hodnoty konverzí,B1;B2;D1,no,Cookie lišta potichu vypnula měření a Ads konverze,E7-094
N7-067,2026-09-04,US,agency,reddit,https://www.reddit.com/r/PPC/comments/1gkxetw/issues_with_google_ads_and_consent_mode_how_did/,"After implementing Consent Mode v2 using a banner, it really messed up our reporting for Google Ads",en,Consent mode v2 přes lištu,consent_change,reporting Ads,týdny,rozbitý reporting,B1;F3,no,Cookie lišta potichu vypnula měření a Ads konverze,E7-095
N7-068,2026-09-04,US,agency,reddit,https://www.reddit.com/r/GoogleTagManager/comments/1bwdct2/no_consistency_in_google_picking_up_consent_mode/,There are Google Ads accounts where Google indicates Consent Mode V2 is in place while I made zero changes... quite some inconsistencies,en,Detekce CMv2 Googlem,consent_change,Ads UI,–,nelze ověřit stav,B1;C5,no,Cookie lišta potichu vypnula měření a Ads konverze,E7-096
N7-069,2026-09-04,US,unknown,reddit,https://www.reddit.com/r/SEO/comments/1d81edg/is_anyone_facing_a_drop_in_google_analytics_data/,"Recently we could see a huge mismatch... traffic data is wrong. If existing overall traffic is x, the actual should be 4x",en,Po consent mode v2,consent_change,porovnání s realitou,týdny,GA ukazuje čtvrtinu trafficu,B2;D5,no,Cookie lišta potichu vypnula měření a Ads konverze,E7-097
N7-070,2026-09-04,US,unknown,support_community,https://support.google.com/analytics/thread/277236822/large-spike-in-direct-none-traffic?hl=en,We have restored GA4 reporting for now by setting analytics_storage=granted as default in the UserCentrics template configuration in GTM.,en,CMP UserCentrics způsobil skok direct/(none),consent_change,skok direct,dny,'oprava' obcházející consent – právní riziko,B1;B3;G3,no,Kampaně spadly do Direct / (not set) – atribuce slepá,E7-063
N7-071,2026-09-04,US,unknown,reddit,https://www.reddit.com/r/GoogleTagManager/comments/1p0tjgf/ga4_traffic_suddenly_unassigned_overcounting/,"previously most of our traffic was categorized as Direct, and now the majority is showing as Unassigned.",en,Změny Cookiebotu,consent_change,kanály v GA4,dny,Unassigned místo kanálů,B1;C4;G3,no,Kampaně spadly do Direct / (not set) – atribuce slepá,E7-057
N7-072,2026-09-04,CZ,eshop_small,blog,https://blog.shoptet.cz/google-consent-mode-v2/,"Mně to totiž v Google ADS stále hlasí, že neposkytuji signály signály EHP.",cs,Consent mode v2 na Shoptetu (2/2024),consent_change,varování v Google Ads,dny,hrozba ztráty konverzí a publik,B1;B3,no,Cookie lišta potichu vypnula měření a Ads konverze,E7-107
N7-073,2026-09-04,CZ,eshop_small,blog,https://blog.shoptet.cz/google-consent-mode-v2/,no zjevně to tedy nefunguje? Máme web mamamood.cz a mamamood.sk i když dám v liště všechno vypnout normálně mě GA4 měří.,cs,Lišta neblokuje GA4 po odmítnutí,consent_change,vlastní test,–,"měření bez souhlasu (právní riziko), nejistota",B1;A4,no,Cookie lišta potichu vypnula měření a Ads konverze,E7-107
N7-074,2026-09-04,CZ,eshop_small,forum,https://partneri.shoptet.cz/poptavka/google-consent-mode-v2/,"poptávám někoho, kdo se mrkne na to, proč nám PPC a Analytics stále vyhazují, že nepovolujeme souhlas v rámci EHP.",cs,Consent mode v2 deadline 3/2024,consent_change,varování v Ads/GA4,dny–týdny,hrozí vypnutí konverzí a remarketingu,B1;B3;G7,no,Cookie lišta potichu vypnula měření a Ads konverze,E7-113
N7-075,2026-09-04,CZ,agency,blog,https://www.marketingppc.cz/sluzby/kontrola-cookies/,Existence cookie lišty neznamená soulad s pravidly,cs,250+ auditů cookie lišt v ČR,consent_change,audit,–,"42 % webů závažné problémy, 39 % má lištu, ale funguje špatně",B1;B3,no,Cookie lišta potichu vypnula měření a Ads konverze,E7-122
N7-076,2026-09-04,CZ,eshop_small,blog,https://webklient.cz/napoveda/cookies-lista-spravne-consent-mode-v2/,"Bez Consent Mode v2 Google: nezaznamenává data v Google Analytics 4, nepoužívá konverze v Google Ads, omezuje remarketing",cs,Chybějící CMv2 od 3/2024,consent_change,–,–,'reálná funkční ztráta',B1;B3,no,Cookie lišta potichu vypnula měření a Ads konverze,E7-123
N7-077,2026-09-04,EU,b2b_leadgen,linkedin,https://de.linkedin.com/posts/annett-bonkowski-2287061b0_wenn-dein-google-ads-conversion-tracking-activity-7459178952708956162-E_KV,Viele Cookie-Plugins wie z. B. Real Cookie Banner setzen im dataLayer: url_passthrough = false,de,Nastavení cookie pluginu ztrácí gclid mezi stránkami,consent_change,audit,týdny,Google nepřiřadí konverzi kampani,B1;D1;A4,no,Cookie lišta potichu vypnula měření a Ads konverze,E7-102
N7-078,2026-09-04,GLOBAL,eshop_mid,forum,https://community.shopify.com/t/checkout-intermittently-stops-working-mid-day-gmc-products-vanishing-without-reason-meta-pixel-misconnection-causing-months-of-structural-cv-decline-p-max-cpa-spiking-15x-overnight-2-months-of-platform-level-anomalies-i-cant-explain/592057,"one of our main campaigns had been sending conversion signals to a 'dead pixel'...for approximately 60 days. We discovered this on March 7, 2026",en,Meta kampaň napojená na mrtvý pixel,gtm_change_dev,až při analýze propadu výkonu,~60 dní,'Between November 2025 and February 2026 — roughly three months — we increased our ad spend while conversion volume stayed flat or declined',D2;G1;D5;A3,no,Smart Bidding týdny optimalizuje na rozbitá data (slepý spend),E7-024
N7-079,2026-09-04,GLOBAL,eshop_mid,forum,https://community.shopify.com/t/checkout-intermittently-stops-working-mid-day-gmc-products-vanishing-without-reason-meta-pixel-misconnection-causing-months-of-structural-cv-decline-p-max-cpa-spiking-15x-overnight-2-months-of-platform-level-anomalies-i-cant-explain/592057,"P-MAX CPA had reached nearly ¥45,000 — more than 15 times its normal level",en,Rozbité signály do PMax,ad_platform_change,kontrola 7-denního výkonu,dny,CPA 15× nad normálem (norma ¥2 000–3 000),G1;D1;G7,no,Smart Bidding týdny optimalizuje na rozbitá data (slepý spend),E7-024
N7-080,2026-09-04,GLOBAL,eshop_mid,blog,https://seresa.io/blog/google-tag-manager/your-gtm-container-builder-left-nobody-knows-what-the-47-tags-do,"Your GTM container has 47 tags, 83 triggers, and 120 variables. The developer who built it left six months ago.",en,Odchod autora kontejneru,unknown_owner,–,6 měsíců,'black box nobody can open',A3;A6;H2;H4,unknown,"Kontejner-černá skříňka: nikdo neví, co které tagy dělají",E7-052
N7-081,2026-09-04,GLOBAL,eshop_mid,blog,https://seresa.io/blog/google-tag-manager/your-gtm-container-builder-left-nobody-knows-what-the-47-tags-do,Duplicate tags—the new developer added a GA4 tag without knowing one already existed,en,Nový vývojář bez dokumentace,gtm_change_dev,–,–,dvojí měření,A3;A6;H2,unknown,Fake a duplicitní konverze nafukují čísla,E7-052
N7-082,2026-09-04,GLOBAL,eshop_mid,blog,https://seresa.io/blog/google-tag-manager/your-gtm-container-builder-left-nobody-knows-what-the-47-tags-do,"Tags for campaigns that ended 18 months ago—still firing, still sending data, still slowing your site",en,Neuklizený kontejner,unknown_owner,–,18 měsíců,"zbytečné tagy, pomalejší web",A6;A3,unknown,"Kontejner-černá skříňka: nikdo neví, co které tagy dělají",E7-052
N7-083,2026-09-04,GLOBAL,agency,blog,https://www.analyticsmania.com/post/common-google-tag-manager-mistakes/,"Like two ships passing in the night, there may be a lack of coordination among all parties with access to the container; people either don't know or don't care about what others are doing in GTM.",en,Více stran s přístupem do GTM,gtm_change_dev,–,–,"kolize tagů, nikdo nezodpovídá",A3;H2;H5,unknown,Někdo sáhl do GTM/dataLayeru bez koordinace,E7-054
N7-084,2026-09-04,GLOBAL,agency,blog,https://www.analyticsmania.com/post/common-google-tag-manager-mistakes/,I have seen way too many situations where GTM still contains a tag of a tool that the company hasn't even used in the last two years.,en,Mrtvé tagy,unknown_owner,audit,2 roky,"zbytečné skripty, únik dat",A6,unknown,"Kontejner-černá skříňka: nikdo neví, co které tagy dělají",E7-054
N7-085,2026-09-04,GLOBAL,agency,blog,https://www.analyticsmania.com/post/common-google-tag-manager-mistakes/,"Way too many times, I've seen cases where marketing teams add some unknown script and temporarily break some features (or the entire front end) of a website.",en,Marketing publikuje skript přes GTM,gtm_change_dev,rozbitý web,hodiny–dny,'The end result of this? The marketing team lost access to publish GTM container changes.',A3;H1;H5,unknown,Někdo sáhl do GTM/dataLayeru bez koordinace,E7-054
N7-086,2026-09-04,GLOBAL,agency,blog,https://www.analyticsmania.com/post/common-google-tag-manager-mistakes/,"The most common issue (from my experience) was not removing some parts of the hardcoded event tracking, which caused data duplication.",en,Migrace hardcoded → GTM,gtm_change_dev,audit,–,duplicitní data,A6;A4,unknown,Fake a duplicitní konverze nafukují čísla,E7-054
N7-087,2026-09-04,US,b2b_leadgen,linkedin,https://www.linkedin.com/posts/fazalurrehman0_318-conversions-1270-spent-zero-real-activity-7462457447127949312-HJkn,"318 conversions. $1,270 spent. Zero real leads.",en,"Lead-gen účet Google Ads, konverze = importované page views z GA4",gtm_change_dev,audit,měsíce,'The algorithm was optimizing on fake data — spending real money targeting the wrong people.',D1;C1;D5;A4,no,Fake a duplicitní konverze nafukují čísla,E7-100
N7-088,2026-09-04,US,b2b_leadgen,linkedin,https://www.linkedin.com/posts/fazalurrehman0_318-conversions-1270-spent-zero-real-activity-7462457447127949312-HJkn,GTM not installed on the main landing page UTM parameters completely broken — no campaign attribution,en,Landing page bez GTM,release_web,audit,měsíce,žádná atribuce kampaní,A1;D4,no,Kampaně spadly do Direct / (not set) – atribuce slepá,E7-100
N7-089,2026-09-04,US,b2b_leadgen,linkedin,https://www.linkedin.com/posts/dhorvath1_found-this-on-an-audit-this-week-client-activity-7498156754862505984-hLpC,The conversion action tied to it showed zero activity,en,Konverzní akce 90 dní na nule – funkce nikdy nezapnuta,unknown_owner,audit,90 dní,"tým hledal bug, chyběl vlastník aktivace",C1;H2;G1,no,Nikdo v firmě nevlastní měření – nastaveno 'zkusmo',E7-103
N7-090,2026-09-04,GLOBAL,eshop_small,forum,https://community.shopify.com/t/google-analytics-data-deleted/576935,Google Ads was counting events twice even though there was only one conversion action marked as Primary,en,Redundantní GA4 property + sGTM po opravě,gtm_change_dev,Ads report,měsíce,dvojí počítání konverzí,A6;D1;D5,no,Fake a duplicitní konverze nafukují čísla,E7-004
N7-091,2026-09-04,CZ,eshop_small,forum,https://partneri.shoptet.cz/poptavka/nastaveni-datove-vrsty-a-gtm/,Hledání pomoci při spolupráci s programátorem na nastavení datové vrstvy a měření přes GTM,cs,Vývojář + GTM bez specifikace,gtm_change_dev,–,–,potřeba prostředníka mezi devem a měřením,H1;A4;H2,no,Někdo sáhl do GTM/dataLayeru bez koordinace,E7-119
N7-092,2026-09-04,CZ,eshop_small,forum,https://partneri.shoptet.cz/poptavka/propojeni-a-nastaveni-google-ads-mrchant-center-analytics/,převážně zkusmo nastavena cca 3 roky,cs,Ads/Merchant/Analytics nastavené svépomocí,unknown_owner,pochybnost majitelky,3 roky,"3 roky bez jistoty, že data sedí",C1;D1;F4,no,Nikdo v firmě nevlastní měření – nastaveno 'zkusmo',E7-117
N7-093,2026-09-04,CZ,eshop_small,forum,https://partneri.shoptet.cz/poptavka/google-analytics-tags-atd/,"Dělali jsme to bez nějaké větší znalosti sami, ale například v google analytics si myslím že nám spousta dat zbytečně chybí, v ads se nám zase například neukazuje hodnota konverze atd..",cs,Svépomocné nastavení GA4/Ads,unknown_owner,"pocit, že data chybí",měsíce,Ads bez hodnoty konverzí,C1;D1;A2,no,Nikdo v firmě nevlastní měření – nastaveno 'zkusmo',E7-110
N7-094,2026-09-04,CZ,eshop_small,forum,https://partneri.shoptet.cz/poptavka/kompletni-audit-a-nastaveni-reklam/,potřebuji kompletní audit a správné nastavení měření konverzí...pravděpodobně špatně nastaveným trackingem,cs,Podezření na špatný tracking,unknown_owner,výkon kampaní,–,nelze věřit konverzím,A4;D1;F4,no,Nikdo v firmě nevlastní měření – nastaveno 'zkusmo',E7-118
N7-095,2026-09-04,CZ,agency,blog,https://optimics.com/blog/letni-uklid-marketingove-infrastruktury-co-zkontrolovat-pred-q4-v-google-ads-ga4,nejasné nebo rozbité konverze,cs,Typický nález agentury před Q4,unknown_owner,audit,–,Smart Bidding na špatných cílech,C1;D1;F4,unknown,Nikdo v firmě nevlastní měření – nastaveno 'zkusmo',E7-121
N7-096,2026-09-04,CZ,agency,blog,https://optimics.com/blog/letni-uklid-marketingove-infrastruktury-co-zkontrolovat-pred-q4-v-google-ads-ga4,špatně zdokumentované API napojení,cs,Typický nález agentury,unknown_owner,audit,–,"nikdo neví, co kam teče",H2;E6,unknown,"Kontejner-černá skříňka: nikdo neví, co které tagy dělají",E7-121
N7-097,2026-09-04,US,eshop_small,reddit,https://www.reddit.com/r/GoogleTagManager/comments/w2rf8b/help_agency_wont_give_me_access_to_google_tag/,Help: Agency won't give me access to Google tag manager!,en,Konec spolupráce s agenturou,access_lost,při přebírání,–,nutnost nového kontejneru a reimplementace,C6;A3;H2,no,Odešel člověk / agentura drží přístupy,E7-045
N7-098,2026-09-04,US,b2b_leadgen,reddit,https://www.reddit.com/r/GoogleAnalytics/comments/1r13ndr/lost_access_to_ga4_and_other_google_marketing/,Lost access to GA4 and other Google Marketing accounts!,en,Instituce zrušila Google Workspace,access_lost,okamžitě,–,"ztráta GA4, GMC, GSC, GTM i jako super admin",C6;E4,no,Odešel člověk / agentura drží přístupy,E7-046
N7-099,2026-09-04,US,unknown,reddit,https://www.reddit.com/r/GoogleAnalytics/comments/1mlu0za/google_administrator_access_w_exemployee_who_left/,"More efficient to just create a new GA4 account, remove the old code from the site.",en,Ex-zaměstnanec držel admin,access_lost,–,–,"ztráta historie, nová property",C6;E4;H4,no,Odešel člověk / agentura drží přístupy,E7-047
N7-100,2026-09-04,US,b2b_leadgen,reddit,https://www.reddit.com/r/PPC/comments/1axjo5n/urgent_marketing_agency_refuses_to_provide_access/,I gave the agency 48 hours to give me access...or else I threatened to notify all their other clients.,en,Agentura odmítá vydat účty,access_lost,–,–,"eskalace, výhrůžky",C6;H5,no,Odešel člověk / agentura drží přístupy,E7-048
N7-101,2026-09-04,US,unknown,reddit,https://www.reddit.com/r/GoogleTagManager/comments/1f8qvf2/admin_access_to_gtm_but_not_google_tag/,Admin access to GTM but not Google Tag,en,Předchozí agentura odstraněna,access_lost,–,–,read-only na Google Tag,C6;A3,no,Odešel člověk / agentura drží přístupy,E7-049
N7-102,2026-09-04,US,unknown,reddit,https://www.reddit.com/r/GoogleAnalytics/comments/oaujgf/lost_access_to_google_tag_manager_admin_account/,Lost access to Google Tag Manager admin account,en,Migrace zaměstnaneckých účtů,access_lost,–,–,obnova přes Google s důkazem vlastnictví,C6,no,Odešel člověk / agentura drží přístupy,E7-050
N7-103,2026-09-04,GLOBAL,unknown,blog,https://www.trackingauditor.io/lost-access-to-google-analytics,"Historical GA4 data cannot be exported without account access, so a truly orphaned property means starting a new one",en,Osiřelá property,access_lost,–,–,"ztráta historie; 'It's slow (expect weeks, not days)'",C6;E4,no,Odešel člověk / agentura drží přístupy,E7-051
N7-104,2026-09-04,GLOBAL,agency,blog,https://seresa.io/blog/google-tag-manager/your-agency-owns-your-gtm-container-and-that-is-a-business-governance-crisis,"If your agency created your GTM container, they own it—and can block your access when you leave.",en,Kontejner pod účtem agentury,access_lost,při odchodu,–,lock-in,C6;A3,unknown,Odešel člověk / agentura drží přístupy,E7-053
N7-105,2026-09-04,CZ,agency,blog,https://optimics.com/blog/letni-uklid-marketingove-infrastruktury-co-zkontrolovat-pred-q4-v-google-ads-ga4,neaktuální přístupy,cs,Typický nález agentury,access_lost,audit,–,přístupy bývalých lidí/agentur,C6;H4,unknown,Odešel člověk / agentura drží přístupy,E7-121
N7-106,2026-09-04,GLOBAL,eshop_small,forum,https://community.shopify.com/t/ga4-tracking-additional-google-analytics-events/204574,GA4 did work fine – then the reporting (only for these checkout events) stopped for once in a sudden,en,Změna zpracování na straně GA4,ga4_change,reporty,1+ týden,Google: 'problem with my tag setup' bez detailu,C5;H3,no,Platforma změnila pravidla pod nohama (Shopify/Shoptet/Google/Meta),E7-019
N7-107,2026-09-04,US,eshop_small,reddit,https://www.reddit.com/r/GoogleTagManager/comments/191ln4e/,Purchase Event No Longer Firing,en,Bez změn na webu,ga4_change,GA4 report,týdny,purchase chybí měsíc po zprovoznění,G1;A4,no,Purchase potichu přestal chodit po releasu/změně checkoutu,E7-032
N7-108,2026-09-04,US,b2b_leadgen,reddit,https://www.reddit.com/r/GoogleAnalytics/comments/10h3rsj/,GA4 Events Randomly Stopped Pulling In,en,form_submit/generate_lead přestaly bez změn,ga4_change,report,týdny,lead eventy chybí,G1;C1,no,Purchase potichu přestal chodit po releasu/změně checkoutu,E7-033
N7-109,2026-09-04,US,eshop_small,reddit,https://www.reddit.com/r/GoogleAnalytics/comments/1dinhpm/,"Purchase events gets triggered, but is not tracked in GA4",en,"Event se odesílá (Tag Assistant), GA4 nic",ga4_change,report GA4,~6 týdnů,6 týdnů bez nákupů v GA4,G1;A4;C5,no,Purchase potichu přestal chodit po releasu/změně checkoutu,E7-029
N7-110,2026-09-04,US,eshop_small,reddit,https://www.reddit.com/r/GoogleTagManager/comments/1jphnb9/,Not all manually added purchase events shown in GA4,en,Custom purchase eventy,ga4_change,porovnání,–,~70 % zachyceno vs. 100 % ostatní eventy,A4;D5,no,"GA4 vs. backend se rozjely a nikdo neví, co je normální",E7-031
N7-111,2026-09-04,CZ,agency,blog,https://www.s2studio.cz/blog/google-meni-gtm-co-prinese-nova-era-mereni-webum-a-e-shopum,stávající implementace se samy od sebe nezruší,cs,Google integruje GTM a Google tag (2026),ga4_change,–,–,doporučen audit duplicit před změnou,C5;A6;B1,unknown,Platforma změnila pravidla pod nohama (Shopify/Shoptet/Google/Meta),E7-124
N7-112,2026-09-04,GLOBAL,eshop_small,forum,https://community.shopify.com/t/google-performance-max-not-tracking-conversions/152336,We were recently auto upgraded to Google Performance Max campaign and suddenly Google Ads stopped tracking conversions.,en,Automatický upgrade na PMax,ad_platform_change,Ads,~1 týden ('It worked until las week!'),kampaň bez konverzí,D1;G1,no,Platforma změnila pravidla pod nohama (Shopify/Shoptet/Google/Meta),E7-012
N7-113,2026-09-04,CZ,eshop_mid,forum,https://partneri.shoptet.cz/poptavka/oprava-optimalizace-meta-capi-na-shoptetu-s-garantovanym-emq-kvalita-parovani/,"Cílem poptávky je najít zkušeného specialistu na Server-Side Tracking (Meta CAPI), který opraví kritické chyby v naší implementaci a zajistí nejvyšší kvalitu dat pro učení algoritmu.",cs,"Meta CAPI: fbc, EMQ pod 8/10, deduplikace",ad_platform_change,Meta Diagnostika,–,algoritmus Meta se učí na špatných datech,D2;D5;G7,no,Platforma změnila pravidla pod nohama (Shopify/Shoptet/Google/Meta),E7-112
N7-114,2026-09-04,GLOBAL,eshop_small,forum,https://community.shopify.com/t/meta-ads-conversion-tracking-issue-some-conversions-are-not-showing-up/397264,"Out of 20 conversions recorded, only 11 are showing up in Meta's Business Manager.",en,Pixel jen v theme.liquid + PayPal Express obchází thank-you,ad_platform_change,porovnání objednávek vs. Meta,dny,45 % konverzí chybí v Meta,D2;D5;A1,no,"GA4 vs. backend se rozjely a nikdo neví, co je normální",E7-027
N7-115,2026-09-04,GLOBAL,eshop_small,forum,https://community.shopify.com/t/meta-ads-conversion-tracking-issue-some-conversions-are-not-showing-up/397264,"PayPal Express often bypasses Shopify's thank-you page, meaning the Pixel never fires the purchase event.",en,Platební brána obchází děkovnou stránku,ad_platform_change,–,–,chybějící purchase pro část platebních metod,A1;C3;D2,no,"GA4 vs. backend se rozjely a nikdo neví, co je normální",E7-027
N7-116,2026-09-04,US,eshop_small,reddit,https://www.reddit.com/r/GoogleAnalytics/comments/1lefgsm/unassingednot_set_issue_there_has_been_a_sudden/,"traffic categorized as Unassigned (with 'not set' as the source) has increased significantly. At the same time, traffic from Paid Social (Meta source) has decreased.",en,Změna na straně Meta/URL parametrů,ad_platform_change,kanály GA4,dny,Paid Social nevyhodnotitelný,D4;C4;G3,no,Kampaně spadly do Direct / (not set) – atribuce slepá,E7-056
N7-117,2026-09-04,US,eshop_small,review,https://apps.shopify.com/reviews/1790103,Conversion tracking stop working out of nowhere and CPA went through the roof.,en,Konverzní pixel app přestal,ad_platform_change,CPA,dny–týdny,CPA vyletělo,G1;D1;G7,no,Smart Bidding týdny optimalizuje na rozbitá data (slepý spend),E7-085
N7-118,2026-09-04,GLOBAL,eshop_small,blog,https://noticemesenpai.com/news/google-signals-june-15-consent-mode-90-conversions-2026/,"Google Signals will stop governing Google Ads data on June 15, 2026. After that date, only Consent Mode's ad_storage parameter controls whether Google Ads receives advertising cookies",en,Další změna pravidel Googlu (6/2026),ad_platform_change,–,–,"kdo nemá správně ad_storage, přijde o Ads data",B3;C5;B1,unknown,Platforma změnila pravidla pod nohama (Shopify/Shoptet/Google/Meta),E7-132
N7-119,2026-09-04,US,eshop_small,reddit,https://www.reddit.com/r/GoogleAnalytics/comments/1unrvd5/ga4_purchases_never_match_the_actual_order_count/,"GA4's purchase count and the real order count in the backend never match. GA4 is almost always lower - consent drop-off, blockers, iOS, people bouncing before the thank you page loads.",en,Strukturální podměření,browser_change,porovnání s backendem,–,GA4 vždy níž,D5;G2;E5,no,"Prohlížeče, blokátory a iOS ujídají 20–40 % měřeného",E7-065
N7-120,2026-09-04,US,agency,reddit,https://www.reddit.com/r/GoogleAnalytics/comments/1r8ifrk/ga4_vs_meta_conversions_not_matching_what_are_you/,"On average only about 60% of client side tracking is successful, and that number keeps dropping.",en,Client-side měření,browser_change,–,–,40 % ztráta a rostoucí,D5;A5,unknown,"Prohlížeče, blokátory a iOS ujídají 20–40 % měřeného",E7-067
N7-121,2026-09-04,EU,agency,linkedin,https://www.facebook.com/Varn.co.uk/videos/-nearly-a-third-of-conversions-gonenot-because-the-campaigns-werent-working-but-/2099173484313452/,hiding almost 30% of true performance from the reports,en,Audit GA4 klienta – blokátory a privacy prohlížečů,browser_change,audit,–,~30 % konverzí neviditelných,D5;A5;B2,unknown,"Prohlížeče, blokátory a iOS ujídají 20–40 % měřeného",E7-106
N7-122,2026-09-04,SK,eshop_small,forum,https://partneri.shoptet.cz/poptavka/server-side-tagging-facebook-konverzii-v-google-tag-manager/,"Sme firma ktora ma 100% zakaznikov z iOS a Apple zariadeni, takze potrebujeme co najpresnejsie data z reklamy.",sk,"iOS publikum, ITP",browser_change,–,–,reklama bez spolehlivých dat,A5;D2;D5,no,"Prohlížeče, blokátory a iOS ujídají 20–40 % měřeného",E7-115
N7-123,2026-09-04,GLOBAL,eshop_small,forum,https://community.shopify.com/t/how-do-you-catch-it-when-your-meta-pixel-ga4-capi-quietly-stops-firing/666988,"A gap of 10–30% is normal (ad blockers, iOS, consent).",en,Přirozený rozdíl backend vs. platformy,browser_change,–,–,bez baseline nepoznáš výpadek od normálu,D5;G2,no,"GA4 vs. backend se rozjely a nikdo neví, co je normální",E7-016
N7-124,2026-09-04,GLOBAL,eshop_small,blog,https://allsoppmedia.com/ga4-data-mismatch,it is now entirely normal to see a 20% to 40% discrepancy between your raw bank data and your standard GA4 reports simply due to users declining cookie tracking.,en,Odmítání cookies,browser_change,–,–,20–40 % rozdíl 'normální',B2;D5,no,"Prohlížeče, blokátory a iOS ujídají 20–40 % měřeného",E7-078
N7-125,2026-09-04,GLOBAL,eshop_small,blog,https://wordpress.org/plugins/woocommerce-google-adwords-conversion-tracking-tag/,typically recovering up to 30% more conversions,en,Server-side vs. blokátory/ITP,browser_change,–,–,až 30 % konverzí jinak ztraceno,A5;D2;D1,no,"Prohlížeče, blokátory a iOS ujídají 20–40 % měřeného",E7-154
N7-126,2026-09-04,GLOBAL,agency,review,https://uk.trustpilot.com/review/supermetrics.com,upgraded to a more expensive plan which allows me to pull data for more websites. All my reports stopped working,en,Změna plánu Supermetrics,connector_token,reporty přestaly,dny,všechny reporty dole,F2;G6;G7,no,Konektor/dashboard přestal aktualizovat,E7-080
N7-127,2026-09-04,GLOBAL,agency,review,https://uk.trustpilot.com/review/supermetrics.com,"They said they've added the Shopify Addon, but they did not and all our dashboard broke.",en,Změna addonu konektoru,connector_token,dashboard,dny,dashboard rozbitý,F2;F1;G6,no,Konektor/dashboard přestal aktualizovat,E7-080
N7-128,2026-09-04,GLOBAL,agency,review,https://uk.trustpilot.com/review/supermetrics.com,Queries failing every time as they struggle to keep up with data source connection changes,en,Změny API zdrojů,connector_token,padající dotazy,–,opakované výpadky,F2;G6,no,Konektor/dashboard přestal aktualizovat,E7-080
N7-129,2026-09-04,GLOBAL,agency,review,https://uk.trustpilot.com/review/supermetrics.com,"Constant connection breaks, impersonal, inefficient ticket based solutions drags any sort of issue out for weeks.",en,Výpadky spojení konektoru,connector_token,–,týdny do vyřešení,reporting týdny bez dat,F2;G6;G7;H5,no,Konektor/dashboard přestal aktualizovat,E7-080
N7-130,2026-09-04,GLOBAL,agency,review,https://uk.trustpilot.com/review/supermetrics.com,A critical component in the software stopped working and it's impossible to contact support.,en,Výpadek komponenty,connector_token,–,–,bez supportu,F2;G7,no,Konektor/dashboard přestal aktualizovat,E7-080
N7-131,2026-09-04,GLOBAL,agency,review,https://uk.trustpilot.com/review/windsor.ai,when it is time for them to troubleshoot anything they will take there sweet 10 - 15 days time,en,Troubleshooting konektoru,connector_token,–,10–15 dní,dashboard dva týdny bez dat,F2;G6;H5,no,Konektor/dashboard přestal aktualizovat,E7-081
N7-132,2026-09-04,EU,agency,review,https://uk.trustpilot.com/review/funnel.io,"Funnel dismissed connectors without giving any communication to its clients, which caused huge harm to other businesses.",en,Vendor zrušil konektory,connector_token,výpadek dat,–,dashboardy bez zdroje,F2;E6;G6,no,Konektor/dashboard přestal aktualizovat,E7-082
N7-133,2026-09-04,GLOBAL,unknown,support_community,https://discuss.google.dev/t/missing-days-from-ga4-bigquery-export/107663,My GA4 daily export has various missing days,en,"GA4 → BQ export, billing problém",bq_export_gap,dotaz do tabulek,týdny,"díry v historii, backfill nemožný",E1;E2;G6,yes,BigQuery export tiše přestal chodit / přišel děravý,E7-041
N7-134,2026-09-04,GLOBAL,unknown,support_community,https://discuss.google.dev/gc/Data-Analytics/Missing-Days-from-GA4-BigQuery-Export/m-p/544925,data collection was halted due to invalid payment details — with no further notifications until the table data was checked/queried a few weeks later,en,Neplatná platební karta na GCP billing,bq_export_gap,až při dotazu,několik týdnů,nevratná ztráta dnů,E1;E2;G6,yes,BigQuery export tiše přestal chodit / přišel děravý,E7-042
N7-135,2026-09-04,GLOBAL,eshop_large,support_community,https://discuss.google.dev/t/ga4-bigquery-export-bug/164873,"GA4-Export intraday-Table had complete data, but the batch load of that day only includes partially that data.",en,Denní batch neúplný (i GA360),bq_export_gap,porovnání s GA4 UI,dny,"'Data gets not refreshed over the next days, so that we are facing a huge data gap for that day.'",E1;E3;G6,yes,BigQuery export tiše přestal chodit / přišel děravý,E7-043
N7-136,2026-09-04,US,unknown,reddit,https://www.reddit.com/r/GoogleAnalytics/comments/1rjkeoa/ga4_bigquery_daily_export_not_producing_event/,GA4 BigQuery daily export not producing event tables — 7 days and counting...We migrated our GA4 BigQuery data from one GCP project to another,en,Migrace datasetu mezi projekty,bq_export_gap,chybějící tabulky,7 dní,"týden bez exportu, žádná chyba",E1;E3;G6,yes,BigQuery export tiše přestal chodit / přišel děravý,E7-034
N7-137,2026-09-04,US,unknown,reddit,https://www.reddit.com/r/bigquery/comments/1etlplo/help_with_google_analytics_to_bigquery_export/,"The most recent table I see is from 6 days ago, labeled 'events_20240810.'",en,Nový export,bq_export_gap,kontrola tabulek,6 dní,6 dní bez dat,E1;G6,yes,BigQuery export tiše přestal chodit / přišel děravý,E7-035
N7-138,2026-09-04,US,unknown,reddit,https://www.reddit.com/r/bigquery/comments/179rx2m/missing_data_in_bigquery_database_paired_to_ga4/,events table stopped saving after 90 days and I have not data for last week,en,Sandbox/expirace tabulek,bq_export_gap,chybí týden,1 týden,ztráta dat,E1;E2;E4,yes,BigQuery export tiše přestal chodit / přišel děravý,E7-036
N7-139,2026-09-04,GLOBAL,unknown,stackoverflow,https://stackoverflow.com/questions/79849127/ga4-bigquery-daily-export-missing-data-after-specific-date,"Everything was working fine until 2025-11-23, when the events_YYYYMMDD table contained about ~540k rows daily...Starting 2025-11-24, the exported tables only have about 5k rows per day",en,"Export běží, ale s 1 % objemu",bq_export_gap,až kontrolou počtu řádků,neuvedeno,tichý 99 % propad – tabulky existují,E1;G6;E3,yes,BigQuery export tiše přestal chodit / přišel děravý,E7-037
N7-140,2026-09-04,US,unknown,reddit,https://www.reddit.com/r/bigquery/comments/12do1sd/ga4_daily_export_to_bigquery_stopped_suddenly/,I set up a daily export of GA4 data to BigQuery but it stopped exporting after March 15...My free trial of Cloud expired on March 17,en,Vypršel GCP trial,bq_export_gap,chybí tabulky,dny,přerušená historie,E2;E1,yes,BigQuery export tiše přestal chodit / přišel děravý,E7-038
N7-141,2026-09-04,US,unknown,reddit,https://www.reddit.com/r/bigquery/comments/1gvkal6/retrieve_missing_data_from_ga4/,"I have missing data in my big query, the data supposed to be saved in big query from GA4 but for sometime I could not have the data for a while",en,Výpadek exportu,bq_export_gap,zpětně,'a while',nelze dohnat,E1;E4,yes,BigQuery export tiše přestal chodit / přišel děravý,E7-039
N7-142,2026-09-04,GLOBAL,eshop_large,stackoverflow,https://stackoverflow.com/questions/75392277/ga4-streaming-export-intraday-tables-exist-but-not-daily-tables,"If your property consistently exceeds the export limit, the daily BigQuery export will be paused and previous days' exports will not be reprocessed.",en,Překročení 1M eventů/den,bq_export_gap,"intraday existuje, daily ne",–,trvalá díra v denních tabulkách,E1;C5;G6,yes,BigQuery export tiše přestal chodit / přišel děravý,E7-040
N7-143,2026-09-04,EU,unknown,blog,https://docs.data-community.publishing.service.gov.uk/processes/ga4-backfill,"on occasion the data can arrive relatively late in the day. When this happens, several processes we use to transform the data fail, and the transformed data needs to be backfilled when it does arrive.",en,Pozdní příchod exportu (veřejná správa UK),bq_export_gap,selhání transformací,hodiny,"nutný backfill, validace počtů řádků",E1;E3;G6,yes,BigQuery export tiše přestal chodit / přišel děravý,E7-044
N7-144,2026-09-04,GLOBAL,saas_marketplace,blog,https://dev.to/__354f265b41dafa0d901b/bigquerys-ridiculous-pricing-model-cost-us-10000-in-just-22-seconds-4c43,"The invoice arrived: $9,847.24 for Three Queries?!",en,Tři dotazy SELECT * ... LIMIT nad velkou tabulkou,bq_cost_spike,až z faktury,týdny,9 847 USD,E2;E3,yes,Překvapivá faktura za BigQuery,E7-149
N7-145,2026-09-04,GLOBAL,saas_marketplace,blog,https://dev.to/__354f265b41dafa0d901b/bigquerys-ridiculous-pricing-model-cost-us-10000-in-just-22-seconds-4c43,BigQuery doesn't charge based on processed data — it charges based on referenced data!!!,en,Nepochopení účtování BQ,bq_cost_spike,faktura,–,překvapení z ceny,E2;H4,yes,Překvapivá faktura za BigQuery,E7-149
N7-146,2026-09-04,GLOBAL,eshop_small,forum,https://community.shopify.com/t/why-is-ga4-showing-less-revenue-than-my-sales-channel/259429,GA4 is recording less than half the revenue that shopify is showing.,en,Google & YouTube app,revenue_mismatch,porovnání GA4 vs. Shopify,–,>50 % tržeb chybí,D5;G2;A1,no,"GA4 vs. backend se rozjely a nikdo neví, co je normální",E7-005
N7-147,2026-09-04,US,eshop_small,reddit,https://www.reddit.com/r/GoogleAnalytics/comments/15us5ul/how_can_ga4_not_capture_38_of_purchases/,GA4 captured 36 purchases on 58 actual orders. Last week GA4 shows only 182 orders instead of actual 295. That's 38% less captures than reality.,en,Podměření GA4,revenue_mismatch,porovnání s objednávkami,týden,−38 %,D5;G2;A5,no,"GA4 vs. backend se rozjely a nikdo neví, co je normální",E7-069
N7-148,2026-09-04,US,eshop_small,reddit,https://www.reddit.com/r/GoogleAnalytics/comments/1oqm0dx/,GA4 Missing Purchase Events vs Shopify,en,Shopify 850 nákupů vs. GA4 655,revenue_mismatch,porovnání,–,−23 %,D5;G2,no,"GA4 vs. backend se rozjely a nikdo neví, co je normální",E7-030
N7-149,2026-09-04,US,eshop_mid,reddit,https://www.reddit.com/r/googleads/comments/1d9nqik/huge_discrepancy_between_google_ads_revenue_and/,GA4 is omitting data for a bunch of PPC visits/sales... we're talking a discrepancy of ~80% some weeks.,en,Ads revenue vs. GA4,revenue_mismatch,porovnání Ads vs. GA4,týdny,~80 % rozdíl,D5;D1;G2,no,"GA4 vs. backend se rozjely a nikdo neví, co je normální",E7-070
N7-150,2026-09-04,US,eshop_mid,reddit,https://www.reddit.com/r/GoogleAnalytics/comments/129uhjc/ga4_vs_ga3_revenue_discrepancy/,there is a significant disparity between the # of purchases and revenue... starting at ~2% and the past month was up to 18%.,en,Rozdíl roste v čase,revenue_mismatch,měsíční srovnání,měsíc,2 % → 18 %,G2;D5,no,"GA4 vs. backend se rozjely a nikdo neví, co je normální",E7-071
N7-151,2026-09-04,US,eshop_mid,reddit,https://www.reddit.com/r/GoogleAnalytics/comments/1459lal/i_am_seeing_a_175_difference_in_reported/,We're currently investigating similar large drops as well. On some of our website pages we're seeing a 70% difference.,en,GA3 vs. GA4,revenue_mismatch,porovnání,–,70 % na některých stránkách,D5;A4,no,"GA4 vs. backend se rozjely a nikdo neví, co je normální",E7-072
N7-152,2026-09-04,US,eshop_small,reddit,https://www.reddit.com/r/GoogleAnalytics/comments/13uymua/fixing_discrepancy_between_reported_ga4_and/,I have a -20% discrepancy in reported sales between Shopify and GA4.,en,Shopify vs. GA4,revenue_mismatch,porovnání,–,−20 %,D5;G2,no,"GA4 vs. backend se rozjely a nikdo neví, co je normální",E7-073
N7-153,2026-09-04,US,agency,reddit,https://www.reddit.com/r/GoogleAnalytics/comments/1rjmuv2/how_accurate_is_your_ga4_data_really_whats_your/,a 10-15% gap between GA4 and backend is common and generally acceptable. Above 20% and I start digging.,en,Práh normálu,revenue_mismatch,–,–,bez definovaného prahu nepoznáš problém,G2;D5,unknown,"GA4 vs. backend se rozjely a nikdo neví, co je normální",E7-068
N7-154,2026-09-04,US,agency,reddit,https://www.reddit.com/r/GoogleAnalytics/comments/1rn0ggg/has_anyone_found_a_reliable_way_to_validate_ga4/,"transaction id is the only reliable join key, everything else is vibes. best process is backend orders as source of truth, then reconcile ga4 by transaction id.",en,Reconciliace,revenue_mismatch,–,–,bez transaction_id joinu nelze rozlišit ztrátu od duplicit,E5;G2;A4,yes,"GA4 vs. backend se rozjely a nikdo neví, co je normální",E7-066
N7-155,2026-09-04,GLOBAL,eshop_small,forum,https://community.shopify.com/t/how-do-you-catch-it-when-your-meta-pixel-ga4-capi-quietly-stops-firing/666988,I realised my conversion tracking had been under-reporting for a stretch — pixel/CAPI just wasn't sending everything it should,en,Pixel/CAPI podměřovaly,revenue_mismatch,'the numbers in my ad platform stopped matching my actual Shopify orders','a stretch' (týdny),'I'd been optimising (and spending) on bad data for a while',G2;D5;G1,no,Smart Bidding týdny optimalizuje na rozbitá data (slepý spend),E7-016
N7-156,2026-09-04,GLOBAL,agency,forum,https://community.shopify.com/t/how-do-you-catch-it-when-your-meta-pixel-ga4-capi-quietly-stops-firing/666988,"Custom pixels now run in a sandbox. If the code inside one throws an error, it just stops, and nothing anywhere tells you. No console error you would see, no email, no flag in the admin. It fails silently by design.",en,Sandboxované Shopify pixely,revenue_mismatch,"nikdy, pokud nehlídáš",∞,tiché selhání by design,G4;G1;A4,no,Purchase potichu přestal chodit po releasu/změně checkoutu,E7-016
N7-157,2026-09-04,GLOBAL,agency,forum,https://community.shopify.com/t/how-do-you-catch-it-when-your-meta-pixel-ga4-capi-quietly-stops-firing/666988,"If you lose five purchase events and fire five duplicates in the same day, your daily count comparison shows a perfect match and you learn nothing.",en,Součty maskují chyby,revenue_mismatch,–,–,nutný diff po transaction_id,E5;G2;A4,yes,Fake a duplicitní konverze nafukují čísla,E7-016
N7-158,2026-09-04,GLOBAL,agency,forum,https://community.shopify.com/t/how-do-you-catch-it-when-your-meta-pixel-ga4-capi-quietly-stops-firing/666988,A daily eyeball is two minutes. A proper weekly test order is more like twenty to thirty minutes per store,en,Ruční kontrola bez nástrojů,revenue_mismatch,–,–,'ten stores thats most of a day every week',G1;G2;A1,no,"GA4 vs. backend se rozjely a nikdo neví, co je normální",E7-016
N7-159,2026-09-04,GLOBAL,eshop_mid,forum,https://community.shopify.com/t/how-do-you-catch-it-when-your-meta-pixel-ga4-capi-quietly-stops-firing/666988,"On a store selling anything on subscription, renewals can be something like half the monthly order count, and that gap is permanent.",en,"Objednávky bez prohlížeče (subscription, POS, draft)",revenue_mismatch,–,–,"baseline rozdílu je 'order mix', ne tracking",E5;D5;H3,yes,"GA4 vs. backend se rozjely a nikdo neví, co je normální",E7-016
N7-160,2026-09-04,GLOBAL,eshop_mid,blog,https://www.echologyx.com/blog/why-shopify-revenue-doesnt-match-ga4-and-how-to-fix-it,the gap between Shopify and GA4 revenue was consistently 20–30%,en,Trvalý rozdíl,revenue_mismatch,denní srovnání + Order ID vs. transaction_id,–,'Day 3 was underreported by GA4 by nearly 30%.'; po očištění ~12 % (consent),D5;E5;G2,unknown,"GA4 vs. backend se rozjely a nikdo neví, co je normální",E7-074
N7-161,2026-09-04,GLOBAL,eshop_mid,blog,https://www.echologyx.com/blog/why-shopify-revenue-doesnt-match-ga4-and-how-to-fix-it,Orders created directly in the Shopify admin do count as revenue but will never appear in GA4,en,Admin/3rd-party objednávky,revenue_mismatch,–,–,část rozdílu není chyba měření,D5;H3,unknown,"GA4 vs. backend se rozjely a nikdo neví, co je normální",E7-074
N7-162,2026-09-04,GLOBAL,unknown,blog,https://www.analyticodigital.com/insights/ga4-revenue-discrepancy,GA4 captured only 67.23% of total revenue recorded by Shopify,en,"Audit (bytes.co, 2023)",revenue_mismatch,audit,–,−33 % tržeb,D5;G2,unknown,"GA4 vs. backend se rozjely a nikdo neví, co je normální",E7-076
N7-163,2026-09-04,EU,unknown,blog,https://www.analyticodigital.com/insights/ga4-revenue-discrepancy,30 to 70% discrepancy between ad clicks and attributed GA4 sessions for certain European geos after consent mode enforcement began,en,Vymáhání consent mode v EU (1/2026),consent_change,analýza,–,30–70 % kliků bez session,B2;D5;D4,unknown,Cookie lišta potichu vypnula měření a Ads konverze,E7-076
N7-164,2026-09-04,GLOBAL,eshop_small,blog,https://gropulse.com/why-your-ga4-purchases-dont-match-shopify/,"If your gap is over 20%, you likely have a technical configuration error.",en,Práh,revenue_mismatch,–,–,nad 20 % = chyba,G2;D5,no,"GA4 vs. backend se rozjely a nikdo neví, co je normální",E7-077
N7-165,2026-09-04,GLOBAL,eshop_small,forum,https://community.shopify.com/t/conversion-tracking-stopped-working/188978,pretty consistent conversion data so its pretty obvious when something stops working,en,Gtag na thank-you page vypadl,revenue_mismatch,z konzistentních dat + testovací objednávky,1–2 dny,krátký výpadek díky denní kontrole,G1;A1,no,Purchase potichu přestal chodit po releasu/změně checkoutu,E7-007
N7-166,2026-09-04,GLOBAL,eshop_small,forum,https://community.shopify.com/t/conversion-tracking-stopped-working/188978,having metrics tracking issues...for a month now,en,Nesoulad objednávek vs. konverzí,revenue_mismatch,–,1 měsíc,'Really hurts optimizing with incomplete data',G2;G7,no,Smart Bidding týdny optimalizuje na rozbitá data (slepý spend),E7-007
N7-167,2026-09-04,GLOBAL,eshop_small,forum,https://community.shopify.com/t/google-ads-is-no-longer-providing-conversion-tracking/301533,Google ads conversion tracking has been inoperable for over a month for my website. Tags are apparently misfiring–according to Google support.,en,Ads konverze měsíc nefunkční,revenue_mismatch,Ads,1+ měsíc,"měsíc bez konverzí, support bez detailu",D1;G1;G7,no,Smart Bidding týdny optimalizuje na rozbitá data (slepý spend),E7-008
N7-168,2026-09-04,GLOBAL,eshop_small,forum,https://community.shopify.com/t/year-end-reporting-2025-what-numbers-actually-matter/586376,"Refunds are the #1 reason Shopify, GA4, and accounting numbers don't line up.",en,Roční uzávěrka,revenue_mismatch,při uzávěrce,měsíce,'Merchants rush to close the books… and suddenly realize their numbers don't line up.',F3;D5;E5,no,"GA4 vs. backend se rozjely a nikdo neví, co je normální",E7-021
N7-169,2026-09-04,EU,eshop_small,review,https://apps.shopify.com/reviews/1606513,there was a 35% inaccuracy in tracking—even worse than before Elevar,en,Český Shopify e-shop s Elevar (3 roky),revenue_mismatch,porovnání,měsíce,"'Several months of essentially non-functional tracking, during which we spent a fortune'",G2;D5;G7,no,Smart Bidding týdny optimalizuje na rozbitá data (slepý spend),E7-083
N7-170,2026-09-04,EU,eshop_small,review,https://apps.shopify.com/reviews/1606513,"For two months, Google had blocked all our custom retargeting audiences",en,Blokace publik Googlem,consent_change,–,2 měsíce,"'with just five days until Black Week, we have no retargeting audiences collected'",B3;C6;G7,no,Cookie lišta potichu vypnula měření a Ads konverze,E7-083
N7-171,2026-09-04,EU,eshop_small,review,https://apps.shopify.com/reviews/1606513,"our Klaviyo tracking stopped working, bringing all our flows to a halt",en,Změna trackingu rozbila e-mailing,gtm_change_dev,flows stojí,–,zastavené automatizace,A1;G4,no,Někdo sáhl do GTM/dataLayeru bez koordinace,E7-083
N7-172,2026-09-04,EU,eshop_small,review,https://apps.shopify.com/conversios-server-side-tagging/reviews,"After 2.5 months and €4,400 burned in 'learning phases', the campaigns have been running blind.",en,Server-side app nastavena špatně,revenue_mismatch,"až po 2,5 měsících","2,5 měsíce",'40–50% of the conversions were never even tracked',D5;G1;G2,no,Smart Bidding týdny optimalizuje na rozbitá data (slepý spend),E7-084
N7-173,2026-09-04,US,b2b_leadgen,reddit,https://www.reddit.com/r/GoogleAnalytics/comments/1q3snpn/has_anyone_seen_unexplained_spikes_in_direct/,"Over the past few months I have noticed a sharp increase in sessions being attributed to the Direct channel in GA4, with other channels declining at the same time.",en,Ztráta zdrojů,utm_chaos,kanály GA4,měsíce,kanály neviditelné,C4;D4;G3,no,Kampaně spadly do Direct / (not set) – atribuce slepá,E7-055
N7-174,2026-09-04,US,eshop_small,reddit,https://www.reddit.com/r/GoogleAnalytics/comments/1smd9a8/ga4_direct_traffic_surge_still_stuck_after_fixing/,"Currently, 'Direct' is dominating our acquisition reports, which is making it impossible to see the true ROI of our campaigns.",en,Cross-domain/redirecty,utm_chaos,reporty,týdny,ROI kampaní neznámé,C3;C4;D4,no,Kampaně spadly do Direct / (not set) – atribuce slepá,E7-058
N7-175,2026-09-04,US,agency,reddit,https://www.reddit.com/r/GoogleAnalytics/comments/19ffmrl/massive_uptick_in_not_set_traffic_in_ga4/,We are seeing major increases in traffic attributed to (not set) in GA4 across multiple properties.,en,Více properties najednou,utm_chaos,reporty,dny,(not set) roste,C4;G3,unknown,Kampaně spadly do Direct / (not set) – atribuce slepá,E7-059
N7-176,2026-09-04,US,agency,reddit,https://www.reddit.com/r/GoogleAnalytics/comments/1fyv4yp/not_set_traffic_spikes/,most of them have randomly had a huge spike in traffic on a random day in the last few months,en,Jednodenní skoky,utm_chaos,reporty,–,spam/bot traffic zkresluje,C4;G3,unknown,Kampaně spadly do Direct / (not set) – atribuce slepá,E7-060
N7-177,2026-09-04,US,agency,reddit,https://www.reddit.com/r/GoogleAnalytics/comments/1dvc4q9/sudden_increase_in_direct_traffic/,Two clients of mine have had this in the last couple of weeks. Nothing was changed in regards to UTM parameters.,en,Nárůst direct bez změny UTM,utm_chaos,reporty,týdny,atribuce klientů rozbitá,C4;G3;D4,unknown,Kampaně spadly do Direct / (not set) – atribuce slepá,E7-061
N7-178,2026-09-04,US,unknown,reddit,https://www.reddit.com/r/GoogleAnalytics/comments/1mccinf/sudden_drop_in_direct_traffic/,"starting at the beginning of July, our Direct traffic has halved. Thousand or so less Direct sessions per day.",en,Změna klasifikace,utm_chaos,reporty,dny,srovnatelnost v čase,C4;G3;C5,no,Kampaně spadly do Direct / (not set) – atribuce slepá,E7-062
N7-179,2026-09-04,GLOBAL,eshop_small,forum,https://community.shopify.com/t/tracking-issues-sales-misattributed-as-direct/369537,Sales driven through ads are still showing as direct orders,en,Custom checkout ztrácí UTM,utm_chaos,reporty,6 měsíců,"'significantly affecting our ability to track campaigns accurately on Meta, Google Ads, and Google Analytics'",D4;C4;A1,no,Kampaně spadly do Direct / (not set) – atribuce slepá,E7-018
N7-180,2026-09-04,GLOBAL,b2b_leadgen,linkedin,https://www.linkedin.com/posts/zobaer-morshed_conversiontracking-googletagmanager-ga4-activity-7481745107356934144-r-c7,"Some setups strip query parameters on canonical redirects, so every paid click lands as direct.",en,Redirect stripuje UTM,utm_chaos,až z direct,týdny,'Redirects stripping UTMs ruins our Google Ads ROAS.',D4;A1;G3,unknown,Kampaně spadly do Direct / (not set) – atribuce slepá,E7-101
N7-181,2026-09-04,CZ,eshop_small,forum,https://partneri.shoptet.cz/poptavka/identifikace-marketingoveho-kanalu-pro-objednavku/,"Hledame technicke reseni na libovolne urovni, ktere nam umozni presne identifikovat, zda dana objednavka vznikla organicky nebo z jakeho kanalu/kampane (Google, Seznam, Facebook, mailing).",cs,E-shop nezná zdroj objednávek,utm_chaos,–,–,nelze rozdělit rozpočet mezi Google/Seznam/FB/mailing,D4;C4;E5,no,Kampaně spadly do Direct / (not set) – atribuce slepá,E7-114
N7-182,2026-09-04,CZ,agency,blog,https://optimics.com/blog/letni-uklid-marketingove-infrastruktury-co-zkontrolovat-pred-q4-v-google-ads-ga4,AI traffic schovaný v Direct nebo Referral,cs,Nové zdroje (AI asistenti) bez klasifikace,utm_chaos,audit,–,zkreslený direct,C4;C5,unknown,Kampaně spadly do Direct / (not set) – atribuce slepá,E7-121
N7-183,2026-09-04,GLOBAL,eshop_small,blog,https://www.clickcease.com/blog/why-is-most-of-my-ga4-traffic-suddenly-direct/,"This indicates tracking parameters like UTMs are being lost due to a technical issue, such as a server redirect or a consent tool conflict.",en,Redirect / consent nástroj,utm_chaos,direct roste,–,ztráta UTM,D4;B1;A1,no,Kampaně spadly do Direct / (not set) – atribuce slepá,E7-064
N7-184,2026-09-04,CZ,eshop_small,forum,https://partneri.shoptet.cz/poptavka/ppc-specialista-shoptet-google-ads-a-oprava-mereni/,"Google Ads již delší dobu běží a účet má historii, ale aktuálně přestalo správně fungovat měření konverzí.",cs,"Shoptet e-shop, Ads dlouhodobě běží",unknown_owner,výkon/ Ads hlášky,'delší dobu',chce jednorázovou opravu a pak měsíční paušál,A1;D1;G7;F3,no,Nikdo v firmě nevlastní měření – nastaveno 'zkusmo',E7-109
N7-185,2026-09-04,CZ,eshop_small,forum,https://partneri.shoptet.cz/poptavka/kontrola-nastaveni-e-shopu-google-ads/,"přestali nám chodit objednávky, návrh/realizace řešení.",cs,Propad objednávek + varování v hostingu,unknown_owner,pokles objednávek,–,"neví, zda je problém v měření nebo v e-shopu",H3;A1;F3,no,Nikdo v firmě nevlastní měření – nastaveno 'zkusmo',E7-111
NG1-001,2026-09-04,CZ,eshop_mid,forum,https://webtrh.cz/diskuse/mereni-b2b-a-b2c-prestashop-google-ads/,Pro příklad tržby v Google Ads jsou 500 000 Kč z akvizičních kampaní a z Google Analytics 90 000 Kč.,cs,"PrestaShop e-shop se smíšeným B2B/B2C provozem, akviziční kampaně v Google Ads",revenue_mismatch,ruční srovnání tržeb Google Ads vs. GA4,neuvedeno (dlouhodobé),"rozdíl 410 000 Kč v tržbách za sledované období (Ads 500 tis. vs. GA4 90 tis.); Google Ads ""nafukuje data o stovky procent"", kampaně se optimalizují na neporovnatelná čísla",D5;G2;A4;A2,no,GA4 a reklamní platforma vykazují nesrovnatelné tržby,EG1-001
NG1-002,2026-09-04,CZ,eshop_small,forum,https://webtrh.cz/diskuse/google-analytics-nedomeritelne-zdroje-konverzi/,"stalo se mi to poprvé u nového e-shopu, kdy mi TÉMĚŘ veškerá návštěvnost spadá do zdroje ""(direct) / (none)"" - Direct návštěvy to být určitě nemohou, většinu trafficu taháme z Facebooku a GLG ad.",cs,"Nový e-shop, traffic z Facebooku a Google Ads",consent_change,majitel si všiml nesmyslného rozpadu zdrojů v GA,neuvedeno,"atribuce kampaní nepoužitelná, nelze vyhodnotit, co funguje; příčinou podle komunity cookie lišta",C4;B1;G3,no,Kampaně spadly do (direct)/(none),EG1-002
NG1-003,2026-09-04,CZ,eshop_small,forum,https://webtrh.cz/diskuse/pocet-kliknuti-ve-fb-reklame-nasobne-neodpovida-pageviews-v-ga/,"Konkrétně mám 232 kliknutí na odkaz, ale v GA za stejné období jen 67 pageviews na té URL. (a je jedno jestli se dívám do GA3 nebo GA4)",cs,Facebook Ads kampaň na konkrétní URL,consent_change,srovnání FB Ads Manageru a GA,v rámci kampaně,71 % prokliků není v GA vidět; rozpočet FB kampaní se vyhodnocuje naslepo,B1;D2;D5,no,Cookie lišta potichu ukrojila část dat,EG1-003
NG1-004,2026-09-04,CZ,agency,forum,https://webtrh.cz/diskuse/pocet-kliknuti-ve-fb-reklame-nasobne-neodpovida-pageviews-v-ga/,"Stává se to úplně běžně, už před lištou se ztrácelo klidně 15% dat, teď už je to běžně 30%.",cs,Obecná zkušenost českého praktika po nasazení cookie lišt,consent_change,dlouhodobé srovnávání napříč klienty,–,"ztráta měřených dat vzrostla z ~15 % na ~30 %; doporučení ""být opatrný se stavěním hypotéz jen z GA""",B1;B2;D5,no,Cookie lišta potichu ukrojila část dat,EG1-004
NG1-005,2026-09-04,SK,eshop_mid,forum,https://webtrh.cz/diskuse/prestashop-nespravne-pripisovane-zdroje-navstevnosti/,"v Google Analytics dlhodbo pozorujeme pripisovanie transakcií platobnej bráne a to aj napriek tomu, že ju máme zaradenú v liste vylučujúcich zdrojov. Problém sme konzultovali aj s Google Supportom ale neúspešne.",sk,"PrestaShop e-shop, měřicí kódy nasazené přes modul třetí strany",utm_chaos,dlouhodobé pozorování v GA,dlouhodobě (měsíce),transakce připsané platební bráně místo skutečného kanálu; atribuce a rozpočtování naslepo; support Googlu nepomohl,C3;C4;A4,no,Platební brána si přisvojuje konverze,EG1-005
NG1-006,2026-09-04,SK,eshop_mid,forum,https://webtrh.cz/diskuse/prestashop-nespravne-pripisovane-zdroje-navstevnosti/,tiež vidíme niektoré transakcie duplikovane (rovnaké ID) aj keď teda celkové tržby približne sedia s reálnymi tržbami,sk,"Dva GA kódy na jednom e-shopu (jeden pro traffic, druhý pro konverze)",gtm_change_dev,testovací objednávky,neuvedeno,"duplicitní transakce se stejným ID; celkové tržby ""přibližně sedí"", takže hrubé srovnání nic neodhalí",A6;A4;G2,no,Duplicitní tagy a transakce,EG1-006
NG1-007,2026-09-04,CZ,agency,forum,https://webtrh.cz/diskuse/google-analytics-nemeri/,"proč mi nové GA4 neukazují od včerejšího dnes uživatelé? První dva dny to bylo bez problému a teď poslední dva dny to neměří a to se s kódem ani webem nic nedělalo. A nedělá mi to na jednom webu, ale na všech.",cs,"Migrace na GA4, správce více webů",ga4_change,náhodný pohled do přehledu,2 dny,výpadek reportingu napříč všemi weby; nikdo neposlal upozornění,G1;G7;C5,no,GA4 tiše přestalo vykazovat,EG1-007
NG1-008,2026-09-04,CZ,agency,forum,https://webtrh.cz/diskuse/zapomenute-prastupy-do-google-analytics/,"Klientka zapomněla svoje přístupy do Google analytics, je nějaká možnost jak je zjistit? Neví ani mailovou adresu ani heslo.",cs,"Klient bez dokumentace přístupů, nový dodavatel",access_lost,při předání agentuře,–,"historická data nedostupná, nutnost založit novou property a začít od nuly (""to už je prostě osud"")",C6;H2;E4,no,Odešel člověk / nikdo nemá přístupy,EG1-008
NG1-009,2026-09-04,CZ,eshop_small,forum,https://webtrh.cz/diskuse/pokles-merenych-pristupu-z-ga-a-rozdil-proti-cloudflare/,"můj web vybornakava.cz denně navštíví cca 500-800 UIP. V sobotu 6.3. mi ale GA ukazují propad na cca 100 UIP a od té doby se nedostanu za den nad 300. ... Analytika od CloudFlare také neukazuje žádný drop, vše v normě",cs,"E-shop s kávou, GA + Cloudflare analytics souběžně",browser_change,druhý nezávislý zdroj čísel (Cloudflare) neukazoval propad,~5 dní,měřená návštěvnost spadla na 1/5 až 1/2 při nezměněném reálném provozu; bez druhého zdroje by to vypadalo jako propad trhu,G1;G3;D5,no,Tichý propad měřených dat bez reálné příčiny,EG1-009
NG1-010,2026-09-04,CZ,eshop_small,forum,https://webtrh.cz/diskuse/ga4-problem-uplatnen-limit/,"setkal jste se v nových GA4 přehledech někdo s tímto problémem [uplatněn limit] a jak ho řešit? ... Zajímavý, že to má náš web zrovna s největší návštěvností, ostatní s menší návštěvností to nemají.",cs,GA4 thresholding kvůli zapnutým Google Signals,ga4_change,hláška v přehledu GA4,neuvedeno,"data v přehledech skrytá, uživatel netuší proč; řešení = přepnout Reporting Identity",C2;C5,no,"Konfigurace GA4, kterou nikdo nehlídá",EG1-010
NG1-011,2026-09-04,CZ,eshop_small,forum,https://webtrh.cz/diskuse/google-analytics-hlasi-u-90-organicke-navstevnosti-e-shopu-not-provided/,"Google analytics hlásí u 90% organické návštěvnosti e-shopu ""not provided"", nevíte jak se dopátrat rozparcelování této návštěvnosti?",cs,"E-shop, organická návštěvnost",utm_chaos,pohled do reportu zdrojů,neuvedeno,90 % organiky bez členění; SEO se vyhodnocuje naslepo,C4;F1,no,Kampaně spadly do (direct)/(none),EG1-011
NG1-012,2026-09-04,CZ,eshop_small,forum,https://webtrh.cz/diskuse/odhad-procenta-nezaznamenanych-konverzi-diky-zablokovanemu-ga-skriptu-pres-adblock/,"já vidím objednávky v administraci eshopu, ale v GA Konverze Elektronický obchod Výkon prodeje, kde vidím jednotlivé ID (čísla objednávek), tak nemám všechno. Jinými slovy, o kolik procent GA tak podměřuje.",cs,"E-shop s technicky zdatnou cílovou skupinou, ruční srovnání ID objednávek",revenue_mismatch,ruční reconciliace ID objednávek proti GA,průběžně,"podle CZ analytiků typicky 10–30 % objednávek chybí, při chybné implementaci více; tazatel odhaduje 20–30 %",G2;D5;A4,no,GA podměřuje objednávky proti backendu,EG1-013
NG1-013,2026-09-04,CZ,agency,forum,https://webtrh.cz/diskuse/divne-hodnoty-v-analytics/,dokážete někdo vysvětlit tyhle divný hodnoty v Analytics? ... Viděl bych to na 2x nasazený stejny kód analytics na webu.,cs,Blog/web s dvakrát nasazeným stejným GA kódem,gtm_change_dev,"náhodně, dotazem na fóru",neuvedeno,"všechna čísla nafouknutá duplicitním měřením; nikdo to nezachytil, dokud se majitel nezeptal cizích lidí",A6;A4;A1,no,Duplicitní tagy a transakce,EG1-014
NG1-014,2026-09-04,SK,eshop_mid,forum,https://webtrh.cz/diskuse/google-analytics-cross-domain-first-click-source-medium/,Tieto objednavky sa teda nedostanu ani do Google Ads konverzii - kedze vznikli z Organiku. V Google Ads mame nastavenu konverziu na 1. click. To nepomaha.,sk,"Cross-domain: landing weby + e-shop, traffic z Google Ads",utm_chaos,kontrola atribuce objednávek,neuvedeno,"část objednávek se nedostane do konverzí Google Ads, kampaně vypadají hůř, než jsou; Smart Bidding dostává neúplný signál",C3;D1;D5,no,Cross-domain a atribuce ukrajují konverze v Ads,EG1-015
NG1-015,2026-09-04,CZ,eshop_small,forum,https://webtrh.cz/diskuse/zbozi-se-taky-zblaznilo/,"v jeden den a dokonce během pouhých 2 hodin přišlo tolik návštěvníků jako jindy za 1,5 měsíce a opravdu jako vtip to bylo 97,6% prokliků na jedné položce, ale nikdo ji nekoupil ... v každém případě se vyklikalo několik tisíc",cs,E-shop inzerující na Zboží.cz,ad_platform_change,všiml si 4x vyšší návštěvnosti v GA,v řádu dnů,"cca 4 000 prokliků za 2 hodiny bez objednávky, proklikáno ""několik tisíc"" Kč; Zboží.cz se do 3 dnů neozvalo",G3;G1;D3,no,"Anomálie ve zdroji, kterou musí zachytit alert",EG1-016
NG1-016,2026-09-04,SK,agency,forum,https://webtrh.cz/diskuse/analytics-nefunguje-mate-s-ga-take-touto-dobou-problemy/,"Nerobili sa žiadne zmeny ani na webe/hostingu ani v google účte, nestretli ste sa s tým niekto? Po čom ísť, čo skúsiť?",sk,Výpadek na straně Google Analytics; status page mlčela,ga4_change,"chybová hláška v rozhraní, potvrzení od ostatních na fóru",1 den,"reporting nedostupný, klient neví, zda je chyba u něj; jediné ověření byl dotaz na fóru",G6;G7;H5,no,Výpadek na straně platformy bez upozornění,EG1-017
NG1-017,2026-09-04,CZ,b2b_leadgen,forum,https://webtrh.cz/diskuse/wix-nezmeri-nam-polovinu-navstev/,"je web na wixu, nejsou tam žádné aktivované cookies lišty, měřící kódy jsou přes GTM a nezměří to nejen konverze, ale nezměří to ani polovinu návštěv",cs,"Web na Wixu, měřicí kódy přes GTM",platform_migration,srovnání s očekávanou návštěvností,neuvedeno,neměří se konverze ani polovina návštěv; vlákno zůstalo bez jediné odpovědi,A1;A4;G4,no,"Platforma neposílá data, nikdo neví proč",EG1-018
NG1-018,2026-09-04,CZ,agency,forum,https://webtrh.cz/diskuse/alza-mi-nepripisuje-objednavky-na-affil/,"Už je to pár let, kdy mi nepřipsali affil za počítač za 70 tisíc. Včera nepřipsali objednávku za televizi za dost peněz a to samé vysavač Dyson (taky nestojí pár korun).",cs,"Affiliate partner největšího CZ e-shopu, drahé objednávky",ad_platform_change,"ruční kontrola u drahých objednávek (""u těch dražších už ano"")",dny až týdny,neatribuované objednávky za 70 000 Kč a 18 000 Kč; provize propadla; provozovatel chybu uznal neoficiálně a neopravil,D5;G2;G1,no,"Platforma nepřipisuje konverze, provize propadá",EG1-019
NG1-019,2026-09-04,CZ,eshop_small,forum,https://webtrh.cz/diskuse/g-analytics-ruzna-casova-okna-ruzne-vysledky/,"Dám poslední tři měsíce a ukazuje to např. v květnu 100 konverzí, nastavím pololetí a ukazuje to v květnu např. 90 konverzí, dám celý rok a ukazuje to v květnu 130 konverzí.",cs,"Stejné období, tři různé počty konverzí podle zvoleného rozsahu",ga4_change,vlastní porovnání reportů,neuvedeno,"rozptyl 90–130 konverzí na stejný měsíc; ztráta důvěry v čísla, vlákno bez řešení",F3;H3;C2,no,Čísla si navzájem odporují a nikdo je nevysvětlí,EG1-021
NG1-020,2026-09-04,SK,eshop_small,marketplace,https://partneri.shoptet.cz/poptavka/kontrola-funkcii-e-shopu/,"cez google analytics vidíme prichádzať ľudí, ale neprichádza ku konverziám. Eshop máme od roku 2021 a za toto obdobie prišla iba jedna objednávka.",sk,SK e-shop na Shoptetu spuštěný 2021,unknown_owner,"majitel po dvou letech zjistil, že nemá objednávky",~2 roky,"dva roky provozu bez jistoty, zda e-shop neprodává, nebo se konverze neměří",A1;A4;G1,no,"Nikdo neví, jestli e-shop neprodává nebo se neměří",EG1-023
NG1-021,2026-09-04,SK,eshop_mid,marketplace,https://partneri.shoptet.cz/poptavka/napojenie-criteo-na-shoptet/,"Aktuálne je tam problém s datalayerom, s ktorým nevieme, čo ďalej. Criteo podpora nám nevie poradiť…",sk,"Dva e-shopy na Shoptetu, integrace Criteo přes GTM",platform_migration,Criteo nesbírá eventy,neuvedeno,retargeting nefunguje; support platformy ani reklamního systému neumí poradit,A2;A4;H1,no,Rozbitý dataLayer mezi platformou a reklamním systémem,EG1-024
NG1-022,2026-09-04,SK,eshop_small,marketplace,https://partneri.shoptet.cz/poptavka/sprovoznenie-enhanced-conversions-na-google-ads/,Máme to predpripravené v Google tag manageri ale Google ads nás neustale upozornuje aby sme si to zapli.,sk,"Enhanced conversions nastavené, ale Google Ads je hlásí jako nezapnuté",ad_platform_change,opakované upozornění v Google Ads,dny,"enhanced conversions nefungují, kvalita konverzních dat pro Smart Bidding nižší; klient poptává 1–2 hodiny",D1;B1;A2,no,"Ads hlásí problém, který nikdo neumí dořešit",EG1-025
NG1-023,2026-09-04,CZ,eshop_mid,marketplace,https://partneri.shoptet.cz/poptavka/prenos-zrusenych-objednavky-do-gagads-analytika-naklady-mkt-vynosy/,"Přenos zrušených objednávky do GA,GADS…analytika náklady mkt/výnosy",cs,Zrušené objednávky zůstávají v GA a Google Ads jako tržba,revenue_mismatch,srovnání nákladů marketingu vs. skutečných výnosů,neuvedeno,tržby v GA/Ads systematicky nadhodnocené o zrušené objednávky; ROAS a Smart Bidding pracují s neexistujícími tržbami,D5;G2;E5,no,"GA vykazuje tržby, které e-shop nikdy neinkasoval",EG1-026
NG1-024,2026-09-04,CZ,eshop_small,marketplace,https://partneri.shoptet.cz/poptavka/google-merchant-analyza-proc-zamita-produkty-plavky/,"hledám zkušeného odborníka pro analýzu webu, Google merchant zamítá produkty a není jasný důvod. Už se tím zabývá i člověk u nich (ne robot).",cs,Google Merchant Center zamítá produkty bez jasného důvodu,ad_platform_change,zamítnuté produkty v Merchant Center,neuvedeno,produkty se neinzerují; ani support Googlu důvod nesdělí,C6;D3;G7,no,Platforma zamítá/blokuje bez vysvětlení,EG1-030
NG1-025,2026-09-04,CZ,eshop_mid,marketplace,https://partneri.shoptet.cz/poptavka/audit-b2b-e-shopu-google-merchant-center-reinstatement-a-google-ads/,"Google mi opakovaně (již 3x) pozastavil Google Ads s odůvodněním „suspendovaný Merchant Center“, přestože tento účet již neexistuje.",cs,"B2B e-shop na Shoptetu, opakované pozastavení Google Ads",ad_platform_change,pozastavený účet Google Ads,opakovaně,třikrát zastavená inzerce; majitel nezná důvod ani po zrušení Merchant Center účtu,C6;D3;G7;H5,no,Platforma zamítá/blokuje bez vysvětlení,EG1-030
NG1-026,2026-09-04,CZ,eshop_small,marketplace,https://partneri.shoptet.cz/poptavka/zpetna-vazba-a-dlouhodoba-spoluprace/,"z důvodů nedostatku času hledáme k dlouhodobé spolupráci partnera na pravidelnou správu e-shopu (pro začátek pár hodin měsíčně). Prvně analýzu e-shopu, najít a upozornit na chyby",cs,"E-shopař bez času, hledá pravidelnou správu",unknown_owner,vlastní nedostatek kapacity,–,"vstupní očekávání je ""pár hodin měsíčně"" a nejdřív seznam chyb; cenová kotva vstupního tieru",H2;H3;F4,no,Nikdo v firmě to nemá na starost,EG1-028
NG1-027,2026-09-04,CZ,eshop_mid,marketplace,https://partneri.shoptet.cz/poptavka/plneni-databaze-daty-bigquery-pro-dalsi-praci-v-powerbi-looker/,"Aktuálně řešíme pravidelné nalívání dat ze Shoptetu do databáze (objednávky – cena, marže), poté FB reklamy (náklady za každý den), Google Ads, Sklik. Cílem je základní analytika ziskovosti.",cs,E-shop chce ziskovost napříč Shoptet + FB + Ads + Sklik,bq_export_gap,nemá kde spojit náklady a marži,–,"bez datového skladu nelze vyhodnotit ziskovost; jediná ze 53 CZ poptávek, která zmiňuje BigQuery",E5;E6;F1,optional,"Data v silech, ziskovost nikdo nevidí",EG1-029
NG1-028,2026-09-04,CZ,eshop_small,marketplace,https://partneri.shoptet.cz/poptavka/vypomoc-s-nastavenim-analytiky/,"hledáme někoho pro výpomoc s nastavením GA4, propisování konverzí do Looker Studia a úpravou reportu, správné nastavení propojení s Google Ads a FB. Případně nastavení vlastních přehledů. kromě GA využíváme i Matomo.",cs,E-shop s GA4 + Matomo + Looker Studio,unknown_owner,report nefunguje / chybí konverze,neuvedeno,konverze se nepropisují do reportu; nikdo nedrží celý řetězec GA4 → Ads/FB → Looker,F1;F5;D1,no,"Report se rozpadl, nikdo ho neudržuje",EG1-030
NG1-029,2026-09-04,CZ,eshop_mid,vendor_doc,https://napoveda.sklik.cz/inzerce-nakupy/merici-a-konverzni-kod-zbozi-cz/,"Kdy měření nefunguje vůbec? Typicky když není nasazená backendová část kódu. Tato situace vzniká často při nasazení skriptu přes GTM šablonu, která obsahuje jen frontend.",cs,Nasazení měření konverzí Zboží.cz přes GTM šablonu,gtm_change_dev,chybový log v Centru prodejce nebo porovnání s interním systémem,neuvedeno (dokud někdo nezkontroluje),"měření konverzí Zboží.cz nefunguje vůbec, přestože v GTM kód ""je""; PNO nelze vyhodnotit, e-shop nesbírá recenze",A1;A4;D3;G4,no,Poloviční implementace konverzního kódu (jen frontend),EG1-034
NG1-030,2026-09-04,CZ,eshop_mid,vendor_doc,https://napoveda.sklik.cz/inzerce-nakupy/merici-a-konverzni-kod-zbozi-cz/,Neplatné nebo chybějící orderId. Odesílání pouze frontendové části kódu. Odesílání pouze backendu. Nesprávně řešený CONSENT.,cs,Provoz měření konverzí Zboží.cz / Sklik,ad_platform_change,chybový log platformy,neuvedeno,"chybné orderId a špatný consent → nesprávné počty a hodnoty konverzí, špatné PNO, špatná optimalizace",D3;B1;A4;G2,no,Poloviční implementace konverzního kódu (jen frontend),EG1-033
NG1-031,2026-09-04,CZ,b2b_leadgen,blog,https://rdy.cz/blog/ppc-kampane-google-ads-sklik-ktere-se-zaplati,"„Reklama nám nefunguje, utratili jsme třicet tisíc a nic z toho nebylo."" ... v naprosté většině případů nejde o to, že by reklama nefungovala — jen se nedalo poznat, co fungovalo a co ne, protože nikdo neměřil",cs,Klient spustil PPC kampaně bez hotového měření konverzí,unknown_owner,až podle vyčerpaného rozpočtu bez viditelného výsledku,~1 měsíc,"30 000 Kč utracených bez možnosti zjistit, co fungovalo; klient si o reklamě udělá špatný názor",D1;A1;C1;F3,no,"Utraceno naslepo, protože nikdo neměřil",EG1-038
NG1-032,2026-09-04,CZ,eshop_mid,blog,https://rdy.cz/blog/ppc-kampane-google-ads-sklik-ktere-se-zaplati,"Kampaň, která od prvního dne utrácí padesát tisíc měsíčně bez ověřeného měření, je nejrychlejší způsob, jak si o reklamě udělat špatný názor.",cs,Vysoký rozpočet spuštěný bez ověřeného měření konverzí,unknown_owner,"neexistuje kontrola, kterou by se to zjistilo",neuvedeno,"až 50 000 Kč měsíčně v ohrožení; Smart Bidding optimalizuje na prokliky, ""prokliky umí sehnat velmi levně, jen nevedou k ničemu""",D1;G1;A1;G7,no,Smart Bidding se učí na rozbitých datech,EG1-040
NG1-033,2026-09-04,CZ,eshop_small,marketplace,https://partneri.shoptet.cz/poptavka/odstraneni-chyb-a-vylepseni-metrik-webu-na-google-analytics/,"Google Analytics nám dává hrozné hodnocení webu. Poptávám odborníka, který dokáže odstranit chyby a vylepšit také naše metriky",cs,Majitel e-shopu si vykládá čísla v GA jako hodnocení od Googlu,unknown_owner,pohled do GA,–,"klient neumí odlišit chybu měření od reálného výsledku; poptává ""vylepšení metrik"" místo opravy měření",F3;H3;H4,no,Nikdo v firmě datům nerozumí,EG1-042
NG1-034,2026-09-04,CZ,eshop_small,forum,https://webtrh.cz/diskuse/google-analytics-8/,"Jedná se mi o nastavení elektronického obchodu, potřebuji vidět odkud zákazníci přišli a za kolik nakoupili. Do shoptetu vše jde jak má, problém mám s Analytics.",cs,"Shoptet e-shop, objednávky chodí, GA4 e-commerce ne",platform_migration,majitelka nevidí zdroje ani tržby v GA4,neuvedeno,"backend funguje, měření ne; není podle čeho rozdělit rozpočet mezi kanály",A1;A4;C1,no,"Backend funguje, měření ne",EG1-043
NG1-035,2026-09-04,CZ,eshop_mid,blog,https://www.lkmedia.cz/blog/mereni-ga4-pixely-od-nuly,"Browser pixel ztrácí 20–40 % dat, CAPI je kompenzuje.",cs,Meta Pixel bez Conversions API na českém e-shopu,browser_change,srovnání pixelu vs. skutečné objednávky,–,20–40 % konverzních dat chybí Metě; algoritmus se učí na necelé polovině až čtyřech pětinách signálu,D2;A5;D5,no,Blokátory a prohlížeče ukrajují data,EG1-031
NG1-036,2026-09-04,CZ,eshop_mid,blog,https://www.khoder.cz/konverzni-pomer,"GA4 konverze modeluje a atribuuje podle session a souhlasu s cookies, Shoptet eviduje reálné odeslané objednávky. Rozdíl 10 až 30 procent je běžný.",cs,Srovnání GA4 vs. Shoptet u českého e-shopu,revenue_mismatch,srovnání konverzního poměru z různých zdrojů,–,"10–30 % rozdíl je považován za normu; nad tímto pásmem je to nález, který ale nikdo systematicky nehlídá",G2;D5;F3,no,GA podměřuje objednávky proti backendu,EG1-032
NG4-001,2026-09-04,CZ,eshop_small,blog,https://tomaszahalka.cz/jak-na-ga4-v-shoptetu/,"Mezi nejčastější chyby patří dvojité měření GA4 přes Shoptet i GTM, nefunkční purchase event, chybějící hodnota objednávky, špatná měna, duplicitní transakce, neoznačené kampaně, chybějící UTM parametry, špatně nastavený Consent Mode, měření bez testovací objednávky a slepé porovnávání GA4 s účetnictvím.",cs,"Shoptet e-shopy, kde měření nasazuje e-shopista nebo PPC specialista bez analytika",gtm_change_dev,"podle autora se na chyby přichází až srovnáním GA4 s administrací e-shopu; „měření bez testovací objednávky“ znamená, že se nekontroluje vůbec",neuvedeno (nekontroluje se systematicky),"GA4 ukazuje špatné tržby, výkon kampaní nebo duplicitní objednávky – rozhodnutí o rozpočtech se dělají na rozbitých číslech",A1;A4;C3;D4;B1,no,"Chyby v implementaci, které nikdo nekontroluje po nasazení",EG4-011
NG4-002,2026-09-04,CZ,eshop_mid,linkedin,https://cz.linkedin.com/posts/vaclavjelen_modelov%C3%A1n%C3%AD-v-ga4-je-ozna%C4%8Dov%C3%A1no-za-jednu-z-activity-7077578721548718085-RQeG,"Data v těchto reportech se mohou od dat v reportech kam GA4 domodelovaná data pouští výrazně lišit i v základnách metrikách, jako jsou sessions a users.",cs,E-shop se zapnutým modelováním (Reporting Identity) v GA4,ga4_change,klient vidí dvě různá čísla ve dvou reportech téhož nástroje,"okamžitě viditelné, ale nevysvětlitelné bez odborníka","ztráta důvěry v data; klient neví, které číslo je správné, a nemůže se rozhodnout",H3;F3;C2,no,GA4 si samo odporuje kvůli modelování,EG4-010
NG4-003,2026-09-04,CZ,eshop_small,forum,https://webtrh.cz/diskuse/ga4-meri-nesmyslne-navstevy-z-cizich-zemi-a-zadne-ceske/,"Na provizorní web solar-care.cz jsme přidali měření GA4, v účtu se tváří, že je vše OK, ale Google nám ukazuje nesmyslné návštěvy z Afghánistánu, Pákistánu atd. ale Česko 0.",cs,"Nový web s GA4 za CloudFlare, reklama cílená pouze na ČR",gtm_change_dev,"majitel si všiml, že v GA4 chybí české návštěvy úplně (Česko 0)","hned po nasazení, ale příčinu nedohledal ani po výměně měřicího kódu",měření webu je nepoužitelné; kampaně cílené na ČR nemají žádná data; uživatel zkusil vytvořit nový měřicí kód bez efektu,A1;A4;G3,no,"„V účtu se tváří, že je vše OK“ – tichá chyba, kterou nástroj nehlásí",EG4-014
NG4-004,2026-09-04,CZ,eshop_mid,konference,https://digitalniarchitekti.cz/clanek/measure-camp-brno-2025-hodnotne-stripky-z-konference/,"Automatizované kampaně (PMAX a spol.) stojí na kvalitních signálech. Když se měření rozbije, algoritmy ztrácí kompas a pálíte rozpočet.",cs,"Klienti s automatizovanými kampaněmi (PMAX, Smart Bidding), kde se měření rozbije na straně webu, v GTM nebo vlivem legislativy",release_web,"podle přednášky až podle výkonu kampaní, pokud není nasazený error logging; doporučené řešení je proaktivní detekce (error listeners, tag monitor, custom insights)","neuvedeno – přednáška staví na tom, že bez logování se chyba objeví až podle spáleného rozpočtu","spálený reklamní rozpočet, protože algoritmus optimalizuje na chybné signály",G4;G7;A1;A4;H2,optional,Automatizované kampaně optimalizují na rozbité signály,EG4-015
NG4-005,2026-09-04,CZ,unknown,blog,https://digitalniarchitekti.cz/clanek/12-problemu-webove-analytiky/,"sice na první pohled funguje správně … se nespouští, kdy má … se nespustí vůbec … Přijdete o významnou část dat",cs,Firma s GTM kódem umístěným na špatném místě v HTML,gtm_change_dev,nezjistí se – nástroj se tváří funkčně; odhalí to až audit,neuvedeno (bez auditu neomezeně dlouho),ztráta významné části dat; nelze ověřit Google Search Console,A1;A4;G4,no,"Nástroj vypadá funkčně, ale tag se nespouští",EG4-021
NG4-006,2026-09-04,CZ,b2b_leadgen,blog,https://digitalniarchitekti.cz/clanek/12-problemu-webove-analytiky/,"Přicházím jako nový markeťák… vidím, že přístup má jakýsi info mail. Nikdo si nepamatuje, proč.",cs,Nástup nového marketéra do firmy bez dokumentace měření,access_lost,"až při nástupu nového člověka, který hledá, kdo má přístupy a proč jsou nastavení taková, jaká jsou",při obměně lidí (měsíce až roky po vzniku problému),"nikdo neví, co který tag dělá; strach cokoli měnit; ztráta kontroly nad účty",H2;C6;A3;A6,no,"Odešel člověk, dokumentace neexistuje",EG4-022
NG4-007,2026-09-04,CZ,eshop_mid,blog,https://www.marketingppc.cz/nejdrazsi-chyby-v-google-ads/spravne-mereni-konverzi/,Zdvojené konverze. Pokud se během pár let vystřídalo pár správců Google Ads kampaní,cs,"E-shop, kterému se během několika let vystřídalo víc správců Google Ads kampaní; každý si nasadil vlastní konverzní měření",gtm_change_dev,srovnáním odchylky mezi systémy; agentura doporučuje pátrat při odchylce v desítkách procent (do 10 % považuje za normu),roky (chyba přežívá střídání správců),zdvojené konverze nadhodnocují výkon kampaní; rozpočty se alokují podle nafouknutých čísel,A6;D1;G2;A3,no,Vrstvení měření po několika správcích,EG4-024
NG4-008,2026-09-04,CZ,eshop_mid,blog,https://www.marketingppc.cz/nejdrazsi-chyby-v-google-ads/spravne-mereni-konverzi/,posílání nesprávné hodnoty transakcí. Pokud měřicí kód pošle do Google Analytics souhrnnou částku,cs,"E-shop, jehož měřicí kód posílá do GA souhrnnou částku objednávky včetně DPH a poštovného",revenue_mismatch,"srovnáním hodnoty konverzí s reálnou marží; DPH odvede stát, poštovné přepravce, ani jedno by v hodnotě konverze být nemělo",neuvedeno,"hodnota konverzí je systematicky nadhodnocená, Smart Bidding se optimalizuje na neexistující tržbu",G2;D1;A4,no,Hodnota konverze obsahuje DPH a poštovné,EG4-024
NG4-009,2026-09-04,SK,eshop_mid,blog,https://www.dexfinity.com/marketingove-nastroje/webova-analytika-ovplyvnuje-ci-rastiete-alebo-pomaly-hnijete/,"Výpadok nastáva aj v prípade, keď používateľ odíde na platobnú bránu, po zaplatení sa vráti, ale kód sa nespustí.",sk,"E-shop s platební bránou, kde se měřicí kód na děkovací stránce po návratu z brány nespustí",release_web,srovnáním počtu objednávek v GA vs. v administraci; jinak vůbec,"neuvedeno – článek popisuje jako trvalý stav, dokud to neopraví programátor","objednávka se nezapíše do GA, ani do Google Ads a Facebooku; marketér utlumí kredit na kampaň, která ve skutečnosti funguje, a e-shop přichází o tržby",G2;A1;A4;D1;D2,no,Objednávky z platební brány se do měření nezapíší,EG4-027
NG4-010,2026-09-04,SK,eshop_mid,blog,https://www.dexfinity.com/marketingove-nastroje/webova-analytika-ovplyvnuje-ci-rastiete-alebo-pomaly-hnijete/,"Spustenie kódu až po zaplatení objednávky. Ak čakáte až na zaplatenie objednávky (napríklad dobierkou), systém ju už spätne nepriradí.",sk,"E-shop s dobírkou, kde se konverze měří až po zaplacení objednávky",gtm_change_dev,"až při analýze, proč v GA chybí objednávky na dobírku",neuvedeno,objednávky na dobírku systém zpětně nepřiřadí – trvale chybějí v atribuci kampaní,G2;D1;A4,no,"Konverze se měří v okamžiku, kdy už ji nelze přiřadit",EG4-027
NG4-011,2026-09-04,CZ,eshop_small,konference,https://digitalniarchitekti.cz/clanek/measure-camp-brno-2025-hodnotne-stripky-z-konference/,Velké kontejnery často trpia duplicitami a závislostmi proměnných.,cs,"GTM kontejner, který rostl roky bez auditu proměnných a značek",unknown_owner,"až při auditu; přednášející se ptá „Kdy jste naposledy dělali audit značek, spouštěčů a proměnných ve vašem GTM?“",neuvedeno – u většiny firem nikdy,"duplicity proměnných zpomalují načítání webu a komplikují debugging; po úklidu méně proměnných, kratší doba načtení, snazší debugging",A6;A3;H2,no,GTM kontejner nikdo neuklízí,EG4-019
NG4-012,2026-09-04,CZ,eshop_mid,blog,https://www.sabatka.net/cs/is-ga4-data-accurate/,"Tichý fallback. Pokud nemáte alespoň 400 konverzí za 28 dní pro daný key event, GA4 tiše přepne na last-click — bez upozornění. V nastavení dál vidíte „Data-driven“, ale reálně běží last-click.",cs,E-shop s méně než 400 konverzemi klíčové události za 28 dní a zapnutou data-driven atribucí,ga4_change,nezjistí se – v nastavení je dál napsáno „Data-driven“; odhalí to jen znalý člověk při kontrole,neomezeně (Google neupozorní),"atribuce kanálů je jiná, než klient předpokládá; rozpočty se přerozdělují podle last-click, ačkoli klient věří, že rozhoduje podle data-driven modelu",C1;C5;F4;H3,no,Google tiše změní atribuční model a rozhraní o tom lže,EG4-030
NG4-013,2026-09-04,CZ,eshop_mid,blog,https://www.sabatka.net/cs/is-ga4-data-accurate/,"S modelováním vám GA4 reportuje o desítky procent víc konverzí — a vaše PNO vypadá najednou skvěle. Bez modelování? Stejná kampaň, ale čísla říkají něco jiného. A vy se na základě toho rozhodujete, kam alokovat rozpočet.",cs,"E-shop, který počítá PNO z GA4 bez ohledu na to, zda má zapnuté modelování konverzí",consent_change,"při srovnání dvou období nebo dvou zdrojů; klient sám nepozná, že rozdíl dělá přepínač",neuvedeno,"PNO se liší o desítky procent podle nastavení, které nikdo nesleduje; rozpočty se alokují na základě neporovnatelných čísel – „problém za reálné peníze“",B2;C1;F3;G2,no,Zapnuté/vypnuté modelování mění PNO o desítky procent,EG4-032
NG4-014,2026-09-04,CZ,eshop_small,blog,https://www.sabatka.net/cs/is-ga4-data-accurate/,"Pokud máte cookie lištu správně nastavenou (a třetina firem ji nemá), GA4 měří jen ty návštěvníky, kteří klikli na „Souhlasím“.",cs,Zhruba třetina českých firem podle autora nemá cookie lištu správně nastavenou,consent_change,"autor uvádí, že spousta lidí řeší ad blockery místo toho, aby se podívali na svůj opt-in rate – tedy že se to neřeší vůbec",neuvedeno (neřeší se),GA4 nevidí 30–60 % návštěvníků (opt-in rate v ČR typicky 40–70 %); podle autora je consent největší zdroj nepřesnosti v GA4,B1;B2;B3;G3,no,Cookie lišta špatně a nikdo nesleduje opt-in rate,EG4-033
NG4-015,2026-09-04,CZ,eshop_small,blog,https://nazakladedat.cz/checklist-spravneho-nastaveni-ga4/,"Dost často se mezi doménami objevují vývojové verze webu jako localhost, nebo např. dev.domena.cz, vyvoj.domena.cz či tak. Návštěvnost generovanou programátorem při vývoji webu ve statistikách většinou nechceme",cs,"E-shop, jehož GA4 property sbírá i data z vývojového prostředí a z localhostu",release_web,až kontrolou sekundární dimenze Doména u události page_view – tedy jen když to někdo cíleně hledá,neuvedeno (bez kontroly nikdy),statistiky návštěvnosti a konverzí jsou znečištěné provozem vývojářů; klient se rozhoduje podle nafouknutých čísel,A1;C3;A6,no,Do produkční property teče provoz z dev prostředí,EG4-038
NG5-001,2026-09-04,SK,eshop_mid,blog,https://milosvargic.blog.pravda.sk/2026/06/12/preco-google-ads-ukazuje-pekny-roas-ale-e-shop-nevidi-rovnake-trzby/,"„Ako je možné, že Google Ads ukazuje ROAS 700 %, ale na účte to nevidím?“ „Prečo máme podľa reklám vysoké tržby, ale zisk je nízky?“ „Ako môže kampaň vyzerať úspešne, keď e-shop reálne nerastie?“",sk,"Majitel e-shopu vidí v Google Ads ROAS 700 %, ale v účetnictví a na bankovním účtu se to neprojeví; agentura to popisuje jako nejčastější dotaz od e-shopů",revenue_mismatch,"až při porovnání s účetnictvím, bankou, skladem nebo administrací e-shopu",neuvedeno,"Rozpočty se navyšují do kampaní, které nejsou ziskové; rozhodování na deformovaných datech",Denní/měsíční rekonciliace GA4 a Ads vs. objednávky v e-shopu; kontrola počtu primárních konverzních akcí v Ads,no,"Nadhodnocené měření – rozbité měření nevede k podhodnocení, ale k falešně dobrým číslům",EG5-023
NG5-002,2026-09-04,SK,eshop_mid,blog,https://milosvargic.blog.pravda.sk/2026/06/12/preco-google-ads-ukazuje-pekny-roas-ale-e-shop-nevidi-rovnake-trzby/,"E-shop môže mať súčasne nasadený Google Ads conversion tag, import konverzií z GA4, meranie cez Google Tag Manager aj ďalší doplnok v e-shopovej platforme. Výsledok? Jedna objednávka sa môže započítať dvakrát alebo dokonca viackrát. … Táto chyba je mimoriadne nebezpečná, pretože deformuje rozhodovanie.",sk,"Čtyři nezávisle nasazené způsoby měření nákupu (Ads tag, import z GA4, GTM, plugin platformy) běží současně, protože je nasazovali různí lidé v různém čase",gtm_change_dev,neodhalí se samo; jen ručním auditem počtu primárních konverzí v Google Ads,neuvedeno,"E-shop navyšuje rozpočty do kampaní, které v skutočnosti nemusia byť ziskové","Changelog a kvartální audit tagů; kontrola, které konverze jsou primární vs. pozorované",no,"Nikdo neví, co který tag dělá (unknown_owner v praxi)",EG5-023
NG5-003,2026-09-04,SK,eshop_small,blog,https://roi-index.com/preco-mi-nesedi-ga4-vs-ads-vs-shopify-shoptet-upgates-a-co-je-spravne/,"Pri Shoptete a Upgates je z praxe typické, že tracking býva nasadený cez doplnky, ktoré sa líšia kvalitou: niekedy posielajú nákup bez detailov položiek, niekedy sa spúšťajú viacnásobne pri refreshi ďakovnej stránky, alebo naopak vypadávajú pri rýchlom dokončení objednávky.",sk,"E-shop na krabicové platformě (Shoptet, Upgates) měří konverze přes doplněk třetí strany, jehož chování závisí na chování zákazníka na děkovací stránce",platform_migration,obvykle vůbec – rozdíl se schová do 'atribuce'; odhalí ho až kontrola order_id,neuvedeno,"Čísla v GA4, Ads a administraci se rozcházejí; nelze říct, které je správné","Kontrola, že purchase event odchází právě jednou s korektním order_id; monitoring duplicit",no,"Krabicová platforma + doplněk = měření, které nikdo nevlastní",EG5-025
NG5-004,2026-09-04,SK,eshop_small,blog,https://roi-index.com/preco-mi-nesedi-ga4-vs-ads-vs-shopify-shoptet-upgates-a-co-je-spravne/,"Pri Shopify je častý problém prechod cez doménu checkoutu, zmeny v checkout flow, platby a presmerovania cez brány. Ak nie je správne vyriešené cross-domain meranie, relácia sa môže rozbiť a GA4 potom pripíše objednávku nesprávnemu zdroju alebo ju zaradí do „referral“/„direct“.",sk,E-shop na Shopify po změně checkout flow nebo platební brány; cross-domain měření není ošetřeno,release_web,až když podíl direct/referral nečekaně vzroste,neuvedeno,Objednávky se připisují špatnému zdroji; kampaně se optimalizují proti špatné atribuci,Sledování podílu (direct)/(none) a referral s prahem; vyloučení platebních bran z referralů po každé změně checkoutu,no,Změna checkoutu rozbije atribuci beze změny objemu dat,EG5-025
NG5-005,2026-09-04,SK,eshop_mid,blog,https://visibility.sk/blog/e-commerce-analytika-najcastejsie-chyby-a-problemy/,"Absencia alebo chybná konfigurácia Google Analytics 4 patrí k najkritickejším chybám v e-commerce. Bez presných dát o správaní zákazníkov a nákupnej ceste strácate prehľad o efektivite kampaní. … bez korektných konverzií nie je možné optimalizovať rozpočet, čo vedie k neefektívnemu míňaniu prostriedkov",sk,"E-shop s PPC kampaněmi, jehož GA4 je nesprávně nakonfigurováno nebo chybí e-commerce eventy",ga4_change,až při auditu ze strany PPC agentury při zahájení spolupráce,neuvedeno,Kampaně se optimalizují podle druhořadých metrik (kliknutí) místo tržeb; nízká návratnost,"Ověření odesílání view_item, add_to_cart, purchase a správného připisování konverzí z Ads a Meta",no,PPC agentura objevuje rozbité měření až při převzetí účtu,EG5-026
NG5-006,2026-09-04,SK,eshop_large,website,https://bastadigital.com/enterprise-level-digitalna-analytika/,Implementácia programátormi vyžaduje opakované testovanie a kontinuálny monitoring zmien v dostupnosti dát.,sk,"Korporátní klient, kde dataLayer nasazují externí vývojáři podle specifikace analytika",release_web,"jen tehdy, když analytik průběžně kontroluje zapracování formy i obsahu dataLayeru",neuvedeno,Data pro klíčové stránky/produkty chybí v dataLayeru; report je neúplný,Průběžná kontrola zapracování dataLayeru proti specifikaci po každém nasazení (A4),optional,"Dodavatel dataLayeru není ten, kdo ho kontroluje",EG5-010
NG5-007,2026-09-04,SK,eshop_large,website,https://bastadigital.com/enterprise-level-digitalna-analytika/,"Samostatnou oblasťou na riešenie je cookie lišta. Zisťujeme dátum jej nasadenia, keďže priamo vplýva na zber dát.",sk,"Nový klient s nasazenou cookie lištou; datum nasazení je první věc, kterou agentura zjišťuje, protože v datech způsobilo zlom",consent_change,"zpětně, při analýze stavu novým dodavatelem – ne v okamžiku, kdy se to stalo",neuvedeno,"Skok v měřených objemech, který nikdo nevysvětlil; nesrovnatelnost období před/po",Zaznamenat datum nasazení a změn CMP jako událost v changelogu; sledovat podíl souhlasů,optional,Consent jako nepřiznaný zlom v časové řadě,EG5-011
NG5-008,2026-09-04,SK,eshop_small,website,https://www.vivantina.com/nastavenie-google-analytics-4/,"Ak nie je funkčný Data Layer, je potrebná práca developera, nacenená na základe hodinovej sadzby.",sk,"E-shop objedná nastavení GA4 u marketingové agentury, ale dataLayer musí dodat vývojář webu – dvě různé firmy, dva rozpočty",unknown_owner,"při pokusu nasadit e-commerce měření se zjistí, že dataLayer neexistuje nebo nefunguje",neuvedeno,E-commerce měření se odloží nebo nedokončí; e-shop zůstane bez měření tržeb,Jeden dodavatel odpovědný za dataLayer i za jeho kontrolu po releasech,no,Odpovědnost za měření rozdělená mezi agenturu a vývojáře,EG5-019
NG5-009,2026-09-04,SK,eshop_mid,website,https://dabl.sk/sluzby/webova-analytika/,"Je Vaše nastavenie analytiky naozaj správne? Dostávate včasné informácie o všetkých zmenách, ktoré treba nevyhnutne zapracovať?",sk,"Klient PPC agentury, který neví, zda jeho měření odpovídá aktuálním požadavkům platforem, a nedostává varování o změnách, které musí zapracovat",ad_platform_change,nedostává se mu informací proaktivně – agentura to používá jako prodejní argument,neuvedeno,Zmeškané změny na straně platforem se projeví jako výpadek konverzí,Sledování deadlinů Googlu/Mety/platforem za klienta a proaktivní upozornění,no,"Klient nemá, kdo by za něj sledoval změny v ekosystému",EG5-013
NG5-010,2026-09-04,SK,eshop_mid,website,https://www.dase-analytics.com/blog/sk/black-friday-checklist-10-veci-ktore-by-ste-mali-skontrolovat-co-najskor/,"Potom si idete vyhodnodnotiť kampane a zistíte, že: polovica objednávok nemá zdroj, tržby v analytike nesedia s e-shopom, Meta si pripisuje tie isté nákupy ako Google, nové platobné riešenie vám rozbilo atribúciu, alebo váš „najvýkonnejší kanál“ v skutočnosti vôbec nebol najvýkonnejší. Vtedy je už Black Friday za vami. Rozpočet je minutý a späť sa v čase nevrátite.",sk,"E-shop vyhodnocuje Black Friday kampaň až po jejím skončení a teprve tehdy zjistí, že polovina objednávek nemá zdroj a tržby nesedí s e-shopem",release_web,"až při vyhodnocení kampaně, tedy po jejím skončení",po skončení kampaně (dny až týdny),Rozpočet nejsilnějšího víkendu roku utracen podle rozbité atribuce; nelze se vrátit v čase,Kontrola měření několik týdnů před sezónou + monitoring během kampaně s prahy a odpovědnou osobou,no,"Vyhodnocení až po incidentu, kdy už se nedá nic napravit",EG5-032
NG5-011,2026-09-04,SK,eshop_large,website,https://www.dase-analytics.com/blog/sk/black-friday-checklist-10-veci-ktore-by-ste-mali-skontrolovat-co-najskor/,"purchase event sa na ďakovnej stránke vôbec nespustí, spustí sa skôr, než sa načítajú údaje o objednávke, zákazník zatvorí stránku príliš rýchlo, platobná brána ho nepresmeruje späť, alebo udalosť zablokuje cookie lišta či prehliadač. … Pri desiatich objednávkach si to možno všimnete. Pri tisícoch objednávok môže rozdiel vyzerať ako „bežná odchýlka“.",sk,E-shop s tisíci objednávkami – část nákupů se do analytiky vůbec neodešle z pěti různých příčin,release_web,při velkém objemu vůbec – rozdíl vypadá jako běžná odchylka,neuvedeno (u velkých objemů se nezjistí),Systematické podhodnocení tržeb; Smart Bidding se učí na neúplných datech,"Denní rekonciliace počtu objednávek a tržeb ve třech systémech (platforma, platební/fakturační systém, analytika) s vysvětlitelným prahem",no,"Čím větší e-shop, tím menší šance, že si ztrátu všimne",EG5-037
NG5-012,2026-09-04,SK,eshop_mid,website,https://www.dase-analytics.com/blog/sk/black-friday-checklist-10-veci-ktore-by-ste-mali-skontrolovat-co-najskor/,Zákazník obnoví ďakovnú stránku a purchase event sa odošle druhýkrát. Alebo sa rovnaký nákup posiela cez webový Google Tag Manager aj cez serverové meranie bez správnej deduplikácie. Z jednej objednávky sú zrazu dve. Tržby rastú. ROAS vyzerá fantasticky. Marketing sa teší. Len bankový účet má na situáciu trochu iný názor.,sk,E-shop s paralelním webovým a serverovým měřením bez deduplikace; každé obnovení děkovací stránky vytvoří další konverzi,gtm_change_dev,nezjistí se z analytiky – jen srovnáním s bankovním účtem,neuvedeno,Nafouknuté tržby a ROAS; rozpočty se alokují podle falešných čísel,"Unikátní transaction ID + testovací objednávky se scénáři (refresh, návrat přes historii, mobil, přerušená platba)",no,"Duplicity vypadají jako úspěch, proto je nikdo nehlásí",EG5-037
NG5-013,2026-09-04,SK,eshop_mid,website,https://www.dase-analytics.com/blog/sk/black-friday-checklist-10-veci-ktore-by-ste-mali-skontrolovat-co-najskor/,"Tlačidlo stále funguje. Zákazník vloží produkt do košíka. Len udalosť add_to_cart sa už neodošle, pretože sa zmenil názov prvku, alebo spôsob načítania stránky.",sk,"Před sezónou se na webu mění checkout, produktové karty, výdejní místa a slevové mechaniky; každá změna může rozbít dataLayer",release_web,"vizuálně nijak – tlačítko funguje, jen event nedorazí",neuvedeno,Chybějící mikrokonverze v trychtýři; remarketingová publika se nenaplňují,"Retest celé nákupní cesty (7 kroků) před nasazením i po něm, ne jen na stagingu",no,Funkční UI neznamená funkční měření,EG5-035
NG5-014,2026-09-04,SK,eshop_mid,website,https://www.dase-analytics.com/blog/sk/black-friday-checklist-10-veci-ktore-by-ste-mali-skontrolovat-co-najskor/,"Cookie consent je jedna z vecí, ktoré sa často nastavia raz a ďalej sa veľmi neriešia. Lenže web sa mení. … Môže sa stať, že: tagy sa spustia ešte pred súhlasom, nespustia sa ani po súhlase, zmena súhlasu sa neodošle, lišta funguje na desktope, ale nie na mobile",sk,"Cookie lišta nastavená jednou při nasazení; postupně přibývají nové nástroje, pixely, chaty, A/B testování a serverové měření, se kterými lišta nekomunikuje",consent_change,"obvykle vůbec – vypadá to, že lišta funguje, protože se zobrazuje",neuvedeno,"Buď měření bez souhlasu (právní riziko), nebo ztráta dat i po souhlasu",Testování všech sedmi scénářů souhlasu (vč. mobilu a anonymního režimu) po každé změně webu nebo přidání nástroje,no,Consent se nastaví jednou a už se nekontroluje,EG5-032
NG5-015,2026-09-04,SK,eshop_mid,website,https://www.dase-analytics.com/blog/sk/black-friday-checklist-10-veci-ktore-by-ste-mali-skontrolovat-co-najskor/,"Zákazník príde z reklamy na Facebooku, vloží produkt do košíka a prejde na platobnú bránu. Po zaplatení sa vráti na web. Analytika však môže jeho návrat vyhodnotiť ako novú návštevu. … V reporte následne vidíte, že vám objednávky prináša banka.",sk,E-shop mění nebo přidává platební metodu; návrat z platební brány se počítá jako nová návštěva,release_web,až když se v reportu objeví banka nebo platební brána jako zdroj objednávek,neuvedeno,Konverze se připisují platební bráně místo kampaně; kampaně se vypínají jako neúspěšné,"Kontrola unwanted referrals, cross-domain a návratu z platby po každé změně platebních metod; testovat každou metodu zvlášť",no,Atribuce se rozbije bez ztráty objemu dat,EG5-032
NG5-016,2026-09-04,SK,eshop_mid,website,https://www.dase-analytics.com/blog/sk/black-friday-checklist-10-veci-ktore-by-ste-mali-skontrolovat-co-najskor/,"A potom sa v reportoch objaví: facebook, Facebook, fb, facebook.com, social, paid-social a obľúbené blackfriday_final_nove2. Pre človeka možno ide o to isté. Pre analytiku sú to rôzne hodnoty. Výsledkom je rozbitý report, v ktorom sa údaje musia ručne spájať.",sk,"Před sezónou vzniká mnoho kampaní naráz (e-mail, sociální sítě, influenceři, porovnávače, affiliate, SMS, QR kódy) a každý člen týmu si UTM parametry vyrábí po svém",utm_chaos,"hned v reportu, ale až po skončení kampaně, kdy se s tím nedá nic dělat",po skončení kampaně,Report se musí ručně spojovat; hodiny práce navíc a nespolehlivé srovnání kanálů,Jednotný systém pojmenování a sdílená tabulka/generátor UTM před spuštěním kampaní; hlídání kampaní bez parametrů,no,"UTM chaos vzniká rychlostí, ne neznalostí",EG5-032
NG5-017,2026-09-04,SK,eshop_small,blog,https://www.madaja.sk/analytika/google-analytics-4-eshop-navod/,"Meranie e-shopu je krehká vec — plugin, ktorý sa rok nehýbe, vám pri najbližšej väčšej aktualizácii WooCommerce ticho prestane posielať nákupy. Zistíte to až o mesiac, keď sa budete čudovať, prečo tržby nesedia.",sk,"E-shop na WooCommerce měří nákupy přes plugin, jehož vývojář ho rok neaktualizoval; při major update WooCommerce plugin přestane odesílat purchase",platform_migration,až při srovnání tržeb; autor uvádí typicky měsíc,cca 1 měsíc,Měsíc rozhodování a optimalizace kampaní na chybějících tržbách,"Automatická denní kontrola, že purchase event chodí; alert na nulu/propad po každé aktualizaci platformy nebo pluginu",no,Aktualizace třetí strany rozbije měření bez zásahu majitele,EG5-049
NG5-018,2026-09-04,SK,eshop_small,blog,https://www.madaja.sk/analytika/google-analytics-4-eshop-navod/,"U jedného klienta GA4 nemeralo mesiace prakticky nič. Web poctivo posielal údaje, lenže v starom formáte, ktorému GA4 už nerozumie. Nikto si to nevšimol, pretože návštevnosť v prehľadoch bola — chýbali „len"" tržby.",sk,"Konkrétní klient: web posílal e-commerce data ve starém (UA) formátu, GA4 je nezpracovalo; návštěvnost v reportech byla v pořádku",ga4_change,"až při převzetí nového dodavatele; návštěvnost seděla, proto nikdo nic nehledal",měsíce,Měsíce bez dat o tržbách podle kanálu; kampaně bez konverzních dat,Alert 'purchase = 0 při nenulové návštěvnosti'; kontrola formátu e-commerce dat po migraci na GA4,no,"Data 'chodí', ale nástroj jim nerozumí – vypadá to jako funkční měření",EG5-049
NG5-019,2026-09-04,SK,eshop_small,blog,https://www.madaja.sk/analytika/google-analytics-4-eshop-navod/,"Častá chyba: nastaviť merania a už sa na ne nikdy nepozrieť. Pri každej väčšej zmene e-shopu — výmene šablóny, platobnej brány či aktualizácii pluginu — si prejdite testovací nákup znova. … Budem úprimný: … chyba je tichá. Nedozviete sa o nej, kým sa podľa nej mesiace nerozhodujete.",sk,"Typický SK e-shop, který si měření nechal jednou nastavit a od té doby ho nikdo nekontroluje, přestože mění šablonu, platební bránu i pluginy",release_web,"nezjistí se; autor doslova říká, že se o chybě nedozvíte, dokud se podle ní měsíce nerozhodujete",měsíce,Rozhodování o rozpočtech a sortimentu podle chybných dat po dobu měsíců,"Testovací nákup po každé větší změně e-shopu jako opakovaná služba, ne jednorázový krok",no,Nastaveno = hotovo; nikdo nevlastní opakovanou kontrolu,EG5-049
NG5-020,2026-09-04,SK,eshop_mid,website,https://www.dase-analytics.com/blog/sk/nemate-enhanced-conversions-je-cas-to-napravit/,"Google odstránil možnosť pridávať user-provided data priamo cez checkbox v Google Ads konverznom tagu a zaviedol samostatný tag Google Ads User-Provided Data Event. … Ak Enhanced Conversions nemáte, môže sa stať, že Google Ads nevidí všetky konverzie, ktoré reklamy reálne priniesli: kampane môžu vyzerať slabšie, než v skutočnosti sú, rozpočet sa môže presúvať nesprávnym smerom, automatické stratégie sa učia z neúplných dát.",sk,Google změnil způsob nastavení Enhanced Conversions v GTM; e-shopy se starým nastavením přes checkbox mají u nových konverzí nefunkční rozšířené konverze,ad_platform_change,jen aktivní kontrolou diagnostiky konverzí v Google Ads – změna se neohlásí,neuvedeno,"Kampaně vypadají slabší, než jsou; rozpočet se přesouvá nesprávným směrem; Smart Bidding se učí z neúplných dat",Sledování změn Google Ads za klienta + kontrolní checklist po každé změně (6 bodů publikovaných DASE),no,Změna na straně platformy ruší dosavadní správné nastavení,EG5-050
NG5-021,2026-09-04,SK,eshop_mid,website,https://www.dase-analytics.com/blog/sk/nemate-enhanced-conversions-je-cas-to-napravit/,"Ak už Enhanced Conversions používate, neznamená to automaticky, že je všetko v poriadku. … Nestačí, že sú zapnuté. Treba overiť, či Google Ads dáta naozaj prijíma a spracováva. … Ak sa spustí príliš skoro, nemusí mať čo odoslať.",sk,"E-shop má Enhanced Conversions 'zapnuté', ale tag se spouští dřív, než jsou data k dispozici, takže neodesílá nic",gtm_change_dev,"jen ověřením, že Google Ads data skutečně přijímá – v UI to vypadá zapnuté",neuvedeno,"Rozšířené konverze fakticky nefungují, přestože jsou v účtu vidět jako aktivní","Kontrola, že tag odchází se skutečnými daty (ne jen že je zapnutý), po každém zásahu do GTM",no,Zapnuto ≠ funkční,EG5-050
NG8-001,2026-09-04,US,agency,forum,https://www.reddit.com/r/GoogleTagManager/comments/1t7a89m/my_ga4_monitoring_system/,"Clients bring me for a project -> I set everything up -> I offer a retainer, most say no -> and in 18 months they are back where they started. Changes pushed to the site and GTM slowly break the setup.",en,Konzultant nastavuje GA4/GTM od jejich vzniku; klienti kupují jednorázový projekt a retainer odmítají,release_web,nezjistí se průběžně; po ~18 měsících je stav měření zpět na začátku,18 měsíců,Celá jednorázová investice do implementace se znehodnotí; rozhodování běží na degradovaných datech,Měsíční paušál s QA po releasu a monitoringem klíčových eventů; changelog změn v GTM,no,Postupná degradace po implementaci (ne jednorázový výpadek),EG8-017
NG8-002,2026-09-04,US,agency,forum,https://www.reddit.com/r/GoogleTagManager/comments/1t7a89m/my_ga4_monitoring_system/,"I've seen GA4 setups silently break after site migrations, CMS updates, consent banner changes, GTM edits, you name it. Sometimes nobody notices until reporting season and then you're trying to explain missing data that can't be recovered.",en,"Agentura napříč klienty; měření tiše přestane fungovat po migraci, aktualizaci CMS, změně cookie lišty nebo zásahu do GTM",platform_migration,"až v „reporting season“, když se sestavuje report",týdny až měsíce (do dalšího reportu),Chybějící data nelze zpětně dopočítat; agentura musí klientovi vysvětlovat díru v datech,"Denní automatická kontrola objemu klíčových eventů s alertem na člověka, který vidí do GTM a releasů",no,Nevratná ztráta dat – nezměřené se nedá dopočítat,EG8-018
NG8-003,2026-09-04,US,agency,forum,https://www.reddit.com/r/GoogleAnalytics/comments/1tdqyma/my_biggest_issue_with_ga_and_some_solutions/,"It's hard to have a retainer on GA4, since most businesses expect it to just work after setup and don't understand that as their site evolves their analytics and tracking needs to as well.",en,Specialista na paid ads + analytiku se pokusil prodávat analytiku samostatně a neuspěl; skryl ji do ceny správy reklamy,unknown_owner,nezjistí se – „most of the work goes un-noticed“,neuvedeno,Služba je neprodejná samostatně; analytická práce se schová do PPC paušálu a je neviditelná,"Viditelné artefakty (changelog, měsíční komentář se seznamem nálezů), aby práce nebyla neviditelná",no,Očekávání „po nastavení to má fungovat“ jako bariéra prodeje,EG8-019
NG8-004,2026-09-04,US,eshop_mid,forum,https://www.reddit.com/r/GoogleAnalytics/comments/1tdqyma/my_biggest_issue_with_ga_and_some_solutions/,"And Google's GA insights alerts are very anemic and spotty and have barely found any issues that are obvious if you look at even a day of data … ""Anomaly in key events"" is so damn broad. I just want something simple like item views or carts not happening or being much lower",en,Analytik spravující desítky webů se spoléhal na vestavěné GA4 Insights alerty,tool_noise,ručně při pohledu na denní data; alerty nic nenašly,neuvedeno (alert neproběhl vůbec),"Falešný pocit pokrytí – klient i agentura si myslí, že alerting funguje","Vlastní prahy na konkrétní eventy (item views, add_to_cart, purchase) místo generického „anomaly in key events“",no,Nativní alerting GA4 nestačí,EG8-020
NG8-005,2026-09-04,US,eshop_mid,forum,https://www.reddit.com/r/GoogleAnalytics/comments/1vmb41m/how_do_you_catch_ga4_tracking_breaks_before_a/,"Off the top of my head, carts were broken and it didn't trigger a key event drop. … Plus it didn't trigger a revenue anomaly either. … We could use a more automated way but add it to the list of things that don't fit into the budget",en,In-house analytik; rozbily se košíky na e-shopu,release_web,"ručně; ani alert na klíčovou událost, ani anomálie tržeb se nespustily",neuvedeno,Ztráta dat o košících a tržbách bez jakéhokoli varování; automatizovanější monitoring „nevejde do rozpočtu“,Samostatný denní práh na add_to_cart a purchase; rekonciliace tržeb proti backendu,no,Nativní alerting GA4 nestačí + rozpočtová bariéra,EG8-023
NG8-006,2026-09-04,US,agency,forum,https://www.reddit.com/r/GoogleAnalytics/comments/1vmb41m/how_do_you_catch_ga4_tracking_breaks_before_a/,"I've had cases where I was halfway through a report and realized a conversion tag had quietly stopped firing, which turns a 30-minute report into a couple hours of troubleshooting pretty fast. … usually after a site update or someone changes something in GTM and nobody realizes tracking got hit.",en,"Agentura sestavuje měsíční report pro klienta a v půli zjistí, že konverzní tag tiše přestal fungovat",gtm_change_dev,náhodou při stavbě měsíčního reportu,do měsíce (do dalšího reportu),Z 30minutového reportu se stane několikahodinové ladění; report jde ven se známě nekompletními daty,Denní kontrola konverzních eventů; alert do 24 h místo nálezu při reportu,no,Odhaleno až při reportu,EG8-024
NG8-007,2026-09-04,US,b2b_leadgen,forum,https://www.reddit.com/r/GoogleAnalytics/comments/1vmb41m/how_do_you_catch_ga4_tracking_breaks_before_a/,"I'd split an event by landing page instead of page path, so anyone who entered on one section and used another quietly fell out: 817 recorded where the real number was 1,024, for about three weeks, with the daily line looking completely normal. What found it was the BigQuery export disagreeing with the Data API.",en,Chybná dimenze v definici eventu (landing page místo page path) tiše odřízla část konverzí,ga4_change,nesoulad mezi exportem do BigQuery a Data API při kontrole jiné metriky,3 týdny,"817 zaznamenaných místo 1 024 skutečných (−20 % v dotčené sekci, −3,6 % celkově); denní křivka vypadala normálně, takže žádný práh na objem by to nechytil","Druhý nezávislý zdroj pravdy (BQ export vs. Data API) a re-derivace čísla z raw eventů, jakmile začne řídit rozhodování",yes,Tichá částečná ztráta pod prahem alertu,EG8-025
NG8-008,2026-09-04,US,unknown,forum,https://www.reddit.com/r/GoogleAnalytics/comments/1vmb41m/how_do_you_catch_ga4_tracking_breaks_before_a/,"saw a thread where someone's GA4 tag was silently broken for 2 weeks and only caught it while pulling a report. curious how common that actually is — do you have some kind of monitoring/alert set up, or is it usually just caught by accident when the numbers look off?",en,Zadání celého vlákna: GA4 tag byl dva týdny tiše rozbitý a odhalil se až při stavbě reportu,unknown_owner,náhodou při reportu („caught by accident when the numbers look off“),2 týdny,"Dva týdny dat bez klíčového tagu; v diskusi nikdo neuvedl, že by měl systematický monitoring nasazený u všech klientů",Denní automatická kontrola s prahem + jasný adresát alertu,no,Tiché rozbití odhalené při reportu,EG8-022
NG8-009,2026-09-04,US,unknown,forum,https://www.reddit.com/r/GoogleAnalytics/comments/1v02zw4/ga4_isnt_a_problem_most_businesses_are_under/,Then GA4 gets blamed because: Conversions do not match advertising platforms; Direct and Unassigned traffic are too high; Attribution does not make sense; Reports are inconsistent; Nobody trusts the data; The team does not know how to use the platform,en,"Konzultant shrnuje, co firmy typicky přisuzují GA4, ačkoli jde o důsledek podinvestované měřicí vrstvy",revenue_mismatch,"projeví se jako nedůvěra v data, ne jako konkrétní incident",neuvedeno (chronický stav),Nikdo datům nevěří; firma zvažuje výměnu nástroje místo opravy měření,"Měřicí plán jako živý dokument, průběžná validace a jasné vlastnictví; rekonciliace GA4 vs. ad platformy",no,"Nedůvěra v data jako projev, ne příčina",EG8-027
NG8-010,2026-09-04,US,unknown,forum,https://www.reddit.com/r/GoogleAnalytics/comments/1v02zw4/ga4_isnt_a_problem_most_businesses_are_under/,"I've seen way too many setups where GA4 is fine but nothing's actually firing into Google Ads, and the numbers stay weirdly low. People always blame GA4 when it's really the conversion event setup or consent/UTM details messing things up.",en,"GA4 měří správně, ale konverze se nepropisují do Google Ads",ad_platform_change,nepozná se přímo; projeví se jako „nějak nízká čísla“ v Ads,neuvedeno,Smart Bidding optimalizuje na podhodnocené konverze; vina se svaluje na GA4,Měsíční kontrola importu konverzí do Ads a enhanced conversions proti GA4 (aktivita D1),no,Rozpojení GA4 a ad platforem,EG8-028
NG8-011,2026-09-04,US,eshop_mid,forum,https://www.reddit.com/r/GoogleAnalytics/comments/1rjmuv2/how_accurate_is_your_ga4_data_really_whats_your/,A stable 12% gap you can explain is infinitely more useful than a gap that swings between 8% and 25% month to month. Consistency is the real benchmark. Volatility is the real warning sign.,en,"Diskuse o tom, jaká odchylka GA4 vs. backend je ještě v pořádku",revenue_mismatch,měsíční kontrola proti objednávkám v backendu,do měsíce,"Kolísající odchylka znamená, že se něco rozbilo; stabilní odchylku lze klientovi vysvětlit a pracovat s ní","Stanovit baseline odchylky na začátku spolupráce a hlídat její pohyb, ne absolutní hodnotu",optional,Nestabilní odchylka jako indikátor rozbití,EG8-040
NG8-012,2026-09-04,US,eshop_mid,forum,https://www.reddit.com/r/GoogleAnalytics/comments/1rn0ggg/has_anyone_found_a_reliable_way_to_validate_ga4/,"if u're seeing 10%+ consistently, something is broken or you're double firing. server-side can help reduce browser closed before thank you loss, but only if u dedupe properly using transaction id and you don't create two purchases for the same order. otherwise it just moves the problem.",en,E-shopy s rozdílem mezi GA4 a objednávkami v backendu; nasazení server-side tagování jako pokus o řešení,revenue_mismatch,srovnání GA4 purchase eventů s exportem objednávek po transaction_id,neuvedeno; bez automatizace se drift neodhalí včas,"Trvalý rozdíl 10 %+ znamená buď ztrátu, nebo dvojí měření; server-side bez deduplikace problém jen přesune",Denní report backend orders / GA4 matched / GA4 extra / missing po transaction_id,optional,Rozjetá čísla GA4 vs. backend,EG8-038
NG8-013,2026-09-04,US,eshop_large,forum,https://www.reddit.com/r/GoogleAnalytics/comments/1rjmuv2/how_accurate_is_your_ga4_data_really_whats_your/,"I've seen such a massive drop off with one of clients - like 90% at least - and it's across every channel. Organic sessions are like maybe 1/5th the clicks we see in GSC, and the gap with PPC is even bigger. Although the revenue tracking is nearingly 100% correct which is puzzling.",en,"U klienta chybí ~90 % sessions napříč všemi kanály, organic je 1/5 prokliků z GSC, ale tržby sedí téměř přesně",consent_change,srovnání GA4 se Search Console a s reklamními platformami,neuvedeno,"Kanálová data jsou nepoužitelná pro rozhodování, i když tržby vypadají správně; agentura problém neřeší, protože „klient vydělává víc než kdy dřív“",Kontrola pokrytí session_start vs. prokliky v GSC/Ads jako samostatný denní ukazatel,no,"Rozbité měření tolerované, protože obchod jde",EG8-040
NG8-014,2026-09-04,US,agency,forum,https://www.reddit.com/r/GoogleAnalytics/comments/1soc0r5/how_to_diagnose_ga4_when_something_looks_wrong/,the slow leaks (data that gradually degrades over weeks until someone looks at a trend line and realizes the numbers have been quietly wrong for a long time) … most teams don't have a reliable changelog. Development deploys happen without analytics sign-off. GTM changes are made without documentation.,en,Auditor s 13 lety praxe popisuje dvě třídy problémů a hlavní překážku diagnostiky,gtm_change_dev,náhodným pohledem na trend; bez changelogu se příčina hledá tříděním GTM podle data poslední změny,týdny („quietly wrong for a long time“),"Diagnostika trvá déle, protože chybí záznam změn; nasazení jde ven bez schválení analytiky",Changelog GTM a releasů jako standardní součást služby; analytický sign-off před nasazením,no,Chybějící changelog jako násobič doby do opravy,EG8-042
NG8-015,2026-09-04,EU,eshop_large,forum,https://www.reddit.com/r/PPC/comments/19epd82/recovery_time_agency_responsible_messed_up_roas/,"recently discovered two conversions were set as primary (GA4 + Google Ads tag). Google ads has combined both conversion values. I believe this may have been since rolling out GA4 about 8 months ago. … The agency, however was using to Google Ads conversion value showing 12x ROAS",en,Po přechodu na GA4 zůstaly aktivní dvě primární konverze (import z GA4 i Ads tag); Google Ads sčítal obě hodnoty a vykazoval dvojnásobný ROAS,ad_platform_change,"klient si toho všiml sám při srovnání vlastního Looker Studio reportu a GA4 s tím, co reportovala agentura",8 měsíců,"ROAS vykazován 12× místo skutečných 4×; na základě toho zdvojnásoben rozpočet z 12 000 na 24 000 GBP měsíčně (300 tis. → 600 tis. Kč); průměrné CPC vzrostlo z 0,45 na 0,68 GBP; náprava podle komunity trvá 4–6 týdnů až měsíce","Měsíční kontrola, které konverzní akce jsou v Ads primární, a rekonciliace hodnoty konverzí Ads vs. GA4 vs. backend",no,Nadhodnocené měření vede k přeinvestování,EG8-049;EG8-050
NG8-016,2026-09-04,US,eshop_mid,forum,https://www.reddit.com/r/PPC/comments/19epd82/recovery_time_agency_responsible_messed_up_roas/,"This happened to me across multiple ecommerce accounts, but I caught it within a couple of weeks. GA4 automatically added purchases as a conversion to all our accounts, after we had already switched to using the Google Ads tag for everything. … The only reason I caught this was so quickly we because I was monitoring updates to our enhanced conversions settings.",en,"Google sám automaticky migroval konverze z UA do GA4 a přidal purchase jako konverzi do účtů, které už používaly Ads tag – vzniklo dvojí měření",ad_platform_change,"jen proto, že agentura sledovala změny v nastavení enhanced conversions",dva týdny (v jiném účtu ve stejném vlákně 8 měsíců),"Dvojí započítání nákupů napříč několika e-shopovými účty; museli ručně vrátit vše, co Google automaticky nastavil",Sledování změn v nastavení konverzí a enhanced conversions jako pravidelná měsíční kontrola (aktivita C6/D1),no,Změna na straně platformy bez zásahu klienta,EG8-050
NG8-017,2026-09-04,US,b2b_leadgen,forum,https://www.reddit.com/r/PPC/comments/1ovnpi0/broken_conversion_tracking_ruined_performance_help/,"I have a finance client whose conversion tracking broke in September for 30+ days. … I have been able to get some conversions, around 1 a day, but they were previously seeing 5-10 leads/day. CPC's & CPL's have also increased quite drastically.",en,Finanční klient měl rozbité konverzní měření přes 30 dní; nové agentuře se ho podařilo opravit až koncem října,unknown_owner,až při převzetí účtu novým správcem,30+ dní,"Propad z 5–10 leadů denně na 1 lead denně i po opravě, protože Smart Bidding se přeučil na rozbitá data; CPC a CPL výrazně vzrostly; náprava vyžadovala data exclusions přes celé rozbité období",Denní alert na propad konverzního eventu a okamžitá oprava; při delším výpadku nastavit data exclusions v Ads,no,Škoda pokračuje i po opravě (přeučené bidding),EG8-051
NG8-018,2026-09-04,US,eshop_mid,forum,https://www.reddit.com/r/PPC/comments/1ovnpi0/broken_conversion_tracking_ruined_performance_help/,"The client updated their website where it became super restrictive where it wouldn't allow 95% of any traffic to access the website. Their web dev implemented a security ""feature"" and didn't told him. He informed his client when he noticed a significant drop in performance. Client said it was the new feature and just said to continue the ads. Lasted for more than a month",en,"Vývojář klienta nasadil bezpečnostní prvek, který zablokoval 95 % návštěvnosti, a nikomu to neřekl",release_web,"správce kampaní si všiml propadu výkonu a zeptal se; klient odpověděl, že je to nová funkce, a nechal kampaně běžet",více než měsíc do nápravy,"Kampaně „v troskách“; ani návrat k max clicks nepomohl, dokud se nepoužily data exclusions",Koordinace releasů (aktivita H1) a alert na propad session_start ve vazbě na release,no,Zásah vývojáře bez informování marketingu,EG8-051
NG8-019,2026-09-04,US,eshop_mid,forum,https://www.reddit.com/r/PPC/comments/1smhl9c/career_question_broken_tracking_affecting_bonus/,"a dev trying to update consent settings broke conversion tracking, for the whole website. We're looking at a 7 day gap with limited to no conversion tracking. No conversions in any ad dashboard, no conversion events in GA4, even with UTM parameters. … I have a week's worth of spend at bottom of the barrel ROAS. I have no reason to believe that orders weren't coming in, I just can't prove attribution.",en,Vývojář upravoval nastavení souhlasu a rozbil konverzní měření na celém webu,consent_change,in-house specialista si všiml chybějících konverzí ve všech reklamních rozhraních,7 dní,"Týden spendu bez měřitelných konverzí; nadřízený trvá na reportování dat „jaká jsou“, takže výpadek jde k tíži kvartálního bonusu specialisty vázaného na ROAS","QA consentu po každém zásahu do CMP; alert na nulové konverze do 24 h; changelog, kterým se dá výpadek doložit vedení",no,Změna consentu vývojářem,EG8-052
NG8-020,2026-09-04,US,eshop_mid,forum,https://www.reddit.com/r/GoogleTagManager/comments/1qi3v21/google_ads_purchase_tags_stuck_on_still_running/,"Old UA-style nested objects in the ""Items"" field … seem to be causing a deadlock in the Google Ads event processor. Even if it worked for years, it now causes the tag to hang indefinitely without failing.",en,Google v lednu 2026 tiše přestal v gtag.js podporovat staré vnořené UA struktury ecommerce dataLayeru,ad_platform_change,"jen v GTM Preview, kde tag zůstal viset ve stavu „Still running“; tag nespadl, takže žádná chyba se nikde neobjevila",neuvedeno; postiženy setupy fungující roky,Konverzní tagy Google Ads přestaly odesílat nákupy u starších e-shopových implementací; bez chybové hlášky,"Sledování změn platforem a QA e-commerce eventů po každé změně gtag.js; tag monitoring, který hlásí i tagy, které se nedokončily",no,Tichá změna na straně Googlu bez oznámení,EG8-053
NG8-021,2026-09-04,US,unknown,forum,https://www.reddit.com/r/GoogleAnalytics/comments/1p21vjp/ga_tracking_broke_after_layout_update_realtime/,"One of my clients recently updated their website design (same URL, only the layout changed). Ever since the redesign, we've seen a massive drop in visits and events. Google Analytics is still receiving data, but very little. After digging into it, we noticed the GA tag isn't installed on several pages.",en,Redesign webu beze změny URL; nová šablona přestala vkládat GA tag na část typů stránek,release_web,"až podle propadu návštěv a eventů, pak ručně přes Tag Assistant",neuvedeno; „ever since the redesign“,"Velký propad měřených návštěv a eventů; historická data se nedoplní; po opravě trvá 24–48 h, než se data srovnají","QA po releasu na 10–15 URL napříč typy šablon (blog, produkt, kategorie), ne jen na homepage",no,Release rozbil tag jen na části šablon,EG8-056
NG8-022,2026-09-04,EU,eshop_mid,forum,https://www.reddit.com/r/GoogleTagManager/comments/1v3aex7/sgtm_sudden_drop_in_capi_events/,"about 10 days ago we noticed a sudden and notable drop in our CAPI numbers for almost all events, down to about 1/3 of their previous values. Importantly, the Pixel events have stayed completely stable throughout … There were no GTM changes prior to the drop",en,"E-shop s duálním měřením Pixel + CAPI přes server-side GTM do Meta, Redditu, Pinterestu",ad_platform_change,srovnáním počtu CAPI eventů s pixel eventy,10 dní,"CAPI eventy klesly na třetinu u téměř všech událostí kromě purchase; kvalita párování a tím i optimalizace kampaní na Meta se zhoršuje, aniž by cokoli hlásilo chybu (platforma vrací HTTP 200 a event tiše zahodí)","Denní srovnání objemu pixel vs. CAPI eventů po jednotlivých událostech; monitoring, který sleduje spárování na straně platformy, ne jen doručení requestu",no,Tiché zahození eventu na straně platformy (HTTP 200),EG8-057
NG8-023,2026-09-04,US,unknown,forum,https://www.reddit.com/r/GoogleTagManager/comments/1ryxkid/solo_dev_managing_gtm_across_5_sites_my_container/,"I genuinely couldn't tell which ones were live, which were deprecated, or why past-me made three versions of the same tag.",en,"Jeden vývojář spravuje GTM kontejnery na 5+ vlastních webech; v jednom kontejneru vznikly tagy „GA4 - NEW (use this one)“, „GA4 test IGNORE“ a další verze",unknown_owner,"při pokusu o úpravu; nikdo neví, co je živé",neuvedeno (chronický stav),"Strach cokoli měnit; ruční tabulka jako náhrada za changelog; riziko, že se vypne živý tag nebo zůstane běžet duplicitní","Verzování a popisy verzí GTM, changelog a kvartální úklid mrtvých tagů (aktivity A3, A6)",no,"Nikdo neví, co který tag dělá",EG8-058
NG8-024,2026-09-04,US,b2b_leadgen,forum,https://www.reddit.com/r/GoogleAnalytics/comments/1v2x7df/psa_generate_lead_without_value_currency_stopped/,"Since the April GA4 update, generate_lead requires both the value and currency parameters to be populated for the event to qualify as a Key Event. If either is missing, the event still fires normally. You see it in DebugView, you see it in reports, and nothing looks wrong. But it stops counting as a conversion. … The failure is completely silent. We've now seen this in multiple audits where campaigns had been drifting for weeks before anyone caught it.",en,Dubnová změna GA4 (2026) zpřísnila podmínky pro generate_lead jako klíčovou událost: bez parametrů value a currency se přestane počítat jako konverze,ga4_change,jen při auditu; v DebugView i v reportech vypadá vše správně,týdny („campaigns had been drifting for weeks“),"Import konverzí do Google Ads přestane dostávat signál, Smart Bidding nemá optimalizační cíl; postiženo více klientů auditora","Sledování změn GA4 za klienta a měsíční kontrola, že klíčové události skutečně počítají konverze a že import do Ads chodí",no,Tichá změna GA4 bez viditelného příznaku,EG8-062;EG8-063
NG8-025,2026-09-04,US,agency,forum,https://www.reddit.com/r/GoogleAnalytics/comments/188dl69/do_you_use_any_tools_for_monitoring_anomalies_in/,"There are tools but this is a very nuanced topic because ""anomalies"" are so subjective. … your best bet is to figure out what is anomaly in your data. … Then figure out what tool you can buy or build",en,Uživatel hledá nástroj na automatické hlídání anomálií v GA datech,tool_noise,nedostal odpověď v podobě hotového nástroje; jediná nabídnutá cesta jsou vestavěné GA4 Insights,neuvedeno,"Bez definovaných prahů pro konkrétní byznys je alerting buď hluchý, nebo zahlcuje; nástroj tuhle práci neudělá","Nastavení prahů na konkrétní eventy a kanály jako součást onboardingu služby, ne jako funkce nástroje",no,Nástroj bez prahů nic nevyřeší,EG8-065
NG11-001,2026-09-04,US,eshop_mid,review,https://apps.shopify.com/gtm-datalayer-by-elevar/reviews?ratings%5B%5D=1,"their report always shows 100% accuracy by default no matter what, just misleading.",en,"E-shop používá placený tracking nástroj, jehož dashboard trvale hlásí 100% přesnost; klient tedy nemá signál, že něco nesedí",tool_noise,vůbec ne z nástroje – nástroj hlásí OK,neuvedeno,"Falešné uklidnění: klient si myslí, že měření funguje, a nekontroluje ho","Nezávislá kontrola člověkem (rekonciliace proti backendu), ne důvěra ve skóre nástroje",no,Falešné uklidnění nástroje (opak falešného poplachu),EG11-011
NG11-002,2026-09-04,US,eshop_small,review,https://apps.shopify.com/gtm-datalayer-by-elevar/reviews?ratings%5B%5D=1,"Support is non existent. I asked same question 3 times, and got emails with articles not answering my question but rather suggesting I pay them $1000 for integration.",en,"E-shop koupil tracking nástroj, ale bez lidské pomoci ho nedokázal zprovoznit; support odkazoval na články a placenou integraci za 1 000 USD",unknown_owner,při pokusu o vlastní nastavení,neuvedeno,"Nástroj zaplacen, měření nefunguje; k tomu požadavek dalších 23 000 Kč za implementaci","Služba, kde je implementace a reakce součástí paušálu, ne add-on",no,Nástroj bez člověka nedoručí,EG11-012
NG11-003,2026-09-04,EU,eshop_small,review,https://apps.shopify.com/gtm-datalayer-by-elevar/reviews?ratings%5B%5D=1,Trashiest dirtiest uninstall ever. I don't understand how Shopify tolerates this. Elevar seeps in every corners of code it is a nightmare to clean up.,en,Po odinstalaci tracking aplikace zůstal kód rozeseto po celém webu; e-shop musel ručně čistit,unknown_owner,až při odinstalaci / úklidu,neuvedeno,"Zbytkové tagy a kód, u kterých nikdo neví, co dělají; riziko duplicit a zpomalení webu",Changelog a kvartální úklid tagů (A6) jako součást správy,no,Mrtvé tagy po nástrojích a agenturách,EG11-013
NG11-004,2026-09-04,US,eshop_large,review,https://www.capterra.com/p/156573/WebAssurance/,Frequent web journey failures in production without any change in scripts/environment,en,"Enterprise tag monitoring (ObservePoint) opakovaně hlásí selhání syntetických průchodů webem, ačkoli se na webu nic nezměnilo",tool_noise,alert z nástroje,"okamžitě, ale falešně","Tým ztrácí čas tříděním falešných poplachů; hrozí, že si na alerty zvykne a přehlédne skutečný","Člověk, který alerty třídí a udržuje testovací scénáře (A1 + G7); práh a whitelist známých falešných pádů",no,Falešné poplachy syntetického monitoringu,EG11-021
NG11-005,2026-09-04,US,agency,review,https://www.capterra.com/p/10014335/Trackingplan/reviews/,"poor in visual data consulting, information is completely raw",en,"Agentura koupila monitoring kvality měření, ale dostává surová data bez výkladu; musí si sama vyrobit interpretaci pro klienta",tool_noise,–,–,Nástroj generuje práci navíc: někdo musí surová zjištění přeložit do doporučení,"Služba, která nad nástrojem dodává komentář a prioritizaci (F3 + G7)",no,"Nástroj dodá data, ne rozhodnutí",EG11-022
NG11-006,2026-09-04,US,eshop_mid,review,https://www.capterra.com/p/10028367/wetracked-io/reviews/,The reconnection process after switching accounts was confusing,en,Po změně reklamního účtu bylo nutné znovu propojit tracking nástroj a proces byl matoucí; do doby opětovného propojení data nechodí,connector_token,až uživatel narazil na chybějící data,neuvedeno,"Výpadek měření po změně účtu; riziko, že si toho nikdo nevšimne",Kvartální audit přístupů a propojení (C6) + alert na výpadek konektoru (G6),no,Re-autorizace a změny účtů jako trvalá lidská práce,EG11-025
NG11-007,2026-09-04,EU,agency,review,https://www.getapp.com/marketing-software/a/supermetrics/reviews/,It also loses connection multiple times.,en,Agentura provozuje reporting nad konektorem Supermetrics; konektor opakovaně ztrácí spojení a dashboardy se zastaví,connector_token,až když se dashboard nenaplní nebo přijde denní alert (Supermetrics posílá souhrn 1x za 24 h),až 24 hodin (kadence alertů dodavatele),Report klientovi je neúplný nebo prázdný; ztráta důvěry,"Někdo, kdo denně kontroluje běhy konektorů a re-autorizuje (F2/E6)",no,Výpadky konektorů,EG11-019
NG11-008,2026-09-04,EU,eshop_mid,blog,https://alexisvantal.com/articles/server-side-gtm-cost/,"your realistic floor is not $45 but closer to $90/month, before a single traffic spike",en,"E-shop si nechal postavit vlastní sGTM na Cloud Run podle návodů, které uvádějí ~45 USD/měs; reálná faktura je dvojnásobná a roste s trafficem",infra_cost,až z faktury GCP,měsíc (fakturační cyklus),"Nečekaný provozní náklad, který nikdo nerozpočtoval; tlak na vypnutí sGTM",Předem spočítaný a nasmlouvaný provozní náklad + budget alert v GCP (E2),no,Náklady sGTM infrastruktury,EG11-027
NG11-009,2026-09-04,EU,eshop_large,blog,https://analyzify.com/hub/google-cloud-run-vs-stape-pricing,your bill changes with every spike in traffic or heavier script load,en,"Provoz sGTM na Cloud Run: faktura se mění s každým skokem návštěvnosti a s každým přidaným tagem; náklad na 10 000 requestů 0,25 EUR vs. 0,083 EUR u fixního hostingu",infra_cost,z měsíční faktury GCP,měsíc,Trojnásobný náklad na request oproti managed hostingu; nepredikovatelný rozpočet,"Volba fixního tieru hostingu nebo hlídání nákladů jako součást správy (A5, E2)",no,Náklady sGTM infrastruktury,EG11-028
NG11-010,2026-09-04,US,eshop_small,review,https://www.capterra.com/p/254140/Analyzify/,"Bit costly now. When we purchased it, price was affordable",en,"E-shop koupil balíček nastavení měření; po zdražení vnímá cenu jako vysokou, ale zůstává, protože vlastní čas je dražší",infra_cost,–,–,Rostoucí cena nástrojů v měřicím stacku; tlak na konsolidaci,Jedna položka za správu místo skládanky nástrojů,no,Rostoucí cena nástrojového stacku,EG11-029
NG11-011,2026-09-04,US,saas_marketplace,review,https://www.capterra.com/p/170147/Fivetran/reviews/,Minimal visibility into what's happening behind the scenes ... when there is an issue it is sometimes hard to diagnose,en,"Datový tým provozuje ELT konektory do skladu; když nastane problém, nástroj neposkytne dost logů na diagnózu",connector_token,z alertu nástroje o selhání běhu,hodiny až dny,Diagnostika a backfill zaberou čas člověka; do té doby jsou reporty neúplné,"Vlastní kontrolní dotazy nad cílovými tabulkami (počet řádků, poslední datum) místo spoléhání na alert konektoru",yes,"Nástroj oznámí selhání, ale ne příčinu",EG11-030
NG11-012,2026-09-04,EU,agency,review,https://www.capterra.com/p/202311/Coupler-io/reviews/,"It lacks the ability to detect already imported rows for database destinations, which can lead to duplicates",en,Agentura importuje marketingová data do databáze přes levný konektor; ten nedetekuje již importované řádky a vznikají duplicity,connector_token,až při nesouhlasu čísel v reportu,neuvedeno,Nadhodnocená čísla v reportu klienta; ztráta důvěry v dashboard,Kontrola unikátnosti klíčů po importu (obdoba Dataform assertions) jako součást správy,optional,Tichá duplicita dat v pipeline,EG11-031
NG11-013,2026-09-04,US,eshop_small,review,https://www.producthunt.com/products/ga4-auditor/reviews,a few red herrings,en,"Uživatel spustil automatický audit GA4; report obsahoval nálezy, které pro jeho konfiguraci nebyly relevantní",tool_noise,z reportu nástroje,okamžitě,"Uživatel musí sám rozhodnout, které z nálezů jsou skutečné – bez znalosti kontextu to nejde","Člověk, který nálezy prioritizuje podle konkrétního nastavení klienta (G7)",no,Falešné nálezy auditních nástrojů,EG11-036
NG11-014,2026-09-04,EU,eshop_mid,website,https://www.webtonic.io/blog/best-ga4-implementation-tools,48 percent of websites were found to carry at least one Google Consent Mode misconfiguration,en,"Téměř polovina webů má aspoň jednu chybnou konfiguraci Google Consent Mode, aniž by o tom majitel věděl",consent_change,vůbec – projeví se jen nižšími čísly v Ads a horším modelováním konverzí,neuvedeno (tiché),20–30 % reklamního rozpočtu zkresleno rozbitým měřením (odhad ve stejném zdroji),Průběžná kontrola chování tagů proti stavu souhlasu (B1) místo jednorázového nasazení CMP,unknown,Consent mode rozbitý bez povšimnutí,EG11-039
NG11-015,2026-09-04,US,eshop_small,review,https://apps.shopify.com/analyzify/reviews,"The app stopped working ... Direct impact on my business, causing a significant drop in sales",en,E-shop používal placenou aplikaci pro GA4 měření na Shopify; aplikace během tří let opakovaně přestala fungovat,tool_noise,až podle propadu prodejů / z chování kampaní,neuvedeno (zjištěno až z obchodních výsledků),Přímý dopad na tržby podle recenzenta,"Nezávislý monitoring nad nástrojem a někdo, kdo na výpadek reaguje (G7)",no,Selže i samotný měřicí nástroj – a tiše,EG11-042
NG11-016,2026-09-04,EU,agency,website,https://improvado.io/docs/notification-center,Data source connection error [triggered when reconnection is needed] ... Destination connection error [triggered when reauthorization is needed],en,"Datová platforma rozlišuje čtyři typy chyb konektoru, z nichž dva vyžadují ruční reconnect nebo reautorizaci uživatelem",connector_token,e-mailová notifikace z platformy,hodiny (dle běhu extrakce),Do doby reautorizace nechodí data do reportů; při více klientech je to opakující se rutina,Sdílená schránka na alerty konektorů a odpovědný člověk s reakční dobou (G6 + G7),yes,Reautorizace konektorů jako trvalá rutina,EG11-044
NG11-017,2026-09-04,CZ,eshop_mid,blog,https://www.marketingppc.cz/google-analytics/google-analytics-4/,"máte-li v GA4 obraty 400.000 Kč, ale skutečné tržby jsou 600.000 Kč, pracujte s touto 33% odchylkou při správě kampaní",cs,Český e-shop má v GA4 o třetinu nižší tržby než ve skutečnosti; kampaně se řídí podle podhodnocených dat,revenue_mismatch,až ručním porovnáním GA4 s administrací e-shopu,neuvedeno,"Kampaně jsou vyhodnocovány jako méně ziskové, než jsou; riziko vypnutí funkčních kampaní","Denní nebo týdenní rekonciliace GA4 vs. objednávky s definovaným prahem (10–20 % normál, nad 30 % alert)",no,GA4 vs. e-shop rozjeté o desítky procent,EG11-048
NG11-018,2026-09-04,CZ,eshop_small,blog,https://www.marketingppc.cz/google-analytics/google-analytics-4/,Konverze se počítá 2x (např. purchase + potvrzeni_objednavky),cs,"Na e-shopu běží dvě události měřící stejný nákup (typicky nativní měření platformy + vlastní tag v GTM), konverze se počítá dvakrát",gtm_change_dev,neodhalí se samo; jen porovnáním s objednávkami v e-shopu,neuvedeno,Nadhodnocené konverze a ROAS; Smart Bidding optimalizuje na falešně dobré signály,"Kvartální audit tagů a changelog GTM; kontrola, které konverze jsou primární",no,Duplicitní měření nákupu,EG11-048
NG12-001,2026-09-04,GLOBAL,unknown,vendor_docs,https://support.google.com/tagmanager/answer/4620708?hl=en,"Containers loaded with a GTM-XXXX ID won't be restricted, while product-specific ID types like G-XXXX or AW-XXXX will only permit tags and variables provided by Google.",en,"9.7.2026 Google zmenil pravidla pro kontejnery GTM podle typu ID; kontejner pod produktovym ID (G-, AW-) povoli jen tagy a promenne od Googlu",gtm_change_dev,"nijak - v rozhrani GTM se nic neohlasi, tagy proste prestanou byt v kontejneru vydany",neurceno; bez tag monitoringu mesice,"vlastni HTML tagy, sablony tretich stran (Sklik, Meta, Heureka) a custom JS promenne prestanou fungovat",monitoring spusteni tagu v realnem provozu (G4) a kontrola typu ID kontejneru po zmenach Googlu (C5),unknown,tiche rozbiti mereni zmenou Googlu,EG12-043
NG12-002,2026-09-04,GLOBAL,unknown,industry_media,https://ppc.land/google-blocks-script-bypass-that-hit-gtm-container-restrictions/,"containers reached through these paths degraded automatically into a restricted state, regardless of what kind of container they actually were",en,"Pred opravou z 9.7.2026 se GTM kontejner nacteny nepodporovanou cestou (/gtag/js, /gtag/destination) automaticky degradoval do omezeneho stavu bez ohledu na svuj typ",gtm_change_dev,"az pri debugu nebo pri hledani, proc nejde tag; Google to neoznamil dopredu",neuvedeno - doba trvani chyby neni nikde zverejnena,"GTM- kontejner prisel o vlastni HTML/JS tagy, na ktere mel narok; postizeny tymy s vlastnimi integracemi a migracnimi skripty",tag monitoring v produkci (G4) a kontrola zpusobu nasazeni kontejneru,unknown,tiche rozbiti mereni zmenou Googlu,EG12-050
NG12-003,2026-09-04,GLOBAL,unknown,vendor_docs,https://support.google.com/analytics/answer/13420269,"For most properties, you must have a config command or the Google tag installed on a web page for custom events to be sent.",en,13.11.2024 GA4 zprisnil pozadavek: vlastni eventy se odeslou jen pri pritomnosti config prikazu / Google tagu na strance; 3.6.2024 tyz pozadavek pro automaticky sbirane eventy,ga4_change,az z chybejicich eventu v reportech - odeslani nehlasi zadnou chybu,tydny az mesice,vlastni eventy (a v cervnove vlne i automaticke eventy) prestanou chodit na strankach bez configu,denni kontrola objemu klicovych eventu proti baseline (G1) a QA po kazde zmene sablony (A1),unknown,tiche rozbiti mereni zmenou Googlu,EG12-027
NG12-004,2026-09-04,GLOBAL,unknown,vendor_docs,https://support.google.com/analytics/answer/13420269,We've improved conversion data quality to prevent under-reporting of conversions for Google Analytics customers whose properties have 2 or more linked Google Ads accounts.,en,6.8.2025 Google zmenil zpusob vypoctu konverzi u properties se dvema a vice napojenymi ucty Google Ads,ga4_change,"skok v cislech konverzi bez zmeny kampani - typicky se vylozi jako vykon, ne jako zmena mereni","dny pokud se sleduje, jinak nikdy",nesrovnatelna cisla mesic proti mesici a YoY; chybna interpretace vykonu kampani,"mesicni komentovany report, ktery zmenu prostredi pojmenuje driv, nez si ji klient vylozi jako trh (F3, C5)",unknown,zmena metodiky vypoctu bez upozorneni,EG12-025
NG12-005,2026-09-04,GLOBAL,unknown,vendor_docs,https://support.google.com/analytics/answer/13420269,"UPD now focuses on activation and Ads Conversions, improving Enhanced Conversions and Customer Match Audiences.",en,5.11.2025 GA4 zmenil roli user-provided data: prestala byt identitou pro reporting sessions a uzivatelu,ga4_change,skok v poctu uzivatelu a sessions v reportech,dny az tydny,nesouvisla casova rada u uzivatelu a sessions; rozbite cross-device reporty postavene na UPD,kvartalni review konfigurace GA4 (C2) a anotace zmen prostredi v reportu (F3),unknown,zmena metodiky vypoctu bez upozorneni,EG12-026
NG12-006,2026-09-04,GLOBAL,unknown,vendor_docs,https://support.google.com/analytics/answer/13420269,"Currently, conversions that should be attributed to paid search are sometimes incorrectly attributed to organic search.",en,"10.6.2024 Google opravil atribuci placeneho vs. organickeho vyhledavani; v roce 2024 slo o jednu ze sesti zmen atribuce (10.6., 26.6., 3.9., 18.9., 25.9., 28.10.)",ga4_change,posun podilu kanalu v reportu bez zmeny kampani,tydny az mesice,"skokova zmena podilu Paid Search vs. Organic Search; rozpocty prerozdelene podle zmeny mereni, ne trhu","sledovani release notes GA4 a anotace do reportu (C5, F3) - jinak zmenu nikdo nepozna",unknown,zmena atribuce Googlem,EG12-028
NG12-007,2026-09-04,GLOBAL,unknown,vendor_docs,https://support.google.com/analytics/answer/9164320,"You can now identify how users are discovering your site through chatbots like ChatGPT, Gemini, and Claude via a new AI Assistant channel.",en,13.5.2026 GA4 zavedl novy kanal AI Assistant a automaticky priradil medium ai-assistant,ga4_change,cast navstevnosti se prestehovala z Direct/Referral do noveho kanalu,"dny u toho, kdo sleduje kanaly; jinak nikdy",zlom v casove rade kanalu; vlastni Channel Groups a dashboardy postavene na starem cleneni prestanou sedet,revize vlastnich Channel Groups pri kazde zmene GA4 (C5) a anotace do reportu (F3),unknown,zmena cleneni kanalu bez zpetneho prepoctu,EG12-035
NG12-008,2026-09-04,GLOBAL,unknown,industry_media,https://seresa.io/blog/ai-data-readiness/ga4s-new-ai-assistant-channel-still-hides-1-in-3-ai-visits-in-direct,"GA4 did not retroactively reclassify historical data, so older traffic that was not classified as AI traffic will usually remain under Direct or Referral.",en,Kanal AI Assistant (13.5.2026) se neaplikoval zpetne na historicka data,ga4_change,pri srovnani obdobi pred a po kvetnu 2026 nesedi kanaly,az pri YoY srovnani,YoY a MoM srovnani kanalu je od kvetna 2026 neplatne bez rucni korekce,"vedeny zaznam zmen prostredi u property, aby bylo jasne, od kdy rada nesedi (H2, F3)",unknown,zmena cleneni kanalu bez zpetneho prepoctu,EG12-052
NG12-009,2026-09-04,GLOBAL,unknown,vendor_docs,https://support.google.com/analytics/answer/9164320,Google Analytics conversions now support custom integer lookback windows for click-through conversions (CTC) and engaged-view conversions (EVC).,en,"11.8.2026 GA4 zmenil konfiguraci konverzniho okna z pevnych voleb na volitelne hodnoty (EVC 1-30 dni, CTC 1-90 dni)",ga4_change,"pocty konverzi se zmeni po zmene nastaveni a nikdo si po case nevzpomene, ze se menilo",tydny,neporovnatelna obdobi; pri nepromyslenem nastaveni podhodnocene nebo nadhodnocene konverze,"changelog konfiguracnich zmen property a jejich anotace do reportu (A3, H2, F3)",unknown,zmena metodiky vypoctu bez upozorneni,EG12-032
NG12-010,2026-09-04,GLOBAL,unknown,vendor_docs,https://support.google.com/analytics/answer/9164320,"Properties where aggregate identifiers (GBRAID and gad_) are missing from the URL will see a new diagnostic, including the problematic URLs and ways to resolve the issue.",en,"30.7.2026 GA4 zavedl diagnostiku chybejicich agregatnich identifikatoru (gbraid, gad_) v URL - Google sam uznal, ze click ID casto z URL zmizi",utm_chaos,nove az z diagnostiky v GA4; predtim nijak,mesice,prokliky z Google Ads dorazi bez identifikatoru a spadnou mimo placeny kanal; rozbita atribuce i modelovani konverzi,"kontrola pruchodu click ID pri kazdem releasu a po zmene CMP nebo redirectu (A1, C4)",unknown,ztrata click ID cestou na web,EG12-033
NG12-011,2026-09-04,GLOBAL,unknown,vendor_docs,https://webkit.org/blog/17333/webkit-features-in-safari-26-0/,Safari 26.0 now prevents known fingerprinting scripts from reliably accessing web APIs that may reveal device characteristics,en,15.9.2025 Safari 26.0 zavedl pokrocilou ochranu proti fingerprintingu: klasifikovany skript nesmi cist query parametry ani referrer a nesmi zapisovat dlouhodobe uloziste,browser_change,nijak - projevi se jako pomaly rust podilu Direct a pokles mereneho publika na iOS,bez baseline nikdy; jde o strukturalni zmenu,"ztrata UTM, gclid a referreru u casti iOS/Safari navstevnosti; kratka zivotnost cookie","server-side mereni (A5), baseline podilu prohlizecu a sledovani podilu Direct (C4, G3)",unknown,strukturalni ubyvani merenych dat v prohlizecich,EG12-040
NG12-012,2026-09-04,GLOBAL,unknown,vendor_docs,https://webkit.org/blog/14445/webkit-features-in-safari-17-0/,blocking for known tracking query parameters in links,en,18.9.2023 Safari 17.0 zavedl blokovani znamych sledovacich parametru v odkazech (Link Tracking Protection),browser_change,nijak - proklik z reklamy dorazi bez click ID a spadne do direct nebo organic,bez baseline nikdy,cast prokliku z placenych kanalu se v GA4 i v Ads jevi jako neplacena; podhodnoceny ROAS placenych kanalu,"baseline podilu direct podle prohlizece a zarizeni; server-side predani click ID (A5, C4)",unknown,strukturalni ubyvani merenych dat v prohlizecich,EG12-019
NG12-013,2026-09-04,GLOBAL,unknown,vendor_docs,https://webkit.org/tracking-prevention/,ITP deletes all cookies created in JavaScript and all other script-writeable storage after 7 days of no user interaction.,en,Trvale pravidlo Safari ITP: cookies vytvorene JavaScriptem se mazou po 7 dnech neaktivity; pri prichodu s ozdobenym odkazem je zivotnost 24 hodin,browser_change,nijak - projevi se jako vysoky podil novych uzivatelu a kratke atribucni cesty,bez baseline nikdy,"nadhodnoceny pocet novych uzivatelu, ztracena atribuce delsich nakupnich cyklu, znehodnocena remarketingova publika",server-side mereni s prvni-strane cookie nastavovanou serverem (A5),unknown,strukturalni ubyvani merenych dat v prohlizecich,EG12-012
NG12-014,2026-09-04,GLOBAL,unknown,vendor_docs,https://webkit.org/blog/16574/webkit-features-in-safari-18-4/,Partitioned cookies allow third-party content on a web page to create and access cookies on that specific site without allowing cross-site tracking.,en,"31.3.2025 Safari 18.4 zavedl CHIPS (partitioned cookies) - treti-strane cookies v iframe musi mit atribut Partitioned, jinak nefunguji",browser_change,"az kdyz prestane fungovat konkretni funkce (CMP, chat, platebni brana, cross-domain mereni)",tydny,rozbite cross-domain mereni nebo cast platebniho toku v Safari; ztrata casti konverzi,"revize vsech treti-strane cookies v mericim stacku pri zmenach prohlizecu (C5, A1)",unknown,strukturalni ubyvani merenych dat v prohlizecich,EG12-020
NG12-015,2026-09-04,GLOBAL,unknown,vendor_docs,https://privacysandbox.google.com/blog/update-on-plans-for-privacy-sandbox-technologies,"[Retiring] Attribution Reporting API (Chrome and Android), IP Protection, On-Device Personalization, Private Aggregation (including Shared Storage), Protected Audience (Chrome and Android), Protected App Signals, Related Website Sets, SelectURL, SDK Runtime and Topics (Chrome and Android).",en,"17.10.2025 Google zrusil 10 technologii Privacy Sandbox, na ktere se cast trhu v letech 2023-2025 pripravovala",browser_change,z oznameni Googlu,"okamzite z oznameni, ale prace uz byla udelana",investice do migrace mereni a remarketingu na Privacy Sandbox API bez navratnosti,"nekupovat migraci driv, nez je termin potvrzeny; to vyzaduje nekoho, kdo terminy prubezne sleduje (B3, C5)",unknown,zrusena zmena prostredi - prace nadarmo,EG12-016
NG12-016,2026-09-04,GLOBAL,unknown,vendor_docs,https://privacysandbox.google.com/blog/privacy-sandbox-next-steps,[Google] will not be rolling out a new standalone prompt for third-party cookies,en,"Google za 16 mesicu trikrat zmenil plan s treti-strane cookies: 14.12.2023 vypnout vsem ve 2. pololeti 2024, 22.7.2024 misto toho volba uzivatele, 22.4.2025 zadna zmena",browser_change,z oznameni Googlu,okamzite z oznameni,"rozpocty a projekty pripravene na vypnuti cookies (server-side migrace, Privacy Sandbox) ztratily puvodni oduvodneni","prubezne prekladani oznameni do rozhodnuti klienta misto jednorazove paniky (B3, C5, F3)",unknown,zrusena zmena prostredi - prace nadarmo,EG12-011
NG12-017,2026-09-04,EU,unknown,vendor_docs,https://support.google.com/analytics/answer/14275483?hl=en,"If you are using Analytics data with a Google service, such as Google Ads, Play, Display & Video 360 or others, and you take no action, only end users outside the EEA will be included in audiences used by your linked advertising products starting early March, 2024.",en,"Od zacatku brezna 2024 vypadli uzivatele z EHP z publik pouzitych v navazanych reklamnich produktech u tech, kdo neposilali consent signaly",consent_change,propad velikosti publik a vykonu remarketingu; zadny varovny e-mail neprijde,tydny az mesice,"remarketingova publika se vyprazdni, Smart Bidding ztrati signal, konverze v Ads klesnou","kontrola predavani ad_user_data a ad_personalization pri kazde zmene CMP a pred kazdym terminem Googlu (B1, B3)",unknown,"termin Googlu, ktery klient nesleduje",EG12-014
NG12-018,2026-09-04,EU,unknown,vendor_docs,https://support.google.com/admanager/answer/13554116?hl=en,"As of 16 January 2024, a certified CMP integrated with the TCF is required when serving personalized ads to users in the EEA and UK.",en,Od 16.1.2024 je certifikovana CMP integrovana s IAB TCF podminkou pro personalizovane reklamy v EHP a UK; od 31.7.2024 i pro Svycarsko; CMP se recertifikuje kazdych 12 mesicu,consent_change,az z propadu vynosu nebo z odmitnutych reklam,dny az tydny,ztrata personalizovanych reklam pro EHP publikum; pri vyprsele certifikaci CMP tyz dopad znovu,"kvartalni kontrola, ze pouzita CMP je stale certifikovana a integrace aktualni (B1, B3)",unknown,"termin Googlu, ktery klient nesleduje",EG12-013
NG12-019,2026-09-04,EU,unknown,vendor_docs,https://support.google.com/analytics/answer/17016975?hl=en,Google Analytics will transition to using Consent Mode (within Google Ads) as the single control for data.,en,"Od 15.6.2026 prestal prepinac Google Signals v GA4 ridit, zda se data pouzivaji pro reklamu; jedinym ovladacem je Consent Mode v Google Ads",consent_change,"nijak - prepinac v GA4 zustava videt, ale uz neridi to, co drive",bez sledovani nikdy,"compliance postavena na vypnutem Google Signals prestala platit; zaroven se meni, jaka data tecou do Ads","revize nastaveni GA4 a Ads k terminu 15.6.2026 (C2, C6, B3)",unknown,"termin Googlu, ktery klient nesleduje",EG12-041
NG12-020,2026-09-04,GLOBAL,eshop_mid,vendor_docs,https://help.shopify.com/en/manual/checkout-settings/checkout-extensibility/checkout-upgrade,"August 26, 2026 was the deadline for stores on a non-Plus Shopify subscription plan to upgrade their existing Thank you and Order status pages.",en,"Shopify: 28.8.2025 se sekce additional scripts stala jen pro cteni, 26.8.2026 byl termin upgradu Thank you a Order status stranek pro non-Plus obchody",platform_migration,az z chybejicich purchase eventu po terminu,dny az tydny,"kdo nemigroval mericí kod na Customer Events / Web Pixels, prestal merit objednavky vcetne konverzi do Ads a Mety","sledovani terminu platformy za klienta a migrace pred terminem, ne po nem (B3, C5, A1)",unknown,"znamy termin platformy, ktery klient proshvihl",EG12-009
NG12-021,2026-09-04,GLOBAL,eshop_mid,vendor_docs,https://shopify.dev/changelog,"Script tags are deprecated and will stop running on March 1, 2027",en,"24.8.2026 Shopify oznamil, ze ScriptTags (bezny zpusob vkladani mericích skriptu aplikacemi) prestanou fungovat 1.3.2027",platform_migration,zatim se nestalo - jde o znamy budouci termin,predem znamo; termin 1.3.2027,vsechny mericí a marketingove aplikace zavisle na ScriptTags prestanou 1.3.2027 fungovat,"inventura aplikaci a skriptu vyuzivajicich ScriptTags a migrace pred 1.3.2027 (B3, A6)",unknown,znamy budouci termin platformy,EG12-010
NG12-022,2026-09-04,CZ,eshop_small,vendor_docs,https://blog.shoptet.cz/google-analytics-4/,dočasně pozastavili [nasazení] … z důvodu několika nahlášených problémů s měřením … zjišťujeme příčiny,cs,"Shoptet 30.11.2023 rozsiril integrovane GA4 mereni (B2B/B2C pres transaction_type, view_item_list, funnel, generate_lead, nove parametry) a cast nasazeni pak po hlasenich problemu docasne pozastavil",platform_migration,"az z hlaseni obchodniku, ze mereni nesedi - v B2B/B2C dimenzich (not set)",tyden,"nekonzistentni mereni objednavek behem obdobi zmeny; kroky, ktere platforma necha na e-shopu (datovy filtr, vlastni dimenze), zustanou neudelane a klient o tom nevi","kontrola integrovaneho mereni platformy po kazde jeji zmene a dokonceni kroku na strane e-shopu (A1, C1)",no,ticha zmena integrovaneho mereni platformy,EG12-023
NG12-023,2026-09-04,CZ,eshop_small,vendor_docs,https://napoveda.sklik.cz/seznam-event-measurement/,moderní systém měření událostí na vašem webu … nahrazuje dosavadní retargetingové kódy a měřicí skripty konverzí,cs,Seznam v roce 2026 nahrazuje oddelene retargetingove a konverzni kody Skliku jednim skriptem sul.js se server-to-server merenim; oficialni napoveda neuvadi zadny termin migrace,ad_platform_change,nijak dopredu - napoveda termin neuvadi,neurceno,az do migrace se meri starym zpusobem; po prepnuti uctu se meni cisla konverzi i retargetingova publika bez zmeny kampani,"sledovani zmen Seznamu za klienta a migrace v rizenem terminu (B3, D3) - pro Sklik neexistuje zadny monitorovaci nastroj",unknown,zmena ceske ad platformy bez verejneho terminu,EG12-024
NG12-024,2026-09-04,GLOBAL,unknown,vendor_docs,https://developers.facebook.com/docs/graph-api/changelog/version24.0/,Custom conversions: Updating custom conversions that are flagged custom conversions will fail.,en,Meta od 6.1.2026 zakazala aktualizaci oznacenych custom konverzi napric vsemi verzemi API,ad_platform_change,chyba pri zapisu v automatizovanem nastroji nebo tiche nespusteni skriptu,dny az tydny,automatizovana sprava custom konverzi prestala fungovat bez ohledu na pouzitou verzi API,"sledovani changelogu Mety a inventura toho, co v uctu klienta na Marketing API zavisi (D2, F2)",unknown,zmena ad platformy napric vsemi verzemi API,EG12-022
NG12-025,2026-09-04,GLOBAL,unknown,vendor_docs,https://developers.facebook.com/docs/graph-api/changelog/,"Graph API v20.0 released May 21, 2024, sunset September 24, 2026; Marketing API v24.0 released October 8, 2025, sunset October 6, 2026",en,Meta vypina kazdou verzi API po zhruba dvou letech; k datu pristupu jsou nejblizsi terminy 24.9.2026 (Graph v20.0) a 6.10.2026 (Marketing API v24.0),ad_platform_change,az kdyz integrace prestane odpovidat,"predem znamo, ale jen tomu, kdo cte changelog",integrace Conversions API a nastroje postavene na koncici verzi prestanou po sunsetu fungovat - konverze do Mety se zastavi,"kalendar sunsetu API u vsech integraci klienta a upgrade pred terminem (D2, F2)",unknown,znamy budouci termin ad platformy,EG12-005
NG12-026,2026-09-04,GLOBAL,unknown,vendor_docs,https://developers.google.com/google-ads/api/docs/sunset-dates,"v22 release October 15, 2025 – sunset October 2026 (tentative)",en,Google Ads API ma v roce 2026 devet planovanych vydani a kazda major verze sunset po zhruba 13 mesicich,connector_token,az kdyz konektor nebo skript prestane vracet data,dny - dashboard se zastavi,"konektory do BigQuery a Looker Studia, sGTM sablony a vlastni skripty prestanou fungovat po sunsetu verze","kalendar verzi API u vsech konektoru a nastroju a alert na vypadek konektoru (F2, G6)",unknown,znamy budouci termin ad platformy,EG12-007
NG12-027,2026-09-04,GLOBAL,unknown,vendor_docs,https://support.google.com/analytics/answer/9823238?hl=en,"If your property consistently exceeds the export limit, the daily BigQuery export will be paused and previous days' exports will not be reprocessed.",en,Standardni GA4 property ma limit 1 mil. udalosti denne pro davkovy export do BigQuery; pri trvalem prekroceni Google export pozastavi a predchozi dny nedopocita,bq_export_gap,az kdyz nekdo otevre tabulku nebo spadne transformace,dny az tydny,trvala dira v historii - zpetne dopocteni neexistuje; navazne transformace a dashboardy lzou,"denni kontrola, ze denni tabulka prisla a ma ocekavany objem (E1, G6), a hlidani objemu udalosti proti limitu",yes,tiche zastaveni exportu do BigQuery,EG12-047
NG12-028,2026-09-04,GLOBAL,unknown,vendor_docs,https://support.google.com/analytics/answer/13420269,"July 17, 2024 – Additional UTM fields added to the BigQuery Event export for advanced channel analysis; July 19, 2024 – Session traffic source information now available in the GA4 BigQuery Export",en,"Schema GA4 BigQuery exportu se v roce 2024 zmenilo ctyrikrat behem tri mesicu (16., 17. a 19.7. a 22.10.2024)",bq_export_gap,az kdyz transformace selze nebo zacne vracet jina cisla,dny az tydny,"SQL a dbt/Dataform modely bud spadnou, nebo tise zacnou vracet jina cisla nez pred zmenou",sledovani zmen schematu exportu a testy nad modely pri kazde zmene (E3),yes,zmena schematu BigQuery exportu,EG12-048
NG12-029,2026-09-04,GLOBAL,unknown,vendor_docs,https://developers.google.com/tag-platform/tag-manager/server-side/release-notes,"Version 3.0.0 (May 15, 2025): Upgraded to Node.js v22 … Version 4.0.0 (November 10, 2025): Upgraded to Node.js v24",en,"Docker image serveroveho GTM ma 8 vydani 2024-2026, z toho dve major (Node 22, Node 24); kazde vyzaduje aktualizaci Cloud Run revize",gtm_change_dev,nijak - kontejner bezi dal na stare verzi,"neomezene; nikdy, dokud to nekdo nezkontroluje",sGTM bezi na image s nezaplatanymi bezpecnostnimi chybami; pri major skoku hrozi nekompatibilita sablon,"mesicni kontrola verze image a rizena aktualizace revize (A5, G5)",unknown,neaktualizovany server-side kontejner,EG12-004
NG12-030,2026-09-04,GLOBAL,unknown,vendor_docs,https://support.google.com/tagmanager/answer/4620708?hl=en,"February 4, 2026: Google Ads will automatically collect broader website event data. Advertisers may notice additional network requests to Google domains when these events are transmitted.",en,4.2.2026 Google Ads zacal automaticky sbirat sirsi udalosti z webu; klient uvidi jen dalsi sitove pozadavky na domeny Googlu,consent_change,az z auditu sitovych pozadavku nebo z dotazu pravnika,neurceno,"meni se, jaka data odchazi do Googlu bez vedomeho nastaveni - dopad na pravni posouzeni i na duplicity konverzi","kvartalni audit toho, co realne odchazi z webu (B1), a revize po kazde zmene Google tagu",unknown,ticha zmena rozsahu sbiranych dat,EG12-045
NG12-031,2026-09-04,GLOBAL,unknown,vendor_docs,https://developer.woocommerce.com/changelog/,"WooCommerce 11.0.0 (August 4, 2026): Customers can claim previous guest checkout orders … Improvements to analytics accuracy and resilience … Database update required.",en,"WooCommerce vydal 10 verzi za 2,5 mesice (23.6.-3.9.2026), z toho major 11.0.0 meni objednavkovy tok i analytiku",release_web,az z chybejicich nebo zdvojenych purchase eventu po aktualizaci pluginu,dny az tydny,"kazda aktualizace platformy muze zmenit thank-you stranku, hodnotu transakce (viz oprava DPH v 10.9.4) nebo poradi skriptu","QA mereni po kazde aktualizaci platformy, ne jen po vlastnim releasu (A1)",unknown,aktualizace e-shopove platformy,EG12-039
NG13-001,2026-09-04,GLOBAL,eshop_small,forum,https://community.shopify.com/t/pixel-issues-purchases-not-being-tracked-new-dawn-update/332651,I had 18 orders from my ad since June 6th and nothing has been tracked since. The dawn theme update probably has removed some coding and now things are not getting tracked.,en,"Aktualizace Shopify tématu Dawn přepnula obchod na Checkout Extensibility; purchase se spustil, ale bez parametrů",release_web,"majitel si sám všiml, že reklamy nevykazují konverze u 18 objednávek",12 dní (6.6.–18.6.2024),"18 objednávek z placené reklamy neměřeno, nulová atribuce a hodnota konverze",A1;A4;G1;G4,no,Purchase potichu přestal chodit po releasu/změně checkoutu,EG13-001
NG13-002,2026-09-04,GLOBAL,eshop_small,forum,https://community.shopify.com/t/pixel-issues-purchases-not-being-tracked-new-dawn-update/332651,"the 'Purchase' event still triggers, but there are absolutely no parameters detected",en,"Po update tématu event chodí, ale bez value/currency - klasický tichý poloviční výpadek",release_web,až ruční kontrola eventu v debuggeru,12 dní,"konverze bez hodnoty, Smart Bidding nemá na čem optimalizovat",A1;A4;G4,no,Purchase potichu přestal chodit po releasu/změně checkoutu,EG13-001
NG13-003,2026-09-04,GLOBAL,eshop_mid,forum,https://community.shopify.com/t/shopify-not-recording-store-sessions-correctly/339583,we are spending around 1k per day on Meta and Google and getting around 50 store sessions per day. which is down about 100% Meta is still recording purchases but Google ads has completely stopped recording any conversions,en,Změna nastavení Customer Privacy / consentu v Shopify shodila měření sessions i Ads konverze,consent_change,majitel si všiml nesouladu spend vs. sessions,10 dní (5.7.–15.7.2024),"1 000 USD/den výdajů proti měření, které ukazuje 50 sessions místo ~2000; Google Ads bez konverzí",B1;B2;G1;G3,no,Cookie lišta potichu vypnula měření a Ads konverze,EG13-002
NG13-004,2026-09-04,GLOBAL,eshop_mid,forum,https://community.shopify.com/t/shopify-not-recording-store-sessions-correctly/339583,"We have had the exact same issue, should be getting 2000+ sessions based on ad spend and normal CR however showing 50 sessions with 75% CR. Support says its nothing... Ours started June 24.",en,Druhý e-shop se stejným problémem; podpora platformy problém popírá,consent_change,porovnáním očekávaných sessions podle ad spendu,3 týdny (24.6.–17.7.2024),"konverzní poměr uměle 75 %, rozhodování o kampaních na nesmyslných číslech",B1;G2;G3;H3,no,Cookie lišta potichu vypnula měření a Ads konverze,EG13-002
NG13-005,2026-09-04,GLOBAL,eshop_small,forum,https://community.shopify.com/t/google-youtube-app-ga4-events-dont-work/288873,"It seemed to track everything fine until one day I added a GTM tag, and it stopped tracking any ecommerce data, only traffic... I only noticed a few weeks later, when there were 0 view_items, add_to_cart, purchase events registered.",en,Přidání GTM tagu shodilo e-commerce měření z nativní Shopify aplikace,gtm_change_dev,náhodná kontrola GA4 reportu po několika týdnech,několik týdnů,"kompletní ztráta e-commerce dat (view_item, add_to_cart, purchase) za období",A1;A3;A4;G1,no,Někdo sáhl do GTM/dataLayeru bez koordinace,EG13-003
NG13-006,2026-09-04,EU,eshop_mid,forum,https://community.shopify.com/t/google-analytics-shopify-transactions-discrepancy/151191,GA used to show about 5% fewer Transactions than Shopify. We can live with that. But since the beginning of July (so 2.5 months ago) this discrepancy jumped to 20%. ... We haven't changed anything on our website.,en,Post-purchase upsell aplikace rozbila předávání transakcí do GA,revenue_mismatch,ruční srovnání objednávek Shopify vs. transakcí GA,"2,5 měsíce","20 % transakcí chybí v GA, atribuce a ROAS podhodnocené o pětinu",D5;G2;E5,no,"GA4 vs. backend se rozjely a nikdo neví, co je normální",EG13-004
NG13-007,2026-09-04,GLOBAL,eshop_mid,forum,https://community.shopify.com/t/why-has-my-event-purchase-tracking-suddenly-stopped-working/257056,"On September 26th all events purchase tracking stopped for facebook, google and tiktok. ... We are losing $1000's a day and wasting huge amounts of AD spend.",en,Purchase event přestal chodit najednou do všech tří ad platforem,ad_platform_change,z propadu vykázaných konverzí v ad platformách,10 dní (26.9.-6.10.2023),tisíce USD denně promrhaného ad spendu podle vlastního odhadu majitele,D1;D2;D3;G1;G7,no,Smart Bidding týdny optimalizuje na rozbitá data (slepý spend),EG13-005
NG13-008,2026-09-04,GLOBAL,eshop_mid,forum,https://community.shopify.com/t/why-has-my-event-purchase-tracking-suddenly-stopped-working/257056,"It's been a real headache since everything just suddenly stopped working for us too - Facebook, Google, and TikTok ... we're losing a significant amount of money daily and wasting a ton of ad spend as well.",en,Druhý e-shop se stejným výpadkem purchase přes všechny platformy,ad_platform_change,z rozdílu mezi objednávkami a konverzemi v platformách,~2 měsíce od prvního hlášení bez řešení,denní ztráta na promrhaném ad spendu; problém zůstal 2 měsíce nevyřešen,D1;D2;D3;G1;G7,no,Smart Bidding týdny optimalizuje na rozbitá data (slepý spend),EG13-005
NG13-009,2026-09-04,GLOBAL,eshop_small,forum,https://community.shopify.com/t/why-has-shopify-analytics-stopped-tracking-purchases-since-october-31/267998,"Since 31st October, Shopify analytics stopped tracking purchases. Since 9st November it stopped tracking all events except standard events (page_view, session_start etc.)",en,"Platforma přestala odesílat e-commerce eventy, nativní konektor i GTM zasaženy",platform_migration,"až po druhé eskalaci výpadku (nejdřív purchase, pak vše)",13 dní,"žádné e-commerce eventy, jen page_view/session_start; Meta pixel jediný funkční",G1;G4;G7;A1,no,Platforma změnila pravidla pod nohama (Shopify/Shoptet/Google/Meta),EG13-006
NG13-010,2026-09-04,EU,eshop_mid,forum,https://community.shopify.com/t/why-is-my-channel-tracking-not-working-since-november-1st/266172,"Since the 1st of November, my channel tracking on the Shopify Marketing dashboard is broken. None of the orders get a source anymore ... only a few orders made are tracked as purchases",en,Objednávky ztratily zdroj/medium; GA4 měří jen část nákupů,platform_migration,kontrolou marketing dashboardu,6 dní,"atribuce kanálů nepoužitelná, GA4 měří jen zlomek objednávek",C3;C4;D4;G3,no,Kampaně spadly do Direct / (not set) - atribuce slepá,EG13-007
NG13-011,2026-09-04,GLOBAL,eshop_small,forum,https://community.shopify.com/t/no-tracking-pixel-works-at-all-tiktok-facebook-pinterest-google/303256,On the morning of 5/19 all of our third party pixels stopped tracking and Shopify Sessions on the dashboard started showing a significant and persistent decline. Our sales are not affected ... We can't find any correlation with internal changes,en,Všechny pixely třetích stran přestaly měřit bez zásahu e-shopu,platform_migration,z propadu sessions na dashboardu,4 dny,"žádná data pro optimalizaci kampaní, prodeje běží dál (tichá porucha)",G4;G5;G1;G7,no,Platforma změnila pravidla pod nohama (Shopify/Shoptet/Google/Meta),EG13-008
NG13-012,2026-09-04,GLOBAL,agency,forum,https://community.shopify.com/t/no-tracking-pixel-works-at-all-tiktok-facebook-pinterest-google/303256,"We had an issue last September where all our Shopify integrated pixels (Meta, Tiktok, Pinterest) showed a major decrease in events recorded ... Then this past January we saw the same drop off ... Again, still firing but probably only capturing about 80% of events.",en,Opakovaný částečný výpadek pixelů (~80 % eventů) v září i lednu; platforma popírá problém,platform_migration,srovnáním s GA a s pixely nasazenými ručně,"měsíce (opakovaně, září -> leden -> březen)","trvale podměřených ~20 % eventů, podpora problém neuznává",G4;D2;D3;G2;H3,no,Platforma změnila pravidla pod nohama (Shopify/Shoptet/Google/Meta),EG13-008
NG13-013,2026-09-04,GLOBAL,eshop_small,forum,https://community.shopify.com/t/ga4-suddenly-stopped-tracking-purchases/328192,"Everything was working perfectly, GA4 was tracking orders/purchases - and then suddenly it stopped, and hasn't recorded a purchase in over a week. I can't figure out why.",en,GA4 přestal měřit nákupy na nově spuštěném Shopify webu,platform_migration,kontrolou GA4 reportu,přes týden,"žádná data o nákupech v GA4, i když objednávky chodí",G1;A1;A4,no,Purchase potichu přestal chodit po releasu/změně checkoutu,EG13-009
NG13-014,2026-09-04,EU,eshop_small,forum,https://community.shopify.com/t/google-ads-conversion-tracking-suddenly-broken/163457,From 10th October my google Ads purchase event script no longer works. ... It all started with double counting conversions and after that I modified the code ... The tag no longer tracked sales even when returning to the old way code.,en,Vlastní úprava kódu kvůli duplicitám shodila měření konverzí úplně,gtm_change_dev,z nulových konverzí v Google Ads,18 dní (10.10.-28.10.2022),"Google Ads bez konverzí; nejprve duplicity, pak úplná ztráta",A2;A3;D1;G1;G7,no,Fake a duplicitní konverze nafukují čísla,EG13-010
NG13-015,2026-09-04,GLOBAL,eshop_small,forum,https://community.shopify.com/t/ga4-begin-chekout-add-payment-suddenly-not-working/227632,We have had the same issue since March 12th - orders suddenly stopped tracking. We have reconfigured custom events in Ga4 but it's still not working.,en,Eventy begin_checkout / add_payment_info přestaly chodit do GA4,platform_migration,z nulových hodnot v GA4 reportu,24 dní (12.3.-5.4.2024),"chybí kroky funnelu, nelze měřit odpady v checkoutu",A1;A4;G1,no,Purchase potichu přestal chodit po releasu/změně checkoutu,EG13-011
NG13-016,2026-09-04,GLOBAL,eshop_small,forum,https://community.shopify.com/t/microsoft-advertising-conversion-goals-will-automatically-return-to-their-original-state/341198,"when I used Checkout Extensibility on my Thank you and Order status pages, everything stopped working. After using Checkout Extensibility, the URL for completing a purchase changed from thank_you to thank-you ... This resulted in the inability to track conversions on the ads.",en,"Změna platformy změnila URL thank-you stránky, konverzní cíl v Microsoft Ads přestal platit",platform_migration,z nulových konverzí v Microsoft Ads,neuvedeno (problém trval měsíce bez řešení),"Microsoft Ads bez konverzí, cíl se automaticky vrací na starou URL",D3;C3;G1;G7,no,Platforma změnila pravidla pod nohama (Shopify/Shoptet/Google/Meta),EG13-012
NG13-017,2026-09-04,GLOBAL,unknown,stackoverflow,https://stackoverflow.com/questions/79849127/ga4-bigquery-daily-export-missing-data-after-specific-date,"Everything was working fine until 2025-11-23, when the events_YYYYMMDD table contained about ~540k rows daily (Web + iOS). Starting 2025-11-24, the exported tables only have about 5k rows per day, and contain only iOS platform data.",en,"GA4 -> BigQuery export přestal zahrnovat webový data stream, iOS chodí dál",bq_export_gap,až kontrolou počtu řádků v denní tabulce,neuvedeno; propad 540k -> 5k řádků/den,"99 % eventů chybí v BQ, GA4 UI přitom ukazuje data normálně - rozpor mezi UI a exportem",E1;E3;G6;G2,yes,BigQuery export tiše přestal chodit / přišel děravý,EG13-013
NG13-018,2026-09-04,GLOBAL,unknown,stackoverflow,https://stackoverflow.com/questions/79849127/ga4-bigquery-daily-export-missing-data-after-specific-date,"I suspect the BigQuery export job stopped including Web platform from GA4 after 2025-11-24, but I cannot find any error logs.",en,Výpadek exportu bez jakéhokoli logu nebo notifikace,bq_export_gap,ruční šetření,neuvedeno,nulová diagnostika: Google výpadek neohlásí a nelogaruje,E1;G6;G7,yes,BigQuery export tiše přestal chodit / přišel děravý,EG13-013
NG13-019,2026-09-04,GLOBAL,unknown,stackoverflow,https://stackoverflow.com/questions/77682009/ga4-data-export-to-bigquery-has-suddenly-stopped,GA4 data export to BigQuery suddenly stopped a few days ago. BQ is still linked to GA4 and GA4 is capturing data. No export limit has been reached as well.,en,"Export do BQ se zastavil, propojení i sběr dat vypadají v pořádku",bq_export_gap,kontrolou datasetu v BQ,několik dní,"chybějící denní tabulky, nefunkční navazující reporty a dotazy",E1;G6,yes,BigQuery export tiše přestal chodit / přišel děravý,EG13-014
NG13-020,2026-09-04,GLOBAL,unknown,stackoverflow,https://stackoverflow.com/questions/72531169/why-did-ga4-product-link-stopped-working,My GA4 property stopped sending data since 3 days to my bigquery tables. The configuration has not changed and have been running for the last 4 month without any issues. I have not reach the export limit (the property is at 4% of 1M events limits),en,Export běžel 4 měsíce bez problému a pak se bez změny konfigurace zastavil,bq_export_gap,kontrolou tabulek v BQ,3 dny,3 dny chybějících dat v BQ; příčina neznámá,E1;G6;G7,yes,BigQuery export tiše přestal chodit / přišel děravý,EG13-015
NG13-021,2026-09-04,GLOBAL,unknown,stackoverflow,https://stackoverflow.com/questions/73486720/ga4-bigquery-export-doesnt-export-all-the-data,"on inspection I noticed that roughly half of the events were missing in the raw data ... When inspecting the event stats in the standard GA4 report I noticed that ""Data Thresholding"" was applied",en,GA4 thresholding vyřazuje část eventů z exportu do BQ,bq_export_gap,ruční kontrola raw dat proti GA4 UI,neuvedeno,polovina eventů chybí v BQ; nikdo o tom předem neví,E1;C2;E3,yes,BigQuery export tiše přestal chodit / přišel děravý,EG13-016
NG13-022,2026-09-04,GLOBAL,unknown,stackoverflow,https://stackoverflow.com/questions/66169932/firebase-analytics-doesnt-export-events-table-to-bigquery-even-though-streamin,"About 3 weeks ago the connector in Firebase was enabled with the ""Streaming"" export setting. Just recently I decided to check BigQuery to start making some views and noticed that there is only 3 weeks' worth of ""intraday"" tables ... but these are completely missing",en,"Špatně nastavený režim exportu - 3 týdny běželo jen intraday, denní tabulky vůbec nevznikly",bq_export_gap,až když si šel autor stavět view nad daty,3 týdny,3 týdny dat jen v dočasných intraday tabulkách; riziko nenávratné ztráty historie,E1;E4;G6,yes,BigQuery export tiše přestal chodit / přišel děravý,EG13-017
NG13-023,2026-09-04,GLOBAL,unknown,stackoverflow,https://stackoverflow.com/questions/40697988/list-all-the-queries-made-to-bigquery-with-their-processed-bytes,Suddenly our BigQuery Analysis Costs have increased a lot and we think we are being charged like 20 times more than expected,en,Skokový nárůst nákladů na BQ dotazy bez zjevné příčiny,bq_cost_spike,z fakturace,neuvedeno; zjištěno až z faktury,"20x vyšší účet za analýzy, než tým očekával",E2;E3;G6,yes,Překvapivá faktura za BigQuery,EG13-018
NG13-024,2026-09-04,GLOBAL,unknown,stackoverflow,https://stackoverflow.com/questions/79816405/bigquery-tvfs-prevent-optimization-lead-to-higher-billing,"We recently saw our billing costs and usage skyrocket and are trying to determine the cause. Nothing fundamentally changed with the amount of data we are querying, storing, etc",en,Refaktoring SQL do TVF znemožnil optimalizaci a zvedl compute náklady,bq_cost_spike,"z fakturace, zpětně korelováno s datem změny",neuvedeno; zjištěno z faktury,prudký nárůst compute nákladů způsobený vlastní změnou transformací,E2;E3,yes,Překvapivá faktura za BigQuery,EG13-019
NG13-025,2026-09-04,GLOBAL,unknown,stackoverflow,https://stackoverflow.com/questions/51717247/firebase-bigquery-export-schema-size-difference,"the data from 4/1/18 in the old schema was 3.5MM rows and 8.7 Gig. Once migrated, the new table from the same date is 32.3MM rows and 27 Gig. ... we are getting charged significantly more in BigQuery query costs",en,Změna schématu GA4/Firebase exportu 3x nafoukla objem dat a náklady na dotazy,bq_cost_spike,porovnáním velikosti tabulek po migraci,po migraci schématu,"3x větší objem dat, výrazně vyšší náklady na dotazy",E2;E3,yes,Překvapivá faktura za BigQuery,EG13-020
NG13-026,2026-09-04,GLOBAL,b2b_leadgen,stackoverflow,https://stackoverflow.com/questions/76725256/google-tag-manager-events-stopped-working-suddenly,"We've put this in production almost two months ago, and everything looked to be working fine. But from 1 month ago (to be exact on June 10th), events stopped working properly suddenly. Nothing have been change by our side at the GTM configuration.",en,Změna Content-Security-Policy na straně webu (Salesforce) zablokovala GTM eventy,release_web,až po měsíci při kontrole,1 měsíc,"měsíc bez měření eventů; příčina je CSP hlavička, kterou nasadil někdo jiný",A1;A4;G4;H1,no,Purchase potichu přestal chodit po releasu/změně checkoutu,EG13-021
NG13-027,2026-09-04,GLOBAL,saas_marketplace,stackoverflow,https://stackoverflow.com/questions/76627559/event-data-not-flowing-from-google-tag-manager-to-google-analytics-for-a-particu,This Setup was all working fine for a few months and nothing was changed in between then and now. ... Now suddenly the events from app (app.XXXXX.com) have stopped showing up in GA4 property but all the events from website (XXXXX.com) still show in GA4,en,"Eventy z aplikační subdomény přestaly chodit do GA4, z hlavního webu chodí dál",unknown_owner,kontrolou GA4 reportu,měsíce (setup běžel 'a few months'),částečný výpadek jen na jedné subdoméně - v součtech skoro neviditelný,A1;A4;C3;G4,no,Purchase potichu přestal chodit po releasu/změně checkoutu,EG13-022
NG13-028,2026-09-04,GLOBAL,agency,stackoverflow,https://stackoverflow.com/questions/76785988/missing-session-start-event-so-no-session-source-medium-either-but-no-meas,the session source/medium dimension stopped working and the vast majority of purchases and revenue are coming from unassigned channel and (not set) source / medium,en,Chybějící session_start u části trafficu shodil atribuci nákupů do (not set),utm_chaos,z reportu zdrojů - většina revenue spadla do unassigned,neuvedeno,většina nákupů a tržeb bez zdroje - atribuce kampaní nepoužitelná,C3;C4;D4;G3,no,Kampaně spadly do Direct / (not set) - atribuce slepá,EG13-023
NG13-029,2026-09-04,GLOBAL,unknown,stackoverflow,https://stackoverflow.com/questions/67083260/user-does-not-have-sufficient-permissions-for-this-profile-google-analytics-a,"I'm using Google Spreadsheets to track the progress and such, and had to waste time migrating the API for it using OAuth2 and the Google Analytics Data API (GA4) All went fine. Until a few weeks ago when it stopped working.",en,Reportovací pipeline přes GA API přestala fungovat po změně API/oprávnění,connector_token,když se report přestal plnit,několik týdnů,"report se zastavil, nutná migrace na jinou verzi API",F2;C6;G6,no,Konektor/dashboard přestal aktualizovat,EG13-024
NG13-030,2026-09-04,GLOBAL,eshop_mid,stackoverflow,https://stackoverflow.com/questions/77782060/looker-studio-conditionally-add-integers-to-aggregated-metrics-dependent-on-mon,"We use GA4 and Looker Studio for our reporting and for a period in Nov and Dec GA4 was not receiving transaction data. We have estimated the number and value of the missing transactions, which I now need to add in to our reports ... there were 57 more transactions in November than GA4 reports.",en,Dva měsíce chybějících transakcí v GA4; tým je musí dopočítat a ručně dolepit do reportů,revenue_mismatch,po skončení výpadku srovnáním s backendem,2 měsíce (listopad + prosinec),"57 chybějících transakcí jen za listopad; reporty a meziroční srovnání trvale zkreslené, nutná ruční korekce",G2;F1;F3;E5,no,"GA4 vs. backend se rozjely a nikdo neví, co je normální",EG13-025
NG13-031,2026-09-04,GLOBAL,b2b_leadgen,stackoverflow,https://stackoverflow.com/questions/33762452/moving-to-google-tag-manager-broke-our-virtual-pageviews,"Since migrating to GTM, all of our virtual pageviews stopped working. ... That is all that has changed and I can't figure out why our virtual pageview scripts no longer work.",en,"Migrace měření do GTM shodila virtuální pageviews, na kterých stály konverze z formulářů",platform_migration,až z výpadku konverzí ve formulářích,neuvedeno,ztráta měření všech konverzí z kontaktních formulářů,A1;A4;H1,no,Purchase potichu přestal chodit po releasu/změně checkoutu,EG13-026
NG13-032,2026-09-04,EU,eshop_small,stackoverflow,https://stackoverflow.com/questions/24371058/e-commerce-tracking-with-google-tag-manager-and-datalayer,due to a problem with the google tag manager account we've lost all the configuration in the GTM. ... I don't have documentation on how the GTM was configured. What I'm doing is to reverse engineering the GTM configuration,en,Ztráta celé konfigurace GTM bez dokumentace a bez zálohy,access_lost,z rozbitých e-commerce reportů,neuvedeno,kompletní rekonstrukce měření reverzním inženýrstvím z HTML a starých reportů,A3;H2;C6,no,Odešel člověk / agentura drží přístupy,EG13-027
NG13-033,2026-09-04,GLOBAL,eshop_small,forum,https://wordpress.org/support/topic/purchases-are-not-getting-recorded-in-ga-from-26th-july-2026/,"The Woocommerce analytics database has stopped updating as of July 26, we are unable track the issue",en,"WooCommerce e-shop: od 26.7.2026 se přestaly zaznamenávat nákupy, majitel neumí příčinu dohledat",release_web,až kontrolou reportu,cca 3 týdny (26.7. -> hlášeno v polovině srpna 2026),žádná data o nákupech; vlákno bylo po 2 týdnech uzavřeno jako 'resolved' bez řešení,A1;A4;G1;G7,no,Purchase potichu přestal chodit po releasu/změně checkoutu,EG13-028
NG13-034,2026-09-04,GLOBAL,eshop_small,forum,https://wordpress.org/support/topic/purchase-event-missing-in-gtm4wp-v1-22-regression-from-v1-21/,"After updating GTM4WP from v1.21 to v1.22, my WooCommerce purchase event stopped firing completely. ... GTM and all other eCommerce events (view_item, add_to_cart, begin_checkout) still worked",en,"Rutinní update pluginu (regrese) shodil jen purchase, ostatní eventy chodily dál",release_web,porovnáním dataLayeru po objednávce,neuvedeno; problém přetrvával i po 10 měsících u dalších uživatelů,"ztráta všech purchase eventů; ostatní eventy fungují, takže agregované grafy vypadají v pořádku",A1;A4;G1;G4,no,Purchase potichu přestal chodit po releasu/změně checkoutu,EG13-029
NG13-035,2026-09-04,GLOBAL,eshop_small,forum,https://wordpress.org/support/topic/purchase-event-missing-in-gtm4wp-v1-22-regression-from-v1-21/,has it been figured out what was the issue? I seem to be experiencing the same problem.,en,Stejná regrese pluginu u dalšího e-shopu o 10 měsíců později,release_web,z chybějících purchase eventů,10 měsíců po prvním hlášení stále nevyřešeno,problém přežil více verzí pluginu; jediné řešení je rollback,A1;A4;G4,no,Purchase potichu přestal chodit po releasu/změně checkoutu,EG13-029
NG13-036,2026-09-04,GLOBAL,eshop_small,forum,https://wordpress.org/support/topic/begin_checkout-missing-on-block-checkout-2-0-0/,"I updated to 2.0.0 hoping it would resolve mid-funnel ecommerce events on the WooCommerce block-based checkout, and two of the three are now working. ... But begin_checkout never appears, and view_cart is firing on the checkout page rather than the cart page.",en,Přechod na blokový checkout WooCommerce rozbil rozpoznání typu stránky a tím eventy funnelu,platform_migration,ruční čtení dataLayeru na /checkout/,neuvedeno; odhaleno až cíleným debugem,"chybí begin_checkout, view_cart se pálí na špatné stránce, add_payment_info se pálí bez interakce",A1;A4;H1,no,Purchase potichu přestal chodit po releasu/změně checkoutu,EG13-030
NG13-037,2026-09-04,GLOBAL,eshop_small,forum,https://wordpress.org/support/topic/add_to_cart-remove_from_cart-never-fire-on-sites-using-the-interactivity-api/,"Symptom: add_to_cart and remove_from_cart never fire, on any page, for any product. view_item fires correctly.",en,"Šablona postavená na novém WordPress Interactivity API nemá datové úložiště, ze kterého plugin čte",release_web,až po hlubokém debugu (window.wp.data je undefined),neuvedeno,trvale chybí add_to_cart a remove_from_cart; funnel v GA4 začíná až u view_item,A1;A4;H1;G1,no,Purchase potichu přestal chodit po releasu/změně checkoutu,EG13-031
NG13-038,2026-09-04,EU,eshop_small,forum,https://wordpress.org/support/topic/a-lot-of-unassgined-traffic-in-my-report/,"When i check the traffic report i get 30% of unassigned traffic. This problem appears since some time so its not something new. When i check the source / medium i just get the information ""not set"".",en,"Třetina sessions bez zdroje/media, majitel neví od kdy ani proč",utm_chaos,kontrolou reportu zdrojů,"'since some time' - dlouhodobě, bez známého začátku",30 % trafficu bez atribuce; rozhodování o kanálech na neúplných datech,C3;C4;D4;G3;B1,no,Kampaně spadly do Direct / (not set) - atribuce slepá,EG13-032
NG13-039,2026-09-04,EU,eshop_small,forum,https://wordpress.org/support/topic/events-firing-before-consent-update/,"some key events, such as purchase and begin_checkout, are firing before the consent update is processed. This results in consent being reported as denied, by not activating the relevant tags for Google ADS",en,"Pořadí eventů vs. consent update: purchase se pálí dřív, než CMP nastaví souhlas",consent_change,kontrolou pořadí eventů v Tag Assistantu,neuvedeno,"Google Ads konverze se neaktivují, protože v okamžiku purchase je souhlas ještě 'denied'",B1;B3;D1;A4,no,Cookie lišta potichu vypnula měření a Ads konverze,EG13-033
NG13-040,2026-09-04,EU,eshop_small,forum,https://wordpress.org/support/topic/events-firing-before-consent-update/,"Purchase and other events were not tracked in GA4 (they were completely missing). Purchase events were not properly tracked in Google Ads conversions. Sometimes they were missing entirely, other times the purchase amount was missing.",en,"Nestabilní chování consentu: eventy někdy chybí úplně, jindy chybí jen částka",consent_change,analýzou toku eventů v Tag Assistantu,"'often encountered' - opakovaně, dlouhodobě",nekonzistentní purchase v GA4 i v Ads; někdy chybí hodnota konverze,B1;B3;D1;G2,no,Cookie lišta potichu vypnula měření a Ads konverze,EG13-033
NG13-041,2026-09-04,EU,eshop_small,forum,https://wordpress.org/support/topic/events-firing-before-consent-update/,Why is no one answering? Is it possible that only me and Angelo have this problem? Is there anyone who can help us?,en,E-shopař bez dodavatele měření zůstává s consent problémem sám na fóru,consent_change,-,1 rok a 2 měsíce od hlášení bez odpovědi,"žádná pomoc; problém zůstává neřešený, protože nikdo nemá měření na starost",B1;H5;G7,no,Nikdo v firmě nevlastní měření - nastaveno 'zkusmo',EG13-033
NG13-042,2026-09-04,GLOBAL,eshop_small,forum,https://wordpress.org/support/topic/missing-purchase-events-in-woo/,"When testing, it worked as expected, but when going live a significant number of thank-you pages were missing the DL. I have now swithched back to gtm4wp, but the problem remains, and there is no logging functionality in the plugin.",en,"Test prošel, produkce ne: část thank-you stránek nemá dataLayer, plugin nemá logování",release_web,porovnáním počtu objednávek a purchase eventů,neuvedeno,část nákupů trvale neměřena; bez logů nelze zjistit které a proč,A1;A4;G2;G4,no,Purchase potichu přestal chodit po releasu/změně checkoutu,EG13-034
NG13-043,2026-09-04,GLOBAL,eshop_small,forum,https://wordpress.org/support/topic/when-using-enable-blacklist-whitelist-feature-the-ga4-traffic-stops-fully/,"If I enable ""Security > Enable blacklist/whitelist"" feature to any of 2 available modes it stops my GA4 traffic from flowing from the website fully. The Tags keeps firing just fine, just the traffic to GA4 stop.",en,"Bezpečnostní nastavení GTM zablokovalo odesílání do GA4, tagy přitom vypadají jako spuštěné",gtm_change_dev,až porovnáním 'tag fired' vs. data v GA4,neuvedeno,úplná ztráta dat v GA4 při zdánlivě funkčních tazích - nejzrádnější typ výpadku,A3;A4;G4;G1,no,Někdo sáhl do GTM/dataLayeru bez koordinace,EG13-035
NG13-044,2026-09-04,GLOBAL,eshop_small,forum,https://wordpress.org/support/topic/events-are-not-shown-in-ga4/,I did everything you wrote with no success. ... I did notice that your site is loading both Google Tag Manager and the Site Kit plugin. ... I suspect there may be a conflict between the multiple tracking implementations,en,"Souběh GTM, Site Kit a nativního pluginu - nikdo neví, který kód měření vlastní",unknown_owner,opakovaným testováním s podporou pluginu,1 měsíc komunikace bez vyřešení,eventy nechodí do GA4; podpora nakonec vlákno zavře jako 'resolved' bez řešení,A6;A3;H2;C6,no,"Kontejner-černá skříňka: nikdo neví, co které tagy dělají",EG13-036
NG13-045,2026-09-04,EU,eshop_mid,support_community,https://support.google.com/analytics/thread/464590913/ga4-under-reporting-over-70-of-traffic-and-purchases-since-1-september-2026,"GA4 under-reporting over 70% of traffic and purchases since 1 September 2026 ... Since 1 September 2026, our GA4 property has suddenly started under-reporting users, se[ssions]",en,GA4 od 1.9.2026 podměřuje traffic i nákupy o více než 70 %,ga4_change,z propadu čísel v reportech,3 dny (1.9.-4.9.2026),podměřeno přes 70 % trafficu a nákupů - všechna rozhodnutí na základě GA4 jsou zkreslená,G1;G2;G3;C5;F3,no,Platforma změnila pravidla pod nohama (Shopify/Shoptet/Google/Meta),EG13-037
NG13-046,2026-09-04,GLOBAL,b2b_leadgen,support_community,https://support.google.com/analytics/thread/464099337,"GA4 collect requests rejected with 503 since Aug 31, recording only 15% of traffic ... Since August 31, 2026 our GA4 property (G-YG2210GQYC, news site with ~500k pageviews/month",en,Zpravodajský web s 500k pageviews/měs: GA4 odmítá 85 % hitů chybou 503,ga4_change,z propadu měřeného trafficu,4 dny,měří se jen 15 % trafficu na webu s ~500 tis. zobrazení měsíčně,G1;G5;C5;G7,no,Platforma změnila pravidla pod nohama (Shopify/Shoptet/Google/Meta),EG13-038
NG13-047,2026-09-04,GLOBAL,unknown,support_community,https://support.google.com/analytics/thread/462184529/ga4-reporting-zero-users-since-24-august-despite-hits-being-accepted,"GA4 reporting zero users since 24 August despite hits being accepted ... Since around 2pm UTC on 24 August, my GA4 property reports zero active users in Realtime and the dai[ly]",en,"Hity jsou přijímány (HTTP 200), ale GA4 vykazuje nula uživatelů",ga4_change,kontrolou realtime a denních reportů,od 24.8. (hlášeno v řádu dní),nula uživatelů v reportech při funkčním odesílání - klasická tichá porucha na straně Googlu,G1;G5;C5,no,Platforma změnila pravidla pod nohama (Shopify/Shoptet/Google/Meta),EG13-039
NG13-048,2026-09-04,GLOBAL,unknown,support_community,https://support.google.com/analytics/thread/462356273,"As GA4 is not fetching data from past 25 days, consent is been getting dennied.",en,"GA4 nesbírá data 25 dní, protože souhlas je stále vyhodnocen jako odmítnutý",consent_change,až po 25 dnech bez dat,25 dní,měsíc chybějících dat kvůli špatně nastavenému consentu,B1;B3;G1,no,Cookie lišta potichu vypnula měření a Ads konverze,EG13-040
NG13-049,2026-09-04,US,eshop_mid,support_community,https://support.google.com/analytics/thread/464219063,"Title: GA4 Realtime works, but standard reports show 0 sessions since a BigCommerce platform migrati[on] ... Property: Murray Percival G4 (single web data stream, murraypercival.com, tagged via BigCommerce's n[ative]",en,"Migrace na BigCommerce: realtime funguje, standardní reporty ukazují nula sessions",platform_migration,kontrolou standardních reportů po migraci,neuvedeno (od migrace),nula sessions ve standardních reportech - reporting a atribuce mimo provoz,A1;C3;G1;H1,no,Platforma změnila pravidla pod nohama (Shopify/Shoptet/Google/Meta),EG13-041
NG13-050,2026-09-04,GLOBAL,unknown,support_community,https://support.google.com/analytics/thread/464272441,"No data in reports since 8/24, but realtime works ... Since August 24, 2026, our standard Reports have shown zero sessions. It is a hard flat line, not a [gradual decline]",en,"Standardní reporty ukazují tvrdou nulu od 24.8., realtime funguje",ga4_change,z reportu (rovná čára na nule),od 24.8. (hlášeno ~11 dní),"žádná data v reportech, jen realtime; nelze reportovat ani optimalizovat",G1;G6;C5,no,Platforma změnila pravidla pod nohama (Shopify/Shoptet/Google/Meta),EG13-042
NG13-051,2026-09-04,EU,unknown,support_community,https://support.google.com/analytics/thread/464410016,"GA4 standard property: data processing stopped 31+ hours ago, Realtime still working ... Standard GA4 property, timezone Europe/Paris, web + iOS + Android streams. ISSUE Data processing sto[pped]",en,"Zpracování dat v GA4 se zastavilo, realtime přitom běží dál",ga4_change,kontrolou zpoždění dat,31 hodin,31+ hodin bez zpracovaných dat na property se třemi streamy,G1;G6;C5,no,Platforma změnila pravidla pod nohama (Shopify/Shoptet/Google/Meta),EG13-043
NG13-052,2026-09-04,GLOBAL,agency,support_community,https://support.google.com/analytics/thread/464063636,My revenue data is not tracking for 2 of my important clients. I need assitance for this.,en,Agentura: dvěma klientům se neměří tržby,revenue_mismatch,kontrolou reportů klientů,neuvedeno,nulová data o tržbách u dvou klientů agentury,G2;G1;D5;H3,no,"GA4 vs. backend se rozjely a nikdo neví, co je normální",EG13-044
NG13-053,2026-09-04,EU,unknown,support_community,https://support.google.com/analytics/thread/463860965,GA4 Behavioral Modeling unavailable after 10 days above published thresholds ... We manage a European website using GA4 with Advanced Consent Mode v2 and the Blended reportin[g],en,Advanced Consent Mode v2: modelování chování se nezapíná ani po 10 dnech nad limity,consent_change,"sledováním, zda se modelování zapne",10 dní,"chybí modelovaná data u souhlas-odmítnutých uživatelů, čísla jsou trvale podměřená",B2;B1;C5;F3,no,Cookie lišta potichu vypnula měření a Ads konverze,EG13-045
NG13-054,2026-09-04,GLOBAL,unknown,support_community,https://support.google.com/analytics/thread/464042330,"My website experienced sudden spikes in Unassigned traffic on August 2, 3, 19, and 20. The sessions [...]",en,Opakované skoky v Unassigned trafficu ve čtyřech konkrétních dnech,utm_chaos,z reportu kanálů,"dny až týdny (skoky 2.,3.,19. a 20.8.)",traffic bez přiřazeného kanálu; atribuce v těchto dnech nepoužitelná,C4;D4;G3,no,Kampaně spadly do Direct / (not set) - atribuce slepá,EG13-046
NG13-055,2026-09-04,GLOBAL,unknown,support_community,https://support.google.com/analytics/thread/464932990,"Hi, found discrepancies in the month of August between MonsterInsights and GA, how do I verify that? ... Visits on MonsterInsighths are much higher (as usual) while on GA it seems like visits dropped massi[vely]",en,"Rozjetá čísla mezi dvěma nástroji; uživatel neví, kterému věřit",revenue_mismatch,srovnáním dvou nástrojů,1 měsíc (srpen),"nelze určit, které číslo je správné - ztráta důvěry v data",G2;C4;F3;H3,no,"GA4 vs. backend se rozjely a nikdo neví, co je normální",EG13-047
NG13-056,2026-09-04,GLOBAL,unknown,support_community,https://support.google.com/analytics/thread/464258271,Lost access without any revoking ... The GA accounts that were streaming data and connected to SiteKit have suddenly disappeared f[rom],en,GA účty napojené na Site Kit zmizely bez odebrání práv,access_lost,když účty zmizely z rozhraní,neuvedeno,"ztráta přístupu k účtům, které aktivně sbíraly data",C6;A3;H2,no,Odešel člověk / agentura drží přístupy,EG13-048
NG13-057,2026-09-04,GLOBAL,eshop_small,support_community,https://support.google.com/analytics/thread/464409779,Lost access to gtag.js account but tag is still running on my website through sitekit plugin ... I lost access to google tag manager after changing domain on gsuite email,en,"Změna domény u firemního e-mailu odřízla majitele od GTM, tag na webu běží dál",access_lost,při pokusu o úpravu měření,neuvedeno,"tag měří dál, ale nikdo k němu nemá přístup - nelze nic opravit ani vypnout",C6;A3;H2;H4,no,Odešel člověk / agentura drží přístupy,EG13-049
NG13-058,2026-09-04,US,b2b_leadgen,support_community,https://support.google.com/analytics/thread/464825608,GA4 admin recovery form wrongly requires a Google Ads customer ID ... I lost direct administrator access to an existing GA4 account after the previous administrato[r],en,"Odchod administrátora = ztráta přístupu k GA4, obnova zaseknutá na formuláři",access_lost,při pokusu o správu property,neuvedeno,firma nemá přístup k vlastnímu měření; obnova blokovaná procesem Googlu,C6;H2;H4,no,Odešel člověk / agentura drží přístupy,EG13-050
NG13-059,2026-09-04,GLOBAL,agency,support_community,https://support.google.com/tagmanager/thread/453567503,Sole admin left the company — no longer responsive — how to officially claim access to our GTM ... The only person who had admin access to our company's Google Tag Manager container has [left],en,Jediný správce GTM odešel z firmy a neodpovídá,access_lost,když bylo potřeba změnit tag,neuvedeno,firma nemůže sáhnout do vlastního GTM kontejneru - žádná změna měření není možná,C6;A3;H2;H4,no,Odešel člověk / agentura drží přístupy,EG13-051
NG13-060,2026-09-04,GLOBAL,unknown,support_community,https://support.google.com/tagmanager/thread/456117040,"Custom [HTML] tag reports ""Succeeded"" but produces zero network requests or console errors ... Container ID: GTM-KFNGMNTH I have a Custom HTML tag containing a standard Meta/Facebook Pixel script",en,"GTM hlásí úspěšné spuštění tagu, ale žádný požadavek neodejde",gtm_change_dev,kontrolou síťových požadavků v prohlížeči,neuvedeno,"Meta pixel neodesílá nic, přestože GTM hlásí 'Succeeded' - kontrola 'tag fired' selhává",G4;A4;D2,no,"Kontejner-černá skříňka: nikdo neví, co které tagy dělají",EG13-052
NG13-061,2026-09-04,EU,eshop_small,support_community,https://support.google.com/tagmanager/thread/458883142,"""Purchase conversion not registering despite tag firing correctly (Tag Assistant confirmed)"" ... My Purchase conversion action has shown 'Etiqueta inactiva' since July 24, despite confirming via Go[ogle Tag Assistant]",en,"Google Ads označuje konverzní akci jako 'neaktivní tag', přestože Tag Assistant potvrzuje spuštění",ad_platform_change,z hlášky 'Etiqueta inactiva' v Google Ads,od 24.7. (hlášeno v řádu týdnů),"Google Ads nepočítá purchase konverze, i když tag prokazatelně chodí",D1;G1;G4;G7,no,Smart Bidding týdny optimalizuje na rozbitá data (slepý spend),EG13-053
NG13-062,2026-09-04,GLOBAL,b2b_leadgen,support_community,https://support.google.com/tagmanager/thread/453993509,"Google Ads call click conversions not tracking ... I am using WordPress with GTM4WP and Google Tag Manager. My container is connected, but call [click conversions are not tracking]",en,Konverze z prokliků na telefon se neměří do Google Ads,ad_platform_change,z chybějících konverzí v Ads,neuvedeno,telefonní leady se nepočítají jako konverze - podhodnocený výkon kampaní,D1;A2;G1,no,Smart Bidding týdny optimalizuje na rozbitá data (slepý spend),EG13-054
NG13-063,2026-09-04,GLOBAL,saas_marketplace,support_community,https://support.google.com/tagmanager/thread/464962045,"[Android] Google Analytics events get lost when using sGTM ... We are experiencing an important events loss when we enable sGTM on our Android app, on average -10%",en,Zapnutí server-side GTM způsobilo trvalou ztrátu ~10 % eventů z Android aplikace,gtm_change_dev,srovnáním počtu eventů se sGTM a bez něj,neuvedeno,průměrně -10 % eventů po zapnutí sGTM - systematické podměřování,A5;G5;G4;G1,no,Někdo sáhl do GTM/dataLayeru bez koordinace,EG13-055
NG13-064,2026-09-04,GLOBAL,agency,support_community,https://support.google.com/tagmanager/thread/450754875,Tags flagged as malware for 10+ days on legitimate account — need manual review ... Our GTM account (containers GTM-T2C2QJBP and GTM-WC88M6BD) has had multiple tags automatically pause[d],en,Google automaticky pozastavil tagy jako malware; 10+ dní bez nápravy,gtm_change_dev,z upozornění v GTM / výpadku měření,10+ dní,"více tagů ve dvou kontejnerech automaticky pozastaveno, měření mimo provoz",A3;G4;G7;C5,no,"Kontejner-černá skříňka: nikdo neví, co které tagy dělají",EG13-056
NG13-065,2026-09-04,GLOBAL,unknown,support_community,https://support.google.com/tagmanager/thread/463977521,"GA4 gtag.js returning 503 for one specific Measurement ID. ... Since around Aug 26, 2026, the gtag.js request for our GA4 property's Measurement ID has been return[ing 503]",en,gtag.js vrací 503 jen pro jedno konkrétní Measurement ID,ga4_change,kontrolou síťových požadavků,od 26.8. (hlášeno ~týden),měření na dané property nefunguje kvůli chybě na straně Googlu,G5;G1;C5;G7,no,Platforma změnila pravidla pod nohama (Shopify/Shoptet/Google/Meta),EG13-057
NG13-066,2026-09-04,GLOBAL,b2b_leadgen,support_community,https://support.google.com/google-ads/thread/464704329,"Aug impressions/clicks dropped 44-63% vs July, no changes made. Hit by 5 Aug policy update? ... Our Brand Awareness campaign received 616 impressions and 37 clicks in August 2026, down from 1,097",en,Propad impresí a prokliků o 44-63 % bez zásahu inzerenta po policy update Googlu,ad_platform_change,z meziměsíčního srovnání,1 měsíc,616 impresí místo 1 097; propad výkonu bez vysvětlení,D1;D4;F3;C5,no,Platforma změnila pravidla pod nohama (Shopify/Shoptet/Google/Meta),EG13-058
NG13-067,2026-09-04,EU,eshop_mid,forum,https://community.shopify.com/t/why-is-my-shopify-analytics-not-working-correctly/266297,"Since 31st October, Shopify analytics has completely stopped working. The numbers are not adding up ... Sessions / adds to cart / conversions - not tracking. Revenue/orders - showing correctly.",en,"Platformní chyba: sessions, add_to_cart a konverze se neměří, tržby ano",platform_migration,z nesedících čísel na dashboardu,1 týden (31.10.-7.11.2023),"konverzní poměr a funnel nepoužitelné; tržby přitom sedí, takže výpadek nebyl nápadný",G1;G2;G3;F3,no,Platforma změnila pravidla pod nohama (Shopify/Shoptet/Google/Meta),EG13-060
NG13-068,2026-09-04,EU,eshop_mid,forum,https://community.shopify.com/t/why-is-my-shopify-analytics-not-working-correctly/266297,there is still no resolution nearly 3 weeks later ... this was impacting GA4 and Google Ads as we were using the Shopify integration and we're coming into the busiest time of the year now and can't trust any of the data,en,"Tři týdny bez řešení, e-shop jde do vánoční sezóny bez důvěryhodných dat",platform_migration,eskalací přes 3 otevřené tickety,3 týdny bez řešení,vánoční sezóna bez důvěryhodných dat v GA4 i Google Ads; 3 otevřené tickety bez odpovědi,G1;G2;G7;H5;F3,no,Platforma změnila pravidla pod nohama (Shopify/Shoptet/Google/Meta),EG13-060
NG13-069,2026-09-04,EU,eshop_mid,forum,https://community.shopify.com/t/why-is-my-shopify-analytics-not-working-correctly/266297,"Should I treat this as if 95% of visitors suddenly started using privacy apps on Nov 1, 2023? ... today we had 8 conversions and 0% conversion rate in the Shopify Analytics dashboard",en,Podpora svaluje výpadek na odmítnutí cookies; e-shop má 8 konverzí a 0% konverzní poměr,platform_migration,srovnáním objednávek a vykázaného konverzního poměru,"od 31.10., stále neopraveno",8 konverzí vykázaných jako 0% CR; oficiální vysvětlení (privacy apps) je pro merchanta neuvěřitelné,G2;B2;F3;H3,no,"GA4 vs. backend se rozjely a nikdo neví, co je normální",EG13-060
NG13-070,2026-09-04,GLOBAL,eshop_small,forum,https://community.shopify.com/t/why-is-my-shopify-analytics-not-working-correctly/266297,I've lost all faith in Shopify analytics - it's absolute rubbish. You simply can't trust any of the 'data' at all!,en,Ztráta důvěry v data po měsících neřešeného výpadku,platform_migration,-,4 měsíce po začátku incidentu (únor 2024),merchant přestal data používat - nejhorší možný výsledek pro celý měřicí stack,G2;F3;H3;F4,no,"GA4 vs. backend se rozjely a nikdo neví, co je normální",EG13-060
NG13-071,2026-09-04,GLOBAL,eshop_small,forum,https://community.shopify.com/t/facebook-pixel-error-same-event-id-received-for-many-event-instances/151651,"events aren't being deduplicated (including purchases), so FB pixel is totally hosed thinking performance is great, when it sucks ... a single click will produce 7 different events ... and they all have the same event ID and deduplication is not happening",en,Chybná deduplikace: jeden klik vygeneruje 7 eventů se stejným event ID,ad_platform_change,testováním eventů v Meta Events Manageru,od 9.2.2021 (přes rok a půl),"Meta vidí nafouknutý výkon, který neodpovídá realitě; rozhodování o rozpočtu na falešných číslech",D2;G4;A4;G2,no,Fake a duplicitní konverze nafukují čísla,EG13-061
NG13-072,2026-09-04,EU,eshop_small,forum,https://community.shopify.com/t/will-shopifys-native-privacy-compliance-app-support-google-consent-mode-v2/290159,Shopify does not yet support Google Consent Mode v2 for Google Tag Manager and Google Analytics integrations. We are unable to state if and when Shopify will include support,en,"Platforma nepodporuje consent mode v2 v době, kdy ho Google vyžaduje",consent_change,z požadavku Googlu na consent signály,"měsíce (leden-únor 2024, deadline Googlu březen 2024)",e-shopy musí řešit consent mode v2 mimo platformu nebo přijít o Ads funkce,B1;B3;D1;C5,no,Cookie lišta potichu vypnula měření a Ads konverze,EG13-062
NG13-073,2026-09-04,EU,eshop_small,forum,https://community.shopify.com/t/will-shopifys-native-privacy-compliance-app-support-google-consent-mode-v2/290159,"how do i link the cookie banner from Shopify to GTM? as GTM doesn't detect the click on the ""Accept"" cookies and my consent remains default - denied",en,"Nativní cookie lišta nepředává souhlas do GTM, consent zůstává 'denied'",consent_change,kontrolou stavu consentu v GTM,neuvedeno,"všechny tagy běží v režimu denied, měření je fakticky vypnuté",B1;B3;A4,no,Cookie lišta potichu vypnula měření a Ads konverze,EG13-062
NG13-074,2026-09-04,GLOBAL,eshop_small,forum,https://magento.stackexchange.com/questions/79298/google-analytics-stopped-working-after-magento-update,I recently updated from Magento 1.6.2 to 1.9.2.1 and I noticed that Google Analytics stopped tracking the website since I updated.,en,Upgrade Magenta shodil měření GA,platform_migration,kontrolou GA po upgradu,neuvedeno,web neměřen od data upgradu,A1;A4;H1;G1,no,Purchase potichu přestal chodit po releasu/změně checkoutu,EG13-063
NG13-075,2026-09-04,GLOBAL,eshop_mid,forum,https://magento.stackexchange.com/questions/295055/google-analytics-not-recording-conversion-data-in-magento-2-3-2,We have recently updated to Magento 2.3.2 and google analytics module stopped working. I can see the empty array OrdersTrackingCode in generated google analytics code on frontend.,en,Upgrade Magento 2.3.2: modul GA generuje prázdné pole objednávek,platform_migration,kontrolou vygenerovaného kódu na frontendu,neuvedeno,konverzní data se neodesílají - prázdné OrdersTrackingCode,A1;A4;H1;G1,no,Purchase potichu přestal chodit po releasu/změně checkoutu,EG13-064
NG13-076,2026-09-04,GLOBAL,eshop_small,forum,https://magento.stackexchange.com/questions/80744/magento-1-9-google-analytics-template-not-loading,"After upgrading from 1.6 to 1.9, my Magento site has stopped tracking in Google Analytics. ... Why isn't my ga.phtml file loading on the live site (but does load on my dev site)?",en,"Šablona měření se načítá na dev, ale ne na produkci",release_web,porovnáním dev a produkce,neuvedeno,"produkce bez měření, přestože testovací prostředí vypadá v pořádku - typický důvod pro QA po releasu",A1;A4;H1,no,Purchase potichu přestal chodit po releasu/změně checkoutu,EG13-065
NG13-077,2026-09-04,GLOBAL,eshop_mid,forum,https://magento.stackexchange.com/questions/377681/meta-pixel-addtocart-and-purchase-events-not-firing-in-facebook-for-magento-2-ex,"After an order is successfully placed, no Purchase event is sent to Meta. ... It appears the pixel is redirecting back to the homepage rather than firing on the order success page.",en,Oficiální Meta rozšíření pro Magento 2 neodesílá purchase event,ad_platform_change,testem s Meta Pixel Helperem,neuvedeno,žádný purchase event do Meta - kampaně bez konverzních dat,D2;A1;A4;G4,no,Purchase potichu přestal chodit po releasu/změně checkoutu,EG13-066
NK5-001,2026-09-06,EU,agency,forum,https://www.reddit.com/r/GoogleTagManager/comments/1w1uorv/how_do_ppc_agencies_usually_find_or_hire_external/,"It's soo essential part of the PPC service, we handle it in-house. Also, there is always some kind of 'issue', client updated something and it breaks, so it's not like you set up the tracking and it's working till the end of times.",en,"PPC agentura odpovídá na otázku, jak agentury řeší technické měření (GTM, GA4, sGTM, Meta CAPI, enhanced conversions)",gtm_change_dev,neuvedeno,neuvedeno,"Průběžná práce navíc; agentura si měření drží in-house právě proto, že se pořád rozbíjí",Kontinuální hlídání a QA po každé změně na straně klienta,unknown,"Klient něco změnil a měření se rozbilo – opakovaně, ne jednorázově",EK5-022
NK5-002,2026-09-06,EU,unknown,website,https://web.archive.org/web/20260420/https://www.measurelab.co.uk/solutions/managed-analytics/,"Tracking drifts when consent requirements change. Pipelines break when an upstream schema does. Dashboards stop reflecting the business after a rebrand. Models make recommendations on logic that made sense six months ago. Every change in your business is a chance for the system to degrade. And because it usually happens gradually, nobody raises the alarm until the damage is done.",en,"Britská analytická agentura s 10+ letými klientskými vztahy popisuje na stránce svého paušálního produktu, co se u klientů rozpadá",consent_change,nijak – 'nobody raises the alarm until the damage is done',neuvedeno (postupná degradace),Systém degraduje postupně; poškození se pozná až podle následků,Průběžný monitoring rozpadu měření a governance datové vrstvy,optional,"Postupná degradace – nikdo nespustí alarm, dokud není škoda hotová",EK5-002
NK5-003,2026-09-06,US,agency,forum,https://www.reddit.com/r/agency/comments/1vof1qi/summer_has_been_so_dry_and_then_4_leads_this_week/,"it took losing one to see it — is that the hard part isn't the agility. It's that a working retainer is invisible. […] A retainer that's going well looks like nothing happening: pipelines don't break, numbers stay right, nobody gets paged. Six months in, the client isn't weighing your invoice against the work — they're weighing it against the last time they visibly got something. […] Its best case is silence. So it's both the easiest thing to justify technically and the first line item questioned in a budget review.",en,"Dodavatel datového paušálu popisuje, proč o klienta přišel: šest měsíců se nic nerozbilo, a proto klient neviděl, za co platí",neuvedeno,"neuvedeno – churn, ne technická porucha",cca 6 měsíců do přehodnocení rozpočtu,"Ztráta klienta; paušál je první položka, na kterou se při revizi rozpočtu ukáže","Každý měsíc doručit klientovi něco, co by si jinak musel vyžádat a co odpovídá na otázku, kterou se stejně chystal položit",unknown,Churn: fungující paušál je neviditelný – úspěchem je ticho,EK5-013
NK5-004,2026-09-06,EU,unknown,website,https://web.archive.org/web/20231203103723/https://www.measurelab.co.uk/services/analytics-support/,"the most common reason our engagements come to an end is our clients feel they're fully-equipped to go it alone. All good things come to an end eventually, we get it. No hard feelings!",en,"FAQ na stránce paušální podpory: dodavatel sám pojmenovává nejčastější důvod, proč spolupráce končí",neuvedeno,"neuvedeno – churn, ne technická porucha",neuvedeno,Konec paušálu; klient přebírá agendu dovnitř,"Trvale dodávat to, co si klient neumí udělat sám (prahy, historie, srovnání s backendem), ne to, co se naučí",optional,"Churn: klient nabude dojmu, že už si vystačí sám",EK5-003
