id,date_accessed,region,country,provider,provider_type,service_name_verbatim,pricing_model,tier_name,price_original,currency,period,price_czk_month,hours_included,properties_included,platforms_included,response_time,requires_bq,scope_notes,source_url,evidence_id
P2-001,2026-09-04,CZ,CZ,RobertNemec.com,agentura,"Měsíční práce na webové analytice (tak, aby měla smysl)",fixed_package,od,9 250 Kč,CZK,měsíc,9250,neuvedeno,neuvedeno,"GA4, GTM, ClickTale",neuvedeno,ne,"minimální měsíční cena; obsah: analýza chování, testování, přehledy na míru; ne monitoring",https://robertnemec.com/umime/digitalni-analytika/webova-analytika/,E2-009
P2-002,2026-09-04,CZ,CZ,RobertNemec.com,agentura,"Měsíční práce na webové analytice (tak, aby měla smysl)",fixed_package,nejběžnější,18 500 Kč,CZK,měsíc,18500,cca 10 h (odvozeno z 1 850 Kč/h),neuvedeno,"GA4, GTM",neuvedeno,ne,"nejběžnější měsíční cena dle webu; hodiny odvozeny, ne uvedeny",https://robertnemec.com/umime/digitalni-analytika/webova-analytika/,E2-009
P2-003,2026-09-04,CZ,CZ,RobertNemec.com,agentura,Měsíční práce na webové analytice,fixed_package,vyšší varianta,31 200 Kč,CZK,měsíc,31200,neuvedeno,neuvedeno,"GA4, GTM",neuvedeno,ne,údaj z WebFetch výstupu stránky; v curl výřezu nepotvrzen,https://robertnemec.com/umime/digitalni-analytika/webova-analytika/,E2-009
P2-004,2026-09-04,CZ,CZ,RobertNemec.com,agentura,Webová analytika – hodinová sazba,hourly_rate,,1 850 Kč/h,CZK,hodina,18500,proxy 10 h,,,,ne,proxy 10 h,https://robertnemec.com/umime/digitalni-analytika/webova-analytika/,E2-009
P2-005,2026-09-04,CZ,CZ,Václav Ráš (dataras.cz),freelancer,Dlouhodobá spolupráce (více než 2 dny měsíčně),retainer_hours,dlouhodobá,13 000 Kč/MD,CZK,MD,26000,min. 2 MD = 16 h,neuvedeno,"GTM, GA4, BigQuery, Looker Studio",neuvedeno,ano,minimum 2 MD/měs → 26 000 Kč/měs; BQ součástí všech balíčků,https://dataras.cz/,E2-010
P2-006,2026-09-04,CZ,CZ,Václav Ráš (dataras.cz),freelancer,Krátkodobá spolupráce,hourly_rate,,2 400 Kč/h,CZK,hodina,24000,proxy 10 h,,"GTM, GA4, BigQuery",,ano,proxy 10 h,https://dataras.cz/,E2-010
P2-007,2026-09-04,CZ,CZ,Václav Ráš (dataras.cz),freelancer,"Základní implementace měření (GTM, GA4, BigQuery)",fixed_package,jednorázově,5 700 Kč,CZK,jednorázově,,,1,"GTM, GA4, BigQuery",,ano,jednorázová kotva; BQ export součástí i základu,https://dataras.cz/,E2-010
P2-008,2026-09-04,CZ,CZ,Tomáš Khoder (khoder.cz),freelancer,E-commerce report – měsíční správa,fixed_package,správa,2 500 Kč,CZK,měsíc,2500,neuvedeno,1 e-shop,"Shoptet, GA4, Google Ads, Sklik, Meta Ads, Heureka, GSC",konzultace do 24 h,ne,"tvorba reportu 4 500 Kč jednorázově; správa = údržba, optimalizace, reporting; trigger od 500 000 Kč obratu/měs",https://www.khoder.cz/,E2-011
P2-009,2026-09-04,CZ,CZ,Tomáš Khoder (khoder.cz),freelancer,Hodinová konzultace,hourly_rate,,950 Kč/h,CZK,hodina,9500,proxy 10 h,,,do 24 h,ne,proxy 10 h,https://www.khoder.cz/,E2-011
P2-010,2026-09-04,CZ,CZ,Tomáš Khoder (khoder.cz),freelancer,Nastavení GTM pro e-shop,fixed_package,jednorázově,7 500 Kč,CZK,jednorázově,,,1,"Shoptet, GTM, GA4 e-commerce",,ne,jednorázová kotva,https://www.khoder.cz/,E2-011
P2-011,2026-09-04,CZ,CZ,Marketing Makers,agentura,"Jednorázové konzultace, webová analytika, automatizace",hourly_rate,,2 100 Kč/h,CZK,hodina,21000,proxy 10 h,,"GA4, GTM, Looker Studio, BigQuery",dodávka analytiky cca 3 týdny,volitelně,proxy 10 h,https://marketingmakers.net/my-a-nas-tym/cenik-a-kapacity/,E2-013
P2-012,2026-09-04,CZ,CZ,Marketing Makers,agentura,Webová analytika – malý B2C/e-shop (kredit do 20 000 Kč),retainer_hours,malý,5 h × 2 100 Kč,CZK,jednorázově/nastavení,,5,1,"GA4, GTM",,ne,orientační náročnost nastavení analytiky = 10 500 Kč; není měsíční,https://marketingmakers.net/my-a-nas-tym/cenik-a-kapacity/,E2-013
P2-013,2026-09-04,CZ,CZ,Marketing Makers,agentura,Webová analytika – střední B2C/e-shop (kredit do 100 000 Kč),retainer_hours,střední,15 h × 2 100 Kč,CZK,jednorázově/nastavení,,15,1,"GA4, GTM",,ne,orientační náročnost = 31 500 Kč; není měsíční,https://marketingmakers.net/my-a-nas-tym/cenik-a-kapacity/,E2-013
P2-014,2026-09-04,CZ,CZ,Marketing Makers,agentura,Webová analytika – velký B2C/e-shop (kredit do 500 000 Kč),retainer_hours,velký,30 h × 2 100 Kč,CZK,jednorázově/nastavení,,30,1,"GA4, GTM, BQ",,volitelně,orientační náročnost = 63 000 Kč; není měsíční,https://marketingmakers.net/my-a-nas-tym/cenik-a-kapacity/,E2-013
P2-015,2026-09-04,CZ,CZ,Marketing Makers,agentura,Měsíční správa kampaní – Úplný základ,retainer_hours,Úplný základ,4 h × 1 600 Kč,CZK,měsíc,6400,4,,Google Ads (kotva PPC),,ne,PPC správa jako cenová kotva; report formou komentáře k dashboardu,https://marketingmakers.net/my-a-nas-tym/cenik-a-kapacity/,E2-014
P2-016,2026-09-04,CZ,CZ,Marketing Makers,agentura,Měsíční správa kampaní – Rosteme,retainer_hours,Rosteme,8 h × 1 600 Kč,CZK,měsíc,12800,8,,"Google Ads, Search Console (kotva PPC)",,ne,PPC správa; vyhodnocují i chování na webu; report online/osobně,https://marketingmakers.net/my-a-nas-tym/cenik-a-kapacity/,E2-014
P2-017,2026-09-04,CZ,CZ,Marketing Makers,agentura,Měsíční správa kampaní – Jsme součástí týmu,retainer_hours,Jsme součástí týmu,14 h × 1 600 Kč,CZK,měsíc,22400,14,,"Google Ads, web A/B testy, Hotjar/Clarity (kotva PPC)",,ne,PPC správa; „Analytika je precizně nastavená“ = analytika jako diferenciátor top tieru,https://marketingmakers.net/my-a-nas-tym/cenik-a-kapacity/,E2-014
P2-018,2026-09-04,CZ,CZ,Advisio – DataPlus,agentura/saas,DataPlus – server-side měření,tiered,Menší e-shopy/weby do 150 000 událostí měsíčně,od 800 Kč/měsíc,CZK,měsíc,800,,1,"GA4, Meta, Google Ads",podpora pracovní dny 9–15,ne,provoz sGTM + aktualizace při legislativních změnách; implementace do 24 h u standardních platforem,https://dataplus.advisio.cz/,E2-018
P2-019,2026-09-04,CZ,CZ,Advisio – DataPlus,agentura/saas,DataPlus – server-side měření,tiered,Střední e-shopy/weby 150 000–300 000 událostí měsíčně,od 1 500 Kč/měsíc,CZK,měsíc,1500,,1,"GA4, Meta, Google Ads",podpora pracovní dny 9–15,ne,škáluje počtem událostí,https://dataplus.advisio.cz/,E2-018
P2-020,2026-09-04,CZ,CZ,Advisio – DataPlus,agentura/saas,DataPlus – server-side měření,tiered,Velké e-shopy/weby nad 300 000 událostí měsíčně,od 3 000 Kč/měsíc,CZK,měsíc,3000,,1,"GA4, Meta, Google Ads",podpora pracovní dny 9–15,ne,škáluje počtem událostí,https://dataplus.advisio.cz/,E2-018
P2-021,2026-09-04,CZ,CZ,Zbyněk Hyrák,freelancer,Osobní konzultace v Praze,hourly_rate,,3 000 Kč/h bez DPH,CZK,hodina,30000,proxy 10 h,,"GA4, GTM, PPC",,ne,proxy 10 h,https://navolnenoze.cz/prezentace/zbynek-hyrak/,E2-041
P2-022,2026-09-04,CZ,CZ,Zbyněk Hyrák,freelancer,Online konzultace a odborné práce,hourly_rate,,2 000 Kč/h bez DPH,CZK,hodina,20000,proxy 10 h,,"GA4, GTM, PPC",,ne,proxy 10 h,https://navolnenoze.cz/prezentace/zbynek-hyrak/,E2-041
P2-023,2026-09-04,CZ,CZ,Jiří Kroužek,freelancer,Webová analytika – dle hodinové sazby,hourly_rate,,1 150 Kč/h,CZK,hodina,11500,proxy 10 h,,GA4,,ne,proxy 10 h,https://www.jirikrouzek.cz/cenik.html,E2-042
P2-024,2026-09-04,CZ,CZ,Open Mage,freelancer,Hodinová sazba,hourly_rate,,700 Kč/h,CZK,hodina,7000,proxy 10 h,,,,ne,proxy 10 h; ecommerce analýza 6–8 000 Kč jednorázově,https://www.openmage.cz/cenik/,E2-043
P2-025,2026-09-04,CZ,CZ,MH Marketing,freelancer,Hodinová sazba,hourly_rate,,600 Kč/h,CZK,hodina,6000,proxy 10 h,,,,ne,proxy 10 h,https://www.mhmarketing.cz/cenik/,E2-044
P2-026,2026-09-04,CZ,CZ,WebPrezent.cz,agentura,On-line marketing a webová analytika – odborné práce,hourly_rate,,790 Kč/h,CZK,hodina,7900,proxy 10 h,,,,ne,proxy 10 h,https://www.webprezent.cz/cenik/,E2-045
P2-027,2026-09-04,CZ,CZ,WebPrezent.cz,agentura,Balíček 15 hodin – odborné práce,retainer_hours,15 h,9 600 Kč,CZK,balíček,9600,15,,,,ne,předplacené hodiny 640 Kč/h; balíček není vázán na měsíc,https://www.webprezent.cz/cenik/,E2-045
P2-028,2026-09-04,CZ,CZ,Neosoft,agentura,"Analýzy, studie, konceptuální modely",hourly_rate,,900 Kč/h,CZK,hodina,9000,proxy 10 h,,,,ne,proxy 10 h,http://www.neosoft.cz/cenik/,E2-046
P2-029,2026-09-04,CZ,CZ,Na volné noze – průzkum 2024,pruzkum,Hodinová sazba freelancerů – nejčetnější pásmo,hourly_rate,"600–999 Kč/h (27,4 % respondentů)",800 Kč/h (střed),CZK,hodina,8000,proxy 10 h,,,,ne,proxy 10 h; střed pásma; průzkum 2 237 freelancerů všech oborů,https://navolnenoze.cz/novinky/jaksedari/,E2-047
P2-030,2026-09-04,CZ,CZ,Na volné noze – průzkum 2024,pruzkum,Hodinová sazba freelancerů – druhé pásmo,hourly_rate,"1 000–1 999 Kč/h (23,0 %)",1 500 Kč/h (střed),CZK,hodina,15000,proxy 10 h,,,,ne,proxy 10 h; střed pásma,https://navolnenoze.cz/novinky/jaksedari/,E2-047
P2-031,2026-09-04,CZ,CZ,Jooble – Web analytik,platovy_portal,Průměrná mzda web analytik,salary_proxy,,81 943 Kč,CZK,měsíc,81943,cca 160 h (plný úvazek),,,,ne,"hrubá mzda bez odvodů zaměstnavatele (+33,8 %); agregát 954 inzerátů, zahrnuje IT analytiky",https://cz.jooble.org/salary/web-analytik,E2-048
P2-032,2026-09-04,CZ,CZ,PrůměrnéPlaty.cz – Analytik,platovy_portal,Průměrný plat analytik,salary_proxy,,66 266 Kč,CZK,měsíc,66266,cca 160 h,,,,ne,hrubá mzda; obecný analytik,https://prumerneplaty.cz/pozice/analytik,E2-049
P2-033,2026-09-04,CZ,CZ,PLASTIKA a.s. (inzerát Jooble),inzerat,Datový analytik – reporting a dashboardy,salary_proxy,,46 000 Kč,CZK,měsíc,46000,cca 160 h,,,,ne,"in-house reporting/dashboardy, Kroměříž",https://cz.jooble.org/pr%C3%A1ce-web-analytik,E2-052
P2-034,2026-09-04,CZ,CZ,Softmedia,agentura/web,Provoz server-side GTM – malý projekt,saas,malý (jen transakce),1 000 Kč/měs,CZK,měsíc,1000,,1,"sGTM (FB CAPI, Google Ads)",,ne,"infrastrukturní náklad, bez práce analytika",https://softmedia.cz/novinky-ze-softmedia/serverove-gtm-pro-presnejsi-data/,E2-053
P2-035,2026-09-04,CZ,CZ,Softmedia,agentura/web,Provoz server-side GTM – ~10 M hitů/měs,saas,střední,2 500–4 000 Kč/měs,CZK,měsíc,3250,,1,sGTM,,ne,střed rozpětí; infrastrukturní náklad,https://softmedia.cz/novinky-ze-softmedia/serverove-gtm-pro-presnejsi-data/,E2-053
P2-036,2026-09-04,CZ,CZ,Softmedia,agentura/web,Provoz server-side GTM – ~100 M hitů/měs,saas,velký,6 000–8 000 Kč/měs,CZK,měsíc,7000,,1,sGTM,,ne,střed rozpětí,https://softmedia.cz/novinky-ze-softmedia/serverove-gtm-pro-presnejsi-data/,E2-053
P2-037,2026-09-04,CZ,CZ,Pavel Szabo,freelancer/dev,sGTM hosting Cloudflare Workers,saas,,350–600 Kč/měs (15–25 USD),CZK,měsíc,475,,1,sGTM,,ne,střed rozpětí; implementace GTM 4–12 h,https://www.pavelszabo.cz/co-je-google-tag-manager/,E2-055
P2-038,2026-09-04,CZ,CZ,"Marketing Makers (M. Blažek, PPC kemp)",agentura,Provoz sGTM Cloud Run EU – 500 000 eventů/měs,saas,,cca 300 Kč/měs,CZK,měsíc,300,,1,sGTM,,ne,reálný účet; Stape free pro menší,https://marketingmakers.net/server-side-gtm-ano-nebo-ne/,E2-056
P2-039,2026-09-04,CZ,CZ,MarketingPPC,agentura,Nasazení GTM a GA4 – malí inzerenti/OSVČ,fixed_package,malí,od 3 900 Kč,CZK,jednorázově,,,1,"GTM, GA4, Consent Mode v2",,ne,jednorázová kotva,https://www.marketingppc.cz/sluzby/ga4/,E2-057
P2-040,2026-09-04,CZ,CZ,MarketingPPC,agentura,Nasazení GTM a GA4 – SMB e-shopy,fixed_package,SMB,od 7 800 Kč,CZK,jednorázově,,,1,"GTM, GA4, Ads, Sklik, FB, BigQuery",,volitelně,jednorázová kotva,https://www.marketingppc.cz/sluzby/ga4/,E2-057
P2-041,2026-09-04,CZ,CZ,MarketingPPC,agentura,Nasazení GTM a GA4 – větší firmy,fixed_package,větší firmy,od 19 000 Kč,CZK,jednorázově,,,1+,"GTM, GA4, Ads, Sklik, FB, BigQuery",,volitelně,jednorázová kotva,https://www.marketingppc.cz/sluzby/ga4/,E2-057
P2-042,2026-09-04,CZ,CZ,MarketingPPC – Kolik stojí Google Ads,agentura,Správa PPC u agentury – paušál,fixed_package,kotva PPC,8–30 tis. Kč/měs,CZK,měsíc,19000,,,Google Ads (kotva PPC),,ne,"střed rozpětí; v ceně nastavení, optimalizace, měsíční reporty, konzultace; cenová kotva, ne analytika",https://www.marketingppc.cz/faq/kolik-stoji-google-ads/,E2-057
P2-043,2026-09-04,CZ,CZ,MarketingPPC – Kolik stojí Google Ads,agentura,Správa PPC u agentury – % ze spendu,pct_of_spend,kotva PPC,15–25 % spendu,CZK,měsíc,,,,Google Ads,,ne,u velkých klientů; hodinovka 800–2 000 Kč,https://www.marketingppc.cz/faq/kolik-stoji-google-ads/,E2-057
P2-044,2026-09-04,CZ,CZ,Martin Kovalčík (blog),freelancer,Správa PPC – freelancer,fixed_package,kotva PPC,od 10 000 Kč/měs,CZK,měsíc,10000,,,"Google Ads, Sklik (kotva PPC)",,ne,"měření + měsíční report jsou součástí paušálu, ne zvlášť",https://martinkovalcik.cz/blog/sprava-ppc-kampani,E2-058
P2-045,2026-09-04,CZ,CZ,Martin Kovalčík (blog),freelancer,Správa PPC – velká agentura,fixed_package,kotva PPC,25 000–70 000+ Kč/měs,CZK,měsíc,47500,,,PPC (kotva),,ne,střed rozpětí; alternativně 10–20 % budgetu,https://martinkovalcik.cz/blog/sprava-ppc-kampani,E2-058
P2-046,2026-09-04,CZ,CZ,Digitální architekti,agentura,GTM správa – rozpočtová pásma v poptávkovém formuláři,fixed_package,5 000–10 000 / 11 000–20 000 / 21 000–40 000 / 41 000+ Kč,5 000–41 000+ Kč,CZK,neuvedeno (pravděpodobně projekt),,,,"GTM, sGTM, CAPI",,volitelně,"scope=unknown; pásma z formuláře, ne ceník; období neuvedeno",https://digitalniarchitekti.cz/spravujeme-gtm-pro-klicove-hrace-ceske-ecommerce/,E2-003
P3-001,2026-09-04,SK,SK,DASE,analytics_agency,Kontinuálna analytická podpora (mesačný paušál),retainer_hours,minimum,700,EUR,month,17500,neuvedeno (při ADMA 65 €/h ≈ 10–11 h),,"GA4, GTM, sGTM, BigQuery/DWH, Looker Studio",neuvedeno,optional,"Min. 700 € bez DPH/měs; klient určuje výši paušálu = objem práce; 2měsíční výpověď; fakturace odvedené práce. Obsah: údržba reportingu, nová měření, správa sGTM, DWH/BigQuery, CRO, proaktivní a ad-hoc analýzy, konzulting, školení. Jediná veřejná cena kontinuální správy na SK. Kurz 1 EUR = 25 CZK.",https://www.dase-analytics.com/blog/sk/analytika-nie-je-sprint-ale-maraton/,E3-001;E3-002;E3-005
P3-002,2026-09-04,SK,SK,DASE,analytics_agency,Efektívna analytika v praxi,fixed_package,od,1400,EUR,one_off,35000,neuvedeno,1,"GA4, GTM",,no,Jednorázový vstupní produkt (audit + measurement plan + KPI + školení/workshop); od 1 400 € bez DPH; cena za one-off přepočtena do sloupce price_czk_month jen pro srovnání (period=one_off). Kurz 1 EUR = 25 CZK.,https://www.dase-analytics.com/sk/efektivna-analytika-v-praxi/,E3-009
P3-003,2026-09-04,SK,SK,DASE (citace GCP ceníku),analytics_agency,sGTM hosting Google Cloud,saas,7–100 €/měs podle requestů,53.5,EUR,month,1338,,1,sGTM,,no,"Range 7 €/měs (250 tis. requestů) – 100 €/měs (25 mil. requestů); zapsán střed 53,5 €. Provozní náklad, ne služba; DASE: dlouhodobý provoz vyžaduje údržbu a monitoring. Kurz 1 EUR = 25 CZK.",https://www.dase-analytics.com/blog/sk/server-side-gtm-qa-common-sense-verzia/,E3-007
P3-004,2026-09-04,SK,SK,ConsultOne / webanalytics.sk,analytics_agency,Google Tag Manager – implementácia,fixed_package,od,350,EUR,one_off,8750,,1,"GTM, GA4",,no,"Jednorázově od 350 € bez DPH; sGTM provoz 'od 20 EUR mesačne', 'najlepšie investovaných 50 EUR mesačne'. Bez veřejného retaineru. Kurz 1 EUR = 25 CZK.",https://www.consultone.sk/google-tag-manager/,E3-016
P3-005,2026-09-04,SK,SK,ConsultOne / webanalytics.sk,analytics_agency,Server-side tracking (sGTM) – prevádzka,saas,základný balík,20–50,EUR,month,875,,1,sGTM,,no,Provozní náklad hostingu 20–50 €/měs podle návštěvnosti (zapsán střed 35 €); implementace 1–2 pracovní dny. Kurz 1 EUR = 25 CZK.,https://www.webanalytics.sk/google-tag-manager/server-side-tracking-sgtm-najlepsie-investovanych-50-eur-do-marketingu/,E3-016
P3-006,2026-09-04,SK,SK,TechWeb.sk,performance_agency,Google Tag Manager implementácia – základná,fixed_package,základná,350,EUR,one_off,8750,,1,"GTM, GA4, Google Ads, cookie consent",,no,"GTM snippet, GA4, Google Ads konverze, Cookie Consent; od 350 € bez DPH. Měsíční správa neuvedena; blog doporučuje revizi min. kvartálně. Kurz 1 EUR = 25 CZK.",https://techweb.sk/tag-manager-implementacia,E3-018;E3-019
P3-007,2026-09-04,SK,SK,TechWeb.sk,performance_agency,Google Tag Manager implementácia – komplexná e-shop,fixed_package,komplexná,800,EUR,one_off,20000,,1,"GTM, GA4 EEC, Consent Mode v2",,no,"dataLayer schéma pro e-shop, Enhanced Ecommerce, Consent Mode v2; od 800 €. sGTM ceněno zvlášť. Kurz 1 EUR = 25 CZK.",https://techweb.sk/tag-manager-implementacia,E3-018
P3-008,2026-09-04,SK,SK,TechWeb.sk,performance_agency,GTM audit,fixed_package,audit,150,EUR,one_off,3750,,1,GTM,,no,Audit GTM od 150 €. Kurz 1 EUR = 25 CZK.,https://techweb.sk/tag-manager-implementacia,E3-018
P3-009,2026-09-04,SK,SK,Starbomedia,performance_agency,"Nastavenie merania konverzií (GA4, server-side tagging, Enhanced Conversions)",fixed_package,od,400,EUR,one_off,10000,,1,"GA4, sGTM, Google Ads EC",,no,Jednorázově od 400 €. Kurz 1 EUR = 25 CZK.,https://starbomedia.sk/cennik,E3-021
P3-010,2026-09-04,SK,SK,Starbomedia (orientační tabulka v blogu),performance_agency,Údržba a aktualizácie server-side taggingu (Stape varianta),fixed_package,Stape,100–300,EUR,month,5000,neuvedeno,1,"sGTM, Meta CAPI, Google Ads",,no,Měsíční údržba a aktualizace sGTM 100–300 €/měs (zapsán střed 200 €) + Stape hosting 20–50 €/měs + GTM konfigurace agenturou 1 000–3 000 € jednorázově. Jediná explicitní měsíční cena údržby měření na SK. Kurz 1 EUR = 25 CZK.,https://starbomedia.sk/server-side-tagging-vs-server-side-tracking-aky-je-skutocny-rozdiel,E3-020
P3-011,2026-09-04,SK,SK,Starbomedia (orientační tabulka v blogu),performance_agency,Údržba server-side trackingu (GCP varianta),fixed_package,GCP,200–500,EUR,month,8750,neuvedeno,1,sGTM na GCP,,no,Údržba 200–500 €/měs (střed 350 €) + GCP hosting 120–300 €/měs + setup GCP 3 000–8 000 € jednorázově. Kurz 1 EUR = 25 CZK.,https://starbomedia.sk/server-side-tagging-vs-server-side-tracking-aky-je-skutocny-rozdiel,E3-020
P3-012,2026-09-04,SK,SK,Starbomedia,performance_agency,Správa Google Ads (obsahuje mesačnú validáciu čísel voči reálnym tržbám),fixed_package,od,350,EUR,month,8750,neuvedeno,1,"Google Ads, GA4",,no,"Cenová kotva PPC správy od 350 €/měs; měsíční validace čísel vůči tržbám je součástí správy PPC, ne samostatná služba. Kurz 1 EUR = 25 CZK.",https://starbomedia.sk/cennik,E3-021;E3-022
P3-013,2026-09-04,SK,SK,Dinally,freelancer,"Konzultácie (GA4, GTM, Meta Pixel, meranie konverzií, Ads)",hourly_rate,,110,EUR,hour,27500,proxy 10 h,,"GA4, GTM, Meta, Google Ads",,no,110 €/h; proxy 10 h/měs = 1 100 €. Trhy SK CZ AT DE RO HU. Kurz 1 EUR = 25 CZK.,https://www.dinally.sk/,E3-031
P3-014,2026-09-04,SK,SK,Dinally,freelancer,Správa kampaní,fixed_package,od,350,EUR,month,8750,neuvedeno,1,"Google Ads, Meta Ads",,no,Od 350 €/měs bez DPH; měření součástí nabídky. Kurz 1 EUR = 25 CZK.,https://www.dinally.sk/,E3-031
P3-015,2026-09-04,SK,SK,plexcore,freelancer,Konzultačné a realizačné služby – hodinová sadzba,hourly_rate,,70,EUR,hour,17500,proxy 10 h,,,,no,70 €/h; proxy 10 h/měs = 700 €. Není analytická firma – strukturální benchmark. Kurz 1 EUR = 25 CZK.,https://plexcore.sk/cennik/,E3-032
P3-016,2026-09-04,SK,SK,plexcore,freelancer,Ročná zmluva – 8 h/mesiac,retainer_hours,8 h/měs,532,EUR,month,13300,8,,,72 h,no,"Roční smlouva, měsíční platba, 66,50 €/h; reakční doba 72 h (při roční předplatbě 24 h). Struktura tierů: 8/40/80/160 h. Kurz 1 EUR = 25 CZK.",https://plexcore.sk/cennik/,E3-032
P3-017,2026-09-04,SK,SK,plexcore,freelancer,Ročná zmluva – 40 h/mesiac,retainer_hours,40 h/měs,2520,EUR,month,63000,40,,,72 h,no,63 €/h. Kurz 1 EUR = 25 CZK.,https://plexcore.sk/cennik/,E3-032
P3-018,2026-09-04,SK,SK,ADMA benchmark 2025 (via dobrymarketing.sk),analytics_agency,Špecialista webovej analytiky – priemerná hodinová sadzba členských agentúr,hourly_rate,,65,EUR,hour,16250,proxy 10 h,,,,no,ADMA průměr 2025: 65 €/h bez DPH (2022: 60 €/h dle snippetu PDF); proxy 10 h/měs = 650 €. Strategy/Account Director 90 €/h. Kurz 1 EUR = 25 CZK.,https://dobrymarketing.sk/blog/qa-freelnacer-marketer/,E3-033
P3-019,2026-09-04,SK,SK,Dexfinity Dexguide – trh freelancerov SK/CZ 2026,freelancer,Dátová analytika / GA4 – junior,hourly_rate,junior,25–45,EUR,hour,8750,proxy 10 h,,GA4,,no,"Range 25–45 €/h, střed 35 €; proxy 10 h = 350 €. Kurz 1 EUR = 25 CZK.",https://www.dexfinity.com/dexguide/freelancer/,E3-012
P3-020,2026-09-04,SK,SK,Dexfinity Dexguide – trh freelancerov SK/CZ 2026,freelancer,Dátová analytika / GA4 – mid,hourly_rate,mid,45–70,EUR,hour,14375,proxy 10 h,,GA4,,no,"Range 45–70 €/h, střed 57,5 €; proxy 10 h = 575 €. Kurz 1 EUR = 25 CZK.",https://www.dexfinity.com/dexguide/freelancer/,E3-012
P3-021,2026-09-04,SK,SK,Dexfinity Dexguide – trh freelancerov SK/CZ 2026,freelancer,Dátová analytika / GA4 – senior,hourly_rate,senior,70–110,EUR,hour,22500,proxy 10 h,,GA4,,optional,"Range 70–110 €/h, střed 90 €; proxy 10 h = 900 €. Kurz 1 EUR = 25 CZK.",https://www.dexfinity.com/dexguide/freelancer/,E3-012
P3-022,2026-09-04,SK,SK,Jaspravim.sk – MichalTycoon,marketplace,Google Analytics 4 - nastavenie merania,marketplace_gig,,50,EUR,one_off,1250,,1,"GA4, GTM",do 2 dní,no,"294 hodnocení, 17 prodejů; GA4 účet + nasazení přes GTM + purchase/konverze. Kurz 1 EUR = 25 CZK.",https://www.jaspravim.sk/michaltycoon/google-analytics-4---nastavenie-merania-194918,E3-035
P3-023,2026-09-04,SK,SK,Jaspravim.sk – LuciaLup,marketplace,Google Analytics - nastavenie a implementácia + GA4,marketplace_gig,hodinovo,30,EUR,hour,7500,proxy 10 h (typicky ~5 h na setup),1,"GA4, GTM",1 deň,no,"30 €/h, 27 recenzí, rating 96 %. Kurz 1 EUR = 25 CZK.",https://www.jaspravim.sk/lucialup/google-analytics-nastavenie-a-implementacia-google-analytics4-243479,E3-035
P3-024,2026-09-04,SK,SK,Jaspravim.sk – MarkethinkPPC,marketplace,GTM – nastavenie Google Tag Manager,marketplace_gig,od,60,EUR,one_off,1500,,1,"GTM, GA4",do 2 dní,no,Hlavní + mikrokonverze; 0 objednávek (nový prodejce). Kurz 1 EUR = 25 CZK.,https://www.jaspravim.sk/markethinkppc/gtm-nastavenie-google-tag-manager-spravca-znaciek-google-265981,E3-035
P3-025,2026-09-04,SK,SK,Jaspravim.sk – tomas.po,marketplace,Audit účtu - Google Analytics 4 nastavenie,marketplace_gig,,20,EUR,one_off,500,,1,"GA4, GTM",2 dni,no,0 objednávek. Kurz 1 EUR = 25 CZK.,https://www.jaspravim.sk/tomaspo/audit-uctu-google-analytics-4-nastavenie-264814,E3-035
P3-026,2026-09-04,SK,SK,"Profesia, spol. s r.o. (inzerát)",job_ad,"Webový analytik, GA špecialista",salary_proxy,,2800,EUR,month,70000,cca 160,více (všetky produkty Profesie),"GA4, GTM, BigQuery (plánováno)",,optional,"Hrubá mzda 2 800 €/měs + 13. plat (2022); náklad zaměstnavatele odhad ×1,35 ≈ 3 780 € ≈ 94 500 CZK/měs. Úkoly: revize a nové měření, údržba reportingu, správa přístupů, rutinní změny GA/GTM, školení. Kurz 1 EUR = 25 CZK.",https://www.profesia.sk/praca/profesia/O4367098,E3-036
P3-027,2026-09-04,SK,SK,Slovenská produkčná (JOJ) – inzerát,job_ad,Dátový analytik pre digitálne produkty,salary_proxy,,2500,EUR,month,62500,cca 160,více (web + apky),"GA4, GTM, Hotjar, Looker/Power BI",,no,Hrubá mzda 2 500 €/měs (2025); náklad zaměstnavatele ≈ 3 375 € ≈ 84 400 CZK. Kurz 1 EUR = 25 CZK.,https://www.worki.sk/ponuka-prace/slovenska-produkcna/2058995-datovy-analytik-pre-digitalne-produkty-web-a-mobilne-aplikacie,E3-037
P3-028,2026-09-04,SK,SK,Talent Solutions – inzerát (nadnárodní chemie/spotřební zboží),job_ad,Webový analytik,salary_proxy,,1900,EUR,month,47500,cca 160,více (brand weby),"GA, GTM, GSC, Power BI",,no,"Hrubá mzda 1 900 €/měs (2024); správa tagů v GTM, správa přístupů, reporting. Kurz 1 EUR = 25 CZK.",https://www.talent-solutions.sk/pozicia/webovy-analytik-3363/,E3-038
P3-029,2026-09-04,SK,SK,8h.sk agregát 'Web analytik' SK,job_ad,Web analytik – medián inzerátů,salary_proxy,medián z 50 inzerátů,2050,EUR,month,51250,cca 160,,,,unknown,"Medián 2 050 €, průměr 2 403 €, rozpětí 980–4 900 €; kategorie široká (i marketing). Kurz 1 EUR = 25 CZK.",https://8h.sk/s?f=SK-state&q=Web+analytik&t=job,E3-039
P3-030,2026-09-04,SK,SK,Platy.sk,job_ad,Špecialista marketingových analýz – platové rozpätie,salary_proxy,80 % zaměstnanců,1591–3415,EUR,month,62575,cca 160,,,,unknown,Střed 2 503 €; Dátový analytik 1 685–3 277 €. Kurz 1 EUR = 25 CZK.,https://www.platy.sk/platy/marketing-reklama-pr,E3-040
P3-031,2026-09-04,SK,SK,ppcexpert.sk – trh PPC agentúr SK,performance_agency,Správa PPC kampaní – agentúry (obsahuje kontrolu merania konverzií),fixed_package,agentúry (300–800 €/měs alebo 10–20 % spendu),300–800,EUR,month,13750,neuvedeno,1,"Google Ads, Meta, Sklik",,no,"Kotva: agentury 300–800 €/měs (střed 550) nebo 10–20 % rozpočtu; 'kontrola merania konverzií' v ceně, 'nastavenie analytiky od nuly' zvlášť. Kurz 1 EUR = 25 CZK.",https://ppcexpert.sk/kolko-stoji-sprava-ppc-kampani-realne-ceny-agentur-a-freelancerov-v-2026/,E3-034
P3-032,2026-09-04,SK,SK,ppcexpert.sk – trh PPC freelancerov SK,freelancer,Správa PPC kampaní – freelanceri,fixed_package,freelanceri,150–600,EUR,month,9375,neuvedeno,1,"Google Ads, Meta",,no,Střed 375 €/měs. Kurz 1 EUR = 25 CZK.,https://ppcexpert.sk/kolko-stoji-sprava-ppc-kampani-realne-ceny-agentur-a-freelancerov-v-2026/,E3-034
P3-033,2026-09-04,SK,SK,Peter Šutarík,freelancer,Nastavenie server-side trackingu,fixed_package,,500–2000,EUR,one_off,31250,,1,"sGTM, GA4, Meta CAPI, Google Ads EC",,no,Jednorázově 500–2 000 € (střed 1 250); hosting Stape 20–50 €/měs; návratnost od ad spend > 2 000 €/měs. Bez retaineru. Kurz 1 EUR = 25 CZK.,https://petersutarik.com/sk/blog/server-side-tracking-kompletny-sprievodca/,E3-028
P4-001,2026-09-04,EU,AT,LEMONTEC (ex KlickImpuls),agentura,GA4 und GTM Sorglos-Paket,fixed_package,jediný tier,199 €,EUR,měsíc,4975,neuvedeno,1 (implicitně),"GA4, GTM",neuvedeno,ne,"Denní monitoring top 10 eventů + GTM integrace + pageviews, proaktivní úpravy při změnách GA4, opravy chyb; bez vazby; 14 dní setup. Kódy A1,A2,C1,C5,G1,G4,G7; kurzy: 1 EUR=25 CZK, 1 GBP=29 CZK, 1 PLN=5.8 CZK, 1 CHF=26 CZK; 1 DKK=3.35 CZK (přes 7,46 DKK/EUR, není v zadání); 1 USD=23 CZK (odhad, není v zadání)",https://lemontec.at/leistungen/tracking/ga4-gtm-sorglos-paket/,E4-001
P4-002,2026-09-04,EU,DE,ADS-Tracking.de,agentura,Server-Side Tracking Agentur – Basic,tiered,Basic,179 €,EUR,měsíc,4475,0,1,GA4 + ad platformy,neuvedeno,ne,"do 4 000 sessions/měs; setup 549 € jednorázově; 12 měsíců min., roční předplatba; provoz sGTM pipeline, monitoring, Störungsbehebung, API updates. Kódy A5,D1,D2,G5,G7; kurzy: 1 EUR=25 CZK, 1 GBP=29 CZK, 1 PLN=5.8 CZK, 1 CHF=26 CZK; 1 DKK=3.35 CZK (přes 7,46 DKK/EUR, není v zadání); 1 USD=23 CZK (odhad, není v zadání)",https://ads-tracking.de/preise,E4-003
P4-003,2026-09-04,EU,DE,ADS-Tracking.de,agentura,Server-Side Tracking Agentur – Starter,tiered,Starter,299 €,EUR,měsíc,7475,0,1,GA4 + ad platformy,neuvedeno,ne,"do 10 000 sessions/měs; jinak jako Basic; kurzy: 1 EUR=25 CZK, 1 GBP=29 CZK, 1 PLN=5.8 CZK, 1 CHF=26 CZK; 1 DKK=3.35 CZK (přes 7,46 DKK/EUR, není v zadání); 1 USD=23 CZK (odhad, není v zadání)",https://ads-tracking.de/preise,E4-003
P4-004,2026-09-04,EU,DE,ADS-Tracking.de,agentura,Server-Side Tracking Agentur – Small,tiered,Small,449 €,EUR,měsíc,11225,10 h/rok,1,GA4 + ad platformy,neuvedeno,ne,"do 25 000 sessions/měs; 10 h podpory ročně; kurzy: 1 EUR=25 CZK, 1 GBP=29 CZK, 1 PLN=5.8 CZK, 1 CHF=26 CZK; 1 DKK=3.35 CZK (přes 7,46 DKK/EUR, není v zadání); 1 USD=23 CZK (odhad, není v zadání)",https://ads-tracking.de/preise,E4-003
P4-005,2026-09-04,EU,DE,ADS-Tracking.de,agentura,Server-Side Tracking Agentur – Middle,tiered,Middle,799 €,EUR,měsíc,19975,20 h/rok,1,GA4 + ad platformy,neuvedeno,ne,"do 50 000 sessions/měs; 20 h podpory ročně; kurzy: 1 EUR=25 CZK, 1 GBP=29 CZK, 1 PLN=5.8 CZK, 1 CHF=26 CZK; 1 DKK=3.35 CZK (přes 7,46 DKK/EUR, není v zadání); 1 USD=23 CZK (odhad, není v zadání)",https://ads-tracking.de/preise,E4-003
P4-006,2026-09-04,EU,DE,ADS-Tracking.de,agentura,Server-Side Tracking Agentur – Max,tiered,Max,1.299 €,EUR,měsíc,32475,30 h/rok,1,GA4 + ad platformy,neuvedeno,ne,"do 125 000 sessions/měs; 30 h podpory ročně; nad to individuálně; kurzy: 1 EUR=25 CZK, 1 GBP=29 CZK, 1 PLN=5.8 CZK, 1 CHF=26 CZK; 1 DKK=3.35 CZK (přes 7,46 DKK/EUR, není v zadání); 1 USD=23 CZK (odhad, není v zadání)",https://ads-tracking.de/preise,E4-003
P4-007,2026-09-04,EU,DE,Gandke (Markus Baersch),freelancer/agentura,Tracking & Datenschutz-Audit / Experten-Coaching,hourly_rate,–,139 €/h,EUR,hodina,34750,proxy 10 h,–,"GA4, GTM, Consent Mode v2, sGTM",neuvedeno,ne,"proxy 10 h; účtováno po minutách; měsíčně vypověditelné; žádná tracking pauschale; kurzy: 1 EUR=25 CZK, 1 GBP=29 CZK, 1 PLN=5.8 CZK, 1 CHF=26 CZK; 1 DKK=3.35 CZK (přes 7,46 DKK/EUR, není v zadání); 1 USD=23 CZK (odhad, není v zadání)",https://www.gandke.de/online-internet-marketing-preisliste.html,E4-005
P4-008,2026-09-04,EU,DE,SaphirSolution,agentura,"laufende Betreuung (GA4 Agentur, FAQ)",fixed_package,neuvedeno,ab ca. 800–1.500 €,EUR,měsíc,20000,neuvedeno,neuvedeno,GA4,neuvedeno,ne,"rozpětí do 37 500 CZK; jen orientační údaj z FAQ, rozsah neuveden (scope=unknown); kurzy: 1 EUR=25 CZK, 1 GBP=29 CZK, 1 PLN=5.8 CZK, 1 CHF=26 CZK; 1 DKK=3.35 CZK (přes 7,46 DKK/EUR, není v zadání); 1 USD=23 CZK (odhad, není v zadání)",https://www.saphirsolution.de/google-analytics-4-agentur/,E4-006
P4-009,2026-09-04,EU,DE,argoberlin,agentura,Google Analytics-Beratung (snippet),fixed_package,neuvedeno,ab 190 €,EUR,měsíc,4750,neuvedeno,neuvedeno,GA,neuvedeno,ne,"NEOVĚŘENO – údaj ze snippetu vyhledávání, stránka vrátila 404; scope=unknown; kurzy: 1 EUR=25 CZK, 1 GBP=29 CZK, 1 PLN=5.8 CZK, 1 CHF=26 CZK; 1 DKK=3.35 CZK (přes 7,46 DKK/EUR, není v zadání); 1 USD=23 CZK (odhad, není v zadání)",https://argoberlin.de/google-analytics-beratung/,E4-027
P4-010,2026-09-04,EU,DE,argoberlin,agentura,Beratungsstunde (snippet),hourly_rate,–,106 €/h,EUR,hodina,26500,proxy 10 h,–,GA,neuvedeno,ne,"NEOVĚŘENO – snippet, stránka 404; proxy 10 h; kurzy: 1 EUR=25 CZK, 1 GBP=29 CZK, 1 PLN=5.8 CZK, 1 CHF=26 CZK; 1 DKK=3.35 CZK (přes 7,46 DKK/EUR, není v zadání); 1 USD=23 CZK (odhad, není v zadání)",https://argoberlin.de/google-analytics-beratung/,E4-027
P4-011,2026-09-04,EU,DE,freelanceri DE (Freelancer-Kompass 2025 via DYGITIZED),freelancer,průměrný Stundensatz freelancer,hourly_rate,–,104 €/h,EUR,hodina,26000,proxy 10 h,–,–,–,ne,"proxy 10 h; průměr všech IT/marketing freelancerů, GA/GTM profily dle snippetu 85–120 €/h (21 250–30 000 CZK/10 h); kurzy: 1 EUR=25 CZK, 1 GBP=29 CZK, 1 PLN=5.8 CZK, 1 CHF=26 CZK; 1 DKK=3.35 CZK (přes 7,46 DKK/EUR, není v zadání); 1 USD=23 CZK (odhad, není v zadání)",https://www.dygitized.io/magazin/was-kosten-freelancer-in-deutschland/,E4-020
P4-012,2026-09-04,EU,DE,Tobias Batke,freelancer,Server-Side Tracking – 2 Plattformen,fixed_package,2 Plattformen,2.300 €,EUR,jednorázově,,–,1,"GA4, Google Ads, Meta",30 dní support po go-live,ne,"jednorázový setup, ne retainer; Komplex ab 3.500 €; Stape hosting ~20 €/měs zvlášť – kotva 'kde končí projekt'; kurzy: 1 EUR=25 CZK, 1 GBP=29 CZK, 1 PLN=5.8 CZK, 1 CHF=26 CZK; 1 DKK=3.35 CZK (přes 7,46 DKK/EUR, není v zadání); 1 USD=23 CZK (odhad, není v zadání)",https://tobiasbatke.com/preise/,E4-008
P4-013,2026-09-04,EU,DE,Beyond Media,agentura,Server-Side Tracking – Hosting,saas,–,ab 50 €,EUR,měsíc,1250,0,1,sGTM,neuvedeno,ne,"jen hosting; laufende Betreuung (uptime monitoring, tag updates, consent-rate, audity) bez ceny; setup 2 500–8 000 €; kurzy: 1 EUR=25 CZK, 1 GBP=29 CZK, 1 PLN=5.8 CZK, 1 CHF=26 CZK; 1 DKK=3.35 CZK (přes 7,46 DKK/EUR, není v zadání); 1 USD=23 CZK (odhad, není v zadání)",https://www.beyond-media.de/server-side-tracking/,E4-009
P4-014,2026-09-04,EU,DE,GTM-Hosting (cDevelopment GmbH),saas,Standard,saas,Standard,19 €,EUR,měsíc,475,0,1 kontejner,sGTM,e-mail support,ne,"500 000 requestů/měs; Wachstum 99 €/měs (5 M requestů) = 2 475 CZK; infrastruktura bez správy; kurzy: 1 EUR=25 CZK, 1 GBP=29 CZK, 1 PLN=5.8 CZK, 1 CHF=26 CZK; 1 DKK=3.35 CZK (přes 7,46 DKK/EUR, není v zadání); 1 USD=23 CZK (odhad, není v zadání)",https://gtm-hosting.com/preise/,E4-012
P4-015,2026-09-04,EU,DE,Tracify,saas,Tracify,saas,Starting at,500 €,EUR,měsíc,12500,neuvedeno,1 brand,"Meta, Google, TikTok, Pinterest",personal support,ne,"SaaS tracking + atribuce; dle Daniel Völk +1 % z ad spendu nad 25 k€/měs a 500 € setup; kurzy: 1 EUR=25 CZK, 1 GBP=29 CZK, 1 PLN=5.8 CZK, 1 CHF=26 CZK; 1 DKK=3.35 CZK (přes 7,46 DKK/EUR, není v zadání); 1 USD=23 CZK (odhad, není v zadání)",https://tracify.ai/en/preise,E4-013
P4-016,2026-09-04,EU,AT,JENTIS,saas,Core (dle ZENITBLAU),saas,Core,ab ca. 300 €,EUR,měsíc,7500,neuvedeno,1,sGTM platforma,dle plánu,ne,"cena z třetí strany (zenitblau.at), JENTIS nepublikuje; managed infrastructure, CSM od Professional; kurzy: 1 EUR=25 CZK, 1 GBP=29 CZK, 1 PLN=5.8 CZK, 1 CHF=26 CZK; 1 DKK=3.35 CZK (přes 7,46 DKK/EUR, není v zadání); 1 USD=23 CZK (odhad, není v zadání)",https://www.zenitblau.at/server-side-tracking-guide-kmu-oesterreich/,E4-015
P4-017,2026-09-04,EU,DE,121WATT,školení,Google Analytics 4 Seminar (2 dny),fixed_package,Grundlagen,"1.184,05 € inkl. MwSt.",EUR,jednorázově/osoba,,16 h výuky,–,GA4,–,ne,"cenová kotva školení; Fortgeschrittene/E-Commerce 1 541,05 €; kurzy: 1 EUR=25 CZK, 1 GBP=29 CZK, 1 PLN=5.8 CZK, 1 CHF=26 CZK; 1 DKK=3.35 CZK (přes 7,46 DKK/EUR, není v zadání); 1 USD=23 CZK (odhad, není v zadání)",https://www.121watt.de/seminare/google-analytics-seminar-fortgeschritten/,E4-021
P4-018,2026-09-04,EU,DE,Clutch – CaseWhen Consulting GmbH (Berlin),agentura,hourly rate label,hourly_rate,–,$150–$199/h,USD,hodina,34500,proxy 10 h,–,analytics/BI,–,neuvedeno,"proxy 10 h (dolní hranice); min project $10 000+; Clutch DE 'analytics' jinak IT outsourcing $25–99/h; kurzy: 1 EUR=25 CZK, 1 GBP=29 CZK, 1 PLN=5.8 CZK, 1 CHF=26 CZK; 1 DKK=3.35 CZK (přes 7,46 DKK/EUR, není v zadání); 1 USD=23 CZK (odhad, není v zadání)",https://clutch.co/de/it-services/analytics,E4-056
P4-019,2026-09-04,EU,PL,ananalytics.pl,freelancer,wsparcie analityczne – 5 godzin miesięcznie,retainer_hours,jediný,1 200 zł netto,PLN,měsíc,6960,5 h,neuvedeno,"GA4, GTM, Looker Studio","'Reaguję od razu, gdy coś przestaje działać'",ne,"5 h/měs na změny, dotazy, analýzy (=240 zł/h). Kódy A2,H3,F5,G7; kurzy: 1 EUR=25 CZK, 1 GBP=29 CZK, 1 PLN=5.8 CZK, 1 CHF=26 CZK; 1 DKK=3.35 CZK (přes 7,46 DKK/EUR, není v zadání); 1 USD=23 CZK (odhad, není v zadání)",https://ananalytics.pl/oferta/,E4-032
P4-020,2026-09-04,EU,PL,ananalytics.pl,freelancer,Doradztwo analityczno-UX,hourly_rate,–,300 zł netto/h,PLN,hodina,17400,proxy 10 h,–,"GA4, GTM, UX",–,ne,"proxy 10 h; audit 700 zł, konfigurace GA4 1 000 zł, e-commerce 2 600 zł jednorázově; kurzy: 1 EUR=25 CZK, 1 GBP=29 CZK, 1 PLN=5.8 CZK, 1 CHF=26 CZK; 1 DKK=3.35 CZK (přes 7,46 DKK/EUR, není v zadání); 1 USD=23 CZK (odhad, není v zadání)",https://ananalytics.pl/oferta/,E4-032
P4-021,2026-09-04,EU,PL,Agencja Echo,agentura,Abonament Basic,fixed_package,Basic,od 1050 zł,PLN,měsíc,6090,neuvedeno,neuvedeno,"GA4, Google Ads, GSC, Merchant Center",neuvedeno,ne,"'W przypadku stałej współpracy monitorujemy też stale ruch na stronie i poprawność danych'; rozsah abonamentu nejasný (scope=unknown); kurzy: 1 EUR=25 CZK, 1 GBP=29 CZK, 1 PLN=5.8 CZK, 1 CHF=26 CZK; 1 DKK=3.35 CZK (přes 7,46 DKK/EUR, není v zadání); 1 USD=23 CZK (odhad, není v zadání)",https://agencjaecho.pl/uslugi/konfiguracja-analityki/konfiguracja-google-analytics/,E4-033
P4-022,2026-09-04,EU,PL,Agencja KS,PPC agentura,Pakiet Optimum (Google Ads + Kompleksowa analityka GA4+GTM),fixed_package,Optimum,1 490 zł netto,PLN,měsíc,8642,neuvedeno,1,"Google Ads, GA4, GTM",cykliczne konsultacje,ne,"analytika jako součást správy PPC; Standard 990 zł (5 742 CZK) s 'podstawową analityką'; kurzy: 1 EUR=25 CZK, 1 GBP=29 CZK, 1 PLN=5.8 CZK, 1 CHF=26 CZK; 1 DKK=3.35 CZK (přes 7,46 DKK/EUR, není v zadání); 1 USD=23 CZK (odhad, není v zadání)",https://ks.pl/ads,E4-040
P4-023,2026-09-04,EU,PL,Verseo,agentura,Wdrożenie GA4 – Starter,fixed_package,Starter,990 zł netto,PLN,jednorázově,,~5 h,1,GA4,–,ne,"implikovaná sazba ~198 zł/h; Advanced 2 800 zł (~12 h), Pro 4 100 zł (~18 h, BigQuery connection); žádná měsíční správa; kurzy: 1 EUR=25 CZK, 1 GBP=29 CZK, 1 PLN=5.8 CZK, 1 CHF=26 CZK; 1 DKK=3.35 CZK (přes 7,46 DKK/EUR, není v zadání); 1 USD=23 CZK (odhad, není v zadání)",https://verseo.pl/cennik-ux/wdrozenie-google-analytics-4/,E4-039
P4-024,2026-09-04,EU,PL,NBRS,agentura,Analityka Audyt,fixed_package,–,2 199 zł,PLN,jednorázově,,neuvedeno,1,"GA4, GTM, Consent Mode",–,ne,"jednorázový audit; implementace 1 999 zł; žádný abonament; kurzy: 1 EUR=25 CZK, 1 GBP=29 CZK, 1 PLN=5.8 CZK, 1 CHF=26 CZK; 1 DKK=3.35 CZK (přes 7,46 DKK/EUR, není v zadání); 1 USD=23 CZK (odhad, není v zadání)",https://nbrs.pl/cennik/analityka/,E4-038
P4-025,2026-09-04,EU,PL,in-house web analytik (Conversion.pl blog),salary_proxy,analityk internetowy – mid (B2B netto),salary_proxy,mid,8 000–14 000 zł netto,PLN,měsíc,46400,~160 h,–,–,–,ne,"dolní hranice; senior od 10 000 zł; plný roční náklad na analytika 10 k zł přes 200 k zł; kurzy: 1 EUR=25 CZK, 1 GBP=29 CZK, 1 PLN=5.8 CZK, 1 CHF=26 CZK; 1 DKK=3.35 CZK (přes 7,46 DKK/EUR, není v zadání); 1 USD=23 CZK (odhad, není v zadání)",https://conversion.pl/blog/ile-kosztuje-zatrudnienie-analityka-internetowego/,E4-035
P4-026,2026-09-04,EU,PL,"freelanceři IT PL (PIT.pl, snippet)",freelancer,stawka godzinowa mid,hourly_rate,mid,130–190 zł/h,PLN,hodina,7540,proxy 10 h,–,–,–,ne,"proxy 10 h, dolní hranice; senior 200–300+ zł/h (11 600–17 400 CZK/10 h); obecně IT, ne specificky GA4; kurzy: 1 EUR=25 CZK, 1 GBP=29 CZK, 1 PLN=5.8 CZK, 1 CHF=26 CZK; 1 DKK=3.35 CZK (přes 7,46 DKK/EUR, není v zadání); 1 USD=23 CZK (odhad, není v zadání)",https://www.pit.pl/aktualnosci/jak-zarabiaja-freelancerzy-stawki-wynagrodzenia-1009868,E4-041
P4-027,2026-09-04,EU,GB,KRM Digital,agentura,GA4 Consulting – day rate,hourly_rate,–,£1000 per day,GBP,den,36250,"proxy 10 h (=1,25 dne)",–,"GA4, GTM, Looker Studio",neuvedeno,ne,"'Dedicated analytics support each month' pro agentury účtováno denní sazbou; setup £400–850/property; Power Hour £200; kurzy: 1 EUR=25 CZK, 1 GBP=29 CZK, 1 PLN=5.8 CZK, 1 CHF=26 CZK; 1 DKK=3.35 CZK (přes 7,46 DKK/EUR, není v zadání); 1 USD=23 CZK (odhad, není v zadání)",https://krmdigital.uk/digital-marketing-services/ga4/,E4-048
P4-028,2026-09-04,EU,GB,Hookflash (G-Cloud),agentura,Google Analytics (GA4) Support Services,hourly_rate,–,£800–£900 per unit per day,GBP,den,29000,"proxy 10 h (=1,25 dne)",–,"GA4, GTM, dashboards",same-day response (Mon–Fri 8:30–18:00),ne,"dolní hranice; ongoing support: tagging, konfigurace, updates, insights, monitoring přes šablonové dashboardy; kurzy: 1 EUR=25 CZK, 1 GBP=29 CZK, 1 PLN=5.8 CZK, 1 CHF=26 CZK; 1 DKK=3.35 CZK (přes 7,46 DKK/EUR, není v zadání); 1 USD=23 CZK (odhad, není v zadání)",https://www.applytosupply.digitalmarketplace.service.gov.uk/g-cloud/services/386727010772429,E4-050
P4-029,2026-09-04,EU,GB,Merkle / Dentsu UK (G-Cloud),agentura,Google Analytics 4 (GA4),hourly_rate,–,"£850–£1,950 per unit per day",GBP,den,30813,"proxy 10 h (=1,25 dne)",–,"GA4, BigQuery",support response within 24 hours (Mon–Fri 9–17),volitelně,"dolní hranice; enterprise; continuous monitoring and support; kurzy: 1 EUR=25 CZK, 1 GBP=29 CZK, 1 PLN=5.8 CZK, 1 CHF=26 CZK; 1 DKK=3.35 CZK (přes 7,46 DKK/EUR, není v zadání); 1 USD=23 CZK (odhad, není v zadání)",https://www.applytosupply.digitalmarketplace.service.gov.uk/g-cloud/services/843534734432015,E4-051
P4-030,2026-09-04,EU,GB,nezávislí konzultanti UK (Lilach Bullock),freelancer,ongoing management retainer,fixed_package,–,£150–£600,GBP,měsíc,4350,neuvedeno,1,GA4,neuvedeno,ne,"rozpětí do 17 400 CZK; kontrola kvality dat, úprava eventů při změnách webu, reporty; build 400–1 500 £; kurzy: 1 EUR=25 CZK, 1 GBP=29 CZK, 1 PLN=5.8 CZK, 1 CHF=26 CZK; 1 DKK=3.35 CZK (přes 7,46 DKK/EUR, není v zadání); 1 USD=23 CZK (odhad, není v zadání)",https://www.lilachbullock.com/how-much-does-google-analytics-cost-to-use/,E4-053
P4-031,2026-09-04,EU,GB,Fresh Egg,agentura,ongoing monthly GA4 support (snippet),fixed_package,neuvedeno,"from £1,750",GBP,měsíc,50750,neuvedeno,neuvedeno,"GA4, GTM, Looker Studio, BigQuery",neuvedeno,volitelně,"NEOVĚŘENO – údaj ze snippetu vyhledávání, na webu nenalezeno; scope=unknown; kurzy: 1 EUR=25 CZK, 1 GBP=29 CZK, 1 PLN=5.8 CZK, 1 CHF=26 CZK; 1 DKK=3.35 CZK (přes 7,46 DKK/EUR, není v zadání); 1 USD=23 CZK (odhad, není v zadání)",https://www.freshegg.co.uk/analytics/,E4-045
P4-032,2026-09-04,EU,GB,kontraktoři GA London (ITJobsWatch),salary_proxy,Google Analytics contract – median daily rate,salary_proxy,median,£525/day,GBP,den,19031,"proxy 10 h (=1,25 dne)",–,GA,–,ne,"medián 6 měsíců do 4. 9. 2026; 25.–75. percentil 493–575 £; kurzy: 1 EUR=25 CZK, 1 GBP=29 CZK, 1 PLN=5.8 CZK, 1 CHF=26 CZK; 1 DKK=3.35 CZK (přes 7,46 DKK/EUR, není v zadání); 1 USD=23 CZK (odhad, není v zadání)",https://www.itjobswatch.co.uk/contracts/london/google%20analytics.do,E4-054
P4-033,2026-09-04,EU,GB,"Clutch – GA4 consultants UK (Vidi Corp, Infopoly, Tasman, Wagada)",agentura,hourly rate label,hourly_rate,–,$100–$149/h,USD,hodina,23000,proxy 10 h,–,GA4,–,neuvedeno,"proxy 10 h, dolní hranice; min project $1 000–10 000+; kurzy: 1 EUR=25 CZK, 1 GBP=29 CZK, 1 PLN=5.8 CZK, 1 CHF=26 CZK; 1 DKK=3.35 CZK (přes 7,46 DKK/EUR, není v zadání); 1 USD=23 CZK (odhad, není v zadání)",https://clutch.co/it-services/analytics/ga4-consulting-services/uk,E4-055
P4-034,2026-09-04,EU,IE,"Khalid Farhan (agentura, Barcelona; IE stránka)",agentura,Analytics services in Ireland,fixed_package,neuvedeno,"from €1,500",EUR,měsíc,37500,neuvedeno,neuvedeno,"GA4, GTM, sGTM, dashboards, attribution",neuvedeno,ne,"'depending on the scope of work'; scope=unknown; kurzy: 1 EUR=25 CZK, 1 GBP=29 CZK, 1 PLN=5.8 CZK, 1 CHF=26 CZK; 1 DKK=3.35 CZK (přes 7,46 DKK/EUR, není v zadání); 1 USD=23 CZK (odhad, není v zadání)",https://khalidfarhan.com/services/analytics-and-tracking/ireland,E4-057
P4-035,2026-09-04,EU,ES,Amplio Data (Barcelona),agentura,Maintained,tiered,Maintained,"€700–€1,200",EUR,měsíc,17500,neuvedeno,1,"GA4, GTM, sGTM (Stape), Consent Mode v2, enhanced conversions",neuvedeno,ne,"rozpětí do 30 000 CZK; monthly QA and health checks, monthly reporting dashboard, fixes when tags break after redesign; month-to-month. Kódy A1,A5,B1,C1,D1,F1,F3,G7; kurzy: 1 EUR=25 CZK, 1 GBP=29 CZK, 1 PLN=5.8 CZK, 1 CHF=26 CZK; 1 DKK=3.35 CZK (přes 7,46 DKK/EUR, není v zadání); 1 USD=23 CZK (odhad, není v zadání)",https://www.ampliodata.io/blog/cost-to-outsource-your-analytics-setup-to-an-agency,E4-058
P4-036,2026-09-04,EU,ES,Amplio Data (Barcelona),agentura,Managed,tiered,Managed,"€1,800+",EUR,měsíc,45000,neuvedeno,1,"+ CRM (HubSpot/Salesforce), BigQuery DWH",dedicated senior analyst and engineer,ano,"Maintained + BigQuery DWH s modelováním, anomaly detection, týdenní reporting, consent impact analysis, kvartální strategie. Kódy +E1–E5,G1–G3,F4,I1; kurzy: 1 EUR=25 CZK, 1 GBP=29 CZK, 1 PLN=5.8 CZK, 1 CHF=26 CZK; 1 DKK=3.35 CZK (přes 7,46 DKK/EUR, není v zadání); 1 USD=23 CZK (odhad, není v zadání)",https://www.ampliodata.io/pricing,E4-059
P4-037,2026-09-04,EU,GB,Littledata,saas,Scale,saas,Scale,$159,USD,měsíc,3657,0,1 brand,"Shopify → GA4, Meta, Google Ads…",Real-time support,ne,"1 500 objednávek/měs; Plus $792 (10 000 objednávek, Support SLAs) = 18 216 CZK; Flex $0,35/objednávka; kurzy: 1 EUR=25 CZK, 1 GBP=29 CZK, 1 PLN=5.8 CZK, 1 CHF=26 CZK; 1 DKK=3.35 CZK (přes 7,46 DKK/EUR, není v zadání); 1 USD=23 CZK (odhad, není v zadání)",https://www.littledata.io/pricing,E4-060
P4-038,2026-09-04,EU,GB,tržní reference UK/US (NiceLookingData compare),market_reference,Analytics agency on retainer,retainer_hours,–,"$3,000–$10,000",USD,měsíc,69000,neuvedeno,–,–,monthly meeting,neuvedeno,"dolní hranice; 'audits, fixes, monitoring, and a monthly meeting'; anglofonní benchmark, ne EU cena; kurzy: 1 EUR=25 CZK, 1 GBP=29 CZK, 1 PLN=5.8 CZK, 1 CHF=26 CZK; 1 DKK=3.35 CZK (přes 7,46 DKK/EUR, není v zadání); 1 USD=23 CZK (odhad, není v zadání)",https://www.nicelookingdata.com/compare,E4-063
P4-039,2026-09-04,EU,DK,Manids ApS,agentura,Aktiv vedligeholdelse,tiered,Aktiv,3.000–8.000 kr,DKK,měsíc,10050,neuvedeno,1,"GA4, GTM",'hurtig fejlrettelse',ne,"rozpětí do 26 800 CZK; měsíční review, úpravy eventů/konverzí, reporting, poradenství; nižší tier 'Minimum' = kvartální kontrola sběru + tag updates + opravy. Kódy A1,A2,C1,F3,G7; kurzy: 1 EUR=25 CZK, 1 GBP=29 CZK, 1 PLN=5.8 CZK, 1 CHF=26 CZK; 1 DKK=3.35 CZK (přes 7,46 DKK/EUR, není v zadání); 1 USD=23 CZK (odhad, není v zadání)",https://manids.dk/hvad-koster-tracking-setup-ga4-gtm-og-server-side-priser/,E4-065
P4-040,2026-09-04,EU,DK,Manids ApS,agentura,Server-side vedligeholdelse,fixed_package,–,2.000–5.000 kr,DKK,měsíc,6700,neuvedeno,1,sGTM,neuvedeno,ne,"rozpětí do 16 750 CZK; monitoring, tag updates při změnách API platforem, rychlé opravy; infrastruktura 300–2 000 DKK zvlášť. Kódy A5,G5,D1,D2; kurzy: 1 EUR=25 CZK, 1 GBP=29 CZK, 1 PLN=5.8 CZK, 1 CHF=26 CZK; 1 DKK=3.35 CZK (přes 7,46 DKK/EUR, není v zadání); 1 USD=23 CZK (odhad, není v zadání)",https://manids.dk/hvad-koster-tracking-setup-ga4-gtm-og-server-side-priser/,E4-065
P4-041,2026-09-04,EU,NL,Webanalist,freelancer/agentura,Performance Marketing Support,fixed_package,vanaf,€250,EUR,měsíc,6250,neuvedeno,1,"GA4, GTM, kampaně",neuvedeno,ne,"'regelmatige controles, campagne-aanpassingen en hulp bij nieuwe trackingvraagstukken'; scope=unknown; kurzy: 1 EUR=25 CZK, 1 GBP=29 CZK, 1 PLN=5.8 CZK, 1 CHF=26 CZK; 1 DKK=3.35 CZK (přes 7,46 DKK/EUR, není v zadání); 1 USD=23 CZK (odhad, není v zadání)",https://webanalist.com/google-analytics-uitbesteden/,E4-068
P4-042,2026-09-04,EU,NL,specialisté NL (Webanalist),freelancer,uurtarief specialist,hourly_rate,–,€60–€150/h,EUR,hodina,15000,proxy 10 h,–,"GA4, GTM",–,ne,"proxy 10 h, dolní hranice (horní 37 500 CZK); kurzy: 1 EUR=25 CZK, 1 GBP=29 CZK, 1 PLN=5.8 CZK, 1 CHF=26 CZK; 1 DKK=3.35 CZK (přes 7,46 DKK/EUR, není v zadání); 1 USD=23 CZK (odhad, není v zadání)",https://webanalist.com/google-analytics-uitbesteden/,E4-068
P4-043,2026-09-04,EU,NL,GA4Support / Attributions,agentura,Advanced (sGTM),saas,Advanced,vanaf €20,EUR,měsíc,500,0,1,"sGTM Cloud Run, Enhanced Conversions, Meta CAPI",neuvedeno,ne,"fakticky jen hosting; Basis €499 jednorázově (audit, cleanup, Consent Mode v2, DataLayer spec, naming convention); kurzy: 1 EUR=25 CZK, 1 GBP=29 CZK, 1 PLN=5.8 CZK, 1 CHF=26 CZK; 1 DKK=3.35 CZK (přes 7,46 DKK/EUR, není v zadání); 1 USD=23 CZK (odhad, není v zadání)",https://www.ga4support.nl/google-tag-manager-implementatie/,E4-069
P4-044,2026-09-04,EU,NL,Govanalytics,agentura,volledig beheerd traject (gemeente),fixed_package,–,€6.000–€8.000/rok,EUR,rok,12500,neuvedeno,1,"GA4/alternativy, DPIA",single point of contact,ne,"500–667 €/měs; veřejný sektor; 'basisrapportages een paar honderd euro per maand' (~5 000–7 500 CZK); kurzy: 1 EUR=25 CZK, 1 GBP=29 CZK, 1 PLN=5.8 CZK, 1 CHF=26 CZK; 1 DKK=3.35 CZK (přes 7,46 DKK/EUR, není v zadání); 1 USD=23 CZK (odhad, není v zadání)",https://www.govanalytics.nl/artikelen/google-analytics-uitbesteden/,E4-071
P4-045,2026-09-04,EU,SE,NiceLookingData,saas,Pro,saas,Pro,$49,USD,měsíc,1127,0,neomezeně auditů,"GA4, GTM",e-mail při propadu,ne,"61 GA4 + 44 GTM checks, denní/týdenní re-audit; Agency $199 (4 577 CZK) multi-klient; nenahrazuje 'strategy, custom dashboards, one-off investigations'; kurzy: 1 EUR=25 CZK, 1 GBP=29 CZK, 1 PLN=5.8 CZK, 1 CHF=26 CZK; 1 DKK=3.35 CZK (přes 7,46 DKK/EUR, není v zadání); 1 USD=23 CZK (odhad, není v zadání)",https://www.nicelookingdata.com/pricing,E4-064
P4-046,2026-09-04,EU,NL,TAGGRS,saas,BASIC,saas,BASIC,€22,EUR,měsíc,550,0,1,sGTM hosting,"live chat, help desk",ne,"750 000 requestů; PRO €57, ULTIMATE €127 (account manager), Enterprise SLA; kurzy: 1 EUR=25 CZK, 1 GBP=29 CZK, 1 PLN=5.8 CZK, 1 CHF=26 CZK; 1 DKK=3.35 CZK (přes 7,46 DKK/EUR, není v zadání); 1 USD=23 CZK (odhad, není v zadání)",https://taggrs.io/prices/,E4-074
P4-047,2026-09-04,EU,DK,Matthias Kupperschmidt (bluerivermountains),freelancer,Google Analytics Freelancer,hourly_rate,–,$130/h,USD,hodina,29900,proxy 10 h,–,"GA4, GTM, sGTM, Meta CAPI",–,ne,"proxy 10 h; 'a monthly retainer fee can be arranged' bez ceny; kurzy: 1 EUR=25 CZK, 1 GBP=29 CZK, 1 PLN=5.8 CZK, 1 CHF=26 CZK; 1 DKK=3.35 CZK (přes 7,46 DKK/EUR, není v zadání); 1 USD=23 CZK (odhad, není v zadání)",https://bluerivermountains.com/en/google-analytics-freelancer,E4-075
P5-001,2026-09-04,US,US,"EmberTribe (agentura, blog o cenách GA)",performance_agency,retainer for ongoing analytics management,fixed_package,rozpětí,500–3000,USD,month,40250,neuvedeno,neuvedeno,"GA4, GTM",neuvedeno,ne,"střed rozpětí; 'Ongoing analytics management: $6,000–$36,000/year' pro mid-size DTC brand; kurz 1 USD=23 CZK",https://embertribe.com/blog/google-analytics-cost,E5-001
P5-002,2026-09-04,US,US,coders.dev (pricing guide pro GA služby),analytics_agency,Basic Retainer (10-20 hours/month),retainer_hours,Basic Retainer,2000–4000,USD,month,69000,10–20,neuvedeno,"GA4, GTM",neuvedeno,ne,"'Monthly reporting, basic maintenance, and ad-hoc query support'; kurz 1 USD=23 CZK",https://www.coders.dev/blog/how-much-should-i-charge-for-google-analytics-services.html,E5-002
P5-003,2026-09-04,US,US,coders.dev (pricing guide pro GA služby),analytics_agency,Strategic Retainer (30-50 hours/month),retainer_hours,Strategic Retainer,5000–10000+,USD,month,172500,30–50,neuvedeno,"GA4, GTM, BigQuery, CRO",neuvedeno,částečně,"'Dedicated expert, deep-dive analysis, A/B testing strategy, CRO consulting, and integration support'; kurz 1 USD=23 CZK",https://www.coders.dev/blog/how-much-should-i-charge-for-google-analytics-services.html,E5-002
P5-004,2026-09-04,US,US,coders.dev (pricing guide pro GA služby),analytics_agency,expert GA4 consultant or agency billable rate,hourly_rate,Tier 3 expert,175–250+,USD,hour,48875,proxy 10 h,-,"GA4, BigQuery, sGTM",-,ne,"proxy 10 h × střed 212,5 USD; Tier1 50–100, Tier2 100–175; kurz 1 USD=23 CZK",https://www.coders.dev/blog/how-much-should-i-charge-for-google-analytics-services.html,E5-002
P5-005,2026-09-04,US,US,Dig Designs (GA consulting cost guide 2026),analytics_agency,continuing support (ongoing consulting and reporting),fixed_package,rozpětí pro menší firmy,600–3800,USD,month,50600,neuvedeno,neuvedeno,GA4,neuvedeno,ne,"'Ongoing consulting and reporting for smaller businesses commonly falls between $600 and $3,800 per month'; kurz 1 USD=23 CZK",https://digdesigns.com/google-analytics-consulting-cost-2026-pricing-guide/,E5-003
P5-006,2026-09-04,US,US,Dig Designs (GA consulting cost guide 2026),analytics_agency,small consultations hourly,hourly_rate,-,90–250,USD,hour,39100,proxy 10 h,-,GA4,-,ne,proxy 10 h × střed 170 USD; audity 450–8000 USD jednorázově; kurz 1 USD=23 CZK,https://digdesigns.com/google-analytics-consulting-cost-2026-pricing-guide/,E5-003
P5-007,2026-09-04,US,US,EGGKNITE (implementation cost guide 2026),analytics_agency,Ongoing tag governance,fixed_package,governance retainer,1000–5000,USD,month,69000,neuvedeno,neuvedeno,"GA4, GTM",neuvedeno,ne,"'Budget the governance retainer, directionally $1,000–5,000 per month, or budget a full re-audit every eighteen months'; specialist $100–300/h; kurz 1 USD=23 CZK",https://www.eggknite.com/blog/how-much-does-analytics-implementation-cost,E5-004
P5-008,2026-09-04,US,US,"NiceLookingData (srovnávací stránka, tvrzení o agenturách)",saas_tool,Analytics agency on retainer,fixed_package,-,3000–10000,USD,month,149500,neuvedeno,neuvedeno,"GA4, GTM",neuvedeno,ne,"tvrzení SaaS nástroje o konkurenčním modelu; in-house analyst '$80,000 – $250,000 / year' fully loaded; kurz 1 USD=23 CZK",https://www.nicelookingdata.com/compare,E5-005
P5-009,2026-09-04,US,US,NiceLookingData (compare),job_ad,In-house analyst (fully loaded),salary_proxy,-,80000–250000,USD,year,316250,160,-,-,-,-,"salary proxy, střed 165k/12; kurz 1 USD=23 CZK",https://www.nicelookingdata.com/compare,E5-005
P5-010,2026-09-04,US,UK,Vidi Corp (hire GA consultant guide),analytics_agency,In-House Analyst vs Outsourced Consultant,salary_proxy,-,70000–110000+ (in-house) / 10000–40000 (outsourced/rok),USD,year,47917,neuvedeno,-,GA4,-,ne,"outsourced consultant 'Typically $10k–$40k/year depending on scope' → střed 25k/12; hourly Freelancer 50–100, Specialist 100–200, Agency 150–300+; kurz 1 USD=23 CZK",https://vidi-corp.com/hire-google-analytics-consultant/,E5-006
P5-011,2026-09-04,US,US,YourGrowthPartner,analytics_agency,Retainers from $X/month (dle listingu yourgrowthpartner.io),fixed_package,minimum retaineru,3000,USD,month,69000,neuvedeno,neuvedeno,"GA4/Adobe, BigQuery, Looker Studio",neuvedeno,částečně,"NEOVĚŘENO na webu agentury – uvádí third-party listing (yourgrowthpartner.io, sám je konkurent); Bounteous 'typically start at $15,000/month' potvrzuje i rfp.wiki; kurz 1 USD=23 CZK",https://yourgrowthpartner.io/blog/best-web-analytics-agencies/,E5-007
P5-012,2026-09-04,US,US,Blast Analytics,analytics_agency,Retainers from $X/month (dle listingu yourgrowthpartner.io),fixed_package,minimum retaineru,10000,USD,month,230000,neuvedeno,neuvedeno,"GA4/Adobe, BigQuery, Looker Studio",neuvedeno,částečně,"NEOVĚŘENO na webu agentury – uvádí third-party listing (yourgrowthpartner.io, sám je konkurent); Bounteous 'typically start at $15,000/month' potvrzuje i rfp.wiki; kurz 1 USD=23 CZK",https://yourgrowthpartner.io/blog/best-web-analytics-agencies/,E5-007
P5-013,2026-09-04,US,US,InfoTrust,analytics_agency,Retainers from $X/month (dle listingu yourgrowthpartner.io),fixed_package,minimum retaineru,8000,USD,month,184000,neuvedeno,neuvedeno,"GA4/Adobe, BigQuery, Looker Studio",neuvedeno,částečně,"NEOVĚŘENO na webu agentury – uvádí third-party listing (yourgrowthpartner.io, sám je konkurent); Bounteous 'typically start at $15,000/month' potvrzuje i rfp.wiki; kurz 1 USD=23 CZK",https://yourgrowthpartner.io/blog/best-web-analytics-agencies/,E5-007
P5-014,2026-09-04,US,US,Empirical Path,analytics_agency,Retainers from $X/month (dle listingu yourgrowthpartner.io),fixed_package,minimum retaineru,7000,USD,month,161000,neuvedeno,neuvedeno,"GA4/Adobe, BigQuery, Looker Studio",neuvedeno,částečně,"NEOVĚŘENO na webu agentury – uvádí third-party listing (yourgrowthpartner.io, sám je konkurent); Bounteous 'typically start at $15,000/month' potvrzuje i rfp.wiki; kurz 1 USD=23 CZK",https://yourgrowthpartner.io/blog/best-web-analytics-agencies/,E5-007
P5-015,2026-09-04,US,US,Bounteous,analytics_agency,Retainers from $X/month (dle listingu yourgrowthpartner.io),fixed_package,minimum retaineru,15000,USD,month,345000,neuvedeno,neuvedeno,"GA4/Adobe, BigQuery, Looker Studio",neuvedeno,částečně,"NEOVĚŘENO na webu agentury – uvádí third-party listing (yourgrowthpartner.io, sám je konkurent); Bounteous 'typically start at $15,000/month' potvrzuje i rfp.wiki; kurz 1 USD=23 CZK",https://yourgrowthpartner.io/blog/best-web-analytics-agencies/,E5-007
P5-016,2026-09-04,US,US,Analytics Pros (nyní Adswerve),analytics_agency,Retainers from $X/month (dle listingu yourgrowthpartner.io),fixed_package,minimum retaineru,5000,USD,month,115000,neuvedeno,neuvedeno,"GA4/Adobe, BigQuery, Looker Studio",neuvedeno,částečně,"NEOVĚŘENO na webu agentury – uvádí third-party listing (yourgrowthpartner.io, sám je konkurent); Bounteous 'typically start at $15,000/month' potvrzuje i rfp.wiki; kurz 1 USD=23 CZK",https://yourgrowthpartner.io/blog/best-web-analytics-agencies/,E5-007
P5-017,2026-09-04,US,US,Cardinal Path (Merkle),analytics_agency,Retainers from $X/month (dle listingu yourgrowthpartner.io),fixed_package,minimum retaineru,8000,USD,month,184000,neuvedeno,neuvedeno,"GA4/Adobe, BigQuery, Looker Studio",neuvedeno,částečně,"NEOVĚŘENO na webu agentury – uvádí third-party listing (yourgrowthpartner.io, sám je konkurent); Bounteous 'typically start at $15,000/month' potvrzuje i rfp.wiki; kurz 1 USD=23 CZK",https://yourgrowthpartner.io/blog/best-web-analytics-agencies/,E5-007
P5-018,2026-09-04,US,US,Bounteous (dle rfp.wiki),analytics_agency,blended hourly rates,hourly_rate,-,150–300,USD,hour,51750,proxy 10 h,-,"GA4 360, Adobe, BigQuery",neuvedeno,částečně,'blended hourly rates often cited in the $150 to $300 range'; retainer terms 'negotiated case by case'; kurz 1 USD=23 CZK,https://www.rfp.wiki/advertising-media-communications-services/digital-experience-services/bounteous,E5-008
P5-019,2026-09-04,US,CA,Napkyn,analytics_agency,"GA 360 License & Support: on-demand training, monthly support hours, and regular check-ins",retainer_hours,neuvedeno,neuvedeno,USD,month,neuvedeno,neuvedeno,neuvedeno,"GA4 360, BigQuery, GMP",neuvedeno,částečně,cena neuvedena; struktura: měsíční support hodiny + pravidelné check-iny + 'Automated Data Quality Monitoring' jako služba,https://www.napkyn.com/services/ga4-license-and-support,E5-009
P5-020,2026-09-04,US,US,Marcel Digital,analytics_agency,"ongoing consulting services ... weekly, bi-monthly, or monthly check-ins",fixed_package,neuvedeno,neuvedeno,USD,month,neuvedeno,neuvedeno,neuvedeno,GA4,neuvedeno,ne,"cena neuvedena; rytmus check-inů týdně/2× měs./měsíčně; dodávka 'training, reports, dashboards, documentation'",https://www.marceldigital.com/services/google-analytics/google-analytics-4-consulting,E5-010
P5-021,2026-09-04,UK,UK,Measurelab,analytics_agency,"Data Assurance – Monitoring, maintenance and governance on subscription",fixed_package,neuvedeno,neuvedeno,GBP,month,neuvedeno,měsíční alokace konzultací,neuvedeno,"GA4, pipelines, sGTM",SLA-backed tag management with guaranteed response times,částečně,"cena neuvedena; obsah: tracking health monitoring, pipeline observability, klientský portál my.measurelab, named client lead",https://www.measurelab.co.uk/solutions/managed-analytics/,E5-011
P5-022,2026-09-04,US,US,Grazitti Interactive,analytics_agency,GA4 maintenance service,fixed_package,neuvedeno,neuvedeno,USD,month,neuvedeno,neuvedeno,neuvedeno,GA4,neuvedeno,ne,"'keeps your implementation accurate, catching issues before they skew data'; cena neuvedena",https://www.grazitti.com/ga4-implementation-services/,E5-012
P5-023,2026-09-04,US,US,Netpeak US,analytics_agency,End-to-End Google Analytics Support (continuously monitors and optimizes your GA settings),fixed_package,neuvedeno,neuvedeno,USD,month,neuvedeno,neuvedeno,neuvedeno,GA4,time-to-proposal 3 days,ne,"cena neuvedena; 'flexible engagement models, performance or project-based'",https://netpeak.us/services/google-analytics-4/,E5-013
P5-024,2026-09-04,US,IN/US,E2M Solutions (white label pro US agentury),analytics_agency,White Label Web Analytics Tracking – Plans and Pricing,retainer_hours,Standard,1299,USD,month,29877,30 - 35,neomezeno (dle hodin),"GA4, GTM, Google Ads, Meta, Looker Studio",24–48 Hr Turnaround; Progress Call Once a month,ne,'No minimums. No contracts. No retainers.'; Quarterly Business Review; 'Chosen by 77/116/207 agencies' u Standard/Pro/Advanced; kurz 1 USD=23 CZK,https://www.e2msolutions.com/white-label-ga4-gtm-service/,E5-014
P5-025,2026-09-04,US,IN/US,E2M Solutions (white label pro US agentury),analytics_agency,White Label Web Analytics Tracking – Plans and Pricing,retainer_hours,Pro,2099,USD,month,48277,50 - 60,neomezeno (dle hodin),"GA4, GTM, Google Ads, Meta, Looker Studio",24–48 Hr Turnaround; Progress Call Bi-weekly,ne,'No minimums. No contracts. No retainers.'; Quarterly Business Review; 'Chosen by 77/116/207 agencies' u Standard/Pro/Advanced; kurz 1 USD=23 CZK,https://www.e2msolutions.com/white-label-ga4-gtm-service/,E5-014
P5-026,2026-09-04,US,IN/US,E2M Solutions (white label pro US agentury),analytics_agency,White Label Web Analytics Tracking – Plans and Pricing,retainer_hours,Advanced,3999,USD,month,91977,100 - 120,neomezeno (dle hodin),"GA4, GTM, Google Ads, Meta, Looker Studio",24–48 Hr Turnaround; Progress Call Weekly,ne,'No minimums. No contracts. No retainers.'; Quarterly Business Review; 'Chosen by 77/116/207 agencies' u Standard/Pro/Advanced; kurz 1 USD=23 CZK,https://www.e2msolutions.com/white-label-ga4-gtm-service/,E5-014
P5-027,2026-09-04,US,IN/US,E2M Solutions (white label pro US agentury),analytics_agency,White Label Web Analytics Tracking – Plans and Pricing,retainer_hours,Marketing Squad,9999,USD,month,229977,3 full-time resources,neomezeno (dle hodin),"GA4, GTM, Google Ads, Meta, Looker Studio",24–48 Hr Turnaround; Progress Call Twice a week,ne,'No minimums. No contracts. No retainers.'; Quarterly Business Review; 'Chosen by 77/116/207 agencies' u Standard/Pro/Advanced; kurz 1 USD=23 CZK,https://www.e2msolutions.com/white-label-ga4-gtm-service/,E5-014
P5-028,2026-09-04,US,US,MeasureSchool,analytics_agency,Server-Side Tagging Services (Managed Server-Side GTM) – Standard,fixed_package,Standard,"297 (early bird, běžně 497)",USD,month,6831,1 h Zoom consultation/troubleshooting měsíčně,"1 kontejner, up to 5 Million Requests","GA4, Google Ads EC, Meta CAPI, +3 CAPI",Email Support,ne,6 months minimum; zahrnuje GCP hosting a údržbu sGTM; kurz 1 USD=23 CZK,https://measureschool.com/services/server-side-tagging-services/,E5-015
P5-029,2026-09-04,US,US,MeasureSchool,analytics_agency,Server-Side Tagging Services (Managed Server-Side GTM) – Enterprise,fixed_package,Enterprise,"697 (early bird, běžně 997)",USD,month,16031,3 h Zoom consultation/troubleshooting měsíčně,up to 25 Million Requests,"GA4, Google Ads EC, Meta CAPI, +5 CAPI",Priority Support - Email/Slack,ne,6 months minimum; kurz 1 USD=23 CZK,https://measureschool.com/services/server-side-tagging-services/,E5-015
P5-030,2026-09-04,EU,ES,"Amplio Data (Barcelona, prodává i přes US agentury)",analytics_agency,Maintained – ongoing data ops and reporting,fixed_package,Maintained,700–1200,EUR,month,23750,neuvedeno,neuvedeno,"GA4, GTM, consent, ad platformy",neuvedeno,částečně,"'the monitoring, the inevitable fixes, the monthly reporting and the analysis'; weekly report v ukázce workflow; kurz 1 EUR=25 CZK (odhad, zadání dává jen USD)",https://www.ampliodata.io/blog/cost-to-outsource-your-analytics-setup-to-an-agency,E5-016
P5-031,2026-09-04,EU,ES,Amplio Data,analytics_agency,Managed – fully embedded data team,fixed_package,Managed,from 1800,EUR,month,45000,neuvedeno,neuvedeno,celý measurement stack,neuvedeno,částečně,"'for teams who want the whole measurement function run for them'; kurz 1 EUR=25 CZK (odhad, zadání dává jen USD)",https://www.ampliodata.io/,E5-016
P5-032,2026-09-04,UK,UK,"Lilach Bullock (UK konzultantka, cost guide)",freelancer,Ongoing management ... runs £150 to £600 a month as a retainer with most independent consultants,fixed_package,-,150–600,GBP,month,10875,neuvedeno,1 web,"GA4, GTM, Looker Studio",neuvedeno,ne,"'checking data quality, adjusting events as your site changes, building reports'; build £400–1,500 jednorázově; kurz 1 GBP=29 CZK (odhad, zadání dává jen USD)",https://www.lilachbullock.com/how-much-does-google-analytics-cost-to-use/,E5-017
P5-033,2026-09-04,UK,UK,Vixen Digital (Brighton),analytics_agency,GA4 Audit / AuditPLUS+ / Ecommerce,fixed_package,audit jednorázově,1500 / 2500 / 3000 (+VAT),GBP,one-time,-,-,1 property,"GA4, GTM",-,ne,"doporučení 'Data Health Checks – Every 6 to 12 months'; 40–80 kontrol; není retainer; kurz 1 GBP=29 CZK (odhad, zadání dává jen USD)",https://www.vixendigital.com/analytics/ga4-audit/,E5-018
P5-034,2026-09-04,US,US,GA4 Experts (ga4experts.com),freelancer,Quick Fix – $299 flat / GA4 Consultation – $199 per 30 min,fixed_package,Quick Fix,299,USD,one-time,-,-,-,"GA4, GTM, Meta",quote within 48 hours,ne,"'No retainer, no commitment'; 30 min konzultace 199 USD ⇒ ekvivalent 398 USD/h; kurz 1 USD=23 CZK",https://ga4experts.com/,E5-019
P5-035,2026-09-04,US,US,GAfix.ai – service packages,freelancer,Bronze / Silver / Gold fix packages,fixed_package,Bronze/Silver/Gold,199 / 299 / 499,USD,one-time,-,-,1 property,"GA4, GTM",-,ne,"'Bronze ($199): Fix up to 3 GA4/GTM issues, 5 standard events'; Gold 'Fix up to 10 issues, 20 events, 20 GTM tags, 8 reports'; kurz 1 USD=23 CZK",https://www.gafix.ai/blog/ga4-audit-cost,E5-020
P5-036,2026-09-04,US,US,Upwork – Google Tag Manager Specialist hourly rates,marketplace,Hourly rates for Google Tag Manager Specialists on Upwork,hourly_rate,median,30 (range 20–49),USD,hour,6900,proxy 10 h,-,"GTM, GA4",-,ne,'The median hourly rate for Google Tag Manager Specialists is $30'; příklad zakázky 6 měsíců 15–20 h/týden; kurz 1 USD=23 CZK,https://www.upwork.com/hire/google-tag-manager-freelancers/cost/,E5-021
P5-037,2026-09-04,US,US,Fiverr – gig ppc_bappi,marketplace,"I will fix or setup google analytics 4, ga4 ecommerce tracking, conversion tracking GTM",marketplace_gig,základní balíček,30,USD,one-time,-,-,1 web,"GA4, GTM, Google Ads",-,ne,"jednorázový setup/fix, ne měsíční správa; počet recenzí neuvedeno (stránka blokovaná); kurz 1 USD=23 CZK",https://www.fiverr.com/ppc_bappi/fix-or-setup-google-analytics-4-ga4-ecommerce-tracking-conversion-tracking-gtm,E5-022
P5-038,2026-09-04,US,US,Fiverr – gig adrexpert,marketplace,"I will fix or setup google analytics 4, fb pixel, ga4 conversion tracking via GTM",marketplace_gig,základní balíček,10,USD,one-time,-,-,1 web,"GA4, Meta pixel, GTM",-,ne,jednorázově; typické Fiverr GA4 gigy 10–50 USD; kategorie 'ga4-reporting' – custom dashboard od 200 USD (dle search snippetu); kurz 1 USD=23 CZK,https://www.fiverr.com/adrexpert/fix-or-setup-google-analytics-4-fb-pixel-and-website-events-tracking-via-gtm,E5-022
P5-039,2026-09-04,US,US,ZipRecruiter – Freelance Google Analytics 4 jobs,job_ad,Freelance Google Analytics 4 Ga4 Jobs,hourly_rate,rozpětí inzerátů,24–96,USD,hour,13800,proxy 10 h,-,GA4,-,ne,z titulku listingu '$24-$96/hr'; detail blokován; kurz 1 USD=23 CZK,https://www.ziprecruiter.com/Jobs/Freelance-Google-Analytics-4-Ga4,E5-023
P5-040,2026-09-04,US,IN,DataVinci Analytics Agency,analytics_agency,Clutch profil: Average hourly rate / Min project size,hourly_rate,Clutch pásmo,25–49 /hr; min project 5000+,USD,hour,8510,proxy 10 h,-,"GA4, GTM, Looker Studio, BigQuery",-,částečně,"Clutch štítky; Pune, IN; kurz 1 USD=23 CZK",https://clutch.co/profile/datavinci-analytics-agency,E5-024
P5-041,2026-09-04,US,US,adMind Analytics,analytics_agency,Clutch profil: Average hourly rate / Min project size,hourly_rate,Clutch pásmo,150–199 /hr; min project 5000+,USD,hour,40135,proxy 10 h,-,"GA4, GTM, Looker Studio, BigQuery",-,částečně,"Clutch štítky; Sandy, UT; kurz 1 USD=23 CZK",https://clutch.co/profile/admind-analytics-0,E5-025
P5-042,2026-09-04,US,US,RSO Consulting,analytics_agency,Clutch profil: Average hourly rate / Min project size,hourly_rate,Clutch pásmo,100–149 /hr; min project 5000+,USD,hour,28635,proxy 10 h,-,"GA4, GTM, Looker Studio, BigQuery",-,částečně,"Clutch štítky; San Francisco, CA; kurz 1 USD=23 CZK",https://clutch.co/it-services/analytics/ga4-consulting-services?page=0,E5-026
P5-043,2026-09-04,US,UK,Vidi Corp LTD,analytics_agency,Clutch profil: Average hourly rate / Min project size,hourly_rate,Clutch pásmo,100–149 /hr; min project 1000+,USD,hour,28635,proxy 10 h,-,"GA4, GTM, Looker Studio, BigQuery",-,částečně,"Clutch štítky; Woodstock, UK; kurz 1 USD=23 CZK",https://clutch.co/it-services/analytics/ga4-consulting-services?page=0,E5-026
P5-044,2026-09-04,US,US,GA Agency,analytics_agency,Clutch profil: Average hourly rate / Min project size,hourly_rate,Clutch pásmo,100–149 /hr; min project 25000+,USD,hour,28635,proxy 10 h,-,"GA4, GTM, Looker Studio, BigQuery",-,částečně,Clutch štítky; US; kurz 1 USD=23 CZK,https://clutch.co/profile/ga-agency,E5-026
P5-045,2026-09-04,US,US,Vexis,analytics_agency,Clutch profil: Average hourly rate / Min project size,hourly_rate,Clutch pásmo,100–149 /hr; min project 5000+,USD,hour,28635,proxy 10 h,-,"GA4, GTM, Looker Studio, BigQuery",-,částečně,Clutch štítky; US; kurz 1 USD=23 CZK,https://clutch.co/profile/vexis,E5-026
P5-046,2026-09-04,US,US,Analytive,analytics_agency,Clutch profil: Average hourly rate / Min project size,hourly_rate,Clutch pásmo,50–99 /hr; min project 5000+,USD,hour,17135,proxy 10 h,-,"GA4, GTM, Looker Studio, BigQuery",-,částečně,Clutch štítky; US; kurz 1 USD=23 CZK,https://clutch.co/profile/analytive,E5-026
P5-047,2026-09-04,US,US,GA4 Monitor (ga4monitor.com),saas_tool,Automated GA4 Audit & Health Monitoring – Starter,saas,Starter,29,USD,month,667,-,1 GA4 property,GA4,Email & WhatsApp alerts,ne,"weekly automated audits, 35+ checks; kurz 1 USD=23 CZK",https://www.ga4monitor.com/,E5-027
P5-048,2026-09-04,US,US,GA4 Monitor,saas_tool,Pro,saas,Pro,99,USD,month,2277,-,5 GA4 properties,GA4,Slack/Email/WhatsApp/Teams,ne,weekly audits; kurz 1 USD=23 CZK,https://www.ga4monitor.com/,E5-027
P5-049,2026-09-04,US,US,GA4 Monitor,saas_tool,Agency,saas,Agency,499,USD,month,11477,-,30 GA4 properties,GA4,Slack/Email/WhatsApp/Teams,ne,'Daily automated audits'; kurz 1 USD=23 CZK,https://www.ga4monitor.com/,E5-027
P5-050,2026-09-04,US,US,NiceLookingData,saas_tool,Pro,saas,Pro,49,USD,month,1127,-,neomezeno audits,GA4 (61 checks) + GTM (44 checks),Email alert when the score drops; Monday digest,ne,'Daily or weekly re-audits + emails when something drops'; kurz 1 USD=23 CZK,https://www.nicelookingdata.com/pricing,E5-005
P5-051,2026-09-04,US,US,NiceLookingData,saas_tool,Agency,saas,Agency,199,USD,month,4577,-,unlimited properties,GA4 + GTM,Priority email support,ne,"'Branded shared workspace per client', API; kurz 1 USD=23 CZK",https://www.nicelookingdata.com/pricing,E5-005
P5-052,2026-09-04,US,US,GA4 Auditor (ga4auditor.com),saas_tool,One-Time Audit / Agency Pro Yearly,saas,Agency Pro Yearly,999/rok (one-time 99),USD,year,1915,-,100 audits/rok,GA4,-,ne,"point-in-time report PDF/PPT, whitelabel; bez monitoringu; kurz 1 USD=23 CZK",https://ga4auditor.com/,E5-028
P5-053,2026-09-04,EU,NL,Verified Data,saas_tool,Verified ANALYTICS – 5 Data streams,saas,5 streams,99,EUR,month,2475,-,5 data streams,GA4,Monitor & Alert daily/weekly/monthly,ne,"60+ preset GA4 checks + PII scan; 10 streams €149, 25 streams €249; kurz 1 EUR=25 CZK (odhad, zadání dává jen USD)",https://www.verified-data.com/pricing,E5-029
P5-054,2026-09-04,EU,EU,GA4Dataform,saas_tool,Premium One / Premium Unlimited,saas,Premium One,275 (Unlimited 375),EUR,month,6875,-,1 property (Unlimited: neomezeno),GA4 BigQuery export,Priority email support; Custom: SLA-backed,ano,"'Anomaly detection', 'Dataform error alerts', 'Basic data quality assertions' i ve free Core; kurz 1 EUR=25 CZK (odhad, zadání dává jen USD)",https://ga4dataform.com/pricing/,E5-030
P5-055,2026-09-04,US,US/ES,Trackingplan,saas_tool,Pay as you grow,saas,3 tiery,249 / 499 / 999 (Enterprise from 1750),USD,month,5727,-,unlimited pages,"web, iOS, Android, backend; GA4, pixely",Enterprise: Dedicated premium support with SLA,ne,billed annually; podle MAU 50k/200k/500k; '24/7 Automatic error detection'; kurz 1 USD=23 CZK,https://www.trackingplan.com/pricing,E5-031
P5-056,2026-09-04,US,US,ObservePoint (dle nicelookingdata.com srovnání),saas_tool,Essentials / Professional,saas,Essentials,~599 (Professional ~2400),USD,month,13777,-,dle scanů,"tagy, pixely, cookies, synthetic journeys",-,ne,"cena z třetí strany, oficiální stránka má kalkulačku bez veřejných čísel; kurz 1 USD=23 CZK",https://www.nicelookingdata.com/blog/best-ga4-audit-tools-2026,E5-032
P5-057,2026-09-04,US,US,Elevar (Shopify),saas_tool,Essentials / Growth / Business,saas,Growth,"450 (Essentials 200, Business 950)",USD,month,10350,-,"1 Shopify store, 10 000 orders","GA4, Google Ads, Meta CAPI, TikTok…",Core/Advanced within 24 hours; Premium+ within 12 hours (dle analyzify),ne,'Configurable daily or weekly email alerts on tag and event delivery' od Growth; ceny dle analyzify/attribuly (oficiální web nedostupný); kurz 1 USD=23 CZK,https://analyzify.com/shopify-apps/elevar-conversion-tracking,E5-033
P5-058,2026-09-04,US,US,Elevar – Analyst Support add-on,analytics_agency,Analyst Support Tier 1 / Tier 2,fixed_package,Tier 1,500 (Tier 2: 1000),USD,month,11500,up to three requests monthly (Tier 2: ten),1 store,"GA4, ads destinations",-,ne,lidská podpora nad SaaS jako placený add-on; expert installation 1000 USD jednorázově; kurz 1 USD=23 CZK,https://analyzify.com/shopify-apps/elevar-conversion-tracking,E5-033
P5-059,2026-09-04,US,US,Littledata (Shopify),saas_tool,Scale / Plus,saas,Scale,159 (Plus 792),USD,month,3657,-,"1 store, 1500 orders","GA4, Meta, Klaviyo",Plus: Support SLAs,ne,"datový pipeline, ne diagnostika; kurz 1 USD=23 CZK",https://www.littledata.io/pricing,E5-034
P5-060,2026-09-04,US,US,AgencyAnalytics,saas_tool,Automated client reporting – per client,saas,-,20,USD,month (per client),460,-,1 klient,85+ integrací,-,ne,"'Goals, alerts & anomaly detection', white-label, client portal; kotva pro cenu reportingu; kurz 1 USD=23 CZK",https://agencyanalytics.com/pricing,E5-035
P5-061,2026-09-04,US,US,DataCanary,saas_tool,GA4 tracking break monitoring,saas,Free,0,USD,month,0,-,neuvedeno,GA4 (Data API),"e-mail, daily",ne,"'Free to use'; event volume monitoring, parameter tracking; placený tier plánován (Slack alerts)",https://www.datacanary.io/,E5-036
P5-062,2026-09-04,US,US,Web Tonic (performance agentura),performance_agency,Monthly pricing scales with your ad spend,pct_of_spend,-,from 3000 (dle webtonic listingu),USD,month,69000,-,-,paid media + 'Full tracking and pixel audit with server-side MTA',Weekly strategy calls; Daily Slack,ne,analytika jako součást performance retaineru; min. 15k USD/měs ad spend; kurz 1 USD=23 CZK,https://www.webtonic.io/pricing,E5-037
P5-063,2026-09-04,US,US,Reddit r/GoogleAnalytics – u/Insane-Bull,freelancer,"charging USD3,000 per ecommerce website (GA4 migration)",fixed_package,-,3000,USD,one-time,-,-,1 e-shop,GA4,-,ne,jednorázová migrace; ve stejném vlákně u/mafost-matt: 'As little as $40 for a simple site up to $1500 for complex e-commerce'; kurz 1 USD=23 CZK,https://www.reddit.com/r/GoogleAnalytics/comments/147ixal/charge_to_migrate_to_ga4/,E5-074
P5-064,2026-09-04,US,US,Reddit r/GoogleAnalytics – u/Silent-Professor-295,freelancer,I might charge $125/hr (custom GA dashboard),hourly_rate,-,125,USD,hour,28750,proxy 10 h,-,"GA4, Looker Studio",-,ne,15+ let praxe; ptá se 'What about on-going maintenance will that be included in your price???'; kurz 1 USD=23 CZK,https://www.reddit.com/r/GoogleAnalytics/comments/y9fmb5/custom_ga_dashboard_price/,E5-075
P5-065,2026-09-04,US,US,Reddit r/analytics – u/Sausage_Queen_of_Chi,freelancer,I wouldn't charge less than $100/hour for analytics work,hourly_rate,-,100+,USD,hour,23000,proxy 10 h,-,analytics obecně,-,ne,US freelance minimum; pravidlo '2x your hourly salaried rate or more'; kurz 1 USD=23 CZK,https://www.reddit.com/r/analytics/comments/1nqs4a6/am_i_really_charging_above_market_rates_for/,E5-076
P5-066,2026-09-04,US,PH,"Reddit r/analytics – u/regineGF (PH freelancer, US klient)",freelancer,Hourly (ongoing support): $18 for the first 3 months $20/hr after,hourly_rate,-,18–20,USD,hour,4370,proxy 10 h,-,"Power BI, reporting",-,ne,offshore sazba; projekt dashboard+training 2 000–2 800 USD; komunita: 'These rates ... are very low'; kurz 1 USD=23 CZK,https://www.reddit.com/r/analytics/comments/1nqs4a6/am_i_really_charging_above_market_rates_for/,E5-076
P5-067,2026-09-04,US,US,Reddit r/agency – u/ds_frm_timbuktu (návrh nabídky),freelancer,Dedicated Tracking & Analytics Agency – charging $600 per month per site,fixed_package,návrh,600,USD,month,13800,neuvedeno,1 web,"GA4, GTM, reporting",-,ne,"obsah: 'Monthly performance reports, insights and action plans, Periodic audits on tracking'; reakce: 'nobody is going to pay $600 every month for insights and reports'; kurz 1 USD=23 CZK",https://www.reddit.com/r/agency/comments/1gx5oia/dedicated_tracking_analytics_agency_what_do_you/,E5-077
P5-068,2026-09-04,US,US,Reddit r/PPC – u/PPC-Memes,freelancer,5 hours x $125/hour for basic setup. 10 hours x $150/hour for advanced (conversion tracking),hourly_rate,-,125–150,USD,hour,31625,proxy 10 h,-,"GA4, GTM, Google Ads",-,ne,jednorázový setup 625–1 500 USD; kurz 1 USD=23 CZK,https://www.reddit.com/r/PPC/comments/1fvr97w/how_much_should_i_charge_for_conversion_tracking/,E5-078
P5-069,2026-09-04,US,US,Reddit r/PPC – u/Menaxerius_,freelancer,Starting price of 3400$ for basic ga4 setup,fixed_package,-,3400,USD,one-time,-,-,1 web,GA4,-,ne,kurz 1 USD=23 CZK,https://www.reddit.com/r/PPC/comments/1fvr97w/how_much_should_i_charge_for_conversion_tracking/,E5-078
P5-070,2026-09-04,US,US,Reddit r/PPC – u/TTFV (PPC agentura),performance_agency,"We don't charge for it, but we have an annual cap of free time (2.5 hours) ... then standard hourly rate",retainer_hours,v ceně PPC správy,"0 (2,5 h/rok zdarma)",USD,year,0,"2,5 h/rok",-,Google Ads conversion tracking,-,ne,tracking jako součást PPC správy; 'when clients make changes you often have to review and update tracking from time to time',https://www.reddit.com/r/PPC/comments/1fvr97w/how_much_should_i_charge_for_conversion_tracking/,E5-078
P5-071,2026-09-04,US,US,Reddit r/PPC – u/GrandLifeguard6891,freelancer,"one-time setup fee of up to $500 (tracking) for budgets under $1,000",fixed_package,-,up to 500,USD,one-time,-,-,1 web,"Google Ads, GA4",-,ne,kurz 1 USD=23 CZK,https://www.reddit.com/r/PPC/comments/1fvr97w/how_much_should_i_charge_for_conversion_tracking/,E5-078
P5-072,2026-09-04,US,US,Reddit r/PPC – u/Dammit_Meg,freelancer,$1k a month to manage ads. If tracking isn't done I need to do that too which is usually around $500,fixed_package,-,1000 (ads) + 500 (tracking one-time),USD,month,23000,neuvedeno,1 web,"Google Ads, tracking",-,ne,tracking jako jednorázový add-on k PPC retaineru; kurz 1 USD=23 CZK,https://www.reddit.com/r/PPC/comments/1d7geho/hiring_a_google_ads_specialist_from_fiverr_he_is/,E5-079
P5-073,2026-09-04,UK,UK,Reddit r/PPC – u/Ilovecheeseytoast,freelancer,I still earn £300 a day (2 days a week),hourly_rate,day rate,"300/den (≈37,5/h)",GBP,day,10875,proxy 10 h,-,"PPC, tracking",-,ne,"UK freelance den. sazba; OP nabízel £800/měs za tracking+LP+PPC a byl označen za podceněného; kurz 1 GBP=29 CZK (odhad, zadání dává jen USD)",https://www.reddit.com/r/PPC/comments/1vjsaxs/uk_freelance_rate_check/,E5-080
P5-074,2026-09-04,UK,UK,Reddit r/PPC – u/HumorousSeating,freelancer,that setup alone would run 3-5k as a one-off from any decent agency (tracking + consent + GTM),fixed_package,-,3000–5000,GBP,one-time,-,-,1 web,"GTM, GA4, consent, Ads",-,ne,"kurz 1 GBP=29 CZK (odhad, zadání dává jen USD)",https://www.reddit.com/r/PPC/comments/1vjsaxs/uk_freelance_rate_check/,E5-080
P5-075,2026-09-04,UK,UK,Reddit r/PPC – u/PracticalAd9393,freelancer,£399 minimum for each channel management per month and probably up to £199 for tracking setup as a one off,fixed_package,-,399/kanál/měs; 199 tracking one-off,GBP,month,11571,neuvedeno,1 web,"Google Ads, LinkedIn Ads, GTM",-,ne,"kurz 1 GBP=29 CZK (odhad, zadání dává jen USD)",https://www.reddit.com/r/PPC/comments/1vjsaxs/uk_freelance_rate_check/,E5-080
P5-076,2026-09-04,US,US,Reddit r/PPC – u/Nevergonnabefat,freelancer,"My highest paying client is $4,000 p/m now with the average across all around $2,500 just for paid channel management and creative strategy",fixed_package,-,2500 (avg) – 4000,USD,month,57500,neuvedeno,-,paid media,-,ne,kotva PPC retaineru freelancera; kurz 1 USD=23 CZK,https://www.reddit.com/r/PPC/comments/1vjsaxs/uk_freelance_rate_check/,E5-080
P5-077,2026-09-04,US,US,Reddit r/agency – u/czerrr,performance_agency,"How I went from charging $250/month to $2,250/month in 6.5 years (marketing services avg)",fixed_package,-,2250 (avg),USD,month,51750,neuvedeno,-,"web, Google Ads, SEO",-,ne,"70 klientů, ~70k MRR; komentář u/romanmalinowski: '$5-20k is the market price for SEO + paid ads'; kurz 1 USD=23 CZK",https://www.reddit.com/r/agency/comments/1vesibt/how_i_went_from_charging_250month_to_2250month_in/,E5-081
P5-078,2026-09-04,US,US,Reddit r/agency – u/JakeHundley (AgencyAnalytics),saas_tool,Agency Analytics ... it's $20/client,saas,-,20,USD,month (per client),460,-,1 klient,reporting,-,ne,potvrzení ceny reportingového SaaS z praxe agentury (35 klientů); kurz 1 USD=23 CZK,https://www.reddit.com/r/agency/comments/1aeqtru/client_reporting_gut_check/,E5-082
P5-079,2026-09-04,US,US,Reddit r/agency – u/goosetavo2013,marketplace,hire a virtual assistant for $5 dollars/hr to put more complicated reports together,hourly_rate,-,5,USD,hour,1150,proxy 10 h,-,reporting,-,ne,spodní kotva ruční tvorby reportů (VA offshore); kurz 1 USD=23 CZK,https://www.reddit.com/r/agency/comments/1aeqtru/client_reporting_gut_check/,E5-082
P5-080,2026-09-04,US,US,Reddit r/GoogleTagManager – u/my-meta-username (DataCanary),freelancer,"I offer a retainer, most say no -> and in 18 months they are back where they started",fixed_package,-,neuvedeno,USD,month,neuvedeno,neuvedeno,-,"GA4, GTM",-,ne,cena retaineru neuvedena; důkaz o odmítání retaineru a přechodu na monitoring jako produkt,https://www.reddit.com/r/GoogleTagManager/comments/1t7a89m/my_ga4_monitoring_system/,E5-083
P6-001,2026-09-04,GLOBAL,,ObservePoint,saas_tool,ObservePoint Audits & Journeys,saas,Free,0,USD,year,0,,1 000 page scans + 100 journey runs / rok,"web (Adobe, Google, Tealium…)",neuvedeno,ne,"tag monitoring; bezplatná kvóta ročně; kurz 1 USD=23 CZK, 1 EUR=25 CZK",https://www.nicelookingdata.com/compare/observepoint,E6-001
P6-002,2026-09-04,GLOBAL,,ObservePoint,saas_tool,ObservePoint page scans,saas,Pay-per-scan,0.17,USD,per_scan,,,1 page scan,web,neuvedeno,ne,"0,17 USD za skenovanou stránku (=3,9 Kč/scan); zdroj třetí strana (privado.ai, srpen 2026); kurz 1 USD=23 CZK, 1 EUR=25 CZK",https://www.privado.ai/post/observepoint-alternatives,E6-002
P6-003,2026-09-04,GLOBAL,,ObservePoint,saas_tool,ObservePoint Journeys,saas,Journeys 1 500 runs,2500,USD,year,4792,,1 500 journey runs / rok,web,neuvedeno,ne,"syntetické průchody (nákupní cesta) 2 500 USD za 1 500 běhů ročně; zdroj třetí strana; kurz 1 USD=23 CZK, 1 EUR=25 CZK",https://www.privado.ai/post/observepoint-alternatives,E6-002
P6-004,2026-09-04,GLOBAL,,ObservePoint,saas_tool,ObservePoint,saas,Essentials,599,USD,month,13777,,do 4 000 page scans,web,neuvedeno,ne,"cena z porovnání třetí strany (nicelookingdata), vlastní pricing page je JS kalkulačka; kurz 1 USD=23 CZK, 1 EUR=25 CZK",https://www.nicelookingdata.com/compare/observepoint,E6-001
P6-005,2026-09-04,GLOBAL,,ObservePoint,saas_tool,ObservePoint,saas,Professional,2400,USD,month,55200,,do 20 000 page scans,web,neuvedeno,ne,"cena z porovnání třetí strany; kurz 1 USD=23 CZK, 1 EUR=25 CZK",https://www.nicelookingdata.com/compare/observepoint,E6-001
P6-006,2026-09-04,GLOBAL,,ObservePoint,saas_tool,ObservePoint,saas,Enterprise,neuvedeno,USD,year,,,20 000+ page scans,web,neuvedeno,ne,"contact sales; třetí strana uvádí průměr ~72 000 USD/rok (=138 000 Kč/měs); kurz 1 USD=23 CZK, 1 EUR=25 CZK",https://www.observepoint.com/pricing/,E6-001
P6-007,2026-09-04,GLOBAL,,InfoTrust,saas_tool,Tag Inspector,saas,všechny tiery,neuvedeno,USD,,,,,web,neuvedeno,ne,"contact sales; zaměření na privacy/consent audity a realtime PII monitoring; kurz 1 USD=23 CZK, 1 EUR=25 CZK",https://infotrust.com/products/tag-inspector,E6-003
P6-008,2026-09-04,GLOBAL,,Trackingplan,saas_tool,Trackingplan Pay as you grow,saas,50k MAU,249,USD,month,5727,,50 000 MAU/měs,"web, iOS, Android, backend",email support (office hours),ne,"fakturace ročně; bez poplatku za sedadla; 14 dní trial; kurz 1 USD=23 CZK, 1 EUR=25 CZK",https://www.trackingplan.com/pricing,E6-004
P6-009,2026-09-04,GLOBAL,,Trackingplan,saas_tool,Trackingplan Pay as you grow,saas,500k MAU,999,USD,month,22977,,500 000 MAU/měs,"web, iOS, Android, backend",email support,ne,"fakturace ročně; mezistupeň 200k MAU cena na stránce nerozlišena; kurz 1 USD=23 CZK, 1 EUR=25 CZK",https://www.trackingplan.com/pricing,E6-004
P6-010,2026-09-04,GLOBAL,,Trackingplan,saas_tool,Trackingplan Enterprise,saas,Enterprise od,1750,USD,month,40250,,custom,"web, iOS, Android, backend",SLA premier support,ne,"od 1 750 USD/měs; root cause analysis, realtime API; agenturní plán contact sales; kurz 1 USD=23 CZK, 1 EUR=25 CZK",https://www.trackingplan.com/pricing,E6-004
P6-011,2026-09-04,GLOBAL,,DataTrue,saas_tool,DataTrue,saas,Starter,16000,USD,year,30667,setup only,"2 domény, 2 uživatelé, 10 000 page scans/měs","web, e-mail, mobile app",email alerty,ne,"roční cena 16 000 USD; kurz 1 USD=23 CZK, 1 EUR=25 CZK",https://datatrue.com/pricing/,E6-005
P6-012,2026-09-04,GLOBAL,,DataTrue,saas_tool,DataTrue,saas,Team,32000,USD,year,61333,2 h/měs support,"6 domén, 5 uživatelů, 50 000 page scans/měs","web, e-mail, mobile app",email alerty,ne,"roční cena 32 000 USD; API, Looker Studio konektor; kurz 1 USD=23 CZK, 1 EUR=25 CZK",https://datatrue.com/pricing/,E6-005
P6-013,2026-09-04,GLOBAL,,DataTrue,saas_tool,DataTrue,saas,Enterprise,neuvedeno,USD,year,,5 h/měs support,"neomezeno, 200M scans/měs","web, e-mail, mobile app",email alerty,ne,"contact sales; kurz 1 USD=23 CZK, 1 EUR=25 CZK",https://datatrue.com/pricing/,E6-005
P6-014,2026-09-04,GLOBAL,,Elevar,saas_tool,Elevar (Shopify),saas,Starter,0,USD,month,0,,100 objednávek/měs,"Shopify → GA4, Meta, Google Ads, Klaviyo…",,ne,"ověřeno třetí stranou 05/2026; kurz 1 USD=23 CZK, 1 EUR=25 CZK",https://attribuly.com/blogs/elevar-pricing-ultimate-guide-shopify-server-side-tracking/,E6-006
P6-015,2026-09-04,GLOBAL,,Elevar,saas_tool,Elevar (Shopify),saas,Essentials,200,USD,month,4600,,"1 000 objednávek/měs, overage 0,15 USD/obj.","Shopify → GA4, Meta, Google Ads, Klaviyo…",,ne,"škáluje počtem objednávek; kurz 1 USD=23 CZK, 1 EUR=25 CZK",https://attribuly.com/blogs/elevar-pricing-ultimate-guide-shopify-server-side-tracking/,E6-006
P6-016,2026-09-04,GLOBAL,,Elevar,saas_tool,Elevar (Shopify),saas,Growth,450,USD,month,10350,,"10 000 objednávek/měs, overage 0,04 USD/obj.","Shopify → GA4, Meta, Google Ads, Klaviyo…",,ne,"kurz 1 USD=23 CZK, 1 EUR=25 CZK",https://attribuly.com/blogs/elevar-pricing-ultimate-guide-shopify-server-side-tracking/,E6-006
P6-017,2026-09-04,GLOBAL,,Elevar,saas_tool,Elevar (Shopify),saas,Business,950,USD,month,21850,,"50 000 objednávek/měs, overage 0,03 USD/obj.","Shopify → GA4, Meta, Google Ads, Klaviyo…",,ne,"nad 100 000 obj./měs contact sales; kurz 1 USD=23 CZK, 1 EUR=25 CZK",https://attribuly.com/blogs/elevar-pricing-ultimate-guide-shopify-server-side-tracking/,E6-006
P6-018,2026-09-04,GLOBAL,,Elevar,saas_tool,Elevar (Shopify) – novější názvy tierů,saas,Core,225,USD,month,5175,,neuvedeno,Shopify,,ne,"dle PricingSaaS (Q1 2026): Core 225 / Advanced 650 / Premium 1 250 / Elite neuvedeno – konflikt se sadou Essentials/Growth/Business, ověřit na webu Elevar (doména při fetchi přesměrovávala jinam); kurz 1 USD=23 CZK, 1 EUR=25 CZK",https://pricingsaas.com/companies/getelevar,E6-007
P6-019,2026-09-04,GLOBAL,,Elevar,saas_tool,Elevar (Shopify) – novější názvy tierů,saas,Advanced,650,USD,month,14950,,neuvedeno,Shopify,,ne,"viz poznámka u Core; kurz 1 USD=23 CZK, 1 EUR=25 CZK",https://pricingsaas.com/companies/getelevar,E6-007
P6-020,2026-09-04,GLOBAL,,Elevar,saas_tool,Elevar (Shopify) – novější názvy tierů,saas,Premium,1250,USD,month,28750,,neuvedeno,Shopify,,ne,"viz poznámka u Core; kurz 1 USD=23 CZK, 1 EUR=25 CZK",https://pricingsaas.com/companies/getelevar,E6-007
P6-021,2026-09-04,GLOBAL,,Elevar,saas_tool,Elevar – Ongoing tracking support (lidská služba k nástroji),retainer,add-on,500,USD,month,11500,neuvedeno,,Shopify,,ne,"lidský add-on k SaaS: 'ongoing tracking support at $500/month', Expert Installation od 1 000 USD, GA4 tune-up 1 000+ USD; zdroj třetí strana; kurz 1 USD=23 CZK, 1 EUR=25 CZK",https://attribuly.com/blogs/elevar-pricing-ultimate-guide-shopify-server-side-tracking/,E6-006
P6-022,2026-09-04,GLOBAL,,Tracify,saas_tool,Tracify,saas,od,500,EUR,month,12500,,neuvedeno,"e-commerce, lead-gen; server-side atribuce",,ne,"'ab 500 €/Monat', detail jen po demu; DE trh; kurz 1 USD=23 CZK, 1 EUR=25 CZK",https://www.tracify.ai/pricing,E6-008
P6-023,2026-09-04,GLOBAL,,Littledata,saas_tool,Littledata (Shopify),saas,Flex,0.35,USD,per_order,,,"neomezeně, 0,35 USD/objednávka","Shopify → GA4, Meta, Klaviyo…",,ne,"pay-per-order; 30 dní trial do 500 obj.; kurz 1 USD=23 CZK, 1 EUR=25 CZK",https://www.littledata.io/pricing,E6-009
P6-024,2026-09-04,GLOBAL,,Littledata,saas_tool,Littledata (Shopify),saas,Scale,159,USD,month,3657,,"1 500 obj./měs, overage 0,15→0,06 USD","Shopify → GA4, Meta, Klaviyo…",real-time support,ne,"roční -20 %; kurz 1 USD=23 CZK, 1 EUR=25 CZK",https://www.littledata.io/pricing,E6-009
P6-025,2026-09-04,GLOBAL,,Littledata,saas_tool,Littledata (Shopify),saas,Plus,792,USD,month,18216,,"10 000 obj./měs, overage 0,03→0,01 USD","Shopify → GA4, Meta, Klaviyo…","support SLA, managed onboarding",ne,"kurz 1 USD=23 CZK, 1 EUR=25 CZK",https://www.littledata.io/pricing,E6-009
P6-026,2026-09-04,GLOBAL,,David Vallejo,saas_tool,Analytics Debugger (rozšíření),saas,Free,0,USD,month,0,,neomezeno,"GA4, GTM, Adobe, Matomo, Piwik PRO, Tealium…",,ne,"ladicí nástroj, ne monitoring; zdarma; kurz 1 USD=23 CZK, 1 EUR=25 CZK",https://www.analytics-debugger.com/en/tools/analytics-debugger-extension,E6-010
P6-027,2026-09-04,GLOBAL,,Analytics Mania,saas_tool,GTM/GA4 audit (manuální služba J. Fedoroviciuse),saas,jednorázově,neuvedeno,USD,one_time,,,1 property,"GA4, GTM",,ne,"ruční audit, cena neuvedena; není to automatizovaný nástroj; kurz 1 USD=23 CZK, 1 EUR=25 CZK",https://www.analyticsmania.com/ga4-auditor/,E6-011
P6-028,2026-09-04,GLOBAL,,GA4 Auditor (ga4auditor.com),saas_tool,GA4 Auditor,saas,One-Time Audit,79,USD,one_time,,,1 audit,GA4,,ne,"jednorázový report 40+ stran; jiná třetí strana uvádí 99 USD; kurz 1 USD=23 CZK, 1 EUR=25 CZK",https://www.saasworthy.com/product/ga4-auditor/pricing,E6-012
P6-029,2026-09-04,GLOBAL,,GA4 Auditor (ga4auditor.com),saas_tool,GA4 Auditor,saas,Agency,349,USD,month,8027,,neuvedeno,GA4,,ne,"white-label PDF/PPT export; bez kontinuálního monitoringu ('point-in-time report generator'); kurz 1 USD=23 CZK, 1 EUR=25 CZK",https://www.saasworthy.com/product/ga4-auditor/pricing,E6-012
P6-030,2026-09-04,GLOBAL,,GA4 Auditor (ga4auditor.com),saas_tool,GA4 Auditor,saas,Agency Pro,749,USD,month,17227,,neuvedeno,GA4,,ne,"kurz 1 USD=23 CZK, 1 EUR=25 CZK",https://www.saasworthy.com/product/ga4-auditor/pricing,E6-012
P6-031,2026-09-04,GLOBAL,,GA4 Auditor (ga4auditor.com),saas_tool,GA4 Auditor,saas,100 audits / rok,999,USD,year,1915,,100 auditů/rok,GA4,,ne,"zdroj nicelookingdata; kurz 1 USD=23 CZK, 1 EUR=25 CZK",https://www.nicelookingdata.com/blog/best-ga4-audit-tools-2026,E6-013
P6-032,2026-09-04,GLOBAL,,Tagmate,saas_tool,Tagmate,saas,Growth,79,USD,month,1817,,"1 web, 50 eventů","GA4, GTM",email support,ne,"ceny z Capterra/SaaSworthy; doména tagmate.app při fetchi vracela nesouvisející obsah – ověřit existenci produktu; kurz 1 USD=23 CZK, 1 EUR=25 CZK",https://www.saasworthy.com/product/tagmate-app/pricing,E6-014
P6-033,2026-09-04,GLOBAL,,Tagmate,saas_tool,Tagmate,saas,Pro,299,USD,month,6877,,5 webů,"GA4, GTM",,ne,"viz poznámka; kurz 1 USD=23 CZK, 1 EUR=25 CZK",https://www.saasworthy.com/product/tagmate-app/pricing,E6-014
P6-034,2026-09-04,GLOBAL,,Tagmate,saas_tool,Tagmate,saas,Agency,499,USD,month,11477,100 h/rok custom services,neuvedeno,"GA4, GTM, sGTM, ad conversions",,ne,"5 999 USD/rok; viz poznámka; kurz 1 USD=23 CZK, 1 EUR=25 CZK",https://www.saasworthy.com/product/tagmate-app/pricing,E6-014
P6-035,2026-09-04,GLOBAL,,JENTIS,saas_tool,JENTIS Core / Professional / Enterprise,saas,všechny tiery,neuvedeno,EUR,,,,,"server-side tracking, Health Center",,ne,"contact sales ve všech tierech; kurz 1 USD=23 CZK, 1 EUR=25 CZK",https://www.jentis.com/pricing,E6-015
P6-036,2026-09-04,GLOBAL,,TAGGRS,saas_tool,TAGGRS sGTM hosting,saas,FREE,0,EUR,month,0,,10 000 requests/měs,sGTM,,ne,"kurz 1 USD=23 CZK, 1 EUR=25 CZK",https://taggrs.io/prices/,E6-016
P6-037,2026-09-04,GLOBAL,,TAGGRS,saas_tool,TAGGRS sGTM hosting,saas,BASIC,22,EUR,month,550,,750 000 requests/měs,sGTM,,ne,"roční 264 EUR; USD ceny ~10 % vyšší; kurz 1 USD=23 CZK, 1 EUR=25 CZK",https://taggrs.io/prices/,E6-016
P6-038,2026-09-04,GLOBAL,,TAGGRS,saas_tool,TAGGRS sGTM hosting,saas,PRO,57,EUR,month,1425,,"3 000 000 requests/měs, multi-domain",sGTM,,ne,"kurz 1 USD=23 CZK, 1 EUR=25 CZK",https://taggrs.io/prices/,E6-016
P6-039,2026-09-04,GLOBAL,,TAGGRS,saas_tool,TAGGRS sGTM hosting,saas,ULTIMATE,127,EUR,month,3175,,10 000 000 requests/měs,sGTM,dedicated account manager,ne,"kurz 1 USD=23 CZK, 1 EUR=25 CZK",https://taggrs.io/prices/,E6-016
P6-040,2026-09-04,GLOBAL,,TAGGRS,saas_tool,TAGGRS sGTM hosting,saas,ENTERPRISE,neuvedeno,EUR,month,,,neomezeno,sGTM,SLA,ne,"contact sales; kurz 1 USD=23 CZK, 1 EUR=25 CZK",https://taggrs.io/prices/,E6-016
P6-041,2026-09-04,GLOBAL,,Stape,saas_tool,Stape sGTM hosting,saas,Free,0,USD,month,0,,"10 000 requests/měs, 1 kontejner",sGTM,,ne,"bez monitoringu; kurz 1 USD=23 CZK, 1 EUR=25 CZK",https://usehardal.com/blog/stape-pricing,E6-017
P6-042,2026-09-04,GLOBAL,,Stape,saas_tool,Stape sGTM hosting,saas,Pro,20,USD,month,460,,500 000 requests/měs,sGTM,,ne,"17 USD/měs při roční platbě (200 USD/rok); logy 3 dny; monitoring NENÍ v Pro; kurz 1 USD=23 CZK, 1 EUR=25 CZK",https://usehardal.com/blog/stape-pricing,E6-017
P6-043,2026-09-04,GLOBAL,,Stape,saas_tool,Stape sGTM hosting,saas,Business,100,USD,month,2300,,"5 000 000 requests/měs, až 20 domén",sGTM,,ne,"83 USD/měs ročně (1 000 USD/rok); od Business: monitoring, multi-zone, 10denní logy, Cookie Keeper; kurz 1 USD=23 CZK, 1 EUR=25 CZK",https://usehardal.com/blog/stape-pricing,E6-017
P6-044,2026-09-04,GLOBAL,,Stape,saas_tool,Stape sGTM hosting,saas,Enterprise,167,USD,month,3841,,"20 000 000 requests/měs, až 50 domén",sGTM,account manager,ne,"2 000 USD/rok při roční platbě; kurz 1 USD=23 CZK, 1 EUR=25 CZK",https://datascale.de/en/blog/stape-io-review-2026/,E6-018
P6-045,2026-09-04,GLOBAL,,Stape,saas_tool,Stape sGTM hosting,saas,Custom,neuvedeno,USD,month,,,neomezeno,sGTM,,ne,"contact sales; DPA, HIPAA, dedicated IP; kurz 1 USD=23 CZK, 1 EUR=25 CZK",https://datascale.de/en/blog/stape-io-review-2026/,E6-018
P6-046,2026-09-04,GLOBAL,,Addingwell,saas_tool,Addingwell sGTM hosting,saas,1M requests,90,EUR,month,2250,,"1 000 000 requests/měs (+2,30 EUR/100k)",sGTM,"email, chat, telefon",ne,"add-ony: další kontejner +30 EUR, doména +10 EUR, region +20 EUR; kurz 1 USD=23 CZK, 1 EUR=25 CZK",https://www.addingwell.com/pricing,E6-019
P6-047,2026-09-04,GLOBAL,,Addingwell,saas_tool,Addingwell sGTM hosting,saas,5M requests,120,EUR,month,3000,,5 000 000 requests/měs,sGTM,,ne,"kurz 1 USD=23 CZK, 1 EUR=25 CZK",https://www.addingwell.com/pricing,E6-019
P6-048,2026-09-04,GLOBAL,,Addingwell,saas_tool,Addingwell sGTM hosting,saas,12M requests,210,EUR,month,5250,,12 000 000 requests/měs,sGTM,,ne,"kurz 1 USD=23 CZK, 1 EUR=25 CZK",https://www.addingwell.com/pricing,E6-019
P6-049,2026-09-04,GLOBAL,,Addingwell,saas_tool,Addingwell sGTM hosting,saas,25M requests,360,EUR,month,9000,,25 000 000 requests/měs,sGTM,,ne,"kurz 1 USD=23 CZK, 1 EUR=25 CZK",https://www.addingwell.com/pricing,E6-019
P6-050,2026-09-04,GLOBAL,,Addingwell,saas_tool,Addingwell sGTM hosting,saas,50M requests,640,EUR,month,16000,,50 000 000 requests/měs,sGTM,,ne,"kurz 1 USD=23 CZK, 1 EUR=25 CZK",https://www.addingwell.com/pricing,E6-019
P6-051,2026-09-04,GLOBAL,,Addingwell,saas_tool,Addingwell sGTM hosting,saas,100M requests,1190,EUR,month,29750,,100 000 000 requests/měs,sGTM,,ne,"kurz 1 USD=23 CZK, 1 EUR=25 CZK",https://www.addingwell.com/pricing,E6-019
P6-052,2026-09-04,GLOBAL,,Google Cloud,saas_tool,"Cloud Run hosting sGTM (vlastní provoz, dle Stape blogu)",usage,min. produkce 3 instance,120,USD,month,2760,,3 × ~40 USD; při provozu 5–6 instancí 240–300 USD,sGTM,,ne,"odhad ze Stape blogu; logování může přidat ~100 USD na 500 000 requestů; kurz 1 USD=23 CZK, 1 EUR=25 CZK",https://stape.io/blog/how-much-does-server-gtm-cost,E6-020
P6-053,2026-09-04,GLOBAL,,Avo,saas_tool,Avo (tracking plan + Inspector),saas,Free,0,USD,month,0,,"2 editoři, Inspector 100k eventů","web, iOS, Android, Segment, RudderStack…",,ne,"kurz 1 USD=23 CZK, 1 EUR=25 CZK",https://www.avo.app/pricing,E6-021
P6-054,2026-09-04,GLOBAL,,Avo,saas_tool,Avo (tracking plan + Inspector),saas,Team,300,USD,month,6900,,5 editorů (+50–60 USD/editor),"web, iOS, Android…",,ne,"250 USD/měs při roční platbě; kurz 1 USD=23 CZK, 1 EUR=25 CZK",https://www.avo.app/pricing,E6-021
P6-055,2026-09-04,GLOBAL,,Avo,saas_tool,Avo (tracking plan + Inspector),saas,Enterprise,neuvedeno,USD,month,,,custom,,,ne,"contact sales; kurz 1 USD=23 CZK, 1 EUR=25 CZK",https://www.avo.app/pricing,E6-021
P6-056,2026-09-04,GLOBAL,,Twilio Segment,saas_tool,Segment Protocols,saas,add-on,neuvedeno,USD,month,,,dle MTU,Segment sources,,ne,"Protocols je add-on k Customer Data Pipeline i CDP, cena jen přes sales; kurz 1 USD=23 CZK, 1 EUR=25 CZK",https://www.twilio.com/en-us/pricing/customer-data,E6-022
P6-057,2026-09-04,GLOBAL,,Amplitude,saas_tool,Amplitude Data governance,saas,Growth / Enterprise,neuvedeno,USD,month,,,dle eventů,Amplitude,,ne,"data governance jen v Growth/Enterprise, cena custom; kurz 1 USD=23 CZK, 1 EUR=25 CZK",https://amplitude.com/pricing,E6-023
P6-058,2026-09-04,GLOBAL,,Metrics Watch,saas_tool,Metrics Watch Alerts,saas,Basic,79,USD,month,1817,,"3 custom alerty, kontrola každých 15 min",GA4,email,ne,"66 USD/měs ročně; kurz 1 USD=23 CZK, 1 EUR=25 CZK",https://metricswatch.com/pricing,E6-024
P6-059,2026-09-04,GLOBAL,,Metrics Watch,saas_tool,Metrics Watch Alerts,saas,Starter,99,USD,month,2277,,"více alertů, 5–10 min",GA4,email + Slack,ne,"83 USD/měs ročně; kurz 1 USD=23 CZK, 1 EUR=25 CZK",https://metricswatch.com/pricing,E6-024
P6-060,2026-09-04,GLOBAL,,Metrics Watch,saas_tool,Metrics Watch Alerts,saas,Professional,299,USD,month,6877,,"neomezeně alertů, 5 min",GA4,email + Slack,ne,"249 USD/měs ročně; kurz 1 USD=23 CZK, 1 EUR=25 CZK",https://metricswatch.com/pricing,E6-024
P6-061,2026-09-04,GLOBAL,,Metrics Watch,saas_tool,Metrics Watch Alerts,saas,Enterprise,neuvedeno,USD,month,,,,GA4,"email, Slack, integrace",ne,"contact sales; kurz 1 USD=23 CZK, 1 EUR=25 CZK",https://metricswatch.com/pricing,E6-024
P6-062,2026-09-04,GLOBAL,,Metrics Watch,saas_tool,Metrics Watch Reports,saas,Startup,49,USD,month,1127,,2 reporty,neomezené zdroje,,ne,"automatické e-mail reporty, 41 USD ročně; kurz 1 USD=23 CZK, 1 EUR=25 CZK",https://metricswatch.com/pricing,E6-024
P6-063,2026-09-04,GLOBAL,,Metrics Watch,saas_tool,Metrics Watch Reports,saas,Pro,149,USD,month,3427,,více reportů,neomezené zdroje,,ne,"124 USD ročně; kurz 1 USD=23 CZK, 1 EUR=25 CZK",https://metricswatch.com/pricing,E6-024
P6-064,2026-09-04,GLOBAL,,Metrics Watch,saas_tool,Metrics Watch Reports,saas,Agency,399,USD,month,9177,,až 100 reportů,neomezené zdroje,,ne,"333 USD ročně; kurz 1 USD=23 CZK, 1 EUR=25 CZK",https://metricswatch.com/pricing,E6-024
P6-065,2026-09-04,GLOBAL,,Whatagraph,saas_tool,Whatagraph,saas,Max,699,EUR,month,17475,,"od 50 source credits, neomezení uživatelé",40+ marketingové zdroje,Dedicated Success Manager,ne,"jen roční fakturace; 'Goals & alerts' v ceně; kurz 1 USD=23 CZK, 1 EUR=25 CZK",https://whatagraph.com/pricing,E6-026
P6-066,2026-09-04,GLOBAL,,Whatagraph,saas_tool,Whatagraph,saas,Prime,neuvedeno,EUR,month,,,custom,,Enterprise SLA,ne,"contact sales; BigQuery/Looker Studio transfery; kurz 1 USD=23 CZK, 1 EUR=25 CZK",https://whatagraph.com/pricing,E6-026
P6-067,2026-09-04,GLOBAL,,AgencyAnalytics,saas_tool,AgencyAnalytics,saas,Standard (per client),20,USD,month,460,,1 klient (klientská kampaň),80+ integrací,,ne,"20 USD/klient/měs při roční platbě; alerty a anomaly detection v ceně; kurz 1 USD=23 CZK, 1 EUR=25 CZK",https://agencyanalytics.com/pricing,E6-027
P6-068,2026-09-04,GLOBAL,,AgencyAnalytics,saas_tool,AgencyAnalytics,saas,Enterprise (25+ klientů),neuvedeno,USD,month,,,25+ klientů,,priority support,ne,"contact sales, volume discount; kurz 1 USD=23 CZK, 1 EUR=25 CZK",https://agencyanalytics.com/pricing,E6-027
P6-069,2026-09-04,GLOBAL,,DashThis,saas_tool,DashThis,saas,Individual,44,USD,month,1012,,"3 dashboardy, 15 zdrojů",34+ integrací,,ne,"cena při roční platbě; bez alertů; kurz 1 USD=23 CZK, 1 EUR=25 CZK",https://dashthis.com/pricing/,E6-028
P6-070,2026-09-04,GLOBAL,,DashThis,saas_tool,DashThis,saas,Professional,139,USD,month,3197,,"10 dashboardů, 40 zdrojů",,,ne,"kurz 1 USD=23 CZK, 1 EUR=25 CZK",https://dashthis.com/pricing/,E6-028
P6-071,2026-09-04,GLOBAL,,DashThis,saas_tool,DashThis,saas,Business,279,USD,month,6417,,"25 dashboardů, 100 zdrojů",,,ne,"kurz 1 USD=23 CZK, 1 EUR=25 CZK",https://dashthis.com/pricing/,E6-028
P6-072,2026-09-04,GLOBAL,,DashThis,saas_tool,DashThis,saas,Standard,429,USD,month,9867,,neomezeně dashboardů i zdrojů,,,ne,"kurz 1 USD=23 CZK, 1 EUR=25 CZK",https://dashthis.com/pricing/,E6-028
P6-073,2026-09-04,GLOBAL,,Databox,saas_tool,Databox,saas,Free,0,USD,month,0,,"3 zdroje, 1 uživatel",130+ integrací,,ne,"bez anomaly detection; kurz 1 USD=23 CZK, 1 EUR=25 CZK",https://databox.com/pricing,E6-029
P6-074,2026-09-04,GLOBAL,,Databox,saas_tool,Databox,saas,Analyst,64,USD,month,1472,,"5 zdrojů, 1 uživatel",,,ne,"roční fakturace; anomaly detection ano, Slack ne; kurz 1 USD=23 CZK, 1 EUR=25 CZK",https://databox.com/pricing,E6-029
P6-075,2026-09-04,GLOBAL,,Databox,saas_tool,Databox,saas,Pro,159,USD,month,3657,,"3 zdroje (+5,60 USD/zdroj), neomezení uživatelé",,,ne,"roční fakturace; anomaly detection, notifikace, Slack; kurz 1 USD=23 CZK, 1 EUR=25 CZK",https://databox.com/pricing,E6-029
P6-076,2026-09-04,GLOBAL,,Databox,saas_tool,Databox,saas,Growth,399,USD,month,9177,,"3 zdroje (+5,60 USD/zdroj), 15min sync",,,ne,"roční fakturace; forecasting; kurz 1 USD=23 CZK, 1 EUR=25 CZK",https://databox.com/pricing,E6-029
P6-077,2026-09-04,GLOBAL,,Reportz,saas_tool,Reportz,saas,per dashboard,9.9,USD,month,228,,1 dashboard,,,ne,"9,90 USD/dashboard/měs, klesá s počtem; kurz 1 USD=23 CZK, 1 EUR=25 CZK",https://reportz.io/pricing/,E6-069
P6-078,2026-09-04,GLOBAL,,Supermetrics,saas_tool,Supermetrics,saas,Starter,55,USD,month,1265,,"3 zdroje, 3 účty/zdroj, 1 uživatel, 1 destinace","Looker Studio, Sheets, Excel, Power BI",,ne,"44 USD/měs ročně; refresh týdenní (Sheets); BigQuery jen Enterprise; kurz 1 USD=23 CZK, 1 EUR=25 CZK",https://supermetrics.com/pricing,E6-030
P6-079,2026-09-04,GLOBAL,,Supermetrics,saas_tool,Supermetrics,saas,Growth,222,USD,month,5106,,"6 zdrojů, 7 účtů/zdroj, 2 uživatelé, 1 destinace","Looker Studio, Sheets, Excel, Power BI",,ne,"177 USD/měs ročně; refresh denní; kurz 1 USD=23 CZK, 1 EUR=25 CZK",https://supermetrics.com/pricing,E6-030
P6-080,2026-09-04,GLOBAL,,Supermetrics,saas_tool,Supermetrics,saas,Enterprise,neuvedeno,USD,month,,,custom,"+ BigQuery, Snowflake",Premium support + CSM,ano (destinace),"contact sales; jediný tier s DWH destinací; kurz 1 USD=23 CZK, 1 EUR=25 CZK",https://supermetrics.com/pricing,E6-030
P6-081,2026-09-04,GLOBAL,,Funnel,saas_tool,Funnel.io,saas,Starter,300,USD,month,6900,,"117 konektorů, 13 destinací",marketing zdroje,,ne,"roční fakturace; bez BigQuery destinace; kurz 1 USD=23 CZK, 1 EUR=25 CZK",https://funnel.io/pricing,E6-031
P6-082,2026-09-04,GLOBAL,,Funnel,saas_tool,Funnel.io,saas,Business,600,USD,month,13800,,"579 konektorů, 46 destinací","+ BigQuery, S3, Power BI, Tableau",,ano (destinace),"roční fakturace; 'data guarantee'; kurz 1 USD=23 CZK, 1 EUR=25 CZK",https://funnel.io/pricing,E6-031
P6-083,2026-09-04,GLOBAL,,Funnel,saas_tool,Funnel.io,saas,Enterprise,neuvedeno,USD,month,,,600+ konektorů,+ Snowflake,"SLA, priority support",ano (destinace),"contact sales; kurz 1 USD=23 CZK, 1 EUR=25 CZK",https://funnel.io/pricing,E6-031
P6-084,2026-09-04,GLOBAL,,Windsor.ai,saas_tool,Windsor.ai,saas,Forever Free,0,USD,month,0,,"1 zdroj, 1 účet, 5 tasků","všechny destinace vč. BigQuery, Looker Studio",,ne,"kurz 1 USD=23 CZK, 1 EUR=25 CZK",https://windsor.ai/pricing/,E6-032
P6-085,2026-09-04,GLOBAL,,Windsor.ai,saas_tool,Windsor.ai,saas,Basic,23,USD,month,529,,"3 zdroje, 75 účtů, 5 tasků",všechny destinace vč. BigQuery,,ne,"19 USD ročně; kurz 1 USD=23 CZK, 1 EUR=25 CZK",https://windsor.ai/pricing/,E6-032
P6-086,2026-09-04,GLOBAL,,Windsor.ai,saas_tool,Windsor.ai,saas,Standard,118,USD,month,2714,,"7 zdrojů, 75 účtů, neomezeně tasků",všechny destinace vč. BigQuery,,ne,"99 USD ročně; kurz 1 USD=23 CZK, 1 EUR=25 CZK",https://windsor.ai/pricing/,E6-032
P6-087,2026-09-04,GLOBAL,,Windsor.ai,saas_tool,Windsor.ai,saas,Plus,299,USD,month,6877,,"10 zdrojů, 200 účtů",,,ne,"249 USD ročně; kurz 1 USD=23 CZK, 1 EUR=25 CZK",https://windsor.ai/pricing/,E6-032
P6-088,2026-09-04,GLOBAL,,Windsor.ai,saas_tool,Windsor.ai,saas,Professional,598,USD,month,13754,,"14 zdrojů, 500 účtů, 15min sync",,,ne,"499 USD ročně; kurz 1 USD=23 CZK, 1 EUR=25 CZK",https://windsor.ai/pricing/,E6-032
P6-089,2026-09-04,GLOBAL,,Dataslayer,saas_tool,Dataslayer,saas,Starter,29,EUR,month,725,,"3 konektory, 1 uživatel, 3 účty, 5k řádků/měs do DWH","Sheets, Excel, Looker Studio, Power BI (+ BigQuery omezeně)",,ne,"cena z FAQ (tabulka na stránce zobrazovala chybně 20 €); roční fakturace; kurz 1 USD=23 CZK, 1 EUR=25 CZK",https://www.dataslayer.ai/pricing,E6-033
P6-090,2026-09-04,GLOBAL,,Dataslayer,saas_tool,Dataslayer,saas,Advanced,99,EUR,month,2475,,"7 konektorů, 10 uživatelů, 50 účtů, 100k řádků/měs",+ BigQuery,,ne,"'Alerts Agent' od Advanced; kurz 1 USD=23 CZK, 1 EUR=25 CZK",https://www.dataslayer.ai/pricing,E6-033
P6-091,2026-09-04,GLOBAL,,Dataslayer,saas_tool,Dataslayer,saas,Pro,299,EUR,month,7475,,"10 konektorů, neomezení uživatelé, 100 účtů, 2M řádků",+ BigQuery,dedicated account manager,ne,"kurz 1 USD=23 CZK, 1 EUR=25 CZK",https://www.dataslayer.ai/pricing,E6-033
P6-092,2026-09-04,GLOBAL,,Adverity,saas_tool,Adverity,saas,custom,neuvedeno,EUR,month,,,,,,ano (destinace),"'we don't stick to rigid pricing plans' – jen individuální nabídka; kurz 1 USD=23 CZK, 1 EUR=25 CZK",https://www.adverity.com/pricing,E6-034
P6-093,2026-09-04,GLOBAL,,Fivetran,saas_tool,Fivetran,saas,Free,0,USD,month,0,,"500 000 MAR/měs, 5 000 model runs",700+ konektorů → BigQuery aj.,email alerty,ano (destinace),"kurz 1 USD=23 CZK, 1 EUR=25 CZK",https://www.fivetran.com/pricing,E6-035
P6-094,2026-09-04,GLOBAL,,Fivetran,saas_tool,Fivetran,usage,Standard (usage-based),neuvedeno,USD,month,,,dle MAR; stránka uvádí '$5 base charge' pro 1–1M MAR,→ BigQuery aj.,email alerty,ano (destinace),"usage-based, konkrétní sazby za MAR pásmo na stránce kalkulačka; roční sleva 5–22 %; kurz 1 USD=23 CZK, 1 EUR=25 CZK",https://www.fivetran.com/pricing,E6-035
P6-095,2026-09-04,GLOBAL,,Airbyte,saas_tool,Airbyte Cloud Data Replication,usage,Standard od,10,USD,month,230,,dle objemu dat,→ BigQuery aj.,,ano (destinace),"volume-based od 10 USD/měs; Core open-source zdarma (self-hosted); kurz 1 USD=23 CZK, 1 EUR=25 CZK",https://airbyte.com/pricing,E6-036
P6-096,2026-09-04,GLOBAL,,Porter Metrics,saas_tool,Porter Metrics,saas,1 účet,12.5,USD,month,288,,1 data source account,"Looker Studio, Sheets",,ne,"12,50 USD/účet/měs ročně (15 USD měsíčně); kurz 1 USD=23 CZK, 1 EUR=25 CZK",https://portermetrics.com/en/pricing/,E6-037
P6-097,2026-09-04,GLOBAL,,Porter Metrics,saas_tool,Porter Metrics,saas,5–12 účtů,8,USD,month,184,,za 1 účet při 5–12 účtech,"Looker Studio, Sheets",,ne,"měsíční sazby: 1 účet 15, 2 účty 30, 3 účty 39,99, 5–12 účtů 8/účet, 13–20 účtů flat 100 USD, 200+ účtů 2 USD/účet; kurz 1 USD=23 CZK, 1 EUR=25 CZK",https://portermetrics.com/en/pricing/,E6-037
P6-098,2026-09-04,GLOBAL,,Porter Metrics,saas_tool,Porter Metrics,saas,13–20 účtů flat,100,USD,month,2300,,13–20 účtů,"Looker Studio, Sheets",,ne,"kurz 1 USD=23 CZK, 1 EUR=25 CZK",https://portermetrics.com/en/pricing/,E6-037
P6-099,2026-09-04,GLOBAL,,Coupler.io,saas_tool,Coupler.io,saas,Free,0,USD,month,0,,"1 účet, 1 destinace, ruční refresh, 100 řádků/běh","Sheets, BigQuery, Looker Studio, Power BI…",,ne,"kurz 1 USD=23 CZK, 1 EUR=25 CZK",https://www.coupler.io/pricing,E6-038
P6-100,2026-09-04,GLOBAL,,Coupler.io,saas_tool,Coupler.io,saas,Starter,32,USD,month,736,,"3 účty, 1 destinace, denní refresh","Sheets, BigQuery, Looker Studio…",,ne,"24 USD ročně; +5,99 USD/účet; kurz 1 USD=23 CZK, 1 EUR=25 CZK",https://www.coupler.io/pricing,E6-038
P6-101,2026-09-04,GLOBAL,,Coupler.io,saas_tool,Coupler.io,saas,Active,132,USD,month,3036,,"15 účtů, 3 destinace, neomezený objem",,,ne,"99 USD ročně; kurz 1 USD=23 CZK, 1 EUR=25 CZK",https://www.coupler.io/pricing,E6-038
P6-102,2026-09-04,GLOBAL,,Coupler.io,saas_tool,Coupler.io,saas,Pro,259,USD,month,5957,,"50 účtů, neomezené destinace, hodinový refresh",,,ne,"199 USD ročně; kurz 1 USD=23 CZK, 1 EUR=25 CZK",https://www.coupler.io/pricing,E6-038
P6-103,2026-09-04,GLOBAL,,Improvado,saas_tool,Improvado,saas,MCP Only,100,USD,month,2300,,"2M řádků/rok, denní sync, 1 workspace",,,ano (destinace),"Advanced/Enterprise custom (governance rules 50/100, 'Get notified of any data, campaign or ops issues'); kalkulačka cílí na 25M+ USD ad spend; kurz 1 USD=23 CZK, 1 EUR=25 CZK",https://improvado.io/pricing,E6-039
P6-104,2026-09-04,GLOBAL,,Keboola,saas_tool,Keboola,usage,Free,0,USD,month,0,,"60 min compute/měs (120 první měsíc), 1 projekt",700+ konektorů,,ano (vlastní DWH Snowflake),"overage 0,14 USD/min; Enterprise contact sales; CZ firma; kurz 1 USD=23 CZK, 1 EUR=25 CZK",https://www.keboola.com/pricing,E6-040
P6-105,2026-09-04,GLOBAL,,Meiro,saas_tool,Meiro CDP,saas,Start / Pro / Enterprise,neuvedeno,EUR,year,,,dle event volume,,,ne,"contact sales ve všech tierech; 'annual subscription with monthly usage thresholds'; CZ firma; kurz 1 USD=23 CZK, 1 EUR=25 CZK",https://www.meiro.io/pricing,E6-041
P6-106,2026-09-04,GLOBAL,,Checkly,saas_tool,Checkly (syntetické Playwright testy),saas,Hobby,0,USD,month,0,,"10k API + 1k browser check runs/měs, 1 uživatel",libovolný web,"email, Slack, webhook",ne,"frekvence min. 2 min; retence 7 dní; kurz 1 USD=23 CZK, 1 EUR=25 CZK",https://www.checklyhq.com/pricing/,E6-042
P6-107,2026-09-04,GLOBAL,,Checkly,saas_tool,Checkly (syntetické Playwright testy),saas,Starter,24,USD,month,552,,"25k API + 3k browser runs, 3 uživatelé",,"email, Slack, webhook, SMS",ne,"roční fakturace; overage 6,50 USD/1k browser runs; kurz 1 USD=23 CZK, 1 EUR=25 CZK",https://www.checklyhq.com/pricing/,E6-042
P6-108,2026-09-04,GLOBAL,,Checkly,saas_tool,Checkly (syntetické Playwright testy),saas,Team,64,USD,month,1472,,"100k API + 12k browser runs, 10 uživatelů",,"+ PagerDuty, telefon",ne,"roční fakturace; kurz 1 USD=23 CZK, 1 EUR=25 CZK",https://www.checklyhq.com/pricing/,E6-042
P6-109,2026-09-04,GLOBAL,,Verified Data,saas_tool,Verified ANALYTICS (GA4 audit + monitoring),saas,Free,0,EUR,month,0,,1 data stream,GA4,,ne,"kurz 1 USD=23 CZK, 1 EUR=25 CZK",https://www.verified-data.com/pricing,E6-043
P6-110,2026-09-04,GLOBAL,,Verified Data,saas_tool,Verified ANALYTICS (GA4 audit + monitoring),saas,5 streams,99,EUR,month,2475,,5 GA4 streamů,GA4,alerty denně/týdně/měsíčně,ne,"60+ preset checků, PII check; kurz 1 USD=23 CZK, 1 EUR=25 CZK",https://www.verified-data.com/pricing,E6-043
P6-111,2026-09-04,GLOBAL,,Verified Data,saas_tool,Verified ANALYTICS (GA4 audit + monitoring),saas,10 streams,149,EUR,month,3725,,10 GA4 streamů,GA4,,ne,"kurz 1 USD=23 CZK, 1 EUR=25 CZK",https://www.verified-data.com/pricing,E6-043
P6-112,2026-09-04,GLOBAL,,Verified Data,saas_tool,Verified ANALYTICS (GA4 audit + monitoring),saas,25 streams,249,EUR,month,6225,,25 GA4 streamů,GA4,,ne,"kurz 1 USD=23 CZK, 1 EUR=25 CZK",https://www.verified-data.com/pricing,E6-043
P6-113,2026-09-04,GLOBAL,,Verified Data,saas_tool,Verified CONSENT (consent-state crawl),saas,5 projects,249,EUR,month,6225,,"5 projektů (≈3 consent stavy na web), 100 stránek/audit",web,alerty,ne,"kurz 1 USD=23 CZK, 1 EUR=25 CZK",https://www.verified-data.com/pricing,E6-043
P6-114,2026-09-04,GLOBAL,,Verified Data,saas_tool,Verified CONSENT (consent-state crawl),saas,10 projects,399,EUR,month,9975,,10 projektů,web,,ne,"kurz 1 USD=23 CZK, 1 EUR=25 CZK",https://www.verified-data.com/pricing,E6-043
P6-115,2026-09-04,GLOBAL,,Verified Data,saas_tool,Verified CONSENT (consent-state crawl),saas,25 projects,699,EUR,month,17475,,25 projektů,web,,ne,"kurz 1 USD=23 CZK, 1 EUR=25 CZK",https://www.verified-data.com/pricing,E6-043
P6-116,2026-09-04,GLOBAL,,NiceLookingData,saas_tool,"NiceLookingData (GA4+GTM audit, Daily Pulse)",saas,Free,0,USD,month,0,,3 audity/měs,"GA4, GTM",,ne,"150+ checků; kurz 1 USD=23 CZK, 1 EUR=25 CZK",https://www.nicelookingdata.com/pricing,E6-044
P6-117,2026-09-04,GLOBAL,,NiceLookingData,saas_tool,NiceLookingData,saas,Pro,49,USD,month,1127,,"neomezené audity, plánované re-audity","GA4, GTM","email (score-drop, Daily Pulse)",ne,"kurz 1 USD=23 CZK, 1 EUR=25 CZK",https://www.nicelookingdata.com/pricing,E6-044
P6-118,2026-09-04,GLOBAL,,NiceLookingData,saas_tool,NiceLookingData,saas,Agency,199,USD,month,4577,,"+ klientské workspacy, white-label, API","GA4, GTM",email,ne,"kurz 1 USD=23 CZK, 1 EUR=25 CZK",https://www.nicelookingdata.com/pricing,E6-044
P6-119,2026-09-04,GLOBAL,,GAfix.ai,saas_tool,GAfix GA4/GTM audit,saas,Single Audit,49,USD,one_time,,,"1 audit, 50+ checkpointů","GA4, GTM",,ne,"jednorázově (běžně 99 USD); 5-audit bundle 198 USD; kurz 1 USD=23 CZK, 1 EUR=25 CZK",https://www.gafix.ai/pricing,E6-045
P6-120,2026-09-04,GLOBAL,,GAfix.ai,saas_tool,GAfix service packages (lidská oprava),package,Bronze / Silver / Gold,199,USD,one_time,,,"3–10 opravených issues, 5–20 eventů","GA4, GTM",,ne,"199 / 299 / 499 USD; období nejasné (balíček služeb); kurz 1 USD=23 CZK, 1 EUR=25 CZK",https://www.gafix.ai/pricing,E6-045
P6-121,2026-09-04,GLOBAL,,Google,saas_tool,GA4 Insights – custom insights,free,Free,0,USD,month,0,,50 custom insights / property,GA4,email,ne,"hourly (jen web) / daily / weekly / monthly; 'Has anomaly' podmínka; kurz 1 USD=23 CZK, 1 EUR=25 CZK",https://support.google.com/analytics/answer/9443595,E6-046
P6-122,2026-09-04,GLOBAL,,Google,saas_tool,BigQuery scheduled queries,free,Free (platí se jen dotazy),0,USD,month,0,,min. interval 5 min,BigQuery,"email při selhání, Pub/Sub",ano,"notifikace pouze o selhání běhu; hlídání obsahu dat = vlastní SQL; kurz 1 USD=23 CZK, 1 EUR=25 CZK",https://docs.cloud.google.com/bigquery/docs/scheduling-queries,E6-047
P6-123,2026-09-04,GLOBAL,,Google,saas_tool,Dataform assertions,free,Free (platí se jen BQ dotazy),0,USD,month,0,,,BigQuery,workflow execution logs,ano,"nonNull, uniqueKey(s), rowConditions, custom SQL; kurz 1 USD=23 CZK, 1 EUR=25 CZK",https://docs.cloud.google.com/dataform/docs/assertions,E6-048
P6-124,2026-09-04,GLOBAL,,Google Cloud,saas_tool,Cloud Monitoring – uptime checks,usage,po 1M executions/projekt zdarma,0.3,USD,per_1000,,,1 000 executions,Cloud Run (sGTM),"alerting policies → email, Slack, PagerDuty…",ne,"0,30 USD/1 000 executions; synthetic monitors 1,20 USD/1 000 (100 zdarma); logy 50 GiB/projekt/měs zdarma; alerting 0,35 USD/měs za metric reference (účinnost dle stránky 1. 9. 2027); kurz 1 USD=23 CZK, 1 EUR=25 CZK",https://cloud.google.com/stackdriver/pricing,E6-049
P6-125,2026-09-04,GLOBAL,,Google,saas_tool,Looker Studio Pro,saas,per user,neuvedeno,USD,month,,,,Looker Studio,"alerty na graf (Pro), plánované doručení, Google Chat",ne,"cena na stránce neuvedena (jen 30denní trial); Pro nově umí 'set up alerts ... when a chart ... meets criteria'; kurz 1 USD=23 CZK, 1 EUR=25 CZK",https://docs.cloud.google.com/looker/docs/studio/about-looker-studio-pro,E6-050
P6-126,2026-09-04,GLOBAL,,Google,saas_tool,GTM verze + GTM API v2,free,Free,0,USD,month,0,,,GTM,žádné (polling),ne,"API vrací verze/headers, ale nemá webhook na publish; kurz 1 USD=23 CZK, 1 EUR=25 CZK",https://developers.google.com/tag-platform/tag-manager/api/v2,E6-051
P6-127,2026-09-04,GLOBAL,,Simo Ahava,saas_tool,GTM Monitor template (+ Cloud Function + BigQuery),free,Free (GCP náklady),0,USD,month,0,,,GTM web,vlastní (BQ → Looker Studio / alert),ano,"open-source šablona; posílá firing status každého tagu; kurz 1 USD=23 CZK, 1 EUR=25 CZK",https://www.simoahava.com/analytics/google-tag-manager-monitor/,E6-055
P7-001,2026-09-04,CZ,CZ,Marketup s.r.o.,job_ad,Medior Reporting Specialist & Data Analyst,salary_proxy,medior,60000-80000,CZK,month,93800,160,,GA4;GCP;BigQuery;Data Studio;CRM,,yes,"Hrubá mzda (střed 70 000, IČO spolupráce) ×1,34 za odvody = 93 800 Kč/měs; náplň: sběr dat → datový sklad → reporty, detekce anomálií.",https://www.jobs.cz/rpd/2001362535/,E7-137
P7-002,2026-09-04,CZ,CZ,"kalkulator.cz, s.r.o.",job_ad,Senior Performance Marketing Specialist,salary_proxy,senior,70000-90000,CZK,month,107200,160,,Google Ads;Meta;Sklik;Microsoft Ads;Criteo;GA4,,no,"Střed 80 000 ×1,34 = 107 200 Kč/měs; PPC role s GA4, ne čistý analytik – horní kotva.",https://www.jobs.cz/rpd/2001333985/,E7-138
P7-003,2026-09-04,SK,SK,WPP Media Slovakia,job_ad,Digital Analytics Expert,salary_proxy,expert,1800-3200,EUR,month,83750,160,,GA4;GTM;sGTM;Consent Mode v2;Looker Studio;Power BI,,no,"Střed 2 500 EUR ×25 Kč = 62 500 ×1,34 = 83 750 Kč/měs; audity GA4/GTM/dataLayer, měření konverzí Ads/Meta.",https://www.profesia.sk/praca/wpp-media-slovakia/O5334933,E7-143
P7-004,2026-09-04,SK,SK,WPP Media Slovakia,job_ad,"Senior Specialist – Data, Reporting & Automation",salary_proxy,senior,1500-2800,EUR,month,72025,160,,BigQuery;SQL;dbt;Looker Studio;Power BI;GA4,,yes,"Střed 2 150 EUR ×25 = 53 750 ×1,34 = 72 025 Kč/měs; monitoring a audit kvality dat.",https://www.profesia.sk/praca/wpp-media-slovakia/O5350413,E7-144
P7-005,2026-09-04,SK,SK,ČSOB Finančná skupina,job_ad,Business Analyst for Digital Channels,salary_proxy,medior,1900,EUR,month,63650,160,,,,unknown,"Od 1 900 EUR ×25 = 47 500 ×1,34 = 63 650 Kč/měs; bankovní digitální kanály, hraniční relevance.",https://www.profesia.sk/praca/csob-financna-skupina/O5338517,E7-145
P7-006,2026-09-04,CZ,CZ,Indeed.cz (agregát),job_ad,IT analytik – průměrný plat Česko,salary_proxy,,70855,CZK,month,94946,160,,,,unknown,"70 855 ×1,34 = 94 946 Kč/měs; obecný analytik IT jako horní proxy in-house nákladu.",https://cz.indeed.com/career/it-analytik/salaries,E7-147
P7-007,2026-09-04,CZ,CZ,O2 Czech Republic,job_ad,Online Marketingový Analytik,salary_proxy,medior,,CZK,month,,160,,Google Analytics;Adobe Analytics;GTM;Excel,,no,"Mzda neuvedena; náplň = funnely, reporty, KPI, spolupráce s vývojáři a externí agenturou.",https://cz.linkedin.com/jobs/view/online-marketingov%C3%BD-analytik-at-o2-czech-republic-4452243323,E7-134
P7-008,2026-09-04,CZ,CZ,Ušetřeno.cz,job_ad,Webový analytik a SEO specialista,salary_proxy,medior,,CZK,month,,160,,Power BI;GA4;GTM,,no,Mzda neuvedena; správa analytiky a reportingu napříč firmou + SEO.,https://www.jobs.cz/rpd/2001395953/,E7-135
P7-009,2026-09-04,CZ,CZ,Shoptet Partneři – Vašek Jelen,freelancer,digitální a datová analytika (hodinová sazba),hourly,,1800,CZK,hour,,,,GA4;Shoptet,,unknown,Hodinová sazba z profilu partnera; při 10 h/měs = 18 000 Kč.,https://partneri.shoptet.cz/?s=GA4,E7-148
P7-010,2026-09-04,CZ,CZ,Shoptet Partneři – PLACEMENT.cz,agency,performance agentura pro e-shopy (hodinová sazba),hourly,,1590,CZK,hour,,,,GA4;Google Ads;Shoptet,,unknown,Hodinová sazba z profilu partnera.,https://partneri.shoptet.cz/?s=GA4,E7-148
P7-011,2026-09-04,CZ,CZ,Shoptet Partneři – Solvika,agency,byznys konzultanti a analytici (hodinová sazba),hourly,,1150,CZK,hour,,,,GA4;Shoptet,,unknown,Hodinová sazba z profilu partnera.,https://partneri.shoptet.cz/?s=GA4,E7-148
P7-012,2026-09-04,CZ,CZ,Shoptet Partneři – Zbyněk Hyrák,freelancer,certifikovaný Google a Sklik partner (hodinová sazba),hourly,,2000,CZK,hour,,,,Google Ads;Sklik;GA4,,unknown,Hodinová sazba z profilu partnera.,https://partneri.shoptet.cz/?s=GA4,E7-148
P7-013,2026-09-04,CZ,CZ,Shoptet Partneři – Martin Tomčík,freelancer,SEO a online marketing (hodinová sazba),hourly,,1000,CZK,hour,,,,GA4;SEO,,unknown,Hodinová sazba z profilu partnera – spodní hranice.,https://partneri.shoptet.cz/?s=GA4,E7-148
P7-014,2026-09-04,CZ,CZ,MarketingPPC.cz,agency,Kontrola cookie lišty (implementace consent mode),one_off,,od 3990,CZK,one_off,,,1,GA4;Google Ads,,no,Jednorázová kontrola/implementace lišty 'orientačně od 3 990 Kč'; z 250+ auditů 42 % webů se závažnými problémy.,https://www.marketingppc.cz/sluzby/kontrola-cookies/,E7-122
P7-015,2026-09-04,US,US,"Seresa (blog, odhad trhu)",blog,GTM specialist hourly rate,hourly,,120-200,USD,hour,,,,GTM,,no,'Agencies and freelance GTM specialists charge $120-200 per hour'; 5-letá cena údržby GTM 70–145k USD.,https://seresa.io/blog/google-tag-manager/your-gtm-container-builder-left-nobody-knows-what-the-47-tags-do,E7-052
P7-016,2026-09-04,EU,EU,Dataslayer (blog),blog,managed server-side tagging,saas,,20-50,USD,month,1150,,1,sGTM,,no,"'$20-50/month managed services' pro sGTM hosting; Cloud Run 10–50 USD/měs; střed 35 USD ×23 Kč ≈ 800 Kč, horní 50 USD ≈ 1 150 Kč.",https://www.dataslayer.ai/blog/track-google-ads-after-consent-mode-v2-2025-guide,E7-131
P7-017,2026-09-04,EU,DE,Conversios (recenze Kaufweise),review,náklad špatného měření – learning phase,impact_example,,4400,EUR,one_off,,,,Google Ads,,no,"'After 2.5 months and €4,400 burned in learning phases, the campaigns have been running blind.' – kotva škody, ne cena služby.",https://apps.shopify.com/conversios-server-side-tagging/reviews,E7-084
P7-018,2026-09-04,US,US,RedClaw (case study),case_study,náklad rozbitého trackingu B2B SaaS,impact_example,,60000,USD,75_days,,,,Google Ads;Meta;LinkedIn,,unknown,"'$60,000 over 75 days' spendu na rozbitých datech – kotva škody.",https://redclawey.com/en/cases/tracking-gap-multi-saas/,E7-104
P7-019,2026-09-04,US,US,JoinDataCops (GitHub README),blog,odhad promrhaného spendu při rozbité atribuci,impact_example,,23500,USD,month,,,,Shopify;ads,,unknown,"'for a brand spending $50K per month on ads, broken attribution costs roughly $23,500 per month in wasted spend' – marketingový odhad nástroje.",https://github.com/JoinDataCops/shopify-attribution,E7-105
