url,status,location,title,title_len,meta_desc,meta_desc_len,robots,canonical,lang,h1,h2,words,img_count,img_no_alt,forms,hubspot,int_links_out,ext_links_out,jsonld,og_title,og_image
https://datanostro.com/cs/,200,,DataNostro — Server-Side Tracking pro český trh,47,"DataNostro — Managed server-side tracking (sGTM) pro české e-shopy a agentury. GA4, Meta CAPI, Google Ads, TikTok, Seznam. Od 349 Kč/měsíc.",139,"index, follow, max-image-preview:large, max-snippet:-1, max-video-preview:-1",https://datanostro.com/cs/,cs,"Tracking, který doručí konverze.","Až 40 % vašich dat tiše mizí. | Jeden kontejner. Všechny platformy. | Provoz plyne přes vaši doménu. | 13 rozšíření. Jeden kliknutí. | Důvěryhodný partner pro vážný server-side tracking. | Naučte se server-side tracking do hloubky | Začněte sbírat data, která mizí. | Produkt | Platformy | E-shop platformy | Zdroje | Právní | Nastavení cookies",1253,8,8,0,False,61,1,"
    {
        ""@context"": ""https://schema.org"",
        ""@type"": ""WebSite"",
        ""name"": ""DataNostro"",
        ""url"": ""https://datanostro.com"",
        ""potentialAction"": {
            ""@type"": ""SearchAction"",
            ""target"": {
                ""@type"": ""EntryPoint"",
                ""urlTemplate"": ""https://datanostro.com/cs/docs/?q={search_term_string}""
            },
            ""query-input"": ""required name=search_term_string""
        },
        ""inLanguage"": [""cs"", ""en""]
    }
     | 
    {
        ""@context"": ""https://schema.org"",
        ""@type"": ""Organization"",
        ""name"": ""DataNostro"",
        ""alternateName"": [""DataNostro.com"", ""DataNostro sGTM""],
        ""url"": ""https://datanostro.com"",
        ""logo"": ""https://datanostro.com/static/img/logo.svg"",
        ""image"": ""https://datanostro.com/static/img/og-image.png"",
        ""description"": ""Managed server-side tracking (sGTM) platforma pro české e-shopy a agentury — EU residency, Czech-language support, native Sklik +  | 
    {
        ""@context"": ""https://schema.org"",
        ""@type"": ""SoftwareApplication"",
        ""name"": ""DataNostro"",
        ""applicationCategory"": ""BusinessApplication"",
        ""operatingSystem"": ""Web"",
        ""offers"": {
            ""@type"": ""AggregateOffer"",
            ""priceCurrency"": ""CZK"",
            ""lowPrice"": ""349"",
            ""highPrice"": ""6990"",
            ""offerCount"": ""5""
        },
        ""featureList"": ""Server-side tracking, GA4, Meta CAPI, Google Ads Conversion API, TikT | 
{
    ""@context"": ""https://schema.org"",
    ""@type"": ""HowTo"",
    ""name"": ""3 kroky k přesnějším datům s server-side trackingem"",
    ""description"": ""Jak nastavit server-side tracking s DataNostro ve 3 jednoduchých krocích."",
    ""totalTime"": ""PT5M"",
    ""step"": [
        {
            ""@type"": ""HowToStep"",
            ""position"": 1,
            ""name"": ""Registrace & výběr plánu"",
            ""text"": ""Vytvořte si účet, vyberte tarif a zadejte GA4 Measurement ID."",
            ""url"": ""https://dat | 
{
    ""@context"": ""https://schema.org"",
    ""@type"": ""Service"",
    ""name"": ""DataNostro"",
    ""description"": ""Managed server-side tracking (sGTM) platforma pro české e-shopy a agentury"",
    ""provider"": { ""@type"": ""Organization"", ""name"": ""DataNostro"", ""url"": ""https://datanostro.com"" },
    ""areaServed"": [{""@type"": ""Country"", ""name"": ""Czech Republic""}, {""@type"": ""Country"", ""name"": ""Slovakia""}],
    ""serviceType"": ""Server-side Google Tag Manager hosting""
}
",DataNostro — Server-Side Tracking,https://datanostro.com/static/img/og-image.cf9b5d14ff2b.png
https://datanostro.com/cs/features/,200,,"Funkce — GA4, Meta CAPI, Sklik, Power-Ups | DataNostro",54,"Kompletní přehled funkcí DataNostro — GA4, Meta CAPI, Google Ads, TikTok, Seznam Sklik. Power-Ups, custom loader, GDPR anonymizace, bot detection.",146,"index, follow, max-image-preview:large, max-snippet:-1, max-video-preview:-1",https://datanostro.com/cs/features/,cs,"Vše, co potřebujete. Hotovo.",Postaveno na evropské infrastruktuře. | Power-ups | Stripe Events Forwarder | White-label | Zkuste celý balík. | Produkt | Platformy | E-shop platformy | Zdroje | Právní | Nastavení cookies,467,0,0,0,False,50,0,"
    {
        ""@context"": ""https://schema.org"",
        ""@type"": ""WebSite"",
        ""name"": ""DataNostro"",
        ""url"": ""https://datanostro.com"",
        ""potentialAction"": {
            ""@type"": ""SearchAction"",
            ""target"": {
                ""@type"": ""EntryPoint"",
                ""urlTemplate"": ""https://datanostro.com/cs/docs/?q={search_term_string}""
            },
            ""query-input"": ""required name=search_term_string""
        },
        ""inLanguage"": [""cs"", ""en""]
    }
     | 
    {
        ""@context"": ""https://schema.org"",
        ""@type"": ""Organization"",
        ""name"": ""DataNostro"",
        ""alternateName"": [""DataNostro.com"", ""DataNostro sGTM""],
        ""url"": ""https://datanostro.com"",
        ""logo"": ""https://datanostro.com/static/img/logo.svg"",
        ""image"": ""https://datanostro.com/static/img/og-image.png"",
        ""description"": ""Managed server-side tracking (sGTM) platforma pro české e-shopy a agentury — EU residency, Czech-language support, native Sklik +  | 
    {
        ""@context"": ""https://schema.org"",
        ""@type"": ""SoftwareApplication"",
        ""name"": ""DataNostro"",
        ""applicationCategory"": ""BusinessApplication"",
        ""operatingSystem"": ""Web"",
        ""offers"": {
            ""@type"": ""AggregateOffer"",
            ""priceCurrency"": ""CZK"",
            ""lowPrice"": ""349"",
            ""highPrice"": ""6990"",
            ""offerCount"": ""5""
        },
        ""featureList"": ""Server-side tracking, GA4, Meta CAPI, Google Ads Conversion API, TikT",DataNostro — Server-Side Tracking,https://datanostro.com/static/img/og-image.cf9b5d14ff2b.png
https://datanostro.com/cs/pricing/,200,,"Ceník — sGTM hosting, server-side tracking | DataNostro",55,"Ceník DataNostro — Managed sGTM hosting od 349 Kč/měsíc. Jeden tarif, neomezené platformy, EU servery, CZ/SK podpora. 14 dní zdarma.",132,"index, follow, max-image-preview:large, max-snippet:-1, max-video-preview:-1",https://datanostro.com/cs/pricing/,cs,Začněte zdarma. Plaťte podle růstu.,Tarify a ceny | Spočítejte úsporu + získejte migrační bonus | Co je v každém plánu | Časté otázky | Vyzkoušejte zdarma. | Produkt | Platformy | E-shop platformy | Zdroje | Právní | Nastavení cookies,699,0,0,1,True,55,0,"
    {
        ""@context"": ""https://schema.org"",
        ""@type"": ""WebSite"",
        ""name"": ""DataNostro"",
        ""url"": ""https://datanostro.com"",
        ""potentialAction"": {
            ""@type"": ""SearchAction"",
            ""target"": {
                ""@type"": ""EntryPoint"",
                ""urlTemplate"": ""https://datanostro.com/cs/docs/?q={search_term_string}""
            },
            ""query-input"": ""required name=search_term_string""
        },
        ""inLanguage"": [""cs"", ""en""]
    }
     | 
    {
        ""@context"": ""https://schema.org"",
        ""@type"": ""Organization"",
        ""name"": ""DataNostro"",
        ""alternateName"": [""DataNostro.com"", ""DataNostro sGTM""],
        ""url"": ""https://datanostro.com"",
        ""logo"": ""https://datanostro.com/static/img/logo.svg"",
        ""image"": ""https://datanostro.com/static/img/og-image.png"",
        ""description"": ""Managed server-side tracking (sGTM) platforma pro české e-shopy a agentury — EU residency, Czech-language support, native Sklik +  | 
    {
        ""@context"": ""https://schema.org"",
        ""@type"": ""SoftwareApplication"",
        ""name"": ""DataNostro"",
        ""applicationCategory"": ""BusinessApplication"",
        ""operatingSystem"": ""Web"",
        ""offers"": {
            ""@type"": ""AggregateOffer"",
            ""priceCurrency"": ""CZK"",
            ""lowPrice"": ""349"",
            ""highPrice"": ""6990"",
            ""offerCount"": ""5""
        },
        ""featureList"": ""Server-side tracking, GA4, Meta CAPI, Google Ads Conversion API, TikT | 
{
  ""@context"": ""https://schema.org"",
  ""@type"": ""FAQPage"",
  ""mainEntity"": [
    {""@type"": ""Question"", ""name"": ""Můžu to nejdřív vyzkoušet zdarma?"", ""acceptedAnswer"": {""@type"": ""Answer"", ""text"": ""Ano. FREE tarif je zdarma navždy (10 000 requestů/měsíc). Placené tarify mají 14 dní zdarma bez kreditní karty.""}},
    {""@type"": ""Question"", ""name"": ""Co se stane, když překročím limit requestů?"", ""acceptedAnswer"": {""@type"": ""Answer"", ""text"": ""Služba běží dál. Účtujeme transparentní sazbu za překročení | 
{
  ""@context"": ""https://schema.org"",
  ""@type"": ""Product"",
  ""name"": ""DataNostro — managed sGTM hosting"",
  ""description"": ""Server-side Google Tag Manager hosting: 14 power-upů, 18 platforem v ceně, EU servery, ISDOC fakturace."",
  ""brand"": {""@type"": ""Brand"", ""name"": ""DataNostro""},
  ""offers"": [
    {""@type"": ""Offer"", ""name"": ""FREE"", ""price"": ""0"", ""priceCurrency"": ""CZK"", ""availability"": ""https://schema.org/InStock"", ""url"": ""https://datanostro.com/cs/pricing/""},
    {""@type"": ""Offer"", ""name"": """,DataNostro — Server-Side Tracking,https://datanostro.com/static/img/og-image.cf9b5d14ff2b.png
https://datanostro.com/cs/why-datanostro/,200,,Proč DataNostro — co s ním získáte,34,"Co DataNostro přináší: server-side tracking, který obchází ad-blockery, vrací konverze, plně podporuje český trh včetně Sklik a Heureka. EU servery, GDPR, fakturace v Kč.",170,"index, follow, max-image-preview:large, max-snippet:-1, max-video-preview:-1",https://datanostro.com/cs/why-datanostro/,cs,"Více konverzí, čistší data, klidnější noci.","Co se reálně změní , když nasadíte DataNostro. | Všechny platformy. Všechny Power-Upy . Bez příplatků. | Postaveno přesně na to, co tady potřebujete. | Pět minut a běží. | Produkt | Platformy | E-shop platformy | Zdroje | Právní | Nastavení cookies",530,0,0,0,False,51,0,"
    {
        ""@context"": ""https://schema.org"",
        ""@type"": ""WebSite"",
        ""name"": ""DataNostro"",
        ""url"": ""https://datanostro.com"",
        ""potentialAction"": {
            ""@type"": ""SearchAction"",
            ""target"": {
                ""@type"": ""EntryPoint"",
                ""urlTemplate"": ""https://datanostro.com/cs/docs/?q={search_term_string}""
            },
            ""query-input"": ""required name=search_term_string""
        },
        ""inLanguage"": [""cs"", ""en""]
    }
     | 
    {
        ""@context"": ""https://schema.org"",
        ""@type"": ""Organization"",
        ""name"": ""DataNostro"",
        ""alternateName"": [""DataNostro.com"", ""DataNostro sGTM""],
        ""url"": ""https://datanostro.com"",
        ""logo"": ""https://datanostro.com/static/img/logo.svg"",
        ""image"": ""https://datanostro.com/static/img/og-image.png"",
        ""description"": ""Managed server-side tracking (sGTM) platforma pro české e-shopy a agentury — EU residency, Czech-language support, native Sklik +  | 
    {
        ""@context"": ""https://schema.org"",
        ""@type"": ""SoftwareApplication"",
        ""name"": ""DataNostro"",
        ""applicationCategory"": ""BusinessApplication"",
        ""operatingSystem"": ""Web"",
        ""offers"": {
            ""@type"": ""AggregateOffer"",
            ""priceCurrency"": ""CZK"",
            ""lowPrice"": ""349"",
            ""highPrice"": ""6990"",
            ""offerCount"": ""5""
        },
        ""featureList"": ""Server-side tracking, GA4, Meta CAPI, Google Ads Conversion API, TikT | 
{
    ""@context"": ""https://schema.org"",
    ""@type"": ""WebPage"",
    ""name"": ""Proč DataNostro"",
    ""description"": ""Hodnota a výsledky managed sGTM hostingu DataNostro pro český e-shop nebo agenturu."",
    ""isPartOf"": {""@type"": ""WebSite"", ""name"": ""DataNostro"", ""url"": ""https://datanostro.com""}
}
",Co s DataNostro získáte,https://datanostro.com/static/img/og-image.cf9b5d14ff2b.png
https://datanostro.com/cs/o-nas/,200,,"O nás — tým, infrastruktura, kontinuita — DataNostro",52,"Kdo stojí za DataNostro, kde jsou servery, jak řešíme kontinuitu provozu i v případě, že tým bude malý, a jaká jsou aktuální čísla platformy.",141,"index, follow, max-image-preview:large, max-snippet:-1, max-video-preview:-1",https://datanostro.com/cs/o-nas/,cs,"Český sGTM hosting , postavený transparentně.","Reálná čísla, ne marketing | Kdo to provozuje | Kde to běží | Co se stane, když tým bude malý nebo já odejdu | Co od kdy běží | Pojďme si zavolat | Produkt | Platformy | E-shop platformy | Zdroje | Právní | Nastavení cookies",752,0,0,0,False,51,0,"
    {
        ""@context"": ""https://schema.org"",
        ""@type"": ""WebSite"",
        ""name"": ""DataNostro"",
        ""url"": ""https://datanostro.com"",
        ""potentialAction"": {
            ""@type"": ""SearchAction"",
            ""target"": {
                ""@type"": ""EntryPoint"",
                ""urlTemplate"": ""https://datanostro.com/cs/docs/?q={search_term_string}""
            },
            ""query-input"": ""required name=search_term_string""
        },
        ""inLanguage"": [""cs"", ""en""]
    }
     | 
    {
        ""@context"": ""https://schema.org"",
        ""@type"": ""Organization"",
        ""name"": ""DataNostro"",
        ""alternateName"": [""DataNostro.com"", ""DataNostro sGTM""],
        ""url"": ""https://datanostro.com"",
        ""logo"": ""https://datanostro.com/static/img/logo.svg"",
        ""image"": ""https://datanostro.com/static/img/og-image.png"",
        ""description"": ""Managed server-side tracking (sGTM) platforma pro české e-shopy a agentury — EU residency, Czech-language support, native Sklik +  | 
    {
        ""@context"": ""https://schema.org"",
        ""@type"": ""SoftwareApplication"",
        ""name"": ""DataNostro"",
        ""applicationCategory"": ""BusinessApplication"",
        ""operatingSystem"": ""Web"",
        ""offers"": {
            ""@type"": ""AggregateOffer"",
            ""priceCurrency"": ""CZK"",
            ""lowPrice"": ""349"",
            ""highPrice"": ""6990"",
            ""offerCount"": ""5""
        },
        ""featureList"": ""Server-side tracking, GA4, Meta CAPI, Google Ads Conversion API, TikT | 
{
    ""@context"": ""https://schema.org"",
    ""@type"": ""AboutPage"",
    ""name"": ""O DataNostru"",
    ""description"": ""Kdo stojí za DataNostro, kde jsou servery, jak řešíme kontinuitu provozu."",
    ""isPartOf"": {""@type"": ""WebSite"", ""name"": ""DataNostro"", ""url"": ""https://datanostro.com""},
    ""mainEntity"": {
        ""@type"": ""Organization"",
        ""name"": ""DataNostro"",
        ""alternateName"": ""Jan Malatinský — DataNostro"",
        ""founder"": {
            ""@type"": ""Person"",
            ""name"": ""Jan  | 
{
    ""@context"": ""https://schema.org"",
    ""@type"": ""Person"",
    ""name"": ""Jan Malatinský"",
    ""jobTitle"": ""Founder & CEO"",
    ""worksFor"": {""@type"": ""Organization"", ""name"": ""DataNostro"", ""url"": ""https://datanostro.com""},
    ""address"": {""@type"": ""PostalAddress"", ""addressLocality"": ""Brno"", ""addressCountry"": ""CZ""},
    ""email"": ""jan@datanostro.com"",
    ""url"": ""https://datanostro.com/cs/o-nas/"",
    ""sameAs"": [""https://www.linkedin.com/in/janmalatinsky""]
}
 | 
{
  ""@context"": ""https://schema.org"",
  ""@type"": ""BreadcrumbList"",
  ""itemListElement"": [
    {""@type"": ""ListItem"", ""position"": 1, ""name"": ""DataNostro"", ""item"": ""https://datanostro.com/""},
    {""@type"": ""ListItem"", ""position"": 2, ""name"": ""O nás"", ""item"": ""https://datanostro.com/cs/o-nas/""}
  ]
}
",O DataNostru — transparence místo marketingu,https://datanostro.com/static/img/og-image.cf9b5d14ff2b.png
https://datanostro.com/cs/contact/,200,,Kontakt — DataNostro,20,"Kontaktujte DataNostro — odpovídáme do 4 hodin. Pomůžeme s nastavením sGTM, integrací GA4, Meta CAPI nebo migrací z jiné platformy.",131,"index, follow, max-image-preview:large, max-snippet:-1, max-video-preview:-1",https://datanostro.com/cs/contact/,cs,Pojďme to spustit.,Produkt | Platformy | E-shop platformy | Zdroje | Právní | Nastavení cookies,103,0,0,1,False,51,0,"
    {
        ""@context"": ""https://schema.org"",
        ""@type"": ""WebSite"",
        ""name"": ""DataNostro"",
        ""url"": ""https://datanostro.com"",
        ""potentialAction"": {
            ""@type"": ""SearchAction"",
            ""target"": {
                ""@type"": ""EntryPoint"",
                ""urlTemplate"": ""https://datanostro.com/cs/docs/?q={search_term_string}""
            },
            ""query-input"": ""required name=search_term_string""
        },
        ""inLanguage"": [""cs"", ""en""]
    }
     | 
    {
        ""@context"": ""https://schema.org"",
        ""@type"": ""Organization"",
        ""name"": ""DataNostro"",
        ""alternateName"": [""DataNostro.com"", ""DataNostro sGTM""],
        ""url"": ""https://datanostro.com"",
        ""logo"": ""https://datanostro.com/static/img/logo.svg"",
        ""image"": ""https://datanostro.com/static/img/og-image.png"",
        ""description"": ""Managed server-side tracking (sGTM) platforma pro české e-shopy a agentury — EU residency, Czech-language support, native Sklik +  | 
    {
        ""@context"": ""https://schema.org"",
        ""@type"": ""SoftwareApplication"",
        ""name"": ""DataNostro"",
        ""applicationCategory"": ""BusinessApplication"",
        ""operatingSystem"": ""Web"",
        ""offers"": {
            ""@type"": ""AggregateOffer"",
            ""priceCurrency"": ""CZK"",
            ""lowPrice"": ""349"",
            ""highPrice"": ""6990"",
            ""offerCount"": ""5""
        },
        ""featureList"": ""Server-side tracking, GA4, Meta CAPI, Google Ads Conversion API, TikT",DataNostro — Server-Side Tracking,https://datanostro.com/static/img/og-image.cf9b5d14ff2b.png
https://datanostro.com/cs/pro-agentury/,200,,"DataNostro pro agentury — white-label sGTM, 20 % komise, fakturace v Kč",71,"Spravujte 30 klientů z jednoho dashboardu. White-label, 20 % komise 12 měsíců, multi-account billing v CZK. Sklik a Heureka native.",131,"index, follow, max-image-preview:large, max-snippet:-1, max-video-preview:-1",https://datanostro.com/cs/pro-agentury/,cs,"Stack pro třicet klientů — jeden dashboard, jedna faktura, žádný americký dolar.","Postavené pro agentury, ne pro freelancery. | Co s tím reálně získáte | Která jste vy? | Od přihlášky k prvnímu klientovi za týden. | Časté otázky agentur | Schvalujeme do 24 hodin. | Produkt | Platformy | E-shop platformy | Zdroje | Právní | Nastavení cookies",811,0,0,0,False,53,0,"
    {
        ""@context"": ""https://schema.org"",
        ""@type"": ""WebSite"",
        ""name"": ""DataNostro"",
        ""url"": ""https://datanostro.com"",
        ""potentialAction"": {
            ""@type"": ""SearchAction"",
            ""target"": {
                ""@type"": ""EntryPoint"",
                ""urlTemplate"": ""https://datanostro.com/cs/docs/?q={search_term_string}""
            },
            ""query-input"": ""required name=search_term_string""
        },
        ""inLanguage"": [""cs"", ""en""]
    }
     | 
    {
        ""@context"": ""https://schema.org"",
        ""@type"": ""Organization"",
        ""name"": ""DataNostro"",
        ""alternateName"": [""DataNostro.com"", ""DataNostro sGTM""],
        ""url"": ""https://datanostro.com"",
        ""logo"": ""https://datanostro.com/static/img/logo.svg"",
        ""image"": ""https://datanostro.com/static/img/og-image.png"",
        ""description"": ""Managed server-side tracking (sGTM) platforma pro české e-shopy a agentury — EU residency, Czech-language support, native Sklik +  | 
    {
        ""@context"": ""https://schema.org"",
        ""@type"": ""SoftwareApplication"",
        ""name"": ""DataNostro"",
        ""applicationCategory"": ""BusinessApplication"",
        ""operatingSystem"": ""Web"",
        ""offers"": {
            ""@type"": ""AggregateOffer"",
            ""priceCurrency"": ""CZK"",
            ""lowPrice"": ""349"",
            ""highPrice"": ""6990"",
            ""offerCount"": ""5""
        },
        ""featureList"": ""Server-side tracking, GA4, Meta CAPI, Google Ads Conversion API, TikT | 
{
  ""@context"": ""https://schema.org"",
  ""@type"": ""Service"",
  ""serviceType"": ""Server-side tracking for agencies"",
  ""name"": ""DataNostro Agency Program"",
  ""description"": ""Managed sGTM hosting s white-label, multi-account billingem a 20 % komisí pro CZ/SK marketingové agentury."",
  ""provider"": {""@type"": ""Organization"", ""name"": ""DataNostro"", ""url"": ""https://datanostro.com""},
  ""audience"": {""@type"": ""Audience"", ""audienceType"": ""Marketing agencies""}
}
",DataNostro pro agentury — stack pro 30 klientů z jednoho dashboardu,https://datanostro.com/static/img/og-image.cf9b5d14ff2b.png
https://datanostro.com/cs/pro-cesky-trh/,200,,sGTM hosting v Kč · Sklik & Heureka native — DataNostro,55,"Managed sGTM hosting pro CZ/SK trh: native Sklik a Heureka, fakturace v Kč s ISDOC, EU servery, česká podpora. 14 dní zdarma.",125,"index, follow, max-image-preview:large, max-snippet:-1, max-video-preview:-1",https://datanostro.com/cs/pro-cesky-trh/,cs,"Server-side tracking, postavený doma.","Pokud něco z toho znáte, jste na správné stránce | Co s DataNostro místo toho dostanete | Co se obvykle stane v prvních 30 dnech | Časté otázky | Začněte měřit přesně tak, jak český trh očekává. | Produkt | Platformy | E-shop platformy | Zdroje | Právní | Nastavení cookies",854,0,0,0,False,51,0,"
    {
        ""@context"": ""https://schema.org"",
        ""@type"": ""WebSite"",
        ""name"": ""DataNostro"",
        ""url"": ""https://datanostro.com"",
        ""potentialAction"": {
            ""@type"": ""SearchAction"",
            ""target"": {
                ""@type"": ""EntryPoint"",
                ""urlTemplate"": ""https://datanostro.com/cs/docs/?q={search_term_string}""
            },
            ""query-input"": ""required name=search_term_string""
        },
        ""inLanguage"": [""cs"", ""en""]
    }
     | 
    {
        ""@context"": ""https://schema.org"",
        ""@type"": ""Organization"",
        ""name"": ""DataNostro"",
        ""alternateName"": [""DataNostro.com"", ""DataNostro sGTM""],
        ""url"": ""https://datanostro.com"",
        ""logo"": ""https://datanostro.com/static/img/logo.svg"",
        ""image"": ""https://datanostro.com/static/img/og-image.png"",
        ""description"": ""Managed server-side tracking (sGTM) platforma pro české e-shopy a agentury — EU residency, Czech-language support, native Sklik +  | 
    {
        ""@context"": ""https://schema.org"",
        ""@type"": ""SoftwareApplication"",
        ""name"": ""DataNostro"",
        ""applicationCategory"": ""BusinessApplication"",
        ""operatingSystem"": ""Web"",
        ""offers"": {
            ""@type"": ""AggregateOffer"",
            ""priceCurrency"": ""CZK"",
            ""lowPrice"": ""349"",
            ""highPrice"": ""6990"",
            ""offerCount"": ""5""
        },
        ""featureList"": ""Server-side tracking, GA4, Meta CAPI, Google Ads Conversion API, TikT | 
{
    ""@context"": ""https://schema.org"",
    ""@type"": ""WebPage"",
    ""name"": ""sGTM hosting pro český trh"",
    ""description"": ""Server-side tracking pro české e-shopy a agentury, postavený lokálně."",
    ""isPartOf"": {""@type"": ""WebSite"", ""name"": ""DataNostro"", ""url"": ""https://datanostro.com""},
    ""areaServed"": [
        {""@type"": ""Country"", ""name"": ""Czech Republic""},
        {""@type"": ""Country"", ""name"": ""Slovakia""}
    ]
}
 | 
{
    ""@context"": ""https://schema.org"",
    ""@type"": ""FAQPage"",
    ""mainEntity"": [
        {""@type"": ""Question"", ""name"": ""Co když přijdeme o data při migraci?"", ""acceptedAnswer"": {""@type"": ""Answer"", ""text"": ""Tracking data jsou v cílových platformách (GA4, Meta, Sklik), ne v sGTM hostingu. sGTM jen forwarduje. Po migraci data dál tečou do stejných platforem.""}},
        {""@type"": ""Question"", ""name"": ""Co Power-Ups (Cookie Keeper, Anonymizer, Bot Detection)?"", ""acceptedAnswer"": {""@type"": ""Answer""",DataNostro — sGTM hosting pro český trh,https://datanostro.com/static/img/og-image.cf9b5d14ff2b.png
https://datanostro.com/cs/care/,200,,DataNostro Care — managed onboarding — DataNostro,49,"Postavíme vám server-side tracking na klíč. GA4 + Meta CAPI + Ads, Power-Ups, Consent Mode v2. SLA, intenzivní podpora po spuštění, dedikovaný account manager.",159,"index, follow, max-image-preview:large, max-snippet:-1, max-video-preview:-1",https://datanostro.com/cs/care/,cs,Postavíme vám tracking na klíč.,"Vyberte balík podle rozsahu. | Tři týdny, od kontaktu po live tracking. | Vyplňte 6 polí, ozveme se do 4 hodin. | Produkt | Platformy | E-shop platformy | Zdroje | Právní | Nastavení cookies",392,0,0,1,False,50,0,"
    {
        ""@context"": ""https://schema.org"",
        ""@type"": ""WebSite"",
        ""name"": ""DataNostro"",
        ""url"": ""https://datanostro.com"",
        ""potentialAction"": {
            ""@type"": ""SearchAction"",
            ""target"": {
                ""@type"": ""EntryPoint"",
                ""urlTemplate"": ""https://datanostro.com/cs/docs/?q={search_term_string}""
            },
            ""query-input"": ""required name=search_term_string""
        },
        ""inLanguage"": [""cs"", ""en""]
    }
     | 
    {
        ""@context"": ""https://schema.org"",
        ""@type"": ""Organization"",
        ""name"": ""DataNostro"",
        ""alternateName"": [""DataNostro.com"", ""DataNostro sGTM""],
        ""url"": ""https://datanostro.com"",
        ""logo"": ""https://datanostro.com/static/img/logo.svg"",
        ""image"": ""https://datanostro.com/static/img/og-image.png"",
        ""description"": ""Managed server-side tracking (sGTM) platforma pro české e-shopy a agentury — EU residency, Czech-language support, native Sklik +  | 
    {
        ""@context"": ""https://schema.org"",
        ""@type"": ""SoftwareApplication"",
        ""name"": ""DataNostro"",
        ""applicationCategory"": ""BusinessApplication"",
        ""operatingSystem"": ""Web"",
        ""offers"": {
            ""@type"": ""AggregateOffer"",
            ""priceCurrency"": ""CZK"",
            ""lowPrice"": ""349"",
            ""highPrice"": ""6990"",
            ""offerCount"": ""5""
        },
        ""featureList"": ""Server-side tracking, GA4, Meta CAPI, Google Ads Conversion API, TikT",DataNostro — Server-Side Tracking,https://datanostro.com/static/img/og-image.cf9b5d14ff2b.png
https://datanostro.com/cs/migrate/,200,,Migrace na DataNostro,21,"Krok-za-krokem návody pro přechod z Google Cloud sGTM, vlastního hostingu nebo jiných sGTM platforem na DataNostro. Bez výpadků, s rollback plánem, EU-only servery.",164,"index, follow, max-image-preview:large, max-snippet:-1, max-video-preview:-1",https://datanostro.com/cs/migrate/,cs,Přejděte na DataNostro za odpoledne,Migrace na míru | Krok-za-krokem návody | Co dostanete v ceně | Potřebujete pomoc s migrací? | Produkt | Platformy | E-shop platformy | Zdroje | Právní | Nastavení cookies,325,0,0,0,False,53,0,"
    {
        ""@context"": ""https://schema.org"",
        ""@type"": ""WebSite"",
        ""name"": ""DataNostro"",
        ""url"": ""https://datanostro.com"",
        ""potentialAction"": {
            ""@type"": ""SearchAction"",
            ""target"": {
                ""@type"": ""EntryPoint"",
                ""urlTemplate"": ""https://datanostro.com/cs/docs/?q={search_term_string}""
            },
            ""query-input"": ""required name=search_term_string""
        },
        ""inLanguage"": [""cs"", ""en""]
    }
     | 
    {
        ""@context"": ""https://schema.org"",
        ""@type"": ""Organization"",
        ""name"": ""DataNostro"",
        ""alternateName"": [""DataNostro.com"", ""DataNostro sGTM""],
        ""url"": ""https://datanostro.com"",
        ""logo"": ""https://datanostro.com/static/img/logo.svg"",
        ""image"": ""https://datanostro.com/static/img/og-image.png"",
        ""description"": ""Managed server-side tracking (sGTM) platforma pro české e-shopy a agentury — EU residency, Czech-language support, native Sklik +  | 
    {
        ""@context"": ""https://schema.org"",
        ""@type"": ""SoftwareApplication"",
        ""name"": ""DataNostro"",
        ""applicationCategory"": ""BusinessApplication"",
        ""operatingSystem"": ""Web"",
        ""offers"": {
            ""@type"": ""AggregateOffer"",
            ""priceCurrency"": ""CZK"",
            ""lowPrice"": ""349"",
            ""highPrice"": ""6990"",
            ""offerCount"": ""5""
        },
        ""featureList"": ""Server-side tracking, GA4, Meta CAPI, Google Ads Conversion API, TikT",Migrace na DataNostro — Step-by-step guides,https://datanostro.com/static/img/og-image.cf9b5d14ff2b.png
https://datanostro.com/cs/migrace-ze-stape/,200,,Migrace ze Stape.io na DataNostro — DataNostro,46,"Přechod ze Stape.io za 5-7 dní. O 10 % a víc nižší cena při stejných limitech. EU servery, česká podpora, Sklik a Heureka native.",129,"index, follow, max-image-preview:large, max-snippet:-1, max-video-preview:-1",https://datanostro.com/cs/migrace-ze-stape/,cs,"Stejné limity, o 10 % a víc nižší cena.","Stejný limit, vždy levnější. | Co se kryje a v čem se lišíme | 5-7 dní, žádný výpadek trackingu. | Co se nejčastěji ptáte | První migrační konzultace zdarma. | Produkt | Platformy | E-shop platformy | Zdroje | Právní | Nastavení cookies",923,0,0,0,True,55,0,"
    {
        ""@context"": ""https://schema.org"",
        ""@type"": ""WebSite"",
        ""name"": ""DataNostro"",
        ""url"": ""https://datanostro.com"",
        ""potentialAction"": {
            ""@type"": ""SearchAction"",
            ""target"": {
                ""@type"": ""EntryPoint"",
                ""urlTemplate"": ""https://datanostro.com/cs/docs/?q={search_term_string}""
            },
            ""query-input"": ""required name=search_term_string""
        },
        ""inLanguage"": [""cs"", ""en""]
    }
     | 
    {
        ""@context"": ""https://schema.org"",
        ""@type"": ""Organization"",
        ""name"": ""DataNostro"",
        ""alternateName"": [""DataNostro.com"", ""DataNostro sGTM""],
        ""url"": ""https://datanostro.com"",
        ""logo"": ""https://datanostro.com/static/img/logo.svg"",
        ""image"": ""https://datanostro.com/static/img/og-image.png"",
        ""description"": ""Managed server-side tracking (sGTM) platforma pro české e-shopy a agentury — EU residency, Czech-language support, native Sklik +  | 
    {
        ""@context"": ""https://schema.org"",
        ""@type"": ""SoftwareApplication"",
        ""name"": ""DataNostro"",
        ""applicationCategory"": ""BusinessApplication"",
        ""operatingSystem"": ""Web"",
        ""offers"": {
            ""@type"": ""AggregateOffer"",
            ""priceCurrency"": ""CZK"",
            ""lowPrice"": ""349"",
            ""highPrice"": ""6990"",
            ""offerCount"": ""5""
        },
        ""featureList"": ""Server-side tracking, GA4, Meta CAPI, Google Ads Conversion API, TikT | 
{
  ""@context"": ""https://schema.org"",
  ""@type"": ""FAQPage"",
  ""mainEntity"": [
    {""@type"": ""Question"", ""name"": ""Je DataNostro levnější než Stape?"", ""acceptedAnswer"": {""@type"": ""Answer"", ""text"": ""Ano — při srovnatelných limitech (1 mil. requestů / 30 dní) je DataNostro o 10–13 % levnější. Plus účtujeme v CZK bez kurzového rizika, takže rozpočet sedí přesně po celý rok. Stape účtuje v USD, takže měsíční náklad kolísá s kurzem.""}},
    {""@type"": ""Question"", ""name"": ""Podporuje Stape Seznam Sklik a",Stape.io → DataNostro — ušetříte 9-11 % bez ztráty kapacity,https://datanostro.com/static/img/og-image.cf9b5d14ff2b.png
https://datanostro.com/cs/migrace-z-google-cloud/,200,,Migrace z Google Cloud sGTM na DataNostro — DataNostro,54,"Hostujete sGTM na Google Cloud Run nebo App Engine? Spočítejte kolik měsíčně platíte a kolik ušetříte s DataNostro. Migrace za odpoledne, EU servery, žádné egress poplatky, fixní Kč fakturace.",192,"index, follow, max-image-preview:large, max-snippet:-1, max-video-preview:-1",https://datanostro.com/cs/migrace-z-google-cloud/,cs,"Žádné Cloud Run, IAM ani egress poplatky.","Co reálně platíte za GCP vs DataNostro | Proč to umíme za 1 690 Kč, když GCP účtuje 2 600 Kč | Co konkrétně získáte a co ztratíte | Managed = víc než jen hosting | Bod-za-bodem srovnání | Migrace za odpoledne, ne za týden | Když něco nesedí: rollback na GCP za 5 minut | Na co se klienti nejčastěji ptají | Paralelní test-drive — 7 dní zdarma, žádný DNS cutover | Připraveni přejít? | Produkt | Platformy | E-shop platformy | Zdroje | Právní | Nastavení cookies",1911,0,0,0,False,54,0,"
    {
        ""@context"": ""https://schema.org"",
        ""@type"": ""WebSite"",
        ""name"": ""DataNostro"",
        ""url"": ""https://datanostro.com"",
        ""potentialAction"": {
            ""@type"": ""SearchAction"",
            ""target"": {
                ""@type"": ""EntryPoint"",
                ""urlTemplate"": ""https://datanostro.com/cs/docs/?q={search_term_string}""
            },
            ""query-input"": ""required name=search_term_string""
        },
        ""inLanguage"": [""cs"", ""en""]
    }
     | 
    {
        ""@context"": ""https://schema.org"",
        ""@type"": ""Organization"",
        ""name"": ""DataNostro"",
        ""alternateName"": [""DataNostro.com"", ""DataNostro sGTM""],
        ""url"": ""https://datanostro.com"",
        ""logo"": ""https://datanostro.com/static/img/logo.svg"",
        ""image"": ""https://datanostro.com/static/img/og-image.png"",
        ""description"": ""Managed server-side tracking (sGTM) platforma pro české e-shopy a agentury — EU residency, Czech-language support, native Sklik +  | 
    {
        ""@context"": ""https://schema.org"",
        ""@type"": ""SoftwareApplication"",
        ""name"": ""DataNostro"",
        ""applicationCategory"": ""BusinessApplication"",
        ""operatingSystem"": ""Web"",
        ""offers"": {
            ""@type"": ""AggregateOffer"",
            ""priceCurrency"": ""CZK"",
            ""lowPrice"": ""349"",
            ""highPrice"": ""6990"",
            ""offerCount"": ""5""
        },
        ""featureList"": ""Server-side tracking, GA4, Meta CAPI, Google Ads Conversion API, TikT | 
        {
          ""@context"": ""https://schema.org"",
          ""@type"": ""FAQPage"",
          ""mainEntity"": [
            {""@type"": ""Question"", ""name"": ""Ztratím data během migrace z Google Cloud sGTM?"",
             ""acceptedAnswer"": {""@type"": ""Answer"", ""text"": ""Ne, pokud postupujete podle našeho doporučeného timeline. Snížíte TTL CNAME předem na 5 min, paralelně běží DataNostro i GCP kontejner. V nejhorším případě ztratíte 5-15 minut dat během DNS propagace.""}},
            {""@type"": ""Question",Google Cloud sGTM → DataNostro: ušetříte o ~60–70 % měsíčně,https://datanostro.com/static/img/og-gcp.975a8c55bc35.png
https://datanostro.com/cs/gtm-templates/,200,,GTM Templates — DataNostro,26,Stáhněte si GTM Server-side templates pod značkou DataNostro. Kompatibilní se standardním sGTM API + snadná instalace jedním kliknutím.,135,"index, follow, max-image-preview:large, max-snippet:-1, max-video-preview:-1",https://datanostro.com/cs/gtm-templates/,cs,Server-side GTM šablony pod značkou DataNostro,📡 GTM Clients | 🏷️ GTM Tagy | 📦 GTM Variables | 📖 Jak nainstalovat GTM šablonu | 💬 Časté otázky | Potřebujete pomoc s instalací? | Produkt | Platformy | E-shop platformy | Zdroje | Právní | Nastavení cookies,623,0,0,0,False,66,1,"
    {
        ""@context"": ""https://schema.org"",
        ""@type"": ""WebSite"",
        ""name"": ""DataNostro"",
        ""url"": ""https://datanostro.com"",
        ""potentialAction"": {
            ""@type"": ""SearchAction"",
            ""target"": {
                ""@type"": ""EntryPoint"",
                ""urlTemplate"": ""https://datanostro.com/cs/docs/?q={search_term_string}""
            },
            ""query-input"": ""required name=search_term_string""
        },
        ""inLanguage"": [""cs"", ""en""]
    }
     | 
    {
        ""@context"": ""https://schema.org"",
        ""@type"": ""Organization"",
        ""name"": ""DataNostro"",
        ""alternateName"": [""DataNostro.com"", ""DataNostro sGTM""],
        ""url"": ""https://datanostro.com"",
        ""logo"": ""https://datanostro.com/static/img/logo.svg"",
        ""image"": ""https://datanostro.com/static/img/og-image.png"",
        ""description"": ""Managed server-side tracking (sGTM) platforma pro české e-shopy a agentury — EU residency, Czech-language support, native Sklik +  | 
    {
        ""@context"": ""https://schema.org"",
        ""@type"": ""SoftwareApplication"",
        ""name"": ""DataNostro"",
        ""applicationCategory"": ""BusinessApplication"",
        ""operatingSystem"": ""Web"",
        ""offers"": {
            ""@type"": ""AggregateOffer"",
            ""priceCurrency"": ""CZK"",
            ""lowPrice"": ""349"",
            ""highPrice"": ""6990"",
            ""offerCount"": ""5""
        },
        ""featureList"": ""Server-side tracking, GA4, Meta CAPI, Google Ads Conversion API, TikT | 
{
  ""@context"": ""https://schema.org"",
  ""@type"": ""FAQPage"",
  ""mainEntity"": [
    {
      ""@type"": ""Question"",
      ""name"": ""Jsou tyto šablony zdarma?"",
      ""acceptedAnswer"": {
        ""@type"": ""Answer"",
        ""text"": ""Ano, všechny GTM šablony jsou zdarma. Power-Ups jsou však dostupné pouze v PRO+ plánech DataNostro.""
      }
    },
    {
      ""@type"": ""Question"",
      ""name"": ""Jaký je rozdíl mezi GTM šablonami a Power-Ups?"",
      ""acceptedAnswer"": {
        ""@type"": ""Answer"",
        """,DataNostro — Server-Side Tracking,https://datanostro.com/static/img/og-image.cf9b5d14ff2b.png
https://datanostro.com/cs/eu-residency/,200,,EU data residency — server-side tracking 100 % v EU — DataNostro,64,"DataNostro hostuje každý sGTM kontejner v EU Tier III datacentru v Německu. EU jurisdikce, GDPR-only datový tok, žádné Schrems II riziko. SCC + DPA v ceně. Provozováno z České republiky.",186,"index, follow, max-image-preview:large, max-snippet:-1, max-video-preview:-1",https://datanostro.com/cs/eu-residency/,cs,Server-side tracking kompletně hostovaný v Evropské unii.,"EU residency je dnes vstupní podmínka, ne checkbox. | Tři. A nic víc. | Jak tracking event prochází DataNostrem. | Otázky pro procurement, srozumitelné odpovědi. | Připraveni, až bude připravený váš procurement. | Produkt | Platformy | E-shop platformy | Zdroje | Právní | Nastavení cookies",775,0,0,0,False,52,0,"
    {
        ""@context"": ""https://schema.org"",
        ""@type"": ""WebSite"",
        ""name"": ""DataNostro"",
        ""url"": ""https://datanostro.com"",
        ""potentialAction"": {
            ""@type"": ""SearchAction"",
            ""target"": {
                ""@type"": ""EntryPoint"",
                ""urlTemplate"": ""https://datanostro.com/cs/docs/?q={search_term_string}""
            },
            ""query-input"": ""required name=search_term_string""
        },
        ""inLanguage"": [""cs"", ""en""]
    }
     | 
    {
        ""@context"": ""https://schema.org"",
        ""@type"": ""Organization"",
        ""name"": ""DataNostro"",
        ""alternateName"": [""DataNostro.com"", ""DataNostro sGTM""],
        ""url"": ""https://datanostro.com"",
        ""logo"": ""https://datanostro.com/static/img/logo.svg"",
        ""image"": ""https://datanostro.com/static/img/og-image.png"",
        ""description"": ""Managed server-side tracking (sGTM) platforma pro české e-shopy a agentury — EU residency, Czech-language support, native Sklik +  | 
    {
        ""@context"": ""https://schema.org"",
        ""@type"": ""SoftwareApplication"",
        ""name"": ""DataNostro"",
        ""applicationCategory"": ""BusinessApplication"",
        ""operatingSystem"": ""Web"",
        ""offers"": {
            ""@type"": ""AggregateOffer"",
            ""priceCurrency"": ""CZK"",
            ""lowPrice"": ""349"",
            ""highPrice"": ""6990"",
            ""offerCount"": ""5""
        },
        ""featureList"": ""Server-side tracking, GA4, Meta CAPI, Google Ads Conversion API, TikT | 
{
  ""@context"": ""https://schema.org"",
  ""@type"": ""Service"",
  ""serviceType"": ""EU-resident server-side tracking hosting"",
  ""name"": ""DataNostro — EU Data Residency"",
  ""description"": ""Managed sGTM hosting s daty fyzicky i právně v EU."",
  ""provider"": {""@type"": ""Organization"", ""name"": ""DataNostro"", ""url"": ""https://datanostro.com""},
  ""areaServed"": [
    {""@type"": ""AdministrativeArea"", ""name"": ""European Union""}
  ],
  ""offers"": {""@type"": ""Offer"", ""price"": ""349"", ""priceCurrency"": ""CZK"", ""url"": ""htt | 
{
  ""@context"": ""https://schema.org"",
  ""@type"": ""BreadcrumbList"",
  ""itemListElement"": [
    {""@type"": ""ListItem"", ""position"": 1, ""name"": ""DataNostro"", ""item"": ""https://datanostro.com/""},
    {""@type"": ""ListItem"", ""position"": 2, ""name"": ""EU residency"", ""item"": ""https://datanostro.com/cs/eu-residency/""}
  ]
}
",EU data residency pro server-side tracking — DataNostro,https://datanostro.com/static/img/og-image.cf9b5d14ff2b.png
https://datanostro.com/cs/trust/,200,,Trust Center — bezpečnost & compliance — DataNostro,51,"Trust Center DataNostro: architektura, sub-procesoři, GDPR, compliance status, SIG-Lite odpovědi. Pro security a procurement týmy.",130,"index, follow, max-image-preview:large, max-snippet:-1, max-video-preview:-1",https://datanostro.com/cs/trust/,cs,"Bezpečnost, transparentně.","Aktuální stav (live) | Compliance status — co máme a co ne | Bezpečnostní architektura | Zpracování dat — co, kde, jak dlouho | Incident response a oznamovací povinnost | Hlášení zranitelností | Dokumenty ke stažení | Předpřipravené odpovědi (SIG-Lite výtah) | Otázka, která tady chybí? | Produkt | Platformy | E-shop platformy | Zdroje | Právní | Nastavení cookies",1256,0,0,0,False,51,0,"
    {
        ""@context"": ""https://schema.org"",
        ""@type"": ""WebSite"",
        ""name"": ""DataNostro"",
        ""url"": ""https://datanostro.com"",
        ""potentialAction"": {
            ""@type"": ""SearchAction"",
            ""target"": {
                ""@type"": ""EntryPoint"",
                ""urlTemplate"": ""https://datanostro.com/cs/docs/?q={search_term_string}""
            },
            ""query-input"": ""required name=search_term_string""
        },
        ""inLanguage"": [""cs"", ""en""]
    }
     | 
    {
        ""@context"": ""https://schema.org"",
        ""@type"": ""Organization"",
        ""name"": ""DataNostro"",
        ""alternateName"": [""DataNostro.com"", ""DataNostro sGTM""],
        ""url"": ""https://datanostro.com"",
        ""logo"": ""https://datanostro.com/static/img/logo.svg"",
        ""image"": ""https://datanostro.com/static/img/og-image.png"",
        ""description"": ""Managed server-side tracking (sGTM) platforma pro české e-shopy a agentury — EU residency, Czech-language support, native Sklik +  | 
    {
        ""@context"": ""https://schema.org"",
        ""@type"": ""SoftwareApplication"",
        ""name"": ""DataNostro"",
        ""applicationCategory"": ""BusinessApplication"",
        ""operatingSystem"": ""Web"",
        ""offers"": {
            ""@type"": ""AggregateOffer"",
            ""priceCurrency"": ""CZK"",
            ""lowPrice"": ""349"",
            ""highPrice"": ""6990"",
            ""offerCount"": ""5""
        },
        ""featureList"": ""Server-side tracking, GA4, Meta CAPI, Google Ads Conversion API, TikT | 
{
    ""@context"": ""https://schema.org"",
    ""@type"": ""WebPage"",
    ""name"": ""DataNostro Trust Center"",
    ""description"": ""Bezpečnostní architektura, sub-procesoři, GDPR a compliance status, předpřipravené odpovědi na SIG-Lite vendor questionnaire."",
    ""isPartOf"": {""@type"": ""WebSite"", ""name"": ""DataNostro"", ""url"": ""https://datanostro.com""},
    ""lastReviewed"": ""2026-10-08T17:20:04.183370+02:00"",
    ""speakable"": {
        ""@type"": ""SpeakableSpecification"",
        ""cssSelector"": ["".dn-h-displa | 
{
    ""@context"": ""https://schema.org"",
    ""@type"": ""FAQPage"",
    ""mainEntity"": [
        {""@type"": ""Question"", ""name"": ""Máte zavedený ISMS?"", ""acceptedAnswer"": {""@type"": ""Answer"", ""text"": ""Formální certifikovaný ISMS dle ISO 27001 plánujeme Q4 2026. Provozujeme dokumentovaný interní bezpečnostní rámec dle čl. 32 GDPR.""}},
        {""@type"": ""Question"", ""name"": ""Kdo má přístup ke produkčním systémům?"", ""acceptedAnswer"": {""@type"": ""Answer"", ""text"": ""Pouze zakladatel. SSH klíče s passphrase, MFA",DataNostro Trust Center,https://datanostro.com/static/img/og-image.cf9b5d14ff2b.png
https://datanostro.com/cs/meta-capi/,200,,Meta CAPI server-side tracking — DataNostro,43,"Server-side Meta CAPI přes DataNostro sGTM. iOS/Safari ad-blockery už vám nepoškodí ROAS — first-party cookies, deduplikace, EU servery, 14 dní zdarma. Bez per-pixel poplatků.",175,"index, follow, max-image-preview:large, max-snippet:-1, max-video-preview:-1",https://datanostro.com/cs/meta-capi/,cs,Posílejte konverze Meta CAPI server-side a obnovte 25 % ztracených dat.,"Co se změní, když přestanete spoléhat na pixel | Tři kroky a data tečou. | Vše v jednom plánu | Bez per-pixel placení. Neomezené platformy. | Časté otázky | Další server-side integrace | Připravte se na další iOS update | Produkt | Platformy | E-shop platformy | Zdroje | Právní | Nastavení cookies",751,0,0,0,True,51,0,"
    {
        ""@context"": ""https://schema.org"",
        ""@type"": ""WebSite"",
        ""name"": ""DataNostro"",
        ""url"": ""https://datanostro.com"",
        ""potentialAction"": {
            ""@type"": ""SearchAction"",
            ""target"": {
                ""@type"": ""EntryPoint"",
                ""urlTemplate"": ""https://datanostro.com/cs/docs/?q={search_term_string}""
            },
            ""query-input"": ""required name=search_term_string""
        },
        ""inLanguage"": [""cs"", ""en""]
    }
     | 
    {
        ""@context"": ""https://schema.org"",
        ""@type"": ""Organization"",
        ""name"": ""DataNostro"",
        ""alternateName"": [""DataNostro.com"", ""DataNostro sGTM""],
        ""url"": ""https://datanostro.com"",
        ""logo"": ""https://datanostro.com/static/img/logo.svg"",
        ""image"": ""https://datanostro.com/static/img/og-image.png"",
        ""description"": ""Managed server-side tracking (sGTM) platforma pro české e-shopy a agentury — EU residency, Czech-language support, native Sklik +  | 
    {
        ""@context"": ""https://schema.org"",
        ""@type"": ""SoftwareApplication"",
        ""name"": ""DataNostro"",
        ""applicationCategory"": ""BusinessApplication"",
        ""operatingSystem"": ""Web"",
        ""offers"": {
            ""@type"": ""AggregateOffer"",
            ""priceCurrency"": ""CZK"",
            ""lowPrice"": ""349"",
            ""highPrice"": ""6990"",
            ""offerCount"": ""5""
        },
        ""featureList"": ""Server-side tracking, GA4, Meta CAPI, Google Ads Conversion API, TikT | 
{
  ""@context"": ""https://schema.org"",
  ""@type"": ""Service"",
  ""serviceType"": ""Meta CAPI server-side tracking"",
  ""name"": ""DataNostro — Meta CAPI integrace"",
  ""description"": ""Server\u002Dside Meta CAPI přes DataNostro sGTM. iOS/Safari ad\u002Dblockery už vám nepoškodí ROAS — first\u002Dparty cookies, deduplikace, EU servery, 14 dní zdarma. Bez per\u002Dpixel poplatků."",
  ""provider"": {""@type"": ""Organization"", ""name"": ""DataNostro"", ""url"": ""https://datanostro.com""},
  
  ""areaServed"": [{""@type"":  | 
{
  ""@context"": ""https://schema.org"",
  ""@type"": ""FAQPage"",
  ""mainEntity"": [
    
    {""@type"": ""Question"", ""name"": ""Potřebuji ještě klasický Meta Pixel, když mám CAPI?"", ""acceptedAnswer"": {""@type"": ""Answer"", ""text"": ""Ano. Meta doporučuje oba běžet paralelně se stejným event_id (deduplikace). Pixel pokrývá Conversion Lift měření a custom audiences pre\u002DiOS 14, CAPI obchází ad\u002Dblockery a ITP. Posíláme oba zároveň automaticky.""}},
    
    {""@type"": ""Question"", ""name"": ""Jak velký je dop | 
{
  ""@context"": ""https://schema.org"",
  ""@type"": ""BreadcrumbList"",
  ""itemListElement"": [
    {""@type"": ""ListItem"", ""position"": 1, ""name"": ""DataNostro"", ""item"": ""https://datanostro.com/""},
    {""@type"": ""ListItem"", ""position"": 2, ""name"": ""Platformy"", ""item"": ""https://datanostro.com/cs/platform/""},
    {""@type"": ""ListItem"", ""position"": 3, ""name"": ""Meta CAPI"", ""item"": ""https://datanostro.com/cs/meta-capi/""}
  ]
}
",Meta CAPI — server-side tracking · DataNostro,https://datanostro.com/static/img/og-image.cf9b5d14ff2b.png
https://datanostro.com/cs/sklik-konverze/,200,,Seznam Event Measurement (SEM) server-side tracking — DataNostro,64,"Seznam Event Measurement (SEM) server-side přes GTM — nový standard měření Sklik & Zboží.cz. S2S na sem.seznam.cz, obejití ad-blockerů, EU servery, GA4 + SEM + Heureka v jednom plánu od 349 Kč.",193,"index, follow, max-image-preview:large, max-snippet:-1, max-video-preview:-1",https://datanostro.com/cs/sklik-konverze/,cs,Seznam Event Measurement (SEM) server-side — nový standard měření Sklik & Zboží.cz přes S2S.,"Proč SEM patří do server-side stacku | Tři kroky a data tečou. | CZ market features, které jinde nenajdete | Bez per-pixel placení. Neomezené platformy. | Časté otázky | Další server-side integrace | SEM server-side, GA4 ve shodě, faktura v Kč | Produkt | Platformy | E-shop platformy | Zdroje | Právní | Nastavení cookies",799,0,0,0,False,51,0,"
    {
        ""@context"": ""https://schema.org"",
        ""@type"": ""WebSite"",
        ""name"": ""DataNostro"",
        ""url"": ""https://datanostro.com"",
        ""potentialAction"": {
            ""@type"": ""SearchAction"",
            ""target"": {
                ""@type"": ""EntryPoint"",
                ""urlTemplate"": ""https://datanostro.com/cs/docs/?q={search_term_string}""
            },
            ""query-input"": ""required name=search_term_string""
        },
        ""inLanguage"": [""cs"", ""en""]
    }
     | 
    {
        ""@context"": ""https://schema.org"",
        ""@type"": ""Organization"",
        ""name"": ""DataNostro"",
        ""alternateName"": [""DataNostro.com"", ""DataNostro sGTM""],
        ""url"": ""https://datanostro.com"",
        ""logo"": ""https://datanostro.com/static/img/logo.svg"",
        ""image"": ""https://datanostro.com/static/img/og-image.png"",
        ""description"": ""Managed server-side tracking (sGTM) platforma pro české e-shopy a agentury — EU residency, Czech-language support, native Sklik +  | 
    {
        ""@context"": ""https://schema.org"",
        ""@type"": ""SoftwareApplication"",
        ""name"": ""DataNostro"",
        ""applicationCategory"": ""BusinessApplication"",
        ""operatingSystem"": ""Web"",
        ""offers"": {
            ""@type"": ""AggregateOffer"",
            ""priceCurrency"": ""CZK"",
            ""lowPrice"": ""349"",
            ""highPrice"": ""6990"",
            ""offerCount"": ""5""
        },
        ""featureList"": ""Server-side tracking, GA4, Meta CAPI, Google Ads Conversion API, TikT | 
{
  ""@context"": ""https://schema.org"",
  ""@type"": ""Service"",
  ""serviceType"": ""Seznam Event Measurement (SEM) server-side tracking"",
  ""name"": ""DataNostro — Seznam Event Measurement (SEM) integrace"",
  ""description"": ""Seznam Event Measurement (SEM) server\u002Dside přes GTM — nový standard měření Sklik \u0026 Zboží.cz. S2S na sem.seznam.cz, obejití ad\u002Dblockerů, EU servery, GA4 + SEM + Heureka v jednom plánu od 349 Kč."",
  ""provider"": {""@type"": ""Organization"", ""name"": ""DataNostro"", ""url"": ""h | 
{
  ""@context"": ""https://schema.org"",
  ""@type"": ""FAQPage"",
  ""mainEntity"": [
    
    {""@type"": ""Question"", ""name"": ""Co je Seznam Event Measurement (SEM)?"", ""acceptedAnswer"": {""@type"": ""Answer"", ""text"": ""SEM je nový standard měření Seznamu (rollout 2026), který jedním skriptem sul.js nahrazuje dřívější oddělené retargetingové (rc.js) a konverzní kódy. Podporuje víc typů událostí, automatický retargeting z eventů a consent přes IAB TCF / Google Consent Mode.""}},
    
    {""@type"": ""Question"", "" | 
{
  ""@context"": ""https://schema.org"",
  ""@type"": ""BreadcrumbList"",
  ""itemListElement"": [
    {""@type"": ""ListItem"", ""position"": 1, ""name"": ""DataNostro"", ""item"": ""https://datanostro.com/""},
    {""@type"": ""ListItem"", ""position"": 2, ""name"": ""Platformy"", ""item"": ""https://datanostro.com/cs/platform/""},
    {""@type"": ""ListItem"", ""position"": 3, ""name"": ""Seznam Event Measurement (SEM)"", ""item"": ""https://datanostro.com/cs/sklik-konverze/""}
  ]
}
",Seznam Event Measurement (SEM) — server-side tracking · DataNostro,https://datanostro.com/static/img/og-image.cf9b5d14ff2b.png
https://datanostro.com/cs/heureka/,200,,Heureka server-side tracking — DataNostro,41,"Heureka Ověřeno zákazníky a feed proxy přes server-side GTM. Žádné iframe blokování, first-party doména, Sklik a GA4 v jednom plánu od 349 Kč. CZ servery, 14 dní zdarma.",169,"index, follow, max-image-preview:large, max-snippet:-1, max-video-preview:-1",https://datanostro.com/cs/heureka/,cs,Heureka tracking first-party — bez ztráty dat na ITP / ad-blockerech.,"Co server-side dělá pro Heureku | Tři kroky a data tečou. | Heureka v plné parádě | Bez per-pixel placení. Neomezené platformy. | Časté otázky | Další server-side integrace | Heureka konverze, kterou nikdo neblokuje | Produkt | Platformy | E-shop platformy | Zdroje | Právní | Nastavení cookies",611,0,0,0,False,51,0,"
    {
        ""@context"": ""https://schema.org"",
        ""@type"": ""WebSite"",
        ""name"": ""DataNostro"",
        ""url"": ""https://datanostro.com"",
        ""potentialAction"": {
            ""@type"": ""SearchAction"",
            ""target"": {
                ""@type"": ""EntryPoint"",
                ""urlTemplate"": ""https://datanostro.com/cs/docs/?q={search_term_string}""
            },
            ""query-input"": ""required name=search_term_string""
        },
        ""inLanguage"": [""cs"", ""en""]
    }
     | 
    {
        ""@context"": ""https://schema.org"",
        ""@type"": ""Organization"",
        ""name"": ""DataNostro"",
        ""alternateName"": [""DataNostro.com"", ""DataNostro sGTM""],
        ""url"": ""https://datanostro.com"",
        ""logo"": ""https://datanostro.com/static/img/logo.svg"",
        ""image"": ""https://datanostro.com/static/img/og-image.png"",
        ""description"": ""Managed server-side tracking (sGTM) platforma pro české e-shopy a agentury — EU residency, Czech-language support, native Sklik +  | 
    {
        ""@context"": ""https://schema.org"",
        ""@type"": ""SoftwareApplication"",
        ""name"": ""DataNostro"",
        ""applicationCategory"": ""BusinessApplication"",
        ""operatingSystem"": ""Web"",
        ""offers"": {
            ""@type"": ""AggregateOffer"",
            ""priceCurrency"": ""CZK"",
            ""lowPrice"": ""349"",
            ""highPrice"": ""6990"",
            ""offerCount"": ""5""
        },
        ""featureList"": ""Server-side tracking, GA4, Meta CAPI, Google Ads Conversion API, TikT | 
{
  ""@context"": ""https://schema.org"",
  ""@type"": ""Service"",
  ""serviceType"": ""Heureka server-side tracking"",
  ""name"": ""DataNostro — Heureka integrace"",
  ""description"": ""Heureka Ověřeno zákazníky a feed proxy přes server\u002Dside GTM. Žádné iframe blokování, first\u002Dparty doména, Sklik a GA4 v jednom plánu od 349 Kč. CZ servery, 14 dní zdarma."",
  ""provider"": {""@type"": ""Organization"", ""name"": ""DataNostro"", ""url"": ""https://datanostro.com""},
  
  ""areaServed"": [{""@type"": ""Country"", ""name"": "" | 
{
  ""@context"": ""https://schema.org"",
  ""@type"": ""FAQPage"",
  ""mainEntity"": [
    
    {""@type"": ""Question"", ""name"": ""Heureka nemá oficiální CAPI / Conversions API. Jak to děláte?"", ""acceptedAnswer"": {""@type"": ""Answer"", ""text"": ""Heureka má dvě cesty: conversion pixel (iframe blokovatelný) a server\u002Dside conversion endpoint dostupný přes API klíč. Voláme S2S endpoint s order ID, value a transaction parametry.""}},
    
    {""@type"": ""Question"", ""name"": ""Generujete celý Heureka feed?"", ""accept | 
{
  ""@context"": ""https://schema.org"",
  ""@type"": ""BreadcrumbList"",
  ""itemListElement"": [
    {""@type"": ""ListItem"", ""position"": 1, ""name"": ""DataNostro"", ""item"": ""https://datanostro.com/""},
    {""@type"": ""ListItem"", ""position"": 2, ""name"": ""Platformy"", ""item"": ""https://datanostro.com/cs/platform/""},
    {""@type"": ""ListItem"", ""position"": 3, ""name"": ""Heureka"", ""item"": ""https://datanostro.com/cs/heureka/""}
  ]
}
",Heureka — server-side tracking · DataNostro,https://datanostro.com/static/img/og-image.cf9b5d14ff2b.png
https://datanostro.com/cs/shoptet-tracking/,200,,Shoptet server-side tracking — DataNostro,41,"Server-side tracking pro Shoptet — pre-konfigurovaný GTM container, Consent Mode v2, native podpora Seznam SEM (Sklik) / Heureka / GA4 / Meta CAPI. Bez vývojáře, bez úpravy šablony. 14 dní zdarma.",196,"index, follow, max-image-preview:large, max-snippet:-1, max-video-preview:-1",https://datanostro.com/cs/shoptet-tracking/,cs,"Server-side tracking pro Shoptet — bez úprav šablony, bez vývojáře.",Proč Shoptet potřebuje server-side | Tři kroky a data tečou. | CZ Shoptet stack v jednom plánu | Bez per-pixel placení. Neomezené platformy. | Časté otázky | Další server-side integrace | Shoptet + DataNostro = 5 minut | Produkt | Platformy | E-shop platformy | Zdroje | Právní | Nastavení cookies,680,0,0,0,True,51,0,"
    {
        ""@context"": ""https://schema.org"",
        ""@type"": ""WebSite"",
        ""name"": ""DataNostro"",
        ""url"": ""https://datanostro.com"",
        ""potentialAction"": {
            ""@type"": ""SearchAction"",
            ""target"": {
                ""@type"": ""EntryPoint"",
                ""urlTemplate"": ""https://datanostro.com/cs/docs/?q={search_term_string}""
            },
            ""query-input"": ""required name=search_term_string""
        },
        ""inLanguage"": [""cs"", ""en""]
    }
     | 
    {
        ""@context"": ""https://schema.org"",
        ""@type"": ""Organization"",
        ""name"": ""DataNostro"",
        ""alternateName"": [""DataNostro.com"", ""DataNostro sGTM""],
        ""url"": ""https://datanostro.com"",
        ""logo"": ""https://datanostro.com/static/img/logo.svg"",
        ""image"": ""https://datanostro.com/static/img/og-image.png"",
        ""description"": ""Managed server-side tracking (sGTM) platforma pro české e-shopy a agentury — EU residency, Czech-language support, native Sklik +  | 
    {
        ""@context"": ""https://schema.org"",
        ""@type"": ""SoftwareApplication"",
        ""name"": ""DataNostro"",
        ""applicationCategory"": ""BusinessApplication"",
        ""operatingSystem"": ""Web"",
        ""offers"": {
            ""@type"": ""AggregateOffer"",
            ""priceCurrency"": ""CZK"",
            ""lowPrice"": ""349"",
            ""highPrice"": ""6990"",
            ""offerCount"": ""5""
        },
        ""featureList"": ""Server-side tracking, GA4, Meta CAPI, Google Ads Conversion API, TikT | 
{
  ""@context"": ""https://schema.org"",
  ""@type"": ""Service"",
  ""serviceType"": ""Shoptet server-side tracking"",
  ""name"": ""DataNostro — Shoptet integrace"",
  ""description"": ""Server\u002Dside tracking pro Shoptet — pre\u002Dkonfigurovaný GTM container, Consent Mode v2, native podpora Seznam SEM (Sklik) / Heureka / GA4 / Meta CAPI. Bez vývojáře, bez úpravy šablony. 14 dní zdarma."",
  ""provider"": {""@type"": ""Organization"", ""name"": ""DataNostro"", ""url"": ""https://datanostro.com""},
  
  ""areaServed"": [{""@ | 
{
  ""@context"": ""https://schema.org"",
  ""@type"": ""FAQPage"",
  ""mainEntity"": [
    
    {""@type"": ""Question"", ""name"": ""Jak na Consent Mode v2 na Shoptetu?"", ""acceptedAnswer"": {""@type"": ""Answer"", ""text"": ""Shoptet má vlastní cookie lištu, ze které DataNostro čte souhlas a propisuje ho do Google Consent Mode v2 (ad_storage, analytics_storage). Server\u002Dside tagy i SEM se spustí jen s odpovídajícím souhlasem — splníte GDPR i Google Consent Mode v2 requirement, bez ručního dolepování dataLayeru do | 
{
  ""@context"": ""https://schema.org"",
  ""@type"": ""BreadcrumbList"",
  ""itemListElement"": [
    {""@type"": ""ListItem"", ""position"": 1, ""name"": ""DataNostro"", ""item"": ""https://datanostro.com/""},
    {""@type"": ""ListItem"", ""position"": 2, ""name"": ""Platformy"", ""item"": ""https://datanostro.com/cs/platform/""},
    {""@type"": ""ListItem"", ""position"": 3, ""name"": ""Shoptet"", ""item"": ""https://datanostro.com/cs/shoptet-tracking/""}
  ]
}
",Shoptet — server-side tracking · DataNostro,https://datanostro.com/static/img/og-image.cf9b5d14ff2b.png
https://datanostro.com/cs/woocommerce-tracking/,200,,WooCommerce server-side tracking — DataNostro,45,"Server-side tracking pro WooCommerce — Sklik, Heureka, GA4, Meta CAPI bez WordPress pluginu. Pre-konfigurovaný GTM container. 14 dní zdarma. EU servery.",152,"index, follow, max-image-preview:large, max-snippet:-1, max-video-preview:-1",https://datanostro.com/cs/woocommerce-tracking/,cs,"Server-side tracking pro WooCommerce — bez page builderu, bez Tag Manager pluginu.",Server-side > WordPress tracking pluginy | Tři kroky a data tečou. | WooCommerce + CZ-first stack | Bez per-pixel placení. Neomezené platformy. | Časté otázky | Další server-side integrace | WooCommerce server-side bez balastu | Produkt | Platformy | E-shop platformy | Zdroje | Právní | Nastavení cookies,663,0,0,0,False,51,0,"
    {
        ""@context"": ""https://schema.org"",
        ""@type"": ""WebSite"",
        ""name"": ""DataNostro"",
        ""url"": ""https://datanostro.com"",
        ""potentialAction"": {
            ""@type"": ""SearchAction"",
            ""target"": {
                ""@type"": ""EntryPoint"",
                ""urlTemplate"": ""https://datanostro.com/cs/docs/?q={search_term_string}""
            },
            ""query-input"": ""required name=search_term_string""
        },
        ""inLanguage"": [""cs"", ""en""]
    }
     | 
    {
        ""@context"": ""https://schema.org"",
        ""@type"": ""Organization"",
        ""name"": ""DataNostro"",
        ""alternateName"": [""DataNostro.com"", ""DataNostro sGTM""],
        ""url"": ""https://datanostro.com"",
        ""logo"": ""https://datanostro.com/static/img/logo.svg"",
        ""image"": ""https://datanostro.com/static/img/og-image.png"",
        ""description"": ""Managed server-side tracking (sGTM) platforma pro české e-shopy a agentury — EU residency, Czech-language support, native Sklik +  | 
    {
        ""@context"": ""https://schema.org"",
        ""@type"": ""SoftwareApplication"",
        ""name"": ""DataNostro"",
        ""applicationCategory"": ""BusinessApplication"",
        ""operatingSystem"": ""Web"",
        ""offers"": {
            ""@type"": ""AggregateOffer"",
            ""priceCurrency"": ""CZK"",
            ""lowPrice"": ""349"",
            ""highPrice"": ""6990"",
            ""offerCount"": ""5""
        },
        ""featureList"": ""Server-side tracking, GA4, Meta CAPI, Google Ads Conversion API, TikT | 
{
  ""@context"": ""https://schema.org"",
  ""@type"": ""Service"",
  ""serviceType"": ""WooCommerce server-side tracking"",
  ""name"": ""DataNostro — WooCommerce integrace"",
  ""description"": ""Server\u002Dside tracking pro WooCommerce — Sklik, Heureka, GA4, Meta CAPI bez WordPress pluginu. Pre\u002Dkonfigurovaný GTM container. 14 dní zdarma. EU servery."",
  ""provider"": {""@type"": ""Organization"", ""name"": ""DataNostro"", ""url"": ""https://datanostro.com""},
  
  ""areaServed"": [{""@type"": ""Country"", ""name"": ""Czech Rep | 
{
  ""@context"": ""https://schema.org"",
  ""@type"": ""FAQPage"",
  ""mainEntity"": [
    
    {""@type"": ""Question"", ""name"": ""Co je server\u002Dside tracking pro WooCommerce a jak funguje?"", ""acceptedAnswer"": {""@type"": ""Answer"", ""text"": ""Server\u002Dside tracking (nebo server\u002Dside tagging) pro WooCommerce znamená, že se konverzní eventy — purchase, add_to_cart, begin_checkout — neposílají z prohlížeče, ale z vašeho serveru přes server\u002Dside GTM kontejner. DataNostro běží na vlastní subdoméně m | 
{
  ""@context"": ""https://schema.org"",
  ""@type"": ""BreadcrumbList"",
  ""itemListElement"": [
    {""@type"": ""ListItem"", ""position"": 1, ""name"": ""DataNostro"", ""item"": ""https://datanostro.com/""},
    {""@type"": ""ListItem"", ""position"": 2, ""name"": ""Platformy"", ""item"": ""https://datanostro.com/cs/platform/""},
    {""@type"": ""ListItem"", ""position"": 3, ""name"": ""WooCommerce"", ""item"": ""https://datanostro.com/cs/woocommerce-tracking/""}
  ]
}
",WooCommerce — server-side tracking · DataNostro,https://datanostro.com/static/img/og-image.cf9b5d14ff2b.png
https://datanostro.com/cs/upgates-tracking/,200,,Upgates server-side tracking — DataNostro,41,"Server-side tracking pro Upgates — Sklik, Heureka, GA4, Meta CAPI v jednom plánu. Pre-konfigurovaný GTM container, bez zásahů do šablony. 14 dní zdarma.",152,"index, follow, max-image-preview:large, max-snippet:-1, max-video-preview:-1",https://datanostro.com/cs/upgates-tracking/,cs,"Server-side tracking pro Upgates — GA4, Sklik a Meta CAPI bez šablony.",Co Upgates v základu neumí | Tři kroky a data tečou. | Upgates + DataNostro stack | Bez per-pixel placení. Neomezené platformy. | Časté otázky | Další server-side integrace | Upgates server-side za pět minut | Produkt | Platformy | E-shop platformy | Zdroje | Právní | Nastavení cookies,548,0,0,0,False,51,0,"
    {
        ""@context"": ""https://schema.org"",
        ""@type"": ""WebSite"",
        ""name"": ""DataNostro"",
        ""url"": ""https://datanostro.com"",
        ""potentialAction"": {
            ""@type"": ""SearchAction"",
            ""target"": {
                ""@type"": ""EntryPoint"",
                ""urlTemplate"": ""https://datanostro.com/cs/docs/?q={search_term_string}""
            },
            ""query-input"": ""required name=search_term_string""
        },
        ""inLanguage"": [""cs"", ""en""]
    }
     | 
    {
        ""@context"": ""https://schema.org"",
        ""@type"": ""Organization"",
        ""name"": ""DataNostro"",
        ""alternateName"": [""DataNostro.com"", ""DataNostro sGTM""],
        ""url"": ""https://datanostro.com"",
        ""logo"": ""https://datanostro.com/static/img/logo.svg"",
        ""image"": ""https://datanostro.com/static/img/og-image.png"",
        ""description"": ""Managed server-side tracking (sGTM) platforma pro české e-shopy a agentury — EU residency, Czech-language support, native Sklik +  | 
    {
        ""@context"": ""https://schema.org"",
        ""@type"": ""SoftwareApplication"",
        ""name"": ""DataNostro"",
        ""applicationCategory"": ""BusinessApplication"",
        ""operatingSystem"": ""Web"",
        ""offers"": {
            ""@type"": ""AggregateOffer"",
            ""priceCurrency"": ""CZK"",
            ""lowPrice"": ""349"",
            ""highPrice"": ""6990"",
            ""offerCount"": ""5""
        },
        ""featureList"": ""Server-side tracking, GA4, Meta CAPI, Google Ads Conversion API, TikT | 
{
  ""@context"": ""https://schema.org"",
  ""@type"": ""Service"",
  ""serviceType"": ""Upgates server-side tracking"",
  ""name"": ""DataNostro — Upgates integrace"",
  ""description"": ""Server\u002Dside tracking pro Upgates — Sklik, Heureka, GA4, Meta CAPI v jednom plánu. Pre\u002Dkonfigurovaný GTM container, bez zásahů do šablony. 14 dní zdarma."",
  ""provider"": {""@type"": ""Organization"", ""name"": ""DataNostro"", ""url"": ""https://datanostro.com""},
  
  ""areaServed"": [{""@type"": ""Country"", ""name"": ""Czech Republic""}, | 
{
  ""@context"": ""https://schema.org"",
  ""@type"": ""FAQPage"",
  ""mainEntity"": [
    
    {""@type"": ""Question"", ""name"": ""Funguje to s Upgates Standard / Premium / Enterprise?"", ""acceptedAnswer"": {""@type"": ""Answer"", ""text"": ""Ano — DataNostro tracking pracuje přes GTM container, který je ve všech Upgates tarifech. Žádné rozdíly v podpoře.""}},
    
    {""@type"": ""Question"", ""name"": ""Co Upgates Marketing modul?"", ""acceptedAnswer"": {""@type"": ""Answer"", ""text"": ""Upgates Marketing posílá Sklik retargeting | 
{
  ""@context"": ""https://schema.org"",
  ""@type"": ""BreadcrumbList"",
  ""itemListElement"": [
    {""@type"": ""ListItem"", ""position"": 1, ""name"": ""DataNostro"", ""item"": ""https://datanostro.com/""},
    {""@type"": ""ListItem"", ""position"": 2, ""name"": ""Platformy"", ""item"": ""https://datanostro.com/cs/platform/""},
    {""@type"": ""ListItem"", ""position"": 3, ""name"": ""Upgates"", ""item"": ""https://datanostro.com/cs/upgates-tracking/""}
  ]
}
",Upgates — server-side tracking · DataNostro,https://datanostro.com/static/img/og-image.cf9b5d14ff2b.png
https://datanostro.com/cs/platform/,200,,Server-side tracking pro všechny platformy — DataNostro,55,"DataNostro podporuje server-side tracking pro GA4, Meta CAPI, Google Ads, TikTok, Seznam Sklik a další platformy. Vše na jednom místě.",134,"index, follow, max-image-preview:large, max-snippet:-1, max-video-preview:-1",https://datanostro.com/cs/platform/,cs,Podporované platformy,Google Analytics 4 | Meta CAPI | Google Ads | TikTok | Seznam Sklik | Shopify | WooCommerce | Microsoft Ads | Awin | Pinterest | Klaviyo | Produkt | Platformy | E-shop platformy | Zdroje | Právní | Nastavení cookies,272,0,0,0,False,61,0,"
    {
        ""@context"": ""https://schema.org"",
        ""@type"": ""WebSite"",
        ""name"": ""DataNostro"",
        ""url"": ""https://datanostro.com"",
        ""potentialAction"": {
            ""@type"": ""SearchAction"",
            ""target"": {
                ""@type"": ""EntryPoint"",
                ""urlTemplate"": ""https://datanostro.com/cs/docs/?q={search_term_string}""
            },
            ""query-input"": ""required name=search_term_string""
        },
        ""inLanguage"": [""cs"", ""en""]
    }
     | 
    {
        ""@context"": ""https://schema.org"",
        ""@type"": ""Organization"",
        ""name"": ""DataNostro"",
        ""alternateName"": [""DataNostro.com"", ""DataNostro sGTM""],
        ""url"": ""https://datanostro.com"",
        ""logo"": ""https://datanostro.com/static/img/logo.svg"",
        ""image"": ""https://datanostro.com/static/img/og-image.png"",
        ""description"": ""Managed server-side tracking (sGTM) platforma pro české e-shopy a agentury — EU residency, Czech-language support, native Sklik +  | 
    {
        ""@context"": ""https://schema.org"",
        ""@type"": ""SoftwareApplication"",
        ""name"": ""DataNostro"",
        ""applicationCategory"": ""BusinessApplication"",
        ""operatingSystem"": ""Web"",
        ""offers"": {
            ""@type"": ""AggregateOffer"",
            ""priceCurrency"": ""CZK"",
            ""lowPrice"": ""349"",
            ""highPrice"": ""6990"",
            ""offerCount"": ""5""
        },
        ""featureList"": ""Server-side tracking, GA4, Meta CAPI, Google Ads Conversion API, TikT | 
{
  ""@context"": ""https://schema.org"",
  ""@type"": ""CollectionPage"",
  ""name"": ""Server-side tracking platformy"",
  ""description"": ""DataNostro podporuje server-side tracking pro všechny hlavní reklamní a analytické platformy."",
  ""url"": ""https://datanostro.com/cs/platform/"",
  ""mainEntity"": {
    ""@type"": ""ItemList"",
    ""itemListElement"": [
      
      {
        ""@type"": ""ListItem"",
        ""position"": 1,
        ""name"": ""Google Analytics 4"",
        ""url"": ""https://datanostro.com/cs/platform/go",DataNostro — Server-Side Tracking,https://datanostro.com/static/img/og-image.cf9b5d14ff2b.png
https://datanostro.com/cs/platform/seznam-sklik/,200,,Server-side Seznam Sklik Conversions — DataNostro — DataNostro,62,"Server-side Sklik konverze přes sGTM. Přesnější data pro český trh, obejití ad-blockerů, lepší optimalizace. Nastavení za 5 minut.",130,"index, follow, max-image-preview:large, max-snippet:-1, max-video-preview:-1",https://datanostro.com/cs/platform/seznam-sklik/,cs,Server-side Seznam Sklik konverze pro český trh,Proč SEM přes DataNostro? | SEM jede jako client + server | Co SEM přináší oproti starým kódům | Nastavení v DataNostro | Proč Seznam Sklik přes DataNostro? | Server-side tracking pro všechny platformy | Časté otázky | Optimalizujte Sklik kampaně s přesnějšími daty | Produkt | Platformy | E-shop platformy | Zdroje | Právní | Nastavení cookies,418,0,0,0,False,62,0,"
    {
        ""@context"": ""https://schema.org"",
        ""@type"": ""WebSite"",
        ""name"": ""DataNostro"",
        ""url"": ""https://datanostro.com"",
        ""potentialAction"": {
            ""@type"": ""SearchAction"",
            ""target"": {
                ""@type"": ""EntryPoint"",
                ""urlTemplate"": ""https://datanostro.com/cs/docs/?q={search_term_string}""
            },
            ""query-input"": ""required name=search_term_string""
        },
        ""inLanguage"": [""cs"", ""en""]
    }
     | 
    {
        ""@context"": ""https://schema.org"",
        ""@type"": ""Organization"",
        ""name"": ""DataNostro"",
        ""alternateName"": [""DataNostro.com"", ""DataNostro sGTM""],
        ""url"": ""https://datanostro.com"",
        ""logo"": ""https://datanostro.com/static/img/logo.svg"",
        ""image"": ""https://datanostro.com/static/img/og-image.png"",
        ""description"": ""Managed server-side tracking (sGTM) platforma pro české e-shopy a agentury — EU residency, Czech-language support, native Sklik +  | 
    {
        ""@context"": ""https://schema.org"",
        ""@type"": ""SoftwareApplication"",
        ""name"": ""DataNostro"",
        ""applicationCategory"": ""BusinessApplication"",
        ""operatingSystem"": ""Web"",
        ""offers"": {
            ""@type"": ""AggregateOffer"",
            ""priceCurrency"": ""CZK"",
            ""lowPrice"": ""349"",
            ""highPrice"": ""6990"",
            ""offerCount"": ""5""
        },
        ""featureList"": ""Server-side tracking, GA4, Meta CAPI, Google Ads Conversion API, TikT | 
{
  ""@context"": ""https://schema.org"",
  ""@type"": ""WebPage"",
  ""name"": ""Server\u002Dside Seznam Sklik Conversions"",
  ""description"": ""Server\u002Dside Sklik konverze přes sGTM. Přesnější data pro český trh, obejití ad\u002Dblockerů, lepší optimalizace. Nastavení za 5 minut."",
  ""url"": ""https://datanostro.com/cs/platform/seznam-sklik/"",
  ""mainEntity"": {
    ""@type"": ""SoftwareApplication"",
    ""name"": ""DataNostro Seznam Sklik"",
    ""applicationCategory"": ""BusinessApplication"",
    ""operatingSyste | 
{
  ""@context"": ""https://schema.org"",
  ""@type"": ""FAQPage"",
  ""mainEntity"": [
    
    {
      ""@type"": ""Question"",
      ""name"": ""Podporuje DataNostro Sklik retargeting?"",
      ""acceptedAnswer"": {
        ""@type"": ""Answer"",
        ""text"": ""Ano. Server\u002Dside eventy posílají retargeting data přímo do Sklik API pro přesnější cílení.""
      }
    },
    
    {
      ""@type"": ""Question"",
      ""name"": ""Funguje to s Zbožím.cz?"",
      ""acceptedAnswer"": {
        ""@type"": ""Answer"",
        ""tex",Server-side Seznam Sklik Conversions — DataNostro,https://datanostro.com/static/img/og-image.cf9b5d14ff2b.png
https://datanostro.com/cs/platform/google-analytics-4/,200,,Server-side Google Analytics 4 (GA4) — DataNostro — DataNostro,62,"Server-side GA4 tracking bez vlastního GCP. Získejte až 30 % více dat, first-party cookies a GDPR compliance. Nastavení za 5 minut.",131,"index, follow, max-image-preview:large, max-snippet:-1, max-video-preview:-1",https://datanostro.com/cs/platform/google-analytics-4/,cs,Server-side Google Analytics 4 bez vlastního serveru,Proč server-side GA4? | Jak to funguje s DataNostro? | Co získáte navíc? | Proč Google Analytics 4 přes DataNostro? | Server-side tracking pro všechny platformy | Časté otázky | Začněte sbírat přesnější GA4 data ještě dnes | Produkt | Platformy | E-shop platformy | Zdroje | Právní | Nastavení cookies,469,0,0,0,False,62,0,"
    {
        ""@context"": ""https://schema.org"",
        ""@type"": ""WebSite"",
        ""name"": ""DataNostro"",
        ""url"": ""https://datanostro.com"",
        ""potentialAction"": {
            ""@type"": ""SearchAction"",
            ""target"": {
                ""@type"": ""EntryPoint"",
                ""urlTemplate"": ""https://datanostro.com/cs/docs/?q={search_term_string}""
            },
            ""query-input"": ""required name=search_term_string""
        },
        ""inLanguage"": [""cs"", ""en""]
    }
     | 
    {
        ""@context"": ""https://schema.org"",
        ""@type"": ""Organization"",
        ""name"": ""DataNostro"",
        ""alternateName"": [""DataNostro.com"", ""DataNostro sGTM""],
        ""url"": ""https://datanostro.com"",
        ""logo"": ""https://datanostro.com/static/img/logo.svg"",
        ""image"": ""https://datanostro.com/static/img/og-image.png"",
        ""description"": ""Managed server-side tracking (sGTM) platforma pro české e-shopy a agentury — EU residency, Czech-language support, native Sklik +  | 
    {
        ""@context"": ""https://schema.org"",
        ""@type"": ""SoftwareApplication"",
        ""name"": ""DataNostro"",
        ""applicationCategory"": ""BusinessApplication"",
        ""operatingSystem"": ""Web"",
        ""offers"": {
            ""@type"": ""AggregateOffer"",
            ""priceCurrency"": ""CZK"",
            ""lowPrice"": ""349"",
            ""highPrice"": ""6990"",
            ""offerCount"": ""5""
        },
        ""featureList"": ""Server-side tracking, GA4, Meta CAPI, Google Ads Conversion API, TikT | 
{
  ""@context"": ""https://schema.org"",
  ""@type"": ""WebPage"",
  ""name"": ""Server\u002Dside Google Analytics 4 (GA4)"",
  ""description"": ""Server\u002Dside GA4 tracking bez vlastního GCP. Získejte až 30 % více dat, first\u002Dparty cookies a GDPR compliance. Nastavení za 5 minut."",
  ""url"": ""https://datanostro.com/cs/platform/google-analytics-4/"",
  ""mainEntity"": {
    ""@type"": ""SoftwareApplication"",
    ""name"": ""DataNostro Google Analytics 4"",
    ""applicationCategory"": ""BusinessApplication"",
    ""o | 
{
  ""@context"": ""https://schema.org"",
  ""@type"": ""FAQPage"",
  ""mainEntity"": [
    
    {
      ""@type"": ""Question"",
      ""name"": ""Kolik dat navíc získám?"",
      ""acceptedAnswer"": {
        ""@type"": ""Answer"",
        ""text"": ""Typicky 15\u002D30 % více dat díky obejití ad\u002Dblockerů a eliminaci ITP/ETP omezení. Přesné číslo závisí na podílu Safari/Firefox uživatelů a míře používání ad\u002Dblockerů.""
      }
    },
    
    {
      ""@type"": ""Question"",
      ""name"": ""Musím měnit GTM tagy?"",
",Server-side Google Analytics 4 (GA4) — DataNostro,https://datanostro.com/static/img/og-image.cf9b5d14ff2b.png
https://datanostro.com/cs/tools/,200,,Bezplatné SEO nástroje — DataNostro,35,"Bezplatné nástroje pro analýzu server-side trackingu. sGTM Detector, Tracking Audit a další. Zkontrolujte svůj web zdarma.",122,"index, follow, max-image-preview:large, max-snippet:-1, max-video-preview:-1",https://datanostro.com/cs/tools/,cs,Bezplatné SEO nástroje,sGTM Detector | Tracking Audit | Setup Assistant | ROAS kalkulačka | GCP sGTM cost kalkulačka | Chcete lepší výsledky? | Produkt | Platformy | E-shop platformy | Zdroje | Právní | Nastavení cookies,256,0,0,0,False,54,0,"
    {
        ""@context"": ""https://schema.org"",
        ""@type"": ""WebSite"",
        ""name"": ""DataNostro"",
        ""url"": ""https://datanostro.com"",
        ""potentialAction"": {
            ""@type"": ""SearchAction"",
            ""target"": {
                ""@type"": ""EntryPoint"",
                ""urlTemplate"": ""https://datanostro.com/cs/docs/?q={search_term_string}""
            },
            ""query-input"": ""required name=search_term_string""
        },
        ""inLanguage"": [""cs"", ""en""]
    }
     | 
    {
        ""@context"": ""https://schema.org"",
        ""@type"": ""Organization"",
        ""name"": ""DataNostro"",
        ""alternateName"": [""DataNostro.com"", ""DataNostro sGTM""],
        ""url"": ""https://datanostro.com"",
        ""logo"": ""https://datanostro.com/static/img/logo.svg"",
        ""image"": ""https://datanostro.com/static/img/og-image.png"",
        ""description"": ""Managed server-side tracking (sGTM) platforma pro české e-shopy a agentury — EU residency, Czech-language support, native Sklik +  | 
    {
        ""@context"": ""https://schema.org"",
        ""@type"": ""SoftwareApplication"",
        ""name"": ""DataNostro"",
        ""applicationCategory"": ""BusinessApplication"",
        ""operatingSystem"": ""Web"",
        ""offers"": {
            ""@type"": ""AggregateOffer"",
            ""priceCurrency"": ""CZK"",
            ""lowPrice"": ""349"",
            ""highPrice"": ""6990"",
            ""offerCount"": ""5""
        },
        ""featureList"": ""Server-side tracking, GA4, Meta CAPI, Google Ads Conversion API, TikT | 
{
    ""@context"": ""https://schema.org"",
    ""@type"": ""CollectionPage"",
    ""name"": ""Bezplatné SEO nástroje — DataNostro"",
    ""description"": ""Bezplatné nástroje pro analýzu server-side trackingu a webové analytiky."",
    ""url"": ""https://datanostro.com/cs/tools/"",
    ""mainEntity"": {
        ""@type"": ""ItemList"",
        ""numberOfItems"": 2,
        ""itemListElement"": [
            {
                ""@type"": ""ListItem"",
                ""position"": 1,
                ""name"": ""sGTM Detector"",
      ",DataNostro — Server-Side Tracking,https://datanostro.com/static/img/og-image.cf9b5d14ff2b.png
https://datanostro.com/cs/tools/tracking-audit/,200,,Tracking Audit — Kompletní audit trackingu webu — DataNostro,60,"Bezplatný audit trackingu vašeho webu. GA4, Meta Pixel, GTM, Consent Mode v2, CMP, server-side tracking, rychlost stránky a 20+ dalších trackerů.",145,"index, follow, max-image-preview:large, max-snippet:-1, max-video-preview:-1",https://datanostro.com/cs/tools/tracking-audit/,cs,Tracking Audit,Co auditujeme? | Chybí vám server-side tracking? | Produkt | Platformy | E-shop platformy | Zdroje | Právní | Nastavení cookies,118,0,0,1,False,51,0,"
    {
        ""@context"": ""https://schema.org"",
        ""@type"": ""WebSite"",
        ""name"": ""DataNostro"",
        ""url"": ""https://datanostro.com"",
        ""potentialAction"": {
            ""@type"": ""SearchAction"",
            ""target"": {
                ""@type"": ""EntryPoint"",
                ""urlTemplate"": ""https://datanostro.com/cs/docs/?q={search_term_string}""
            },
            ""query-input"": ""required name=search_term_string""
        },
        ""inLanguage"": [""cs"", ""en""]
    }
     | 
    {
        ""@context"": ""https://schema.org"",
        ""@type"": ""Organization"",
        ""name"": ""DataNostro"",
        ""alternateName"": [""DataNostro.com"", ""DataNostro sGTM""],
        ""url"": ""https://datanostro.com"",
        ""logo"": ""https://datanostro.com/static/img/logo.svg"",
        ""image"": ""https://datanostro.com/static/img/og-image.png"",
        ""description"": ""Managed server-side tracking (sGTM) platforma pro české e-shopy a agentury — EU residency, Czech-language support, native Sklik +  | 
    {
        ""@context"": ""https://schema.org"",
        ""@type"": ""SoftwareApplication"",
        ""name"": ""DataNostro"",
        ""applicationCategory"": ""BusinessApplication"",
        ""operatingSystem"": ""Web"",
        ""offers"": {
            ""@type"": ""AggregateOffer"",
            ""priceCurrency"": ""CZK"",
            ""lowPrice"": ""349"",
            ""highPrice"": ""6990"",
            ""offerCount"": ""5""
        },
        ""featureList"": ""Server-side tracking, GA4, Meta CAPI, Google Ads Conversion API, TikT | 
{
    ""@context"": ""https://schema.org"",
    ""@type"": ""WebApplication"",
    ""name"": ""Tracking Audit"",
    ""description"": ""Bezplatný audit trackingu webu — GA4, Meta Pixel, GTM, Consent Mode, CMP, server-side tracking."",
    ""url"": ""https://datanostro.com/cs/tools/tracking-audit/"",
    ""applicationCategory"": ""WebApplication"",
    ""operatingSystem"": ""Web"",
    ""offers"": {
        ""@type"": ""Offer"",
        ""price"": ""0"",
        ""priceCurrency"": ""CZK""
    },
    ""provider"": {
        ""@type"": ""Organ | 
{
    ""@context"": ""https://schema.org"",
    ""@type"": ""BreadcrumbList"",
    ""itemListElement"": [
        {""@type"": ""ListItem"", ""position"": 1, ""name"": ""DataNostro"", ""item"": ""https://datanostro.com/cs/""},
        {""@type"": ""ListItem"", ""position"": 2, ""name"": ""Nástroje"", ""item"": ""https://datanostro.com/cs/tools/""},
        {""@type"": ""ListItem"", ""position"": 3, ""name"": ""Tracking Audit"", ""item"": ""https://datanostro.com/cs/tools/tracking-audit/""}
    ]
}
","Bezplatný audit trackingu webu — GA4, Meta, GTM, Consent Mode",https://datanostro.com/static/img/og-image.cf9b5d14ff2b.png
https://datanostro.com/cs/tools/sgtm-detector/,200,,sGTM Detector — Používá váš web server-side GTM? — DataNostro,61,"Bezplatný nástroj pro detekci server-side Google Tag Manager (sGTM). Zkontrolujte DNS CNAME záznamy, transport_url a custom loader. Zjistěte poskytovatele sGTM.",160,"index, follow, max-image-preview:large, max-snippet:-1, max-video-preview:-1",https://datanostro.com/cs/tools/sgtm-detector/,cs,sGTM Detector,Co kontrolujeme? | Nemáte ještě server-side tracking? | Produkt | Platformy | E-shop platformy | Zdroje | Právní | Nastavení cookies,152,0,0,1,False,51,0,"
    {
        ""@context"": ""https://schema.org"",
        ""@type"": ""WebSite"",
        ""name"": ""DataNostro"",
        ""url"": ""https://datanostro.com"",
        ""potentialAction"": {
            ""@type"": ""SearchAction"",
            ""target"": {
                ""@type"": ""EntryPoint"",
                ""urlTemplate"": ""https://datanostro.com/cs/docs/?q={search_term_string}""
            },
            ""query-input"": ""required name=search_term_string""
        },
        ""inLanguage"": [""cs"", ""en""]
    }
     | 
    {
        ""@context"": ""https://schema.org"",
        ""@type"": ""Organization"",
        ""name"": ""DataNostro"",
        ""alternateName"": [""DataNostro.com"", ""DataNostro sGTM""],
        ""url"": ""https://datanostro.com"",
        ""logo"": ""https://datanostro.com/static/img/logo.svg"",
        ""image"": ""https://datanostro.com/static/img/og-image.png"",
        ""description"": ""Managed server-side tracking (sGTM) platforma pro české e-shopy a agentury — EU residency, Czech-language support, native Sklik +  | 
    {
        ""@context"": ""https://schema.org"",
        ""@type"": ""SoftwareApplication"",
        ""name"": ""DataNostro"",
        ""applicationCategory"": ""BusinessApplication"",
        ""operatingSystem"": ""Web"",
        ""offers"": {
            ""@type"": ""AggregateOffer"",
            ""priceCurrency"": ""CZK"",
            ""lowPrice"": ""349"",
            ""highPrice"": ""6990"",
            ""offerCount"": ""5""
        },
        ""featureList"": ""Server-side tracking, GA4, Meta CAPI, Google Ads Conversion API, TikT | 
{
    ""@context"": ""https://schema.org"",
    ""@type"": ""WebApplication"",
    ""name"": ""sGTM Detector"",
    ""description"": ""Bezplatný nástroj pro detekci server-side Google Tag Manager (sGTM) na libovolném webu."",
    ""url"": ""https://datanostro.com/cs/tools/sgtm-detector/"",
    ""applicationCategory"": ""WebApplication"",
    ""operatingSystem"": ""Web"",
    ""offers"": {
        ""@type"": ""Offer"",
        ""price"": ""0"",
        ""priceCurrency"": ""CZK""
    },
    ""provider"": {
        ""@type"": ""Organization"",
 | 
{
    ""@context"": ""https://schema.org"",
    ""@type"": ""BreadcrumbList"",
    ""itemListElement"": [
        {""@type"": ""ListItem"", ""position"": 1, ""name"": ""DataNostro"", ""item"": ""https://datanostro.com/cs/""},
        {""@type"": ""ListItem"", ""position"": 2, ""name"": ""Nástroje"", ""item"": ""https://datanostro.com/cs/tools/""},
        {""@type"": ""ListItem"", ""position"": 3, ""name"": ""sGTM Detector"", ""item"": ""https://datanostro.com/cs/tools/sgtm-detector/""}
    ]
}
",Používá váš web server-side GTM? — bezplatný sGTM Detector,https://datanostro.com/static/img/og-image.cf9b5d14ff2b.png
https://datanostro.com/cs/tools/gcp-cost-calculator/,200,,GCP sGTM cost kalkulačka — DataNostro,37,Spočítejte kolik měsíčně platíte za sGTM na Google Cloud Run a porovnejte s fixní cenou DataNostro. Reálné GCP list-prices: vCPU + RAM + egress + logging.,154,"index, follow, max-image-preview:large, max-snippet:-1, max-video-preview:-1",https://datanostro.com/cs/tools/gcp-cost-calculator/,cs,Kolik vás reálně stojí sGTM na Google Cloudu?,Produkt | Platformy | E-shop platformy | Zdroje | Právní | Nastavení cookies,241,0,0,1,False,50,0,"
    {
        ""@context"": ""https://schema.org"",
        ""@type"": ""WebSite"",
        ""name"": ""DataNostro"",
        ""url"": ""https://datanostro.com"",
        ""potentialAction"": {
            ""@type"": ""SearchAction"",
            ""target"": {
                ""@type"": ""EntryPoint"",
                ""urlTemplate"": ""https://datanostro.com/cs/docs/?q={search_term_string}""
            },
            ""query-input"": ""required name=search_term_string""
        },
        ""inLanguage"": [""cs"", ""en""]
    }
     | 
    {
        ""@context"": ""https://schema.org"",
        ""@type"": ""Organization"",
        ""name"": ""DataNostro"",
        ""alternateName"": [""DataNostro.com"", ""DataNostro sGTM""],
        ""url"": ""https://datanostro.com"",
        ""logo"": ""https://datanostro.com/static/img/logo.svg"",
        ""image"": ""https://datanostro.com/static/img/og-image.png"",
        ""description"": ""Managed server-side tracking (sGTM) platforma pro české e-shopy a agentury — EU residency, Czech-language support, native Sklik +  | 
    {
        ""@context"": ""https://schema.org"",
        ""@type"": ""SoftwareApplication"",
        ""name"": ""DataNostro"",
        ""applicationCategory"": ""BusinessApplication"",
        ""operatingSystem"": ""Web"",
        ""offers"": {
            ""@type"": ""AggregateOffer"",
            ""priceCurrency"": ""CZK"",
            ""lowPrice"": ""349"",
            ""highPrice"": ""6990"",
            ""offerCount"": ""5""
        },
        ""featureList"": ""Server-side tracking, GA4, Meta CAPI, Google Ads Conversion API, TikT",DataNostro — Server-Side Tracking,https://datanostro.com/static/img/og-image.cf9b5d14ff2b.png
https://datanostro.com/cs/tools/roas-calculator/,200,,ROI a ROAS kalkulačka pro server-side tracking — DataNostro,59,"Spočítejte, kolik tržeb vám chybí kvůli ztracenému trackingu, a kolik vrátí přechod na server-side. Zdarma, bez registrace, výsledek okamžitě.",142,"index, follow, max-image-preview:large, max-snippet:-1, max-video-preview:-1",https://datanostro.com/cs/tools/roas-calculator/,cs,Kolik vás stojí ztracený tracking?,Vaše čísla | Jak funguje ROI kalkulačka pro server-side tracking | Produkt | Platformy | E-shop platformy | Zdroje | Právní | Nastavení cookies,203,0,0,0,False,53,0,"
    {
        ""@context"": ""https://schema.org"",
        ""@type"": ""WebSite"",
        ""name"": ""DataNostro"",
        ""url"": ""https://datanostro.com"",
        ""potentialAction"": {
            ""@type"": ""SearchAction"",
            ""target"": {
                ""@type"": ""EntryPoint"",
                ""urlTemplate"": ""https://datanostro.com/cs/docs/?q={search_term_string}""
            },
            ""query-input"": ""required name=search_term_string""
        },
        ""inLanguage"": [""cs"", ""en""]
    }
     | 
    {
        ""@context"": ""https://schema.org"",
        ""@type"": ""Organization"",
        ""name"": ""DataNostro"",
        ""alternateName"": [""DataNostro.com"", ""DataNostro sGTM""],
        ""url"": ""https://datanostro.com"",
        ""logo"": ""https://datanostro.com/static/img/logo.svg"",
        ""image"": ""https://datanostro.com/static/img/og-image.png"",
        ""description"": ""Managed server-side tracking (sGTM) platforma pro české e-shopy a agentury — EU residency, Czech-language support, native Sklik +  | 
    {
        ""@context"": ""https://schema.org"",
        ""@type"": ""SoftwareApplication"",
        ""name"": ""DataNostro"",
        ""applicationCategory"": ""BusinessApplication"",
        ""operatingSystem"": ""Web"",
        ""offers"": {
            ""@type"": ""AggregateOffer"",
            ""priceCurrency"": ""CZK"",
            ""lowPrice"": ""349"",
            ""highPrice"": ""6990"",
            ""offerCount"": ""5""
        },
        ""featureList"": ""Server-side tracking, GA4, Meta CAPI, Google Ads Conversion API, TikT",Kolik tržeb vám bere ztracený tracking? — ROAS kalkulačka,https://datanostro.com/static/img/og-image.cf9b5d14ff2b.png
https://datanostro.com/cs/blog/,200,,Blog — DataNostro,17,"Blog DataNostro — server-side tracking, sGTM hosting, atribuce v reklamě, CZ-specific case studies. Hloubkové návody pro CZ/SK marketing tým.",141,"index, follow, max-image-preview:large, max-snippet:-1, max-video-preview:-1",https://datanostro.com/cs/blog/,cs,Server-side tracking do hloubky.,"Stape vs Addingwell vs Google Cloud vs DataNostro: jak vybrat sGTM hosting v 2026 | Heureka Ověřeno zákazníky přes server-side: 25 % více recenzí, žádný iframe blok | Migrace ze Stape na DataNostro za 5 dní: postup, časté otázky, finanční dopad | Co je CRO (conversion rate optimization) a role měření | Měření YouTube a video reklam se server-side trackingem | Server-side tracking a A/B testování: aby výsledky seděly | Co je customer lifetime value (CLV) a jak ho měřit | Měření opuštěného košíku: jak ho zachytit a využít | Co je Conversion API Gateway (a kdy stačí místo plného sGTM) | GA4 BigQuery export: co to je a kdy se hodí | Headless commerce a server-side tracking: na co si dát pozor | Jak měřit ROI marketingu: atribuce vs. marketing mix modeling | Jak budovat first-party publika pro reklamu se server-side | Omnichannel měření: spojit web, prodejnu a marketplace | Probabilistic vs. deterministic matching: jaký je rozdíl | Server-side tracking a affiliate marketing: spolehlivé provize | Měření slevových kódů a voucherů: jak neznehodnotit atribuci | Zero-party vs. first-party data: jaký je rozdíl | Co je data clean room a jak souvisí se server-side trackingem | Server-side tracking pro dropshipping: tenké marže, hodně reklamy | Cross-device měření: jak spojit jednoho zákazníka přes víc zařízení | Co je incrementalita a proč ji měřit | Call tracking a server-side: jak měřit konverze z telefonu | Nový vs. vracející se zákazník: jak je správně měřit | Server-side tracking pro agentury: měření napříč klienty | Jak měřit konverze z e-mailových kampaní | Měření offline konverzí: kompletní průvodce | Jde server-side tracking na WordPressu a WooCommerce? | Zlepší server-side tracking match rate? | Jak měřit konverze na iOS (a proč je to těžší) | Jak dlouho trvá nasadit server-side tracking? | Co je sGTM hosting a proč ho potřebujete | Server-side tracking pro X (Twitter) Ads (Conversion API) | Server-side tracking pro Reddit Ads (Conversions API) | Server-side tracking pro Snapchat Ads (Conversions API) | Server-side tracking pro LinkedIn Ads (Conversions API) | Server-side tracking vs. Conversions API: jaký je rozdíl? | Funguje server-side tracking bez cookie lišty? | Je server-side tracking legální a GDPR-compliant? | Potřebujete server-side tracking? Rozhodovací průvodce | Vyplatí se server-side tracking pro malý e-shop? | Měření celého funnelu: proč jen nákup nestačí | Server-side tracking a rychlost webu: jak měření ovlivňuje Core Web Vitals | Bot traffic ve vašem měření: jak ho poznat a odfiltrovat server-side | Server-side tracking pro fitness a členství: předplatné, lokální intent a retence | Server-side tracking pro neziskovky: dary, opakované dárcovství a hodnota dárce | Server-side tracking pro beauty a kosmetiku: opakovaný nákup a předplatné | Server-side tracking pro automotive: dlouhé rozhodování a nákup u dealera | Server-side tracking pro B2B výrobu a průmysl: poptávky, dlouhý cyklus, dealeři | Server-side tracking pro online kurzy a digitální produkty | Server-side tracking pro reality a finance: vysoké hodnoty, dlouhý cyklus, citlivá data | Server-side tracking pro gastro a delivery: vlastní kanál vs. agregátoři | Server-side tracking pro elektroniku: nízká marže, kde každé procento rozhoduje | Produkt | Platformy | E-shop platformy | Zdroje | Právní | Nastavení cookies",2260,0,0,0,False,106,0,"
    {
        ""@context"": ""https://schema.org"",
        ""@type"": ""WebSite"",
        ""name"": ""DataNostro"",
        ""url"": ""https://datanostro.com"",
        ""potentialAction"": {
            ""@type"": ""SearchAction"",
            ""target"": {
                ""@type"": ""EntryPoint"",
                ""urlTemplate"": ""https://datanostro.com/cs/docs/?q={search_term_string}""
            },
            ""query-input"": ""required name=search_term_string""
        },
        ""inLanguage"": [""cs"", ""en""]
    }
     | 
    {
        ""@context"": ""https://schema.org"",
        ""@type"": ""Organization"",
        ""name"": ""DataNostro"",
        ""alternateName"": [""DataNostro.com"", ""DataNostro sGTM""],
        ""url"": ""https://datanostro.com"",
        ""logo"": ""https://datanostro.com/static/img/logo.svg"",
        ""image"": ""https://datanostro.com/static/img/og-image.png"",
        ""description"": ""Managed server-side tracking (sGTM) platforma pro české e-shopy a agentury — EU residency, Czech-language support, native Sklik +  | 
    {
        ""@context"": ""https://schema.org"",
        ""@type"": ""SoftwareApplication"",
        ""name"": ""DataNostro"",
        ""applicationCategory"": ""BusinessApplication"",
        ""operatingSystem"": ""Web"",
        ""offers"": {
            ""@type"": ""AggregateOffer"",
            ""priceCurrency"": ""CZK"",
            ""lowPrice"": ""349"",
            ""highPrice"": ""6990"",
            ""offerCount"": ""5""
        },
        ""featureList"": ""Server-side tracking, GA4, Meta CAPI, Google Ads Conversion API, TikT",DataNostro — Server-Side Tracking,https://datanostro.com/static/img/og-image.cf9b5d14ff2b.png
https://datanostro.com/cs/blog/tracking/,200,,Tracking — Blog DataNostro,26,Tracking — DataNostro blog,26,"index, follow, max-image-preview:large, max-snippet:-1, max-video-preview:-1",https://datanostro.com/cs/blog/tracking/,cs,Tracking,"Co je CRO (conversion rate optimization) a role měření | Měření YouTube a video reklam se server-side trackingem | Server-side tracking a A/B testování: aby výsledky seděly | Co je customer lifetime value (CLV) a jak ho měřit | Měření opuštěného košíku: jak ho zachytit a využít | Co je Conversion API Gateway (a kdy stačí místo plného sGTM) | GA4 BigQuery export: co to je a kdy se hodí | Headless commerce a server-side tracking: na co si dát pozor | Jak měřit ROI marketingu: atribuce vs. marketing mix modeling | Jak budovat first-party publika pro reklamu se server-side | Omnichannel měření: spojit web, prodejnu a marketplace | Probabilistic vs. deterministic matching: jaký je rozdíl | Server-side tracking a affiliate marketing: spolehlivé provize | Měření slevových kódů a voucherů: jak neznehodnotit atribuci | Zero-party vs. first-party data: jaký je rozdíl | Co je data clean room a jak souvisí se server-side trackingem | Server-side tracking pro dropshipping: tenké marže, hodně reklamy | Cross-device měření: jak spojit jednoho zákazníka přes víc zařízení | Co je incrementalita a proč ji měřit | Call tracking a server-side: jak měřit konverze z telefonu | Nový vs. vracející se zákazník: jak je správně měřit | Server-side tracking pro agentury: měření napříč klienty | Jak měřit konverze z e-mailových kampaní | Měření offline konverzí: kompletní průvodce | Jde server-side tracking na WordPressu a WooCommerce? | Zlepší server-side tracking match rate? | Jak měřit konverze na iOS (a proč je to těžší) | Jak dlouho trvá nasadit server-side tracking? | Co je sGTM hosting a proč ho potřebujete | Server-side tracking pro X (Twitter) Ads (Conversion API) | Server-side tracking pro Reddit Ads (Conversions API) | Server-side tracking pro Snapchat Ads (Conversions API) | Server-side tracking pro LinkedIn Ads (Conversions API) | Server-side tracking vs. Conversions API: jaký je rozdíl? | Funguje server-side tracking bez cookie lišty? | Je server-side tracking legální a GDPR-compliant? | Potřebujete server-side tracking? Rozhodovací průvodce | Vyplatí se server-side tracking pro malý e-shop? | Měření celého funnelu: proč jen nákup nestačí | Server-side tracking a rychlost webu: jak měření ovlivňuje Core Web Vitals | Bot traffic ve vašem měření: jak ho poznat a odfiltrovat server-side | Server-side tracking pro fitness a členství: předplatné, lokální intent a retence | Server-side tracking pro neziskovky: dary, opakované dárcovství a hodnota dárce | Server-side tracking pro beauty a kosmetiku: opakovaný nákup a předplatné | Server-side tracking pro automotive: dlouhé rozhodování a nákup u dealera | Server-side tracking pro B2B výrobu a průmysl: poptávky, dlouhý cyklus, dealeři | Server-side tracking pro online kurzy a digitální produkty | Server-side tracking pro reality a finance: vysoké hodnoty, dlouhý cyklus, citlivá data | Server-side tracking pro gastro a delivery: vlastní kanál vs. agregátoři | Server-side tracking pro elektroniku: nízká marže, kde každé procento rozhoduje | Server-side tracking pro módu a oblečení: vratky, které ničí ROAS | Server-side tracking pro marketplace: dvě strany, atribuce a provize místo GMV | Server-side tracking pro SaaS a předplatné: měřte LTV, ne jednorázový nákup | Server-side tracking pro cestovní ruch: dlouhé cesty, vysoké hodnoty, externí rezervace | Jak ověřit, že server-side tracking opravdu funguje | Měření leadů a B2B se server-side: propojte tracking s CRM | Proč si GA4 a Google Ads konverze nesedí (a kdy je to v pořádku) | Cross-domain tracking se server-side GTM: jedna cesta přes víc domén | Black Friday tracking checklist: ať vám peak nerozbije měření | Atribuce konverzí: jak server-side mění přiřazování zásluh | ROAS vs. POAS: měřte zisk z reklamy, ne jen obrat | Data layer: neviditelný základ kvalitního měření | Meta Conversions API: kompletní průvodce 2026 | Enhanced Conversions pro Google Ads: co to je a jak je nasadit server-side | Měření bez cookies třetích stran: proč je first-party data budoucnost | Server-side vs. client-side tracking: kdy stačí jedno a kdy potřebujete druhé | Kolik stojí server-side tracking? Rozpočet pro rok 2026 | ITP, iOS a ad-blockery: kolik konverzí ztrácíte a jak je vrátit | Consent Mode v2 a server-side GTM: GDPR prakticky | Server-side tracking: kompletní průvodce 2026 | GA4 + Meta CAPI deduplikace: co se ti rozbije a jak to spravit | Produkt | Platformy | E-shop platformy | Zdroje | Právní | Nastavení cookies",2840,0,0,0,False,122,0,"
    {
        ""@context"": ""https://schema.org"",
        ""@type"": ""WebSite"",
        ""name"": ""DataNostro"",
        ""url"": ""https://datanostro.com"",
        ""potentialAction"": {
            ""@type"": ""SearchAction"",
            ""target"": {
                ""@type"": ""EntryPoint"",
                ""urlTemplate"": ""https://datanostro.com/cs/docs/?q={search_term_string}""
            },
            ""query-input"": ""required name=search_term_string""
        },
        ""inLanguage"": [""cs"", ""en""]
    }
     | 
    {
        ""@context"": ""https://schema.org"",
        ""@type"": ""Organization"",
        ""name"": ""DataNostro"",
        ""alternateName"": [""DataNostro.com"", ""DataNostro sGTM""],
        ""url"": ""https://datanostro.com"",
        ""logo"": ""https://datanostro.com/static/img/logo.svg"",
        ""image"": ""https://datanostro.com/static/img/og-image.png"",
        ""description"": ""Managed server-side tracking (sGTM) platforma pro české e-shopy a agentury — EU residency, Czech-language support, native Sklik +  | 
    {
        ""@context"": ""https://schema.org"",
        ""@type"": ""SoftwareApplication"",
        ""name"": ""DataNostro"",
        ""applicationCategory"": ""BusinessApplication"",
        ""operatingSystem"": ""Web"",
        ""offers"": {
            ""@type"": ""AggregateOffer"",
            ""priceCurrency"": ""CZK"",
            ""lowPrice"": ""349"",
            ""highPrice"": ""6990"",
            ""offerCount"": ""5""
        },
        ""featureList"": ""Server-side tracking, GA4, Meta CAPI, Google Ads Conversion API, TikT",DataNostro — Server-Side Tracking,https://datanostro.com/static/img/og-image.cf9b5d14ff2b.png
https://datanostro.com/cs/blog/tracking/server-side-tracking-kompletni-pruvodce-2026/,200,,Server-side tracking: kompletní průvodce 2026 — Blog DataNostro,63,"Co je server-side tracking, jak funguje a kdy se vyplatí. Od základů po nasazení přes server-side GTM — přesnější data, obejití ad-blockerů, GDPR. Srozumitelně.",160,"index, follow, max-image-preview:large, max-snippet:-1, max-video-preview:-1",https://datanostro.com/cs/blog/tracking/server-side-tracking-kompletni-pruvodce-2026/,cs,Server-side tracking: kompletní průvodce 2026,Co je server-side tracking | Proč na tom záleží | Jak server-side tracking funguje krok za krokem | Deduplikace: nezdvojujte konverze | Kdy se server-side tracking vyplatí | Co potřebujete k nasazení | Časté omyly | Shrnutí | Produkt | Platformy | E-shop platformy | Zdroje | Právní | Nastavení cookies,865,0,0,1,False,59,2,"
    {
        ""@context"": ""https://schema.org"",
        ""@type"": ""WebSite"",
        ""name"": ""DataNostro"",
        ""url"": ""https://datanostro.com"",
        ""potentialAction"": {
            ""@type"": ""SearchAction"",
            ""target"": {
                ""@type"": ""EntryPoint"",
                ""urlTemplate"": ""https://datanostro.com/cs/docs/?q={search_term_string}""
            },
            ""query-input"": ""required name=search_term_string""
        },
        ""inLanguage"": [""cs"", ""en""]
    }
     | 
    {
        ""@context"": ""https://schema.org"",
        ""@type"": ""Organization"",
        ""name"": ""DataNostro"",
        ""alternateName"": [""DataNostro.com"", ""DataNostro sGTM""],
        ""url"": ""https://datanostro.com"",
        ""logo"": ""https://datanostro.com/static/img/logo.svg"",
        ""image"": ""https://datanostro.com/static/img/og-image.png"",
        ""description"": ""Managed server-side tracking (sGTM) platforma pro české e-shopy a agentury — EU residency, Czech-language support, native Sklik +  | 
    {
        ""@context"": ""https://schema.org"",
        ""@type"": ""SoftwareApplication"",
        ""name"": ""DataNostro"",
        ""applicationCategory"": ""BusinessApplication"",
        ""operatingSystem"": ""Web"",
        ""offers"": {
            ""@type"": ""AggregateOffer"",
            ""priceCurrency"": ""CZK"",
            ""lowPrice"": ""349"",
            ""highPrice"": ""6990"",
            ""offerCount"": ""5""
        },
        ""featureList"": ""Server-side tracking, GA4, Meta CAPI, Google Ads Conversion API, TikT | 
{
  ""@context"": ""https://schema.org"",
  ""@type"": ""BlogPosting"",
  ""headline"": ""Server\u002Dside tracking: kompletní průvodce 2026"",
  ""description"": ""Co je server\u002Dside tracking, jak funguje, kdy se vyplatí a jak ho nasadit. Srozumitelné vysvětlení od základů po praktické nasazení přes server\u002Dside GTM."",
  ""image"": ""https://datanostro.com/static/img/og/blog/server-side-tracking-kompletni-pruvodce-2026.81e6a70d0f31.jpg"",
  ""author"": {""@type"": ""Organization"", ""name"": ""DataNostro""},
  ""pu | 
{
  ""@context"": ""https://schema.org"",
  ""@type"": ""BreadcrumbList"",
  ""itemListElement"": [
    {""@type"": ""ListItem"", ""position"": 1, ""name"": ""Blog"", ""item"": ""https://datanostro.com/cs/blog/""},
    {""@type"": ""ListItem"", ""position"": 2, ""name"": ""Tracking"", ""item"": ""https://datanostro.com/cs/blog/tracking/""},
    {""@type"": ""ListItem"", ""position"": 3, ""name"": ""Server-side tracking: kompletní průvodce 2026"", ""item"": ""https://datanostro.com/cs/blog/tracking/server-side-tracking-kompletni-pruvodce-2026/""}",Server-side tracking: kompletní průvodce 2026 — DataNostro,https://datanostro.com/static/img/og/blog/server-side-tracking-kompletni-pruvodce-2026.81e6a70d0f31.jpg
https://datanostro.com/cs/blog/tracking/kolik-stoji-server-side-tracking-2026/,200,,Kolik stojí server-side tracking? Rozpočet 2026 — Blog DataNostro,65,"Z čeho se skládá cena server-side trackingu — Google Cloud DIY vs managed hosting. Skryté náklady na správu, škálování a čas. Kdy se vyplatí které řešení.",154,"index, follow, max-image-preview:large, max-snippet:-1, max-video-preview:-1",https://datanostro.com/cs/blog/tracking/kolik-stoji-server-side-tracking-2026/,cs,Kolik stojí server-side tracking? Rozpočet pro rok 2026,Z čeho se cena skládá | Varianta A: holý Google Cloud (DIY) | Varianta B: managed hosting | Jak to porovnat férově | Návratnost | Shrnutí | Produkt | Platformy | E-shop platformy | Zdroje | Právní | Nastavení cookies,611,0,0,1,False,56,2,"
    {
        ""@context"": ""https://schema.org"",
        ""@type"": ""WebSite"",
        ""name"": ""DataNostro"",
        ""url"": ""https://datanostro.com"",
        ""potentialAction"": {
            ""@type"": ""SearchAction"",
            ""target"": {
                ""@type"": ""EntryPoint"",
                ""urlTemplate"": ""https://datanostro.com/cs/docs/?q={search_term_string}""
            },
            ""query-input"": ""required name=search_term_string""
        },
        ""inLanguage"": [""cs"", ""en""]
    }
     | 
    {
        ""@context"": ""https://schema.org"",
        ""@type"": ""Organization"",
        ""name"": ""DataNostro"",
        ""alternateName"": [""DataNostro.com"", ""DataNostro sGTM""],
        ""url"": ""https://datanostro.com"",
        ""logo"": ""https://datanostro.com/static/img/logo.svg"",
        ""image"": ""https://datanostro.com/static/img/og-image.png"",
        ""description"": ""Managed server-side tracking (sGTM) platforma pro české e-shopy a agentury — EU residency, Czech-language support, native Sklik +  | 
    {
        ""@context"": ""https://schema.org"",
        ""@type"": ""SoftwareApplication"",
        ""name"": ""DataNostro"",
        ""applicationCategory"": ""BusinessApplication"",
        ""operatingSystem"": ""Web"",
        ""offers"": {
            ""@type"": ""AggregateOffer"",
            ""priceCurrency"": ""CZK"",
            ""lowPrice"": ""349"",
            ""highPrice"": ""6990"",
            ""offerCount"": ""5""
        },
        ""featureList"": ""Server-side tracking, GA4, Meta CAPI, Google Ads Conversion API, TikT | 
{
  ""@context"": ""https://schema.org"",
  ""@type"": ""BlogPosting"",
  ""headline"": ""Kolik stojí server\u002Dside tracking? Rozpočet pro rok 2026"",
  ""description"": ""Holý Google Cloud, nebo managed hosting? Z čeho se skládá cena server\u002Dside trackingu, kde jsou skryté náklady a kdy se vyplatí managed řešení."",
  ""image"": ""https://datanostro.com/static/img/og/blog/kolik-stoji-server-side-tracking-2026.b3256b1ff847.jpg"",
  ""author"": {""@type"": ""Organization"", ""name"": ""DataNostro""},
  ""publisher"": {"" | 
{
  ""@context"": ""https://schema.org"",
  ""@type"": ""BreadcrumbList"",
  ""itemListElement"": [
    {""@type"": ""ListItem"", ""position"": 1, ""name"": ""Blog"", ""item"": ""https://datanostro.com/cs/blog/""},
    {""@type"": ""ListItem"", ""position"": 2, ""name"": ""Tracking"", ""item"": ""https://datanostro.com/cs/blog/tracking/""},
    {""@type"": ""ListItem"", ""position"": 3, ""name"": ""Kolik stojí server-side tracking? Rozpočet pro rok 2026"", ""item"": ""https://datanostro.com/cs/blog/tracking/kolik-stoji-server-side-tracking-2026",Kolik stojí server-side tracking? Rozpočet pro rok 2026 — DataNostro,https://datanostro.com/static/img/og/blog/kolik-stoji-server-side-tracking-2026.b3256b1ff847.jpg
https://datanostro.com/cs/blog/migrace/stape-addingwell-google-cloud-vs-datanostro-2026/,200,,Stape vs Addingwell vs Google Cloud vs DataNostro: jak vybrat sGTM hosting v 2026 — Blog DataNostro,99,"Čtyři nejčastější volby pro server-side GTM hosting porovnané podle ceny, EU residency, CZ-market integrací a podpory. Tabulka + když-tak doporučení + odkazy na kalkulačky a migrační runbooky.",192,"index, follow, max-image-preview:large, max-snippet:-1, max-video-preview:-1",https://datanostro.com/cs/blog/migrace/stape-addingwell-google-cloud-vs-datanostro-2026/,cs,Stape vs Addingwell vs Google Cloud vs DataNostro: jak vybrat sGTM hosting v 2026,TL;DR (když nemáte čas číst celé) | Co všechny čtyři umí stejně | Cena: skutečné měsíční náklady pro typický CZ e-shop | EU residency: kde reálně sedí data | CZ-specific integrace: kde to teprve začíná | Když nepotřebujete CZ specifika | Když Google Cloud Run dává smysl | Kdy DataNostro | Migrace mezi nimi — bez výpadku | Jak se rozhodnout — flowchart | Produkt | Platformy | E-shop platformy | Zdroje | Právní | Nastavení cookies,1187,0,0,1,False,56,2,"
    {
        ""@context"": ""https://schema.org"",
        ""@type"": ""WebSite"",
        ""name"": ""DataNostro"",
        ""url"": ""https://datanostro.com"",
        ""potentialAction"": {
            ""@type"": ""SearchAction"",
            ""target"": {
                ""@type"": ""EntryPoint"",
                ""urlTemplate"": ""https://datanostro.com/cs/docs/?q={search_term_string}""
            },
            ""query-input"": ""required name=search_term_string""
        },
        ""inLanguage"": [""cs"", ""en""]
    }
     | 
    {
        ""@context"": ""https://schema.org"",
        ""@type"": ""Organization"",
        ""name"": ""DataNostro"",
        ""alternateName"": [""DataNostro.com"", ""DataNostro sGTM""],
        ""url"": ""https://datanostro.com"",
        ""logo"": ""https://datanostro.com/static/img/logo.svg"",
        ""image"": ""https://datanostro.com/static/img/og-image.png"",
        ""description"": ""Managed server-side tracking (sGTM) platforma pro české e-shopy a agentury — EU residency, Czech-language support, native Sklik +  | 
    {
        ""@context"": ""https://schema.org"",
        ""@type"": ""SoftwareApplication"",
        ""name"": ""DataNostro"",
        ""applicationCategory"": ""BusinessApplication"",
        ""operatingSystem"": ""Web"",
        ""offers"": {
            ""@type"": ""AggregateOffer"",
            ""priceCurrency"": ""CZK"",
            ""lowPrice"": ""349"",
            ""highPrice"": ""6990"",
            ""offerCount"": ""5""
        },
        ""featureList"": ""Server-side tracking, GA4, Meta CAPI, Google Ads Conversion API, TikT | 
{
  ""@context"": ""https://schema.org"",
  ""@type"": ""BlogPosting"",
  ""headline"": ""Stape vs Addingwell vs Google Cloud vs DataNostro: jak vybrat sGTM hosting v 2026"",
  ""description"": ""Čtyři nejčastější volby pro server\u002Dside GTM hosting porovnané podle ceny, EU residency, CZ\u002Dmarket integrací a podpory. Tabulka + když\u002Dtak doporučení + odkazy na kalkulačky a migrační runbooky."",
  ""image"": ""https://datanostro.com/static/img/og/blog/stape-addingwell-google-cloud-vs-datanostro-2026.ff56f | 
{
  ""@context"": ""https://schema.org"",
  ""@type"": ""BreadcrumbList"",
  ""itemListElement"": [
    {""@type"": ""ListItem"", ""position"": 1, ""name"": ""Blog"", ""item"": ""https://datanostro.com/cs/blog/""},
    {""@type"": ""ListItem"", ""position"": 2, ""name"": ""Migrace"", ""item"": ""https://datanostro.com/cs/blog/migrace/""},
    {""@type"": ""ListItem"", ""position"": 3, ""name"": ""Stape vs Addingwell vs Google Cloud vs DataNostro: jak vybrat sGTM hosting v 2026"", ""item"": ""https://datanostro.com/cs/blog/migrace/stape-addingwe",Stape vs Addingwell vs Google Cloud vs DataNostro: jak vybrat sGTM hosting v 2026 — DataNostro,https://datanostro.com/static/img/og/blog/stape-addingwell-google-cloud-vs-datanostro-2026.ff56f1671e9a.jpg
https://datanostro.com/cs/blog/tracking/consent-mode-v2-server-side-gdpr/,200,,Consent Mode v2 a server-side GTM: GDPR prakticky — Blog DataNostro,67,"Jak nastavit Google Consent Mode v2 se server-side GTM. Čtyři consent signály, basic vs advanced mode, modelované konverze. GDPR srozumitelně a prakticky.",154,"index, follow, max-image-preview:large, max-snippet:-1, max-video-preview:-1",https://datanostro.com/cs/blog/tracking/consent-mode-v2-server-side-gdpr/,cs,Consent Mode v2 a server-side GTM: GDPR prakticky,"Co je Consent Mode v2 | Basic vs. Advanced mode | Jak do toho zapadá server-side | Jak to nastavit | Co se stane, když návštěvník odmítne | Časté chyby | Shrnutí | Produkt | Platformy | E-shop platformy | Zdroje | Právní | Nastavení cookies",727,0,0,1,False,56,2,"
    {
        ""@context"": ""https://schema.org"",
        ""@type"": ""WebSite"",
        ""name"": ""DataNostro"",
        ""url"": ""https://datanostro.com"",
        ""potentialAction"": {
            ""@type"": ""SearchAction"",
            ""target"": {
                ""@type"": ""EntryPoint"",
                ""urlTemplate"": ""https://datanostro.com/cs/docs/?q={search_term_string}""
            },
            ""query-input"": ""required name=search_term_string""
        },
        ""inLanguage"": [""cs"", ""en""]
    }
     | 
    {
        ""@context"": ""https://schema.org"",
        ""@type"": ""Organization"",
        ""name"": ""DataNostro"",
        ""alternateName"": [""DataNostro.com"", ""DataNostro sGTM""],
        ""url"": ""https://datanostro.com"",
        ""logo"": ""https://datanostro.com/static/img/logo.svg"",
        ""image"": ""https://datanostro.com/static/img/og-image.png"",
        ""description"": ""Managed server-side tracking (sGTM) platforma pro české e-shopy a agentury — EU residency, Czech-language support, native Sklik +  | 
    {
        ""@context"": ""https://schema.org"",
        ""@type"": ""SoftwareApplication"",
        ""name"": ""DataNostro"",
        ""applicationCategory"": ""BusinessApplication"",
        ""operatingSystem"": ""Web"",
        ""offers"": {
            ""@type"": ""AggregateOffer"",
            ""priceCurrency"": ""CZK"",
            ""lowPrice"": ""349"",
            ""highPrice"": ""6990"",
            ""offerCount"": ""5""
        },
        ""featureList"": ""Server-side tracking, GA4, Meta CAPI, Google Ads Conversion API, TikT | 
{
  ""@context"": ""https://schema.org"",
  ""@type"": ""BlogPosting"",
  ""headline"": ""Consent Mode v2 a server\u002Dside GTM: GDPR prakticky"",
  ""description"": ""Co po vás EU u Consent Mode v2 vlastně chce, jak ho nastavit se server\u002Dside GTM a co se stane, když návštěvník odmítne souhlas. Bez právničiny, prakticky."",
  ""image"": ""https://datanostro.com/static/img/og/blog/consent-mode-v2-server-side-gdpr.8524c9bf4a21.jpg"",
  ""author"": {""@type"": ""Organization"", ""name"": ""DataNostro""},
  ""publisher"": { | 
{
  ""@context"": ""https://schema.org"",
  ""@type"": ""BreadcrumbList"",
  ""itemListElement"": [
    {""@type"": ""ListItem"", ""position"": 1, ""name"": ""Blog"", ""item"": ""https://datanostro.com/cs/blog/""},
    {""@type"": ""ListItem"", ""position"": 2, ""name"": ""Tracking"", ""item"": ""https://datanostro.com/cs/blog/tracking/""},
    {""@type"": ""ListItem"", ""position"": 3, ""name"": ""Consent Mode v2 a server-side GTM: GDPR prakticky"", ""item"": ""https://datanostro.com/cs/blog/tracking/consent-mode-v2-server-side-gdpr/""}
  ]
}
",Consent Mode v2 a server-side GTM: GDPR prakticky — DataNostro,https://datanostro.com/static/img/og/blog/consent-mode-v2-server-side-gdpr.8524c9bf4a21.jpg
https://datanostro.com/cs/blog/cz-market/sklik-konverze-server-side-gtm/,200,,Seznam Event Measurement (SEM): server-side konverze pro Sklik a Zboží.cz — Blog DataNostro,91,"Jediný funkční postup, jak nasadit Sklik konverze na server-side GTM. Co Stape, Addingwell ani Google Cloud nemají. Krok za krokem včetně deduplikace s pixel kódem.",164,"index, follow, max-image-preview:large, max-snippet:-1, max-video-preview:-1",https://datanostro.com/cs/blog/cz-market/sklik-konverze-server-side-gtm/,cs,Seznam Event Measurement (SEM): server-side konverze pro Sklik a Zboží.cz,Co je SEM a proč vznikl | Co se mění oproti starým kódům | Jak SEM funguje server-to-server | Proč to řešit server-side | Jak na SEM s DataNostro | Produkt | Platformy | E-shop platformy | Zdroje | Právní | Nastavení cookies,486,0,0,1,False,53,2,"
    {
        ""@context"": ""https://schema.org"",
        ""@type"": ""WebSite"",
        ""name"": ""DataNostro"",
        ""url"": ""https://datanostro.com"",
        ""potentialAction"": {
            ""@type"": ""SearchAction"",
            ""target"": {
                ""@type"": ""EntryPoint"",
                ""urlTemplate"": ""https://datanostro.com/cs/docs/?q={search_term_string}""
            },
            ""query-input"": ""required name=search_term_string""
        },
        ""inLanguage"": [""cs"", ""en""]
    }
     | 
    {
        ""@context"": ""https://schema.org"",
        ""@type"": ""Organization"",
        ""name"": ""DataNostro"",
        ""alternateName"": [""DataNostro.com"", ""DataNostro sGTM""],
        ""url"": ""https://datanostro.com"",
        ""logo"": ""https://datanostro.com/static/img/logo.svg"",
        ""image"": ""https://datanostro.com/static/img/og-image.png"",
        ""description"": ""Managed server-side tracking (sGTM) platforma pro české e-shopy a agentury — EU residency, Czech-language support, native Sklik +  | 
    {
        ""@context"": ""https://schema.org"",
        ""@type"": ""SoftwareApplication"",
        ""name"": ""DataNostro"",
        ""applicationCategory"": ""BusinessApplication"",
        ""operatingSystem"": ""Web"",
        ""offers"": {
            ""@type"": ""AggregateOffer"",
            ""priceCurrency"": ""CZK"",
            ""lowPrice"": ""349"",
            ""highPrice"": ""6990"",
            ""offerCount"": ""5""
        },
        ""featureList"": ""Server-side tracking, GA4, Meta CAPI, Google Ads Conversion API, TikT | 
{
  ""@context"": ""https://schema.org"",
  ""@type"": ""BlogPosting"",
  ""headline"": ""Seznam Event Measurement (SEM): server\u002Dside konverze pro Sklik a Zboží.cz"",
  ""description"": ""Jediný funkční postup, jak nasadit Sklik konverze na server\u002Dside GTM. Co Stape, Addingwell ani Google Cloud nemají. Krok za krokem včetně deduplikace s pixel kódem."",
  ""image"": ""https://datanostro.com/static/img/og/blog/sklik-konverze-server-side-gtm.7172025d0b5e.jpg"",
  ""author"": {""@type"": ""Organization"", ""name"": | 
{
  ""@context"": ""https://schema.org"",
  ""@type"": ""BreadcrumbList"",
  ""itemListElement"": [
    {""@type"": ""ListItem"", ""position"": 1, ""name"": ""Blog"", ""item"": ""https://datanostro.com/cs/blog/""},
    {""@type"": ""ListItem"", ""position"": 2, ""name"": ""CZ trh"", ""item"": ""https://datanostro.com/cs/blog/cz-market/""},
    {""@type"": ""ListItem"", ""position"": 3, ""name"": ""Seznam Event Measurement (SEM): server-side konverze pro Sklik a Zboží.cz"", ""item"": ""https://datanostro.com/cs/blog/cz-market/sklik-konverze-serv",Seznam Event Measurement (SEM): server-side konverze pro Sklik a Zboží.cz — DataNostro,https://datanostro.com/static/img/og/blog/sklik-konverze-server-side-gtm.7172025d0b5e.jpg
https://datanostro.com/cs/blog/tracking/mereni-leadu-b2b-server-side-crm/,200,,Měření leadů a B2B se server-side trackingem a CRM — Blog DataNostro,68,"Jak měřit B2B a lead generation se server-side trackingem: propojení s CRM, offline konverze, Enhanced Conversions for Leads. Měřte kvalitu leadů, ne jen počet.",160,"index, follow, max-image-preview:large, max-snippet:-1, max-video-preview:-1",https://datanostro.com/cs/blog/tracking/mereni-leadu-b2b-server-side-crm/,cs,Měření leadů a B2B se server-side: propojte tracking s CRM,Proč je B2B měření těžší | Co s tím dělá server-side | Propojení s CRM a offline konverze | Praktická doporučení | Shrnutí | Produkt | Platformy | E-shop platformy | Zdroje | Právní | Nastavení cookies,519,0,0,1,True,58,2,"
    {
        ""@context"": ""https://schema.org"",
        ""@type"": ""WebSite"",
        ""name"": ""DataNostro"",
        ""url"": ""https://datanostro.com"",
        ""potentialAction"": {
            ""@type"": ""SearchAction"",
            ""target"": {
                ""@type"": ""EntryPoint"",
                ""urlTemplate"": ""https://datanostro.com/cs/docs/?q={search_term_string}""
            },
            ""query-input"": ""required name=search_term_string""
        },
        ""inLanguage"": [""cs"", ""en""]
    }
     | 
    {
        ""@context"": ""https://schema.org"",
        ""@type"": ""Organization"",
        ""name"": ""DataNostro"",
        ""alternateName"": [""DataNostro.com"", ""DataNostro sGTM""],
        ""url"": ""https://datanostro.com"",
        ""logo"": ""https://datanostro.com/static/img/logo.svg"",
        ""image"": ""https://datanostro.com/static/img/og-image.png"",
        ""description"": ""Managed server-side tracking (sGTM) platforma pro české e-shopy a agentury — EU residency, Czech-language support, native Sklik +  | 
    {
        ""@context"": ""https://schema.org"",
        ""@type"": ""SoftwareApplication"",
        ""name"": ""DataNostro"",
        ""applicationCategory"": ""BusinessApplication"",
        ""operatingSystem"": ""Web"",
        ""offers"": {
            ""@type"": ""AggregateOffer"",
            ""priceCurrency"": ""CZK"",
            ""lowPrice"": ""349"",
            ""highPrice"": ""6990"",
            ""offerCount"": ""5""
        },
        ""featureList"": ""Server-side tracking, GA4, Meta CAPI, Google Ads Conversion API, TikT | 
{
  ""@context"": ""https://schema.org"",
  ""@type"": ""BlogPosting"",
  ""headline"": ""Měření leadů a B2B se server\u002Dside: propojte tracking s CRM"",
  ""description"": ""B2B se neměří jako e\u002Dshop — konverze nekončí nákupem, ale leadem, který dozraje v CRM. Jak server\u002Dside tracking propojit s CRM a měřit kvalitu leadů, ne jen počet."",
  ""image"": ""https://datanostro.com/static/img/og/blog/mereni-leadu-b2b-server-side-crm.771b868e942c.jpg"",
  ""author"": {""@type"": ""Organization"", ""name"": ""DataNos | 
{
  ""@context"": ""https://schema.org"",
  ""@type"": ""BreadcrumbList"",
  ""itemListElement"": [
    {""@type"": ""ListItem"", ""position"": 1, ""name"": ""Blog"", ""item"": ""https://datanostro.com/cs/blog/""},
    {""@type"": ""ListItem"", ""position"": 2, ""name"": ""Tracking"", ""item"": ""https://datanostro.com/cs/blog/tracking/""},
    {""@type"": ""ListItem"", ""position"": 3, ""name"": ""Měření leadů a B2B se server-side: propojte tracking s CRM"", ""item"": ""https://datanostro.com/cs/blog/tracking/mereni-leadu-b2b-server-side-crm/""",Měření leadů a B2B se server-side: propojte tracking s CRM — DataNostro,https://datanostro.com/static/img/og/blog/mereni-leadu-b2b-server-side-crm.771b868e942c.jpg
https://datanostro.com/cs/roadmap/,200,,Roadmap — Co plánujeme — DataNostro,35,"Veřejná roadmap DataNostro. Hlasujte pro funkce, které chcete prioritně. Vidíte, na čem zrovna pracujeme a co nás čeká.",119,"index, follow, max-image-preview:large, max-snippet:-1, max-video-preview:-1",https://datanostro.com/cs/roadmap/,cs,Co stavíme a o čem přemýšlíme.,"V práci | Plánováno | Nápady | Vydáno | Chybí vám něco, co tady není? | Produkt | Platformy | E-shop platformy | Zdroje | Právní | Nastavení cookies",821,0,0,0,True,73,0,"
    {
        ""@context"": ""https://schema.org"",
        ""@type"": ""WebSite"",
        ""name"": ""DataNostro"",
        ""url"": ""https://datanostro.com"",
        ""potentialAction"": {
            ""@type"": ""SearchAction"",
            ""target"": {
                ""@type"": ""EntryPoint"",
                ""urlTemplate"": ""https://datanostro.com/cs/docs/?q={search_term_string}""
            },
            ""query-input"": ""required name=search_term_string""
        },
        ""inLanguage"": [""cs"", ""en""]
    }
     | 
    {
        ""@context"": ""https://schema.org"",
        ""@type"": ""Organization"",
        ""name"": ""DataNostro"",
        ""alternateName"": [""DataNostro.com"", ""DataNostro sGTM""],
        ""url"": ""https://datanostro.com"",
        ""logo"": ""https://datanostro.com/static/img/logo.svg"",
        ""image"": ""https://datanostro.com/static/img/og-image.png"",
        ""description"": ""Managed server-side tracking (sGTM) platforma pro české e-shopy a agentury — EU residency, Czech-language support, native Sklik +  | 
    {
        ""@context"": ""https://schema.org"",
        ""@type"": ""SoftwareApplication"",
        ""name"": ""DataNostro"",
        ""applicationCategory"": ""BusinessApplication"",
        ""operatingSystem"": ""Web"",
        ""offers"": {
            ""@type"": ""AggregateOffer"",
            ""priceCurrency"": ""CZK"",
            ""lowPrice"": ""349"",
            ""highPrice"": ""6990"",
            ""offerCount"": ""5""
        },
        ""featureList"": ""Server-side tracking, GA4, Meta CAPI, Google Ads Conversion API, TikT",DataNostro — Server-Side Tracking,https://datanostro.com/static/img/og-image.cf9b5d14ff2b.png
https://datanostro.com/cs/status/,200,,Status platformy — DataNostro,29,"Real-time status DataNostro platformy: web, sGTM kontejnery, ingest endpoint. Uptime za posledních 30 dní, historie incidentů.",126,"index, follow, max-image-preview:large, max-snippet:-1, max-video-preview:-1",https://datanostro.com/cs/status/,cs,Vše běží.,Služby | Cílové SLA | Metriky platformy | Co tady vidíte? | 🔔 Odběr výpadkových notifikací | Produkt | Platformy | E-shop platformy | Zdroje | Právní | Nastavení cookies,410,0,0,1,False,50,0,"
    {
        ""@context"": ""https://schema.org"",
        ""@type"": ""WebSite"",
        ""name"": ""DataNostro"",
        ""url"": ""https://datanostro.com"",
        ""potentialAction"": {
            ""@type"": ""SearchAction"",
            ""target"": {
                ""@type"": ""EntryPoint"",
                ""urlTemplate"": ""https://datanostro.com/cs/docs/?q={search_term_string}""
            },
            ""query-input"": ""required name=search_term_string""
        },
        ""inLanguage"": [""cs"", ""en""]
    }
     | 
    {
        ""@context"": ""https://schema.org"",
        ""@type"": ""Organization"",
        ""name"": ""DataNostro"",
        ""alternateName"": [""DataNostro.com"", ""DataNostro sGTM""],
        ""url"": ""https://datanostro.com"",
        ""logo"": ""https://datanostro.com/static/img/logo.svg"",
        ""image"": ""https://datanostro.com/static/img/og-image.png"",
        ""description"": ""Managed server-side tracking (sGTM) platforma pro české e-shopy a agentury — EU residency, Czech-language support, native Sklik +  | 
    {
        ""@context"": ""https://schema.org"",
        ""@type"": ""SoftwareApplication"",
        ""name"": ""DataNostro"",
        ""applicationCategory"": ""BusinessApplication"",
        ""operatingSystem"": ""Web"",
        ""offers"": {
            ""@type"": ""AggregateOffer"",
            ""priceCurrency"": ""CZK"",
            ""lowPrice"": ""349"",
            ""highPrice"": ""6990"",
            ""offerCount"": ""5""
        },
        ""featureList"": ""Server-side tracking, GA4, Meta CAPI, Google Ads Conversion API, TikT | 
{
    ""@context"": ""https://schema.org"",
    ""@type"": ""WebPage"",
    ""name"": ""Status platformy DataNostro"",
    ""description"": ""Real-time platforma status: uptime, incidenty, dostupnost služeb"",
    ""isPartOf"": {""@type"": ""WebSite"", ""name"": ""DataNostro"", ""url"": ""https://datanostro.com""},
    ""primaryImageOfPage"": null,
    ""lastReviewed"": ""2026-10-08T17:20:21.829954+02:00""
}
",DataNostro — Server-Side Tracking,https://datanostro.com/static/img/og-image.cf9b5d14ff2b.png
https://datanostro.com/cs/pro-ucetni/,200,,"Pro účetní — Kč, ISDOC, Pohoda/Money/ABRA — DataNostro",54,"Faktury v Kč jako neplátce DPH, ISDOC 6.0.2 pro Pohoda / Money / ABRA, bankovní převod, žádné devizové přepočty. Detail pro vaše účetní.",136,"index, follow, max-image-preview:large, max-snippet:-1, max-video-preview:-1",https://datanostro.com/cs/pro-ucetni/,cs,"Faktura, jak ji znáte.","Faktická tabulka | Co je ISDOC a proč to chcete | Když přicházíte od zahraničního managed dodavatele | Otázky, které účetní nejčastěji ptají | Otázka, kterou vaše účetní potřebuje rozhodnout? | Produkt | Platformy | E-shop platformy | Zdroje | Právní | Nastavení cookies",903,0,0,0,False,51,0,"
    {
        ""@context"": ""https://schema.org"",
        ""@type"": ""WebSite"",
        ""name"": ""DataNostro"",
        ""url"": ""https://datanostro.com"",
        ""potentialAction"": {
            ""@type"": ""SearchAction"",
            ""target"": {
                ""@type"": ""EntryPoint"",
                ""urlTemplate"": ""https://datanostro.com/cs/docs/?q={search_term_string}""
            },
            ""query-input"": ""required name=search_term_string""
        },
        ""inLanguage"": [""cs"", ""en""]
    }
     | 
    {
        ""@context"": ""https://schema.org"",
        ""@type"": ""Organization"",
        ""name"": ""DataNostro"",
        ""alternateName"": [""DataNostro.com"", ""DataNostro sGTM""],
        ""url"": ""https://datanostro.com"",
        ""logo"": ""https://datanostro.com/static/img/logo.svg"",
        ""image"": ""https://datanostro.com/static/img/og-image.png"",
        ""description"": ""Managed server-side tracking (sGTM) platforma pro české e-shopy a agentury — EU residency, Czech-language support, native Sklik +  | 
    {
        ""@context"": ""https://schema.org"",
        ""@type"": ""SoftwareApplication"",
        ""name"": ""DataNostro"",
        ""applicationCategory"": ""BusinessApplication"",
        ""operatingSystem"": ""Web"",
        ""offers"": {
            ""@type"": ""AggregateOffer"",
            ""priceCurrency"": ""CZK"",
            ""lowPrice"": ""349"",
            ""highPrice"": ""6990"",
            ""offerCount"": ""5""
        },
        ""featureList"": ""Server-side tracking, GA4, Meta CAPI, Google Ads Conversion API, TikT | 
{
    ""@context"": ""https://schema.org"",
    ""@type"": ""FAQPage"",
    ""mainEntity"": [
        {
            ""@type"": ""Question"",
            ""name"": ""Můžete vystavit fakturu zpětně?"",
            ""acceptedAnswer"": {""@type"": ""Answer"", ""text"": ""Ano, do 1 pracovního dne na fakturace@datanostro.com.""}
        },
        {
            ""@type"": ""Question"",
            ""name"": ""Jste plátce DPH?"",
            ""acceptedAnswer"": {""@type"": ""Answer"", ""text"": ""Ne, neplátce DPH dle § 4 z.č. 235/2004 Sb.""}
    ",DataNostro pro vaše účetní,https://datanostro.com/static/img/og-image.cf9b5d14ff2b.png
