keyword	pos	type	url	domain	title	DR	UR	traffic	kw_count	top_kw	words	refpages	refdomains
google tag manager	1	ai_overview											
google tag manager	2	organic	https://tagmanager.google.com/	tagmanager.google.com	Google Tag Manager	100	30	340	13	google tag manager	0	179872	14576
google tag manager	3	organic	https://marketingplatform.google.com/about/tag-manager/	marketingplatform.google.com	Website Tag Management Tools & Solutions	100	33	343	9	gtm	770	165404	7694
google tag manager	5	organic	https://developers.google.com/tag-platform/tag-manager	developers.google.com	About Google Tag Manager | Tag Platform	100	15	15	5	google tag	853	20284	920
google tag manager	6	organic	https://tagassistant.google.com/	tagassistant.google.com	Google Tag Assistant	100	15	12	6	google tag assistant	64	5155	1613
google tag manager	7	organic	https://digitalniarchitekti.cz/clanek/co-je-google-tag-manager/	digitalniarchitekti.cz	Co je Google Tag Manager, jak ho nastavit a jak funguje?	33	4	10	4	google tag	2628	0	0
google tag manager	8	organic	https://cs.wikipedia.org/wiki/Google_Tag_Manager	cs.wikipedia.org	Google Tag Manager	97	4	23	7	google tag manager co to je	934	7	6
google analytics	1	organic	https://moz.com/beginners-guide-to-google-analytics	moz.com	The Beginner's Guide to Google Analytics 4	91	8	248	1	google analytics	2188	994	491
google analytics	2	organic	https://www.youtube.com/googleanalytics	youtube.com	Google Analytics	99	9	12	1	google analytics	2143	1289	87
google analytics	3	ai_overview											
google analytics	4	organic	https://blog.google/products/marketingplatform/analytics/	blog.google	Official Google Analytics product news and updates	92	19	1	1	google analytics	349	12530	220
google analytics	5	organic	https://tagmanager.google.com/	tagmanager.google.com	Google Analytics	100	10	0	1	google analytics	0	1272	321
google analytics	6	organic	https://www.facebook.com/GoogleAnalytics/	facebook.com	Google Analytics (@GoogleAnalytics)	100	0	0	1	google analytics			
google analytics	7	organic	https://digitalmarketinginstitute.com/blog/what-is-google-analytics	digitalmarketinginstitute.com	What is Google Analytics? A Beginner's Guide	85	5	0	1	google analytics	3488	104	29
google analytics	8	organic	https://www.mytimi.cz/google-analytics/	mytimi.cz	Jak využít Google Analytics 4 (GA4) pro růst vašeho byznysu	50	4	0	2	google analytics	2884	3	2
google analytics	9	organic	https://play.google.com/store/apps/details	play.google.com	Google Analytics – Apps on Google Play	100	4	0	1	google analytics	1046	1	1
google analytics	10	organic	https://ebrana.cz/blog/7-otazek-o-google-analytics-na-ktere-byste-meli-znat-odpoved	ebrana.cz	7 otázek o Google Analytics, na které byste měli znát ...	75	4	0	1	google analytics	0	34	32
looker studio vs data studio	1	organic	https://www.graphed.com/blog/google-data-studio-vs-looker-studio	graphed.com	Google Data Studio vs Looker Studio: Are They the Same ...	38	0	748	1	looker studio vs data studio	918	0	0
looker studio vs data studio	3	organic	https://zacinamsai.cz/tools/google-looker-studio-dve-data-studio	zacinamsai.cz	Google Looker Studio (dříve Data Studio)	0	0	242	1	looker studio vs data studio	821		
looker studio vs data studio	4	organic	https://techeasify.com/google-data-studio-looker/	techeasify.com	Google Data Studio (Looker Studio) Guide and Dashboards	27	0	193	1	looker studio vs data studio	0		
looker studio vs data studio	5	organic	https://medium.com/data-science/all-in-one-dashboards-using-google-datastudio-9fba7b6d6e7d	medium.com	All-in-One Dashboards Using Google Looker Studio (ex- ...	94	0	155	1	looker studio vs data studio	383	0	0
looker studio vs data studio	6	organic	https://responsemine.com/looker-studio-product-review-a-deep-dive-into-its-strengths-and-limitations/	responsemine.com	Looker Studio Product Review: A Deep Dive Into Its ...	30	0	124	1	looker studio vs data studio	1910	3	3
looker studio vs data studio	7	organic	https://lets-viz.com/blogs/google-looker-vs-looker-studio-the-difference-explained	lets-viz.com	Google Looker vs Looker Studio: The Difference Explained	12	4	99	1	looker studio vs data studio	2848	0	0
looker studio vs data studio	8	organic	https://www.learnbi.academy/courses/ultimate-guide-to-google-looker-studio	learnbi.academy	The Ultimate Guide to Google Looker Studio	14	4	79	1	looker studio vs data studio	1860	103	102
looker studio vs data studio	9	organic	https://www.impressiondigital.com/blog/google-data-studio-renamed-as-looker-studio/	impressiondigital.com	Google Data Studio renamed as Looker Studio	68	4	63	1	looker studio vs data studio	1215	1	1
looker studio vs data studio	10	organic	https://www.acte.in/learn-google-data-studio	acte.in	Looker Studio (Google Data Studio) Guide | Updated 2026	35	4	51	1	looker studio vs data studio	10839	0	0
looker studio vs data studio	11	organic	https://www.linkedin.com/pulse/looker-studio-over-power-bi-my-experience-navigating-googles-chamaka-mb1qc	linkedin.com	Looker Studio Over Power BI? My Experience Navigating ...	99	0	41	1	looker studio vs data studio			
looker studio vs data studio	12	organic	https://alternatives.co/blog/google-data-studio-vs-looker/	alternatives.co	Google Data Studio vs. Looker: Which is Better?	55	0	32	1	looker studio vs data studio	6879	0	0
looker studio vs data studio	13	organic	https://searchengineland.com/google-data-studio-now-known-as-looker-studio-388658	searchengineland.com	Google Data Studio now known as Looker Studio	91	4	26	1	looker studio vs data studio		40	29
looker studio vs data studio	14	organic	https://docs.dataddo.com/docs/looker-studio	docs.dataddo.com	Looker Studio	70	4	21	1	looker studio vs data studio	447	0	0
looker studio vs data studio	15	organic	https://www.trustradius.com/compare-products/looker-studio-vs-microsoft-power-bi	trustradius.com	Compare Looker Studio vs Microsoft Power BI 2026	85	4	17	1	looker studio vs data studio	5889	4	2
looker studio vs data studio	16	organic	https://medium.com/@geekhibrid/looker-studio-vs-tableau-b5b7c03f3d4a	medium.com	Looker Studio Vs Tableau	94	0	13	1	looker studio vs data studio	832	0	0
looker studio vs data studio	17	organic	https://www.owox.com/blog/articles/looker-and-looker-studio	owox.com	Looker vs Looker Studio: Insights with OWOX Data Marts	69	4	11	1	looker studio vs data studio	5062	4	3
looker studio vs data studio	18	organic	https://www.youtube.com/watch	youtube.com	Embedded Vs Reusable Data Source in Looker Studio ...	99	0	9	1	looker studio vs data studio			
looker studio vs data studio	19	organic	https://www.graphed.com/blog/looker-studio-vs-grafana	graphed.com	Looker Studio vs Grafana: Which Data Visualization Tool Is ...	38	0	7	1	looker studio vs data studio	1828	0	0
looker studio vs data studio	20	organic	https://www.linkedin.com/pulse/power-bi-vs-tableau-looker-studio-which-tool-wins-2025-mishra-ypphf	linkedin.com	Power BI vs Tableau vs Looker Studio in 2025	99	0	5	1	looker studio vs data studio			
looker studio vs data studio	21	organic	https://www.reddit.com/r/GoogleDataStudio/comments/1jvpoxt/i_have_some_questions_about_looker_studio/	reddit.com	I have some questions about looker studio	95	0	4	1	looker studio vs data studio			
looker studio vs data studio	22	organic	https://www.swydo.com/blog/scaling-looker-studio/	swydo.com	How Data Studio (Formerly Looker Studio) Scales From 5 ...	71	4	3	1	looker studio vs data studio	5943	2	2
looker studio vs data studio	23	organic	https://www.saupe-communication.de/post/google-data-studio-vs-google-looker-studio	saupe-communication.de	Google Data Studio ✖️ Google Looker Studio	51	0	3	1	looker studio vs data studio	1281	0	0
looker studio vs data studio	24	organic	https://www.mdmarketingdigital.com/blog/looker-studio-es-mejor-que-data-studio/	mdmarketingdigital.com	Data studio vs Looker studio: ¿Cuál es mejor?	58	4	2	1	looker studio vs data studio	1210	1	1
looker studio vs data studio	25	organic	https://www.alphabold.com/looker-studio-vs-power-bi/	alphabold.com	Looker Studio Vs Power BI for NetSuite	45	4	2	1	looker studio vs data studio	2973	1	1
looker studio vs data studio	26	organic	https://community.piwik.pro/t/filtering-in-google-data-studio-looker-studio/1839	community.piwik.pro	Filtering in Google Data Studio / Looker Studio	80	0	1	1	looker studio vs data studio			
looker studio vs data studio	27	organic	https://www.techrepublic.com/article/google-data-studio-guide/	techrepublic.com	Looker Studio: Beginner Guide With Examples	89	4	1	1	looker studio vs data studio	5822	28	15
looker studio vs data studio	28	organic	https://blog.coupler.io/why-is-looker-studio-slow/	blog.coupler.io	Why is Google Data Studio Slow? (formerly Looker Studio)	79	4	1	1	looker studio vs data studio	2458	0	0
looker studio vs data studio	29	organic	https://agencyanalytics.com/blog/looker-studio-alternative	agencyanalytics.com	The Top 7 Looker Studio Alternatives for 2025: Our Picks	79	4	1	1	looker studio vs data studio	3430	0	0
looker studio vs data studio	30	organic	https://gcloudvn.com/kienthuc/so-sanh-looker-vs-power-bi-vs-tableau/	gcloudvn.com	So sánh Looker (Google Data Studio) vs Power BI vs Tableau	10	4	1	1	looker studio vs data studio	1459	0	0
looker studio vs data studio	31	organic	https://www.polymersearch.com/blog/looker-studio-vs-polymer	polymersearch.com	Looker Studio vs Polymer: Features, Pricing, and Benefits	64	4	0	1	looker studio vs data studio	2389	1	1
looker studio	1	organic	https://datastudio.google.com/	datastudio.google.com	Data Studio Overview	100	23	1191	14	looker studio	0	48750	11776
looker studio	2	ai_overview											
looker studio	3	organic	https://digitalniarchitekti.cz/clanek/co-je-looker-studio/	digitalniarchitekti.cz	Looker Studio (Google Data Studio): Co to je a jak funguje?	33	4	273	6	looker studio	3116	0	0
looker studio	5	organic	https://cs.wikipedia.org/wiki/Looker_Studio	cs.wikipedia.org	Looker Studio	97	4	127	1	looker studio	981	1	1
looker studio	6	organic	https://cloud.google.com/blog/products/data-analytics/looker-studio-is-data-studio	cloud.google.com	Looker Studio is Data Studio | Google Cloud Blog	100	6	382	6	looker studio	770	334	220
looker studio	7	videos											
looker studio	8	organic	https://jirifranek.cz/co-je-google-looker-studio/	jirifranek.cz	Co je to google looker studio – dříve google data studio?	28	4	84	2	looker studio	1803	0	0
looker studio	9	organic	https://support.ecomail.cz/cs/articles/6842505-integrace-s-data-studio-looker-studio	support.ecomail.cz	Integrace s Data Studio (Looker Studio)	73	0	52	1	looker studio	662	0	0
utm builder	1	organic	https://ga-dev-tools.google/campaign-url-builder/	ga-dev-tools.google	Campaign URL Builder	80	19	975	7	utm builder	354	4511	2400
utm builder	2	organic	https://utmbuilder.net/	utmbuilder.net	UTM Builder - Generate UTM Codes with Free Google URL ...	54	7	151	7	utm builder	2373	1475	913
utm builder	3	organic	https://www.kontentino.com/free-tool/utm-builder/	kontentino.com	Google UTM Builder | Free Tool by Kontentino	71	13	23	3	utm builder	998	978	882
utm builder	5	organic	https://utmbuilder.com/	utmbuilder.com	Free UTM Builder | Generate Campaign URLs With UTM Codes	44	6	2	3	utm tag builder	2151	1035	902
utm builder	6	organic	https://tilda.cc/utm/	tilda.cc	Campaign URL Builder	94	27	10	6	url builder	997	1008	27
utm builder	7	organic	https://chromewebstore.google.com/detail/google-analytics-utm-buil/gaidpiakchgkapdgbnoglpnbccdepnpk	chromewebstore.google.com	Google Analytics UTM Builder - Chrome Web Store	100	9	0	1	utm builder	1011	738	321
utm builder	8	organic	https://web.utm.io/utm-builder-code-generator/	web.utm.io	Free UTM Builder & Code Generator for GA4	75	8	1	2	utm tag builder	2434	161	90
utm builder	9	organic	https://www.livechat.com/	livechat.com	UTM Builder Tool | Free Campaign URL Generator	88	60	1233	17	livechat	1263	219495902	261171
utm builder	10	organic	https://support.google.com/analytics/answer/10917952	support.google.com	URL builders: Collect campaign data with custom URLs	100	13	13	6	google utm builder	1686	6052	2485
utm builder	11	organic	https://usefathom.com/utm-builder	usefathom.com	Free UTM Builder and Generator	84	9	0	1	utm builder	1774	18	17
utm builder	12	organic	https://www.teamcamp.app/resources/utm-builder	teamcamp.app	Free UTM URL Builder: Track Campaigns Easily	56	8	0	1	utm builder	4130	72	10
utm builder	13	organic	https://funnel.io/utm-builder	funnel.io	Free UTM Builder | Generate clean UTM links for campaign ...	78	15	0	2	utm generator	1552	42	4
utm builder	14	organic	https://blinkurls.com/tools/utm-builder	blinkurls.com	Free UTM Builder & UTM Link Generator.	7	6	0	1	utm builder	2608	5	1
utm builder	15	organic	https://www.yotpo.com/tools/utm-builder/	yotpo.com	Free UTM Builder Tool – Create Trackable Campaign Links	88	0	0	1	utm builder	0	3	2
utm builder	16	organic	https://mouseflow.com/utm-builder/	mouseflow.com	Free UTM Builder Tool for Campaign Tracking	84	4	0	1	utm builder	1821	1	1
utm builder	17	organic	https://analytify.io/best-utm-campaign-builder-tools/	analytify.io	5+ Best UTM Campaign Builder Tools (2026)	73	4	0	1	utm builder	2878	2	2
utm builder	18	organic	https://buffer.com/free-tools/utm-generator	buffer.com	free UTM Builder	91	15	0	1	utm builder	1226	300	61
utm builder	19	organic	https://ga-dev-tools.google/ga4/campaign-url-builder/	ga-dev-tools.google	Campaign URL Builder	80	14	4	3	campaign url builder	345	1265	767
utm builder	20	organic	https://www.trackingplan.com/utm-builder-tool	trackingplan.com	UTM Builder Tool | Free Campaign URL Generator	54	8	0	1	utm builder	4489	5	5
utm builder	21	organic	https://www.simpleanalytics.com/tools/utm-builder	simpleanalytics.com	UTM Builder	81	4	0	1	utm builder	167	8	4
konverze	1	ai_overview											
konverze	2	organic	https://www.czechpoint.gov.cz/public/verejnost/autorizovana-konverze/	czechpoint.gov.cz	Konverze	75	6	181	8	konverze	809	214	51
konverze	4	organic	https://www.czechpoint.cz/uschovna/	czechpoint.cz	Úschovna Digitální a informační agentury	77	8	87	18	konverze	485	311	128
konverze	5	organic	https://www.ceskaposta.cz/sluzby/sluzby-egovernment/czechpoint/autorizovana-konverze-dokumentu	ceskaposta.cz	Autorizovaná konverze dokumentů	79	8	77	5	konverze	1908	15	11
konverze	6	organic	https://www.cak.cz/konverze-dokumentuelegalizace	cak.cz	KONVERZE DOKUMENTŮ/eLEGALIZACE	80	6	49	2	konverze	992	5	3
konverze	7	organic	https://www.econ.muni.cz/studenti/formulare-a-zadosti/konverze-dokumentu	econ.muni.cz	Konverze dokumentů | Ekonomicko-správní fakulta MU | MUNI ...	84	4	47	5	konverze	508	0	0
konverze	8	organic	https://cs.wikipedia.org/wiki/Konverze	cs.wikipedia.org	Konverze – Wikipedie	97	4	113	7	co je konverze	443	18	8
konverze	9	organic	https://ci.vse.cz/sluzby/dalsi/konverze-dokumentu-2/konverze-do-elektronicke-podoby/	ci.vse.cz	Konverze do elektronické podoby - Centrum informatiky	77	4	25	1	konverze	980	1	1
konverze	10	organic	https://www.khk.cz/kraj/czech-point/datove-schranky-autorizovana-konverze-dokumentu	khk.cz	Datové schránky a autorizovaná konverze dokumentů	71	0	22	2	konverze	827	0	0
konverze	11	organic	http://portal.gov.cz/sluzby-vs/autorizovana-konverze-papiroveho-dokumentu-do-elektronicke-podoby-S7025	portal.gov.cz	Autorizovaná konverze papírového dokumentu do ...	83	4	27	4	konverze	0	57	15
konverze	12	organic	https://www.postaonline.cz/egovernment/autorizovana-konverze-dokumentu	postaonline.cz	Autorizovaná konverze dokumentů - Česká pošta, s.p.	76	27	15	2	konverze	352	0	0
konverze	13	image_pack											
konverze	14	organic	https://www.chyne.cz/info/autorizovana-konverze	chyne.cz	Autorizovaná konverze	32	4	8	1	konverze	402	0	0
konverze	15	organic	https://www.czechpoint.gov.cz/public/	czechpoint.gov.cz	Czech POINT – Český Podací Ověřovací Informační Národní ...	75	31	1536	19	czech point	663	811269	2460
konverze	16	organic	https://mojedatovaschranka.cz/info/cs/help/3.12.text.html	mojedatovaschranka.cz	Konverze celé datové zprávy	77	0	5	1	konverze	392	0	0
konverze	17	organic	https://mmkv.cz/sites/default/files/dokumenty/konverze.pdf	mmkv.cz	AUTORIZOVANÁ KONVERZE DOKUMENTŮ	61	4	4	1	konverze	974		
konverze	18	organic	https://www.notarky.cz/czech-point/autorizovana-konverze-dokumentu/	notarky.cz	Autorizovaná konverze dokumentů	2	4	3	1	konverze	414	0	0
konverze	19	organic	https://aipsafe.cz/pro-firmy/datove-schranky/konverze-dokumentu/	aipsafe.cz	Konverze dokumentů - AiP Safe	37	0	3	1	konverze	470	0	0
konverze	20	organic	https://slovnik-cizich-slov.abz.cz/web.php/slovo/konverze-konverse	slovnik-cizich-slov.abz.cz	konverze, konverse - ABZ.cz: slovník cizích slov	76	0	59	3	konverze význam	0	2	2
konverze	21	organic	https://sidlofirmypraha5.cz/blog/autorizovana-konverze-dokumentu	sidlofirmypraha5.cz	Autorizovaná konverze dokumentů • SídloFirmyPraha5.cz	43	4	2	1	konverze	1340	0	0
konverze	22	image_pack											
konverze	23	organic	https://www.digitalni-podpis.cz/autorizovana-konverze-dokumentu/	digitalni-podpis.cz	Autorizovaná konverze dokumentů - Digitální podpis	28	0	1	1	konverze	598	0	0
konverze	24	organic	https://searchtest.seznam.cz/	searchtest.seznam.cz	co je konverze	87	0	3	2	co je to konverze			
konverze	25	organic	https://www.rizeniskoly.cz/casopisy/rizeni-skoly/autorizovana-konverze-dokumentu-ve-skolach-2-cast-moznosti-autorizovane-konverze-ve-skolach.m-7514.html	rizeniskoly.cz	Autorizovaná konverze dokumentů ve školách. 2. část	54	0	1	1	konverze	2151	0	0
konverze	26	organic	https://cz.schindhelm.com/cz/kompetence/autorizovana-konverze-dokumentu	cz.schindhelm.com	Autorizovaná konverze dokumentů - Právník Česká republika	51	4	1	1	konverze	541	0	0
konverze	27	organic	https://www.marketingppc.cz/ppc/co-je-to-konverze/	marketingppc.cz	Co je to konverze v online marketingu	35	5	86	7	konverzní marketing	2263	2	2
konverze	28	organic	https://mzv.gov.cz/warsaw/cz/konzularni_informace/konzularni_agenda/czechpoint/autorizovana_konverze/index.mobi	mzv.gov.cz	Autorizovaná konverze | Velvyslanectví České republiky ve ...	81	0	0	1	konverze	0		
konverze	29	organic	https://www.realitniadvokatni.cz/l/autorizovana-konverze-dokumentu/	realitniadvokatni.cz	Autorizovaná konverze dokumentů - Realitní advokátní kancelář	20	4	0	1	konverze	551	0	0
konverze	30	organic	https://www.youtube.com/watch	youtube.com	Jak na datové schránky: Autorizovaná konverze a archivace ...	99	4	0	1	konverze			
gtm	1	organic	https://marketingplatform.google.com/about/tag-manager/	marketingplatform.google.com	Website Tag Management Tools & Solutions	100	33	343	9	gtm	770	165404	7694
gtm	3	organic	https://www.gymnaziumtm.cz/	gymnaziumtm.cz	Gymnázium Thomase Manna | Česko-německé gymnázium	28	4	1	2	gtm	0	2415	685
gtm	4	organic	https://cs.wikipedia.org/wiki/Google_Tag_Manager	cs.wikipedia.org	Google Tag Manager – Wikipedie	97	4	23	7	google tag manager co to je	934	7	6
gtm	5	organic	https://www.marketingppc.cz/ppc/google-tag-manager/	marketingppc.cz	Google Tag Manager (GTM)	35	4	0	1	gtm	2355	0	0
gtm	6	organic	https://www.strafelda.cz/gtm	strafelda.cz	Co je Google Tag Manager (GTM)	39	4	0	1	gtm	259	0	0
gtm	7	organic	https://digitalniarchitekti.cz/spravujeme-gtm-pro-klicove-hrace-ceske-ecommerce/	digitalniarchitekti.cz	GTM a jeho nastavení a správa	33	4	0	1	gtm	1060	0	0
gtm	8	organic	https://www.petrjiranek.cz/pojmy/gtm-google-tag-manager/	petrjiranek.cz	GTM - Google Tag Manager	15	4	0	1	gtm	475	1	1
gtm	9	organic	https://fragile.cz/blog/google-tag-manager-jak-funguje-a-k-cemu-slouzi/	fragile.cz	Google Tag Manager: Kompletní průvodce pro začátečníky	34	4	15	5	google tag manager co to je	1135	0	0
gtm	10	organic	https://remedio.cz/co-je-google-tag-manager/	remedio.cz	Co je Google Tag Manager (GTM): Usnadněte si práci s ...	50	4	0	1	gtm	1644	0	0
gtm	11	organic	https://www.gtm-gmbh.com/cz/	gtm-gmbh.com	GTM GmbH: #Precision Wins | Aufnehmer für Kräfte & Momente	31	4	0	1	gtm	780	48	10
gtm	12	local_pack											
gtm	13	organic	https://www.gymnaziumtm.cz/kontakty/	gymnaziumtm.cz	Kontakty	28	0	0	1	gtm	0		
gtm	14	organic	https://www.gtm-gmbh.com/cz/	gtm-gmbh.com	GTM GmbH: #Precision Wins | Aufnehmer für Kräfte & Momente	31	4	0	1	gtm	780	48	10
gtm	15	organic	https://www.instagram.com/gymnaziumthomase/	instagram.com	Gymnázium Thomase Manna (@gymnaziumthomase)	100	0	0	1	gtm			
gtm	16	organic	https://academy.taste.cz/google-tag-manager	academy.taste.cz	Školení Google Tag Manager	53	4	0	1	gtm	587	11	6
gtm	17	organic	https://www.impnet.cz/slovnicek/google-tag-manager-gtm	impnet.cz	Google Tag Manager (GTM)	75	0	0	1	gtm	623	0	0
gtm	18	organic	https://podpora.shoptet.cz/google-tag-manager/	podpora.shoptet.cz	Google Tag Manager	91	5	7	3	google tag manager co to je	662	4	4
gtm	19	organic	https://www.pavelszabo.cz/co-je-google-tag-manager/	pavelszabo.cz	Google Tag Manager (GTM) - co to je a jak ho použít	38	4	0	1	gtm	1476	0	0
gtm	20	organic	https://www.gymnaziumtm.cz/pro-studenty__trashed/rozvrhy/	gymnaziumtm.cz	Rozvrhy	28	0	0	1	gtm	0		
gtm	21	organic	https://www.webglobe.cz/poradna/co-je-google-tag-manager	webglobe.cz	Co je Google Tag Manager (GTM)	74	0	0	1	gtm	0	0	0
gtm	22	organic	https://www.vzhurudolu.cz/prirucka/google-tag-manager	vzhurudolu.cz	Google Tag Manager: návod na přežití pro vývojáře	55	4	0	1	gtm	1815	1	1
gtm	23	organic	https://www.johnyhozapisky.cz/slovnik/gtm/	johnyhozapisky.cz	GTM – Google Tag Manager [gétéemko]	16	0	0	1	gtm	153	0	0
gtm	24	organic	https://grou.cz/web-blog/google-tag-manager-gtm/	grou.cz	5 výhod použití GTM pro správu značek na webu	28	4	0	1	gtm	1482	0	0
gtm	25	organic	https://www.youtube.com/watch	youtube.com	Co je to Google Tag Manager a jak jej používat | praktický ...	99	4	0	3	tag management		1	1
gtm	26	organic	https://www.id-sign.com/poradna/google-tag-manager-gtm	id-sign.com	Google Tag Manager (GTM) - iD-SIGN	36	4	0	1	gtm	400	0	0
gtm	27	organic	https://gtm.edupage.org/	gtm.edupage.org	Gymnázium Thomase Manna, z.ú.	84	0	0	1	gtm	31	0	0
gtm	28	organic	https://digitalmarketinginstitute.com/blog/what-is-google-tag-manager	digitalmarketinginstitute.com	What Is Google Tag Manager?	85	4	0	1	gtm	1425	62	10
gtm	29	organic	https://www.neogy.cz/slovnik-marketingovych-pojmu/gtm/	neogy.cz	Co je to GTM (Google Tag Manager) - Neogy	42	4	0	2	tagmanager	0		
gtm	30	organic	https://nazakladedat.cz/co-je-google-tag-manager/	nazakladedat.cz	Co je Google Tag Manager	11	4	0	2	tag management	1204	5	1
gtm	31	organic	https://www.inpage.cz/napoveda/marketing/google-tag-manager	inpage.cz	Google Tag Manager (GTM) - inPage.cz	83	4	0	1	gtm	1035	0	0
gtm	32	organic	https://www.byznysweb.cz/a/1193/jak-udelit-pristup-do-gtm	byznysweb.cz	Jak udělit přístup do Google Tag Managera (GTM)	67	4	0	1	gtm	742	0	0
ga4	1	ai_overview											
ga4	2	organic	https://developers.google.com/analytics	developers.google.com	Google Analytics	100	34	674	23	ga4	872	188363	12974
ga4	3	organic	https://support.google.com/analytics/answer/11828307	support.google.com	[GA4] Průvodce k účtu Google Analytics 4	100	0	117	3	ga 4		7	7
ga4	5	organic	https://digitalniarchitekti.cz/produkty/nastaveni-ga4/	digitalniarchitekti.cz	Nastavení GA4	33	4	19	2	ga 4	1002	3	2
ga4	6	organic	https://www.marketingppc.cz/google-analytics/google-analytics-4/	marketingppc.cz	Google Analytics 4: kompletní průvodce nastavením 2026	35	6	42	3	google analytics 4	7222	7	6
ga4	7	organic	https://www.collabim.cz/akademie/knihovna/google-analytics-4-ga4-kompletni-pruvodce-a-navod-pro-rok-2023/	collabim.cz	Google Analytics 4 (GA4): Kompletní průvodce, tipy, triky, ...	62	4	0	1	ga4	2834	1	1
ga4	8	organic	https://www.eline.cz/cz/aktuality/google-analytics-4--ga4----novinky-a-rozdily-oproti-universal-analytics--ua-/69.html	eline.cz	Google Analytics 4 (GA4) - novinky a rozdíly oproti Universal ...	59	5	0	2	universal analytics	810	0	0
ga4	9	organic	https://www.id-sign.com/poradna/google-analytics-4-ga4	id-sign.com	Google Analytics 4 (GA4) - iD-SIGN	36	4	11	2	google analytics 4	665	0	0
ga4	10	organic	https://www.optimalizovany-web.cz/nastaveni-google-analytics/	optimalizovany-web.cz	Nastavení Google Analytics 4 (GA4) - Optimalizovaný-Web.cz	28	4	0	1	ga4	645	0	0
ga4	11	organic	https://marketingplatform.google.com/about/analytics/	marketingplatform.google.com	Analytics Tools & Solutions for Your Business	100	43	76	27	google analytics 4	631	14556668	74909
ga4	12	organic	https://blog.oxfordcollegeofmarketing.com/2026/01/28/google-analytics-4-ga4-guide/	blog.oxfordcollegeofmarketing.com	Google Analytics 4 (GA4) Guide: How It Works and Why ...	58	4	12	2	ga 4	1074	7	7
ga4	13	organic	https://www.heap.io/topics/google-analytics-4	heap.io	Google Analytics 4: Everything You Need to Know - Heap.io	82	4	0	1	ga4	2860	6	5
ga4	14	organic	https://blog.shoptet.cz/google-analytics-4-jak-je-nasadit/	blog.shoptet.cz	Google Analytics 4: Jak je nasadit a co přináší?	91	4	0	2	google analitics	1006	0	0
ga4	15	organic	https://grou.cz/web-blog/ga4/	grou.cz	Založení Google analytic (GA4) a přidání přístupů	28	4	1	2	vytvorit ucet google	1662	0	0
ga4	16	organic	https://digitalniarchitekti.cz/implementace-ga4-video/	digitalniarchitekti.cz	Implementace GA4	33	7	0	1	ga4	2386	1	1
ga4	17	organic	https://www.janpospisil.cz/blog/ga4/	janpospisil.cz	GA4: Co je Google Analytics 4 a jak ho nastavit - Jan Pospíšil	34	4	0	1	ga4	1066	0	0
ga4	18	organic	https://blog.inpage.cz/inpage/prejdete-na-google-analytics-4/	blog.inpage.cz	Přejděte na Google Analytics 4 - inPage.cz	83	4	0	1	ga4	871	0	0
ga4	19	organic	https://appli.cz/__trashed/	appli.cz	Hlavní změny a výhody Google Analytics 4	34	0	0	1	ga4	597	0	0
ga4	20	organic	https://www.mytimi.cz/google-analytics/	mytimi.cz	Jak využít Google Analytics 4 (GA4) pro růst vašeho byznysu	50	4	0	2	google analytics	2884	3	2
ga4	21	organic	https://www.holkyzmarketingu.cz/skoleni/google-analytics-4-pro-pokrocile/	holkyzmarketingu.cz	Google Analytics 4 pro pokročilé	48	4	0	1	ga4	1039	1	1
ga4	22	organic	https://www.neogy.cz/slovnik-marketingovych-pojmu/google-analytics/	neogy.cz	Co je to Google Analytics / GA4 - Neogy	42	4	0	1	ga4	0		
ga4	23	organic	https://www.key-advantage.cz/google-analytics-4/	key-advantage.cz	Google Analytics 4 (GA4)	31	4	21	2	google analytics 4	586	0	0
ga4	24	organic	https://nazakladedat.cz/co-jsou-google-analytics-4/	nazakladedat.cz	Co jsou Google Analytics 4	11	5	0	2	ga4	969	7	3
ga4	25	organic	https://www.dase-analytics.com/blog/sk/vyraz/google-analytics-4-ga4/	dase-analytics.com	Google Analytics 4 (GA4)	25	4	0	1	ga4	699	0	0
ga4	26	organic	https://ceskaprodukcni.cz/co-je-google-analytics-4-ga4-a-jak-se-lisi-od-puvodni-sluzby-universal-analytics/	ceskaprodukcni.cz	Co je Google Analytics 4 (GA4) a jak se liší od původní ...	11	4	0	2	ga4	772	0	0
ga4	27	organic	https://avedeo.cz/predstavujeme-google-analytics-4/	avedeo.cz	Google Analytics 4 (GA4): Základní informace	26	4	0	1	ga4	911	1	1
ga4	28	organic	https://www.jirkont.cz/slovnik/google-analytics-4/	jirkont.cz	Google Analytics 4	28	4	0	1	ga4	748	0	0
ga4	29	organic	https://www.coursera.org/specializations/ai-powered-marketing-analytics-with-google-analytics-4-ga4	coursera.org	AI Powered Marketing Analytics With GA4.	91	4	0	1	ga4	1875	23	21
ga4	30	organic	https://www.youtube.com/watch	youtube.com	Google Analytics 4 (GA4) Tutorial – Complete Setup Guide for ...	99	5	0	1	ga4	11540	10	10
microsoft clarity	1	organic	https://clarity.microsoft.com/	clarity.microsoft.com	Microsoft Clarity - Free Heatmaps & Session Recordings	96	41	772	4	clarity	970	2512092	10015
microsoft clarity	3	organic	https://www.npmjs.com/package	npmjs.com	microsoft/clarity	93	4	331	100	microsoft clarity	0	190	37
microsoft clarity	4	organic	https://www.aztechit.co.uk/blog	aztechit.co.uk	What Is Microsoft Clarity and How Does It Work?	51	8	59	1	microsoft clarity	9111	0	0
microsoft clarity	5	organic	https://github.com/microsoft	github.com	microsoft/clarity: A behavioral analytics library that uses ...	97	19	154	20	microsoft clarity	1132	55365	3020
microsoft clarity	6	organic	https://mareklecian.cz/Blog	mareklecian.cz	Microsoft Clarity - UX nástroj, co rád doporučím.	22	0	38	1	microsoft clarity	0		
microsoft clarity	7	organic	https://www.shopea.cz/blog	shopea.cz	Microsoft Clarity – nový analytický nástroj	76	0	30	1	microsoft clarity	0		
microsoft clarity	8	organic	https://www.google.com/goto	google.com	Microsoft Clarity Step-by-Step Tutorial: Better Than Google ...	100	0	24	1	microsoft clarity			
microsoft clarity	9	organic	https://wordpress.org/plugins	wordpress.org	Microsoft Clarity – WordPress plugin	97	9	93	22	woocommerce wordpress	0	5453	1147
microsoft clarity	10	organic	https://play.google.com/store/apps/details	play.google.com	Microsoft Clarity – Aplikace na Google Play	100	0	21	2	microsoft clarity	901	0	0
microsoft clarity	11	organic	https://www.capterra.ie/software	capterra.ie	Microsoft Clarity Pricing, Cost & Reviews	58	0	179	17	gpt zero			
microsoft clarity	12	organic	https://www.visualsp.com/blog	visualsp.com	Microsoft Clarity: Complete Guide to Features, Use Cases ...	52	8	10	1	microsoft clarity	0	481	91
microsoft clarity	13	organic	https://www.searchenginejournal.com/	searchenginejournal.com	Microsoft Clarity Analytics: Everything You Need To Know	91	34	24	8	microsoft clarity	3151	137012	13625
microsoft clarity	14	organic	https://chromewebstore.google.com/detail/microsoft-clarity-live/cjfdbemmaeeohgibnhdhlakiahifjjcf	chromewebstore.google.com	Microsoft Clarity Live - Chrome Web Store	100	5	6	1	microsoft clarity	1280	102	55
microsoft clarity	15	organic	https://learn.microsoft.com/Learn/Centrum	learn.microsoft.com	Microsoft Clarity	96	0	5	1	microsoft clarity			
microsoft clarity	16	organic	https://learn.microsoft.com/en-us	learn.microsoft.com	Microsoft Clarity	96	10	1352	275	disk2vhd	0	6658	2003
microsoft clarity	17	organic	https://www.agretimo.cz/Blog/Microsoft	agretimo.cz	Co je Microsoft Clarity? - Web | E-shop	39	0	3	1	microsoft clarity	0		
microsoft clarity	18	organic	https://newmetrics.io/	newmetrics.io	Microsoft Clarity - Features & Alternatives 2026 - NewMetrics	28	9	3	1	microsoft clarity	832	467	442
microsoft clarity	19	organic	https://apps.shopify.com/microsoft-clarity	apps.shopify.com	Optimize conversions with AI analytics, recordings, heatmaps	96	9	2	1	microsoft clarity	1300	877	121
microsoft clarity	20	organic	https://productanalytics.tools/tools	productanalytics.tools	Microsoft Clarity Review (2026): Pricing, Features & Alternatives	0	5	2	1	microsoft clarity	0	17	2
microsoft clarity	21	organic	https://www.whitepeakdigital.com/	whitepeakdigital.com	How to Setup & Use Microsoft Clarity for Website Tracking	71	35	1	1	microsoft clarity	2539	45763	1055
microsoft clarity	22	organic	https://smart-websites.cz/jak-na-tvorbu-webu	smart-websites.cz	Microsoft Clarity: Komplexní průvodce - Praha - Smart Websites	67	0	1	1	microsoft clarity	0		
microsoft clarity	23	organic	https://www.google.com/goto	google.com	Microsoft Clarity for Free Heatmaps Honest Review - Watch ...	100	0	1	1	microsoft clarity			
microsoft clarity	24	organic	https://mairateam.com/Home/Analytika	mairateam.com	Microsoft Clarity: k čemu slouží a jak ho nasadit	25	0	1	1	microsoft clarity	0		
microsoft clarity	25	organic	https://microsoftedge.microsoft.com/	microsoftedge.microsoft.com	Microsoft Clarity Live - Edge Add-ons	96	8	10	14	twitter download	470	1219	920
microsoft clarity	26	organic	https://docs.composio.dev/toolkit	docs.composio.dev	Microsoft Clarity knowledge	77	0	0	1	microsoft clarity	0		
microsoft clarity	27	organic	https://marketplace.microsoft.com/	marketplace.microsoft.com	Microsoft Clarity	96	22	96	35	jfif to pdf	0	105212	1701
utm	1	organic	https://mac.getutm.app/	mac.getutm.app	UTM | Virtual machines for Mac	72	14	82	3	utm	501	12903	3809
utm	3	organic	https://cs.wikipedia.org/wiki/UTM	cs.wikipedia.org	UTM – Wikipedie	97	4	79	2	utm	1319	186	22
utm	4	ai_overview											
utm	5	organic	https://github.com/utmapp/UTM	github.com	utmapp/UTM: Virtual machines for iOS and macOS	97	9	44	2	utm	1457	3977	701
utm	6	organic	https://digitalniarchitekti.cz/clanek/utm-parametry-k-cemu-slouzi/	digitalniarchitekti.cz	Co jsou to UTM parametry a k čemu slouží?	33	0	91	4	utm parametry	1185	2	2
utm	7	organic	https://www.marketingppc.cz/utm-builder/	marketingppc.cz	UTM builder - generátor UTM zdarma a bez reklam	35	10	28	1	utm	2231	0	0
utm	8	organic	https://www.utm.utoronto.ca/	utm.utoronto.ca	University of Toronto Mississauga	90	26	23	1	utm	977	64670	1040
utm	9	organic	https://www.gisonline.cz/slovnik/utm-souradnicovy-system-universal-transverse-mercator/	gisonline.cz	UTM souřadnicový systém (Universal Transverse Mercator)	58	4	28	2	utm	770	0	0
utm	10	organic	https://www.aitom.cz/slovnik/utm-parameters-klic-k-mereni-vykonu-kampani-v-digitalnim-marketingu/	aitom.cz	UTM Parameters: Klíč k měření výkonu kampaní v ...	65	0	14	1	utm	690	0	0
hotjar	1	ai_overview											
hotjar	2	organic	https://contentsquare.com/hotjar/	contentsquare.com	Contentsquare + Hotjar | powering better digital experiences	86	15	538	4	hotjar	1105	334	198
hotjar	3	organic	https://hotjar.webflow.io/	hotjar.webflow.io	Hotjar: Website Heatmaps & Behavior Analytics Tools	92	4	23	1	hotjar	0	26	14
hotjar	4	organic	https://insights.hotjar.com/login	insights.hotjar.com	Hotjar	92	6	3	2	hotjar	0	2141	67
hotjar	5	organic	https://www.hotjar.com/hotjar-contentsquare-unified-platform/	hotjar.com	Hotjar Has Evolved | Now Part of Contentsquare	92	0	0	1	hotjar	0	8	5
hotjar	6	organic	https://tinyseo.com/blog/what-is-hotjar/	tinyseo.com	What is Hotjar and how can you use it - TinyIMG	72	4	0	1	hotjar	3382	8	5
hotjar	7	organic	https://www.instagram.com/hotjar/	instagram.com	by Contentsquare (@hotjar)	100	0	0	1	hotjar			
hotjar	8	organic	https://contentsquare.com/	contentsquare.com	Contentsquare: all-in-one experience intelligence platform	86	37	1	2	hotjar	957	158335	4525
hotjar	9	organic	https://www.hotjar.com/website-heatmaps-tool/	hotjar.com	Hotjar - Heatmaps, Visitor Recordings, Feedback Polls and ...	92	0	0	1	hotjar	0	7	4
hotjar	10	organic	https://help.hotjar.com/hc/en-us/articles/36820019634961-What-is-Hotjar	help.hotjar.com	What is Hotjar?	92	4	0	1	hotjar	1245	28	22
hotjar	11	organic	https://www.fullsession.io/blog/hotjar-review/	fullsession.io	Hotjar Review 2026: Features, Pricing, and Limits	53	4	0	2	hotjar pricing	5207	183	14
hotjar	12	organic	https://www.capterra.com/p/163516/Hotjar/	capterra.com	Hotjar Software Pricing, Alternatives & More 2026	91	7	0	1	hotjar	5908	56	48
hotjar	13	organic	https://www.youtube.com/watch	youtube.com	Tutorial #Hotjar - Everything You Ever Wanted to Know About ...	99	0	0	1	hotjar	2849	0	0
hotjar	14	organic	https://x.com/hotjar	x.com	Hotjar | by Contentsquare	97	0	0	1	hotjar			
hotjar	15	organic	https://pangea.app/glossary/hotjar	pangea.app	What is HotJar?	60	4	0	1	hotjar	1785	0	0
hotjar	16	organic	https://www.crazyegg.com/blog/hotjar-review/	crazyegg.com	Hotjar Review - The Good and Bad	88	4	0	1	hotjar	3248	20	15
hotjar	17	organic	https://ventureharbour.com/hotjar-review/	ventureharbour.com	Hotjar Review: 9 Pros & Cons (2026)	76	11	0	1	hotjar	2645	11	8
hotjar	18	organic	https://www.getapp.co.uk/software/101789/hotjar	getapp.co.uk	Hotjar Reviews, Prices & Ratings	67	0	0	1	hotjar			
hotjar	19	organic	https://wedex.com.ua/en/blog/what-is-hotjar-and-how-to-use-it/	wedex.com.ua	What is Hotjar and how to use it | WEDEX Blog	40	4	0	1	hotjar	4158	0	0
hotjar	20	organic	https://www.seerinteractive.com/insights/how-hotjar-works	seerinteractive.com	What is Hotjar Heatmapping?	80	4	0	1	hotjar	2300	35	13
hotjar	21	organic	https://zapier.com/blog/what-is-hotjar/	zapier.com	What is Hotjar—and how does it work?	91	4	0	1	hotjar	2850	8	7
hotjar	22	organic	https://www.statsig.com/perspectives/what-is-hotjar	statsig.com	What is Hotjar?	76	4	0	1	hotjar	1649	1	1
hotjar	23	organic	https://www.youtube.com/watch	youtube.com	Understanding User Behavior with Hotjar: A Complete Tutorial	99	4	0	1	hotjar	3697	2	2
hotjar	24	organic	https://www.softwareadvice.com/website-monitoring/hotjar-profile/	softwareadvice.com	Hotjar Software Overview 2026 - Features & Pricing	87	4	1	2	hotjar pricing		4	4
hotjar	25	organic	https://www.hotjar.com/heatmap-analysis2/	hotjar.com	Use heatmap analysis to understand how people use your site	92	0	0	1	hotjar	0	1	1
hotjar	26	organic	https://uxcam.com/blog/hotjar-for-mobile-apps/	uxcam.com	Hotjar for mobile apps: why it doesn't work and what to use ...	77	5	0	1	hotjar	5050	4	4
hotjar	27	organic	https://medium.com/@JetaimeTsatsi/everything-you-need-to-know-about-hotjar-for-website-analytics-bc8fa04f2e17	medium.com	Everything You Need to Know About Hotjar for Website ...	94	0	0	1	hotjar	1232	2	2
tag manager	1	ai_overview											
tag manager	2	organic	https://marketingplatform.google.com/about/tag-manager/	marketingplatform.google.com	Website Tag Management Tools & Solutions	100	33	343	9	gtm	770	165404	7694
tag manager	4	organic	https://digitalniarchitekti.cz/clanek/co-je-google-tag-manager/	digitalniarchitekti.cz	Co je Google Tag Manager, jak ho nastavit a jak funguje?	33	4	10	4	google tag	2628	0	0
tag manager	5	organic	https://tagassistant.google.com/	tagassistant.google.com	Google Tag Assistant	100	15	12	6	google tag assistant	64	5155	1613
tag manager	6	organic	https://cs.wikipedia.org/wiki/Google_Tag_Manager	cs.wikipedia.org	Google Tag Manager – Wikipedie	97	4	23	7	google tag manager co to je	934	7	6
tag manager	7	organic	https://developers.google.com/tag-platform/tag-manager	developers.google.com	About Google Tag Manager | Tag Platform	100	15	15	5	google tag	853	20284	920
tag manager	8	organic	https://fragile.cz/blog/google-tag-manager-jak-funguje-a-k-cemu-slouzi/	fragile.cz	Google Tag Manager: Kompletní průvodce pro začátečníky	34	4	15	5	google tag manager co to je	1135	0	0
tag manager	9	organic	https://www.marketingppc.cz/google-analytics/google-tag-manager-nastaveni/	marketingppc.cz	Jak nastavit Google Tag Manager: kompletní průvodce	35	0	0	1	tag manager			
tag manager	10	videos											
analýza webu	1	organic	https://remedio.cz/seo-audit-a-analyza-webu/	remedio.cz	SEO audit a analýza webu: Co odrazuje Google i lidi?	50	4	305	5	analýza webu	2653	0	0
analýza webu	2	ai_overview											
analýza webu	3	organic	https://www.lesensky.cz/analyza-webu	lesensky.cz	Analýza webu: jak ji využít na maximum	54	5	108	4	analýza webu	1144	0	0
analýza webu	4	organic	https://www.seotestonline.cz/	seotestonline.cz	SEO test on-line — otestujte si web zdarma	8	6	1982	23	test seo	373	359	329
analýza webu	5	organic	https://www.saleskit.com/cs/znalosti/blog/co-je-analyza-navstevnosti-webu	saleskit.com	Co je analýza návštěvnosti webu?	39	4	188	6	analýza webu	1605	0	0
analýza webu	6	organic	https://rdy.cz/blog/seo-analyza-webu-zdarma-za-5-minut	rdy.cz	SEO analýza webu zdarma: zkontrolujte web za 5 minut	31	4	186	9	seo kontrola	2525	0	0
analýza webu	7	organic	https://vceliste.cz/seo-analyza/	vceliste.cz	SEO analýza – první krok k vylepšení vašeho webu	54	8	58	5	analýza webu	1277	5	2
analýza webu	8	organic	https://www.martinmatejka.cz/seo-analyza/	martinmatejka.cz	Komplexní SEO analýza - Martin Matějka	36	4	43	4	analýza webu	675	1	1
analýza webu	9	organic	https://webmorava.cz/seo-analyza-webu/	webmorava.cz	SEO audit online zdarma | SEO analýza webu	33	4	24	1	analýza webu	1134	0	0
analýza webu	11	organic	https://www.webdevel.cz/	webdevel.cz	Jak na jednoduchou SEO analýzu webu	65	4	19	2	analýza webu	2001	0	0
google looker studio	1	ai_overview											
google looker studio	2	organic	https://www.webglobe.cz/poradna/co-je-looker-studio	webglobe.cz	Co je Looker Studio	74	4	199	1	google looker studio	0	0	0
google looker studio	4	videos											
google looker studio	5	organic	https://www.dreamitcompany.cz/blog/looker-studio	dreamitcompany.cz	Looker Studio: k čemu je a jak dělat reporting	36	0	52	2	google looker studio	1559	0	0
google looker studio	6	organic	https://www.zaklik.cz/nastroje/google-data-studio/	zaklik.cz	Looker Studio / ex Google Data Studio	27	0	41	1	google looker studio	338	3	2
google looker studio	7	organic	https://vojtechaudy.cz/clanky/google-prejmenoval-looker-studio-zpet-na-data-studio/	vojtechaudy.cz	Google přejmenovává Looker Studio zpět na Data Studio	13	0	33	1	google looker studio	0		
google looker studio	8	organic	https://cz.linkedin.com/pulse/google-p%C5%99ejmenov%C3%A1v%C3%A1-looker-studio-zp%C4%9Bt-na-data-vojt%C4%9Bch-audy-dilbf	cz.linkedin.com	Google přejmenovává Looker Studio zpět na Data Studio	99	0	26	1	google looker studio			
google looker studio	9	organic	https://knowledge.profitmetrics.io/looker-studio-overview	knowledge.profitmetrics.io	Looker Studio Overview - Knowledge base	57	4	21	1	google looker studio	253	0	0
google looker studio	10	organic	https://medium.com/databites/creating-a-google-looker-studio-dashboard-populating-it-with-data-7c02da66e83e	medium.com	Creating a Google Looker Studio Dashboard	94	0	17	1	google looker studio			
google looker studio	11	organic	https://www.leadinfo.com/en/integrations/google-looker-studio/	leadinfo.com	Google Looker Studio - Integrations	83	4	14	1	google looker studio	926	1	1
google looker studio	0	paids											
cookiebot	1	organic	https://www.cookiebot.com/	cookiebot.com	Cookiebot™ CMP by Usercentrics - GDPR Compliance for ...	90	55	413	3	cookiebot	0	2294394	10607
cookiebot	3	organic	https://cs.wordpress.org/plugins/cookiebot/	cs.wordpress.org	Cookiebot by Usercentrics – automatický cookie banner ...	97	5	1	1	cookiebot	5733	1	1
cookiebot	4	organic	https://cookiefirst.com/cs/cookiebot-alternativa/	cookiefirst.com	Cookiebot Alternativa	87	6	0	1	cookiebot	1553	2	2
cookiebot	5	organic	https://www.davidsmak.com/cookiebot-k-cemu-slouzi-a-jak-ho-implementovat/	davidsmak.com	CookieBot - K čemu slouží a jak ho implementovat?	1	0	0	1	cookiebot	814	0	0
cookiebot	6	organic	https://www.trustpilot.com/review/www.cookiebot.com	trustpilot.com	Cookiebot by Usercentrics Reviews	94	5	5	2	cookie bot		41	12
cookiebot	7	organic	https://www.facebook.com/CookiebotCMP/	facebook.com	Cookiebot CMP (@CookiebotCMP)	100	0	0	1	cookiebot			
cookiebot	8	organic	https://apps.shopify.com/cookiebot-cmp-gdpr-compliance	apps.shopify.com	Cookiebot CMP: Privacy Consent - Automated Google ...	96	6	0	1	cookiebot	1164	196	34
cookiebot	9	organic	https://www.linkedin.com/products/cookiebot/	linkedin.com	Cookiebot Web CMP by Usercentrics	99	0	4	2	cookie bot			
cookiebot	10	organic	https://support.google.com/analytics/answer/14546767	support.google.com	Nastavení Cookiebot k získání souhlasu uživatele	100	0	0	1	cookiebot			
cookiebot	11	organic	https://datadome.co/bots/cookiebot/	datadome.co	What is the Cookiebot & How to block it?	73	4	6	2	cookie bot	1068	0	0
cookiebot	12	organic	https://www.cookieinfo.net/en/features-cookiebot/	cookieinfo.net	Cookiebot features | Consent Management Platform	55	6	0	1	cookiebot	2139	0	0
cookiebot	13	organic	https://www.capterra.co.uk/software/1022220/cookiebot	capterra.co.uk	Cookiebot CMP Pricing, Cost & Reviews	75	0	0	1	cookiebot		1	1
cookiebot	14	organic	https://www.drupal.org/project/cookiebot	drupal.org	Cookiebot - Cookie consent, Cookie monitoring and ...	91	4	0	1	cookiebot	686	16	12
cookiebot	15	organic	https://www.stylefactoryproductions.com/blog/cookiebot-review	stylefactoryproductions.com	Cookiebot CMP Review (2025) — All the Key Pros and Cons	72	4	0	1	cookiebot	4882	13	3
cookiebot	16	organic	https://profiles.wordpress.org/cookiebot/	profiles.wordpress.org	cookiebot (@cookiebot) – WordPress user profile	97	5	0	1	cookiebot	1476	107	24
cookiebot	17	organic	https://www.softwareadvice.ie/software/335656/cookiebot	softwareadvice.ie	Cookiebot CMP | Reviews, Pricing & Demos - SoftwareAdvice IE	58	0	0	1	cookiebot			
cookiebot	18	organic	https://www.softwareadvice.ie/software/335656/cookiebot	softwareadvice.ie	Cookiebot CMP | Reviews, Pricing & Demos - SoftwareAdvice IE	58	0	0	1	cookiebot			
cookiebot	19	organic	https://github.com/mjpr263/cookiebot	github.com	mjpr263/cookiebot: Cookiebot for TYPO3	97	0	0	1	cookiebot	890	1	1
cookiebot	20	organic	https://martech-hacks.com/cookiebot-cmp-the-essential-points/	martech-hacks.com	Cookiebot CMP: overview and setup - Martech Hacks	0	0	0	1	cookiebot	942	0	0
cookiebot	21	organic	https://www.rocketoo.cz/app/cookiebot	rocketoo.cz	Cookiebot CMP ~ Rocketoo - Profesionální e-commerce řešení	68	4	0	1	cookiebot	497	0	0
cookiebot	22	organic	https://www.softwaresuggest.com/cookiebot	softwaresuggest.com	Cookiebot - Pricing, Features, and Details in 2026	78	0	0	1	cookiebot	0		
cookiebot	23	organic	https://measuremindsgroup.com/what-is-cookiebot-set-up-and-implementation	measuremindsgroup.com	How to Set Up and Implement Cookiebot by Usercentrics	63	4	0	1	cookiebot	2119	3	2
cookiebot	24	organic	https://wexbo.com/cs/addons/cookiebot/	wexbo.com	Cookiebot - WEXBO.com	35	0	0	1	cookiebot	0		
cookiebot	25	organic	https://www.webmium.cz/cookiebot	webmium.cz	Nové Cookies s Cookiebotem | Digitální agentura Webmium	76	9	0	1	cookiebot	545	0	0
cookiebot	26	organic	https://support.google.com/google-ads/answer/14546767	support.google.com	Set up Cookiebot to obtain user consent - Google Ads Help	100	4	0	1	cookiebot	1762	1	1
cookiebot	27	organic	https://docs.getelevar.com/docs/cookiebot-consent-management-platform-cmp-overview	docs.getelevar.com	Cookiebot Consent Management Platform (CMP) Overview	72	4	0	1	cookiebot	5313	0	0
google analytics 4	1	organic	https://developers.google.com/analytics	developers.google.com	Google Analytics	100	34	674	23	ga4	872	188363	12974
google analytics 4	2	organic	https://marketingplatform.google.com/about/analytics/	marketingplatform.google.com	Analytics Tools & Solutions for Your Business	100	43	76	27	google analytics 4	631	14556668	74909
google analytics 4	3	ai_overview											
google analytics 4	4	organic	https://support.google.com/analytics/answer/11828307	support.google.com	[GA4] Průvodce k účtu Google Analytics 4	100	0	117	3	ga 4		7	7
google analytics 4	5	organic	https://www.marketingppc.cz/google-analytics/google-analytics-4/	marketingppc.cz	Google Analytics 4: kompletní průvodce nastavením 2026	35	6	42	3	google analytics 4	7222	7	6
google analytics 4	6	organic	https://www.key-advantage.cz/google-analytics-4/	key-advantage.cz	Google Analytics 4 (GA4)	31	4	21	2	google analytics 4	586	0	0
google analytics 4	7	organic	https://blog.webareal.cz/google-analytics-4-shrnuti-a-co-musite-vedet/	blog.webareal.cz	Google Analytics 4 – shrnutí a co musíte vědět	69	0	17	1	google analytics 4	1281	0	0
google analytics 4	8	organic	https://www.ui42.cz/blog/google-analytics-4-od-chaosu-k-lepsim-datum	ui42.cz	Google Analytics 4: Od chaosu k lepším datům	22	4	14	2	google analytics 4	3092	0	0
google analytics 4	9	organic	https://www.id-sign.com/poradna/google-analytics-4-ga4	id-sign.com	Google Analytics 4 (GA4) - iD-SIGN	36	4	11	2	google analytics 4	665	0	0
datový analytik	1	organic	https://www.jobs.cz/prace/	jobs.cz	Analytik dat	80	4	195	4	datový analytik	1098	0	0
datový analytik	2	organic	https://www.prace.cz/encyklopedie-profesi/d/datovy-analytik/	prace.cz	Datový analytik - Encyklopedie povolání a profesí	71	4	112	5	datový analytik	793	0	0
datový analytik	3	organic	https://skillmea.cz/blog/jak-se-stat-datovym-analytikem	skillmea.cz	Jak se stát datovým analytikem: Co musíš vědět v roce 2025?	38	4	87	5	datový analytik	3263	0	0
datový analytik	4	organic	https://coderslab.cz/cz/blog/odvetvi-prace-datovy-analytik	coderslab.cz	10 odvětví, ve kterých můžeš pracovat jako datový analytik	27	4	43	2	datový analytik	1638	2	1
datový analytik	5	organic	https://cz.indeed.com/q-datov%C3%BD-analytik-l-hlavn%C3%AD-m%C4%9Bsto-praha-nab%C3%ADdky-pr%C3%A1ce.html	cz.indeed.com	Nabídky práce Datový analytik v lokalitě Hlavní město Praha	92	4	56	4	datový analytik	1559	0	0
datový analytik	6	organic	https://www.volnamista.cz/profese/datovy-analytik-114	volnamista.cz	Nabídka práce Datový analytik, Volná místa cz	51	0	28	1	datový analytik			
datový analytik	7	organic	https://www.datatalk.cz/datajobs/	datatalk.cz	datajobs	28	4	28	2	datový analytik	570	4	3
datový analytik	8	organic	https://www.atmoskop.cz/prehled-pracovnich-pozic	atmoskop.cz	Nabídky práce Datový analytik	66	0	18	2	datový analytik	1110		
datový analytik	9	organic	https://engeto.cz/blog/datova-analyza/svaty-gral-jmenem-datova-analyza/	engeto.cz	Svatý grál jménem datová analýza	29	5	62	6	datový analytik	1791	0	0
datový analytik	10	organic	https://cz.linkedin.com/jobs/data-analytik-jobs	cz.linkedin.com	1 000+ Data Analytik Pracovních pozic v Česko	99	0	39	6	datový analytik			
facebook pixel	1	ai_overview											
facebook pixel	2	organic	https://cs-cz.facebook.com/business/tools/meta-pixel	cs-cz.facebook.com	Meta Pixel: Měření, optimalizace a retargetování reklam na ...	100	4	226	5	facebook pixel		7	5
facebook pixel	3	organic	https://socials.cz/blog	socials.cz	Facebook Pixel: Co to je a jak ho nastavit	28	6	52	5	facebook pixel	194	32	3
facebook pixel	4	organic	https://cs-cz.facebook.com/business/help	cs-cz.facebook.com	Instalace a nastavení Meta Pixelu	100	4	121	33	instagram firemní účet			
facebook pixel	6	organic	https://vceliste.cz/Blog/Soci%C3%A1ln%C3%AD	vceliste.cz	Naučte se nastavit a používat Meta pixel. Vyplatí se to!	54	0	31	11	facebook remarketing			
facebook pixel	7	organic	https://podpora.shoptet.cz/	podpora.shoptet.cz	Facebook reklama a měření konverzí	91	31	246	12	shoptet podpora	265	316659	62
facebook pixel	8	organic	https://www.rascasone.com/blog	rascasone.com	Facebook pixel pro začátečníky: založení, události, okruhy	39	0	492	25	jak zvýšit návštěvnost webu	0		
facebook pixel	9	organic	https://digitalniarchitekti.cz/clanek/facebook-pixel	digitalniarchitekti.cz	Facebook Pixel	33	0	0	1	facebook pixel	0		
facebook pixel	10	organic	https://www.evolutionmarketing.cz/facebook-pixel	evolutionmarketing.cz	Co je FB pixel a jak se s ním pracuje? A nejčastější chyby?	45	0	0	1	facebook pixel	0		
jak zvýšit návštěvnost webu	1	ai_overview											
jak zvýšit návštěvnost webu	2	organic	https://www.rascasone.com/blog	rascasone.com	10 tipů, jak zvýšit návštěvnost webových stránek nebo ...	39	0	492	25	jak zvýšit návštěvnost webu	0		
jak zvýšit návštěvnost webu	3	organic	https://www.active24.cz/Rubrika:	active24.cz	Návštěvnost webu: 7 možností, jak ji zdarma zvýšit	88	0	112	13	jak zvýšit návštěvnost webu			
jak zvýšit návštěvnost webu	4	organic	https://www.alexandrastankova.cz/	alexandrastankova.cz	Minikurz - 3 základní kroky jak zvýšit návštěvnost webu	13	4	26	2	jak zvýšit návštěvnost webu	0	16	11
jak zvýšit návštěvnost webu	5	organic	https://pajskr.cz/Blog/Jak	pajskr.cz	Jak zvýšit návštěvnost webu: 10 kroků, které fungují i zdarma	57	0	17	3	jak zvýšit návštěvnost webu	0		
jak zvýšit návštěvnost webu	7	organic	https://www.houseofrezac.com/Know-how/Slovn%C3%AD%C4%8Dek	houseofrezac.com	Jak zvýšit návštěvnost webu	41	0	27	4	ux design	0		
jak zvýšit návštěvnost webu	8	organic	https://www.mytimi.cz/Blog	mytimi.cz	6 konkrétních tipů, jak zvýšit návštěvnost webu - myTimi.cz	50	0	342	44	výkonostní marketing	0		
jak zvýšit návštěvnost webu	9	organic	https://blog.aira.cz/jak-zvysit-navstevnost-webu	blog.aira.cz	Jak zvýšit návštěvnost webu? - Aira blog	60	4	0	1	jak zvýšit návštěvnost webu	2382	4	4
jak zvýšit návštěvnost webu	10	organic	https://www.websupport.cz/blog/2023/08	websupport.cz	Jak zvýšit návštěvnost vašeho webu? Využijte SEO, PPC i ...	78	0	4	2	jak funguje chatgpt			
jak zvýšit návštěvnost webu	11	organic	https://www.neogy.cz/jak-zvysit-navstevnost-webu	neogy.cz	Jak zvýšit návštěvnost webu - Neogy	42	0	0	1	jak zvýšit návštěvnost webu			
cookie lišta	1	organic	https://www.cookieslista.cz/	cookieslista.cz	Cookies lišta: Cookies řešení dle legislativy z roku 2026 ...	56	34	155	5	cookies lišta	0	173654	214
cookie lišta	2	organic	https://www.cookie-lista.cz/	cookie-lista.cz	Cookie-Lista.cz - Právní jistota a profesionální analytika pro ...	44	4	69	5	cookie lišta zdarma	697	389	371
cookie lišta	3	organic	https://uoou.gov.cz/	uoou.gov.cz	Cookies	91	34	487	25	úooú	468	609839	38734
cookie lišta	5	organic	https://getfound.cz/jak-ma-spravne-vypadat-cookie-lista/	getfound.cz	Jak má správně vypadat cookie lišta? Tipy a rady - GetFound	40	4	17	3	cookie lišta	1619	0	0
cookie lišta	6	organic	https://academy.solidpixels.com/nastaveni-cookie-listy	academy.solidpixels.com	Nastavení cookie lišty na webu	79	0	18	3	cookie lišta			
cookie lišta	7	organic	https://webcentrum.muni.cz/cookies-lista	webcentrum.muni.cz	Cookies Lišta - WebCentrum | MUNI ICS	84	0	24	3	cookies lišta			
cookie lišta	8	organic	https://cookies-spravne.cz/	cookies-spravne.cz	Cookies správně | Cookies už neřešte, vyřešili jsme to za vás.	43	4	25	4	cookie lišta zdarma	1884	101	73
cookie lišta	9	organic	https://www.rascasone.com/blog	rascasone.com	Cookies v kostce: co to je a jak navrhnout cookie lištu	39	0	492	25	jak zvýšit návštěvnost webu	0		
cookie lišta	10	organic	https://www.webglobe.cz/Helpdesk/Slovn%C3%AD%C4%8Dek	webglobe.cz	Co je Cookie lišta	74	0	463	83	ww	0		
seo analýza webu	1	organic	https://www.allinweb.cz/analyza-webu-a-reklamy	allinweb.cz	Analýza webu, reklamy a SEO	52	4	67	1	seo analýza webu	0		
seo analýza webu	2	ai_overview											
seo analýza webu	3	organic	https://www.seoprakticky.cz/seo-webu/	seoprakticky.cz	SEO webu | optimalizace pro web | SEO PRAKTICKY	34	4	27	1	seo analýza webu	2045	0	0
seo analýza webu	4	organic	https://www.enface.cz/seo-analyza-stranek-konkurence/	enface.cz	SEO analýza stránek nebo konkurence - Vydavatelství En Face	37	4	22	1	seo analýza webu	0		
seo analýza webu	5	organic	https://presah.agency/slovnicek-reklamnich-pojmu/seo-analyza/	presah.agency	SEO analýza (Co to je a k čemu slouží)	3	0	17	1	seo analýza webu	3013	0	0
seo analýza webu	7	organic	https://www.jaroslavvoldrich.cz/blog/seo-analyza-proc-ji-resit	jaroslavvoldrich.cz	SEO analýza - proč ji řešit?	10	0	11	1	seo analýza webu	0		
seo analýza webu	8	organic	https://www.freelo.io/cs/sablony/seo-analyza	freelo.io	SEO Analýza v roce 2023	69	4	10	2	seo analýza webu	837	4	4
seo analýza webu	9	organic	https://www.seoconsult.cz/seo-optimalizace-test	seoconsult.cz	SEO (optimalizace) test	71	4	80	4	seo optimalizace test	881	72	70
seo analýza webu	10	organic	https://orangeacademy.cz/clanky/seo-audit/	orangeacademy.cz	SEO audit: Optimalizace webu pro vyšší pozice ve ...	40	4	6	2	seo analýza webu	854	0	0
seo analýza webu	11	organic	https://www.pavelungr.cz/sluzby/seo-analyza-on-page-faktoru/	pavelungr.cz	SEO analýza on-page faktorů	58	4	5	1	seo analýza webu	0	2	1
co je konverze	1	ai_overview											
co je konverze	2	organic	https://cs.wikipedia.org/wiki/Konverze	cs.wikipedia.org	Konverze – Wikipedie	97	4	113	7	co je konverze	443	18	8
co je konverze	4	organic	https://www.czechpoint.gov.cz/public/verejnost/autorizovana-konverze/	czechpoint.gov.cz	Konverze	75	6	181	8	konverze	809	214	51
co je konverze	5	organic	https://www.strafelda.cz/konverze	strafelda.cz	Co je konverze	39	7	19	4	co je konverze	1319	2	2
co je konverze	6	organic	https://www.marketingppc.cz/ppc/co-je-to-konverze/	marketingppc.cz	Co je to konverze v online marketingu	35	5	86	7	konverzní marketing	2263	2	2
co je konverze	7	organic	https://searchtest.seznam.cz/	searchtest.seznam.cz	co je konverze	87	0	9	2	co je konverze			
co je konverze	8	organic	https://matejboska.cz/co-je-to-konverze	matejboska.cz	Co je to konverze 2026 | Definice a význam v marketingu	34	0	8	3	co je konverze	0	0	0
co je konverze	9	organic	https://www.econ.muni.cz/studenti/formulare-a-zadosti/konverze-dokumentu	econ.muni.cz	Konverze dokumentů | Ekonomicko-správní fakulta MU	84	4	47	5	konverze	508	0	0
co je konverze	10	organic	https://growito.cz/slovnicek-pojmu-marketing-lead-management/konverze-online-marketing.php	growito.cz	Konverze v online marketingu - GROWITO.cz	43	4	24	6	konverzní marketing	398	0	0
co je konverze	11	organic	http://portal.gov.cz/sluzby-vs/autorizovana-konverze-papiroveho-dokumentu-do-elektronicke-podoby-S7025	portal.gov.cz	Autorizovaná konverze papírového dokumentu do ...	83	4	27	4	konverze	0	57	15
správa webu	1	ai_overview											
správa webu	2	organic	https://www.prowebo.cz/sprava-webu-co-si-zvladnete-upravit-sami-a-kdy-uz-se-vyplati-reseni/	prowebo.cz	Správa webu: co zvládnete sami a kdy už se vyplatí řešení	45	4	73	1	správa webu	1055	0	0
správa webu	3	organic	https://spweb.cz/	spweb.cz	SPWeb: Tvorba webových stránek | Weby na míru	75	25	29	1	správa webu	969	300758	1086
správa webu	4	organic	https://softmedia.cz/wordpress/sprava-wordpress-webovych-stranek/	softmedia.cz	Správa WordPress webových stránek | Softmedia s.r.o.	64	4	23	1	správa webu	1573	0	0
správa webu	5	organic	https://bobusmarketing.com/sluzby/tvorba-a-sprava-webu/	bobusmarketing.com	Tvorba a správa webu | Bobus Marketing | Online ...	38	0	19	1	správa webu	1150	0	0
správa webu	6	organic	https://www.kartalweb.cz/sprava-webu/	kartalweb.cz	Správa webu - KartalWEB	9	0	15	1	správa webu	0		
správa webu	7	organic	https://www.databazeknih.cz/stitky/sprava-webu-cms-11381	databazeknih.cz	správa webu, CMS - štítek u knih	77	4	12	1	správa webu	0		
správa webu	8	organic	https://www.tomasgazur.cz/sprava-wordpress-webu/	tomasgazur.cz	Kolik stojí správa WordPress webu (2026)	50	0	10	1	správa webu	549	0	0
správa webu	9	organic	https://tomasslezak.cz/blog/kolik-stoji-sprava-webu/	tomasslezak.cz	Kolik stojí správa webu v roce 2026? Hosting, údržba a ...	26	0	8	1	správa webu	1031	0	0
správa webu	10	organic	https://www.aivision.cz/prevzeti-sprava-webovych-stranek	aivision.cz	Převzetí a správa webových stránek či e-shopu	67	7	6	1	správa webu	644	0	0
google analytics wordpress	1	organic	https://cs.wordpress.org/plugins/ga-google-analytics/	cs.wordpress.org	GA Google Analytics – Connect Google ...	97	4	68	2	google analytics wordpress	2323	4	3
google analytics wordpress	2	organic	https://support.google.com/analytics/answer/11898619	support.google.com	Site Kit plugin (WordPress): Set up your Google tag	100	5	30	2	google analytics wordpress	1396	12	11
google analytics wordpress	3	organic	https://www.coursera.org/articles/add-google-analytics-to-wordpress	coursera.org	How to Add Google Analytics to WordPress	91	4	21	2	google analytics wordpress	2040	2	2
google analytics wordpress	4	organic	https://www.ecommercebridge.cz/google-analytics-na-wordpress/	ecommercebridge.cz	Jak nainstalovat Google Analytics na Wordpress	45	4	15	2	google analytics wordpress	1339	1	1
google analytics wordpress	5	organic	https://wpforms.com/best-google-analytics-plugins-for-wordpress/	wpforms.com	7+ Best Google Analytics Plugins for WordPress in 2026	86	4	12	1	google analytics wordpress	6061	69	45
google analytics wordpress	6	organic	https://wpengine.com/blog/wordpress-google-analytics-tag-manager/	wpengine.com	Google Analytics & Tag Manager for WordPress	93	4	10	2	google analytics wordpress	2178	7	7
google analytics wordpress	7	organic	https://jetpack.com/resources/how-to-add-google-analytics-to-wordpress/	jetpack.com	How to Add Google Analytics to WordPress (Setup Guide)	90	0	7	1	google analytics wordpress	0	7	3
google analytics wordpress	8	organic	https://kinsta.com/blog/google-analytics-wordpress/	kinsta.com	How to Add Google Analytics to WordPress	90	6	8	2	google analytics wordpress	3924	436	97
google data studio	1	organic	https://datastudio.google.com/	datastudio.google.com	Data Studio Overview - Google	100	23	1191	14	looker studio	0	48750	11776
google data studio	3	organic	https://cloud.google.com/data-studio	cloud.google.com	Data Studio: Business Insights Visualizations	100	20	78	8	google looker data studio	5457	275	139
google data studio	4	ai_overview											
google data studio	5	organic	https://digitalniarchitekti.cz/clanek/co-je-looker-studio	digitalniarchitekti.cz	Looker Studio (Google Data Studio): Co to je a jak funguje?	33	0	0	2	looker	3116		
google data studio	6	organic	https://developers.google.com/data-studio	developers.google.com	Data Studio	100	6	64	7	looker google		76	65
google data studio	7	organic	https://www.banan.cz/analytika/google-data-studio	banan.cz	Google Data Studio	80	6	0	2	data studio google	1123	4	3
matomo	1	organic	https://matomo.org/	matomo.org	Matomo: Privacy-first analytics you can trust - Analytics Platform	92	36	151	1	matomo	1682	9442249	29273
matomo	2	ai_overview											
matomo	3	organic	https://cs.wikipedia.org/wiki/Matomo	cs.wikipedia.org	Matomo	97	4	8	1	matomo	350	20	6
matomo	4	organic	https://github.com/matomo-org/matomo	github.com	Matomo (formerly Piwik) - matomo.org	97	26	0	1	matomo	2224	31862	927
matomo	5	organic	https://www.ui42.cz/uickovska-abeceda/matomo	ui42.cz	Co je Matomo?	22	0	0	1	matomo	1085	0	0
matomo	6	organic	https://wordpress.org/plugins/matomo/	wordpress.org	Matomo Analytics – Powerful, Privacy-First Insights for ...	97	12	0	1	matomo	2139	970	409
matomo	7	organic	https://play.google.com/store/apps/details	play.google.com	Matomo Mobile - Web Analytics – Aplikace na Google Play	100	0	0	1	matomo			
datový sklad	1	ai_overview											
datový sklad	2	organic	https://datovysklad.plzensky-kraj.cz/	datovysklad.plzensky-kraj.cz	Datový sklad	72	7	107	1	datový sklad	0	5	2
datový sklad	3	organic	https://cs.wikipedia.org/wiki/Datov%C3%BD_sklad	cs.wikipedia.org	Datový sklad – Wikipedie	97	5	24	2	datový sklad	1212	53	23
datový sklad	4	organic	https://www.sap.com/what-is-a-data-warehouse	sap.com	Co je datový sklad? Definice, jak to funguje a klíčové ...	91	0	3	1	datový sklad			
datový sklad	5	organic	https://nli.gov.cz/	nli.gov.cz	Nová verze aplikace Datový sklad státní správy lesů ...	51	14	1	3	datový sklad	801	141471	534
datový sklad	6	organic	https://www.plzensky-kraj.cz/datovy-sklad	plzensky-kraj.cz	Datový sklad	72	0	0	1	datový sklad	0		
datový sklad	7	organic	https://azure.microsoft.com/what-is-a-data-warehouse	azure.microsoft.com	Co je to datový sklad? | Microsoft Azure	96	0	0	1	datový sklad	0		
datový sklad	8	organic	https://www.gist.cz/datovy-sklad	gist.cz	Datový sklad na míru – MS SQL nebo Microsoft Fabric	55	0	0	1	datový sklad	0		
datový sklad	9	organic	https://www.liberecky-kraj.cz/datovy-sklad	liberecky-kraj.cz	Datový sklad	55	0	0	1	datový sklad			
cookies lišta	1	organic	https://www.cookieslista.cz/	cookieslista.cz	Cookies lišta: Cookies řešení dle legislativy z roku 2026 ...	56	34	155	5	cookies lišta	0	173654	214
cookies lišta	3	organic	https://uoou.gov.cz/	uoou.gov.cz	Cookies	91	34	487	25	úooú	468	609839	38734
cookies lišta	4	organic	https://getfound.cz/jak-ma-spravne-vypadat-cookie-lista	getfound.cz	Jak má správně vypadat cookie lišta? Tipy a rady - GetFound	40	0	18	1	cookies lišta	0		
cookies lišta	5	organic	https://webcentrum.muni.cz/cookies-lista	webcentrum.muni.cz	Cookies Lišta - WebCentrum | MUNI ICS	84	0	24	3	cookies lišta			
cookies lišta	6	organic	https://www.cookie-lista.cz/	cookie-lista.cz	Cookie-Lista.cz - Právní jistota a profesionální analytika pro ...	44	4	69	5	cookie lišta zdarma	697	389	371
cookies lišta	7	organic	https://www.rascasone.com/blog	rascasone.com	Cookies v kostce: co to je a jak navrhnout cookie lištu	39	0	492	25	jak zvýšit návštěvnost webu	0		
cookies lišta	8	organic	https://academy.solidpixels.com/nastaveni-cookie-listy	academy.solidpixels.com	Nastavení cookie lišty na webu	79	0	18	3	cookie lišta			
cookies lišta	9	organic	https://cookies-spravne.cz/	cookies-spravne.cz	Cookies správně | Cookies už neřešte, vyřešili jsme to za vás.	43	4	25	4	cookie lišta zdarma	1884	101	73
cookies lišta	10	organic	https://www.petradolejsova.cz/blog/mate-cookies-listu	petradolejsova.cz	Máte cookies lištu?	48	4	5	1	cookies lišta	527	0	0
bigquery	1	ai_overview											
bigquery	2	organic	https://www.seo-stack.io/blog/what-is-google-bigquery-a-complete-guide-for-seos	seo-stack.io	What is Google BigQuery? A Complete Guide for SEOs	45	4	19	1	bigquery	3162	6	3
bigquery	4	organic	https://support.seeq.com/latest/cloud/understanding-google-bigquery	support.seeq.com	Understanding Google BigQuery	65	0	0	1	bigquery	1166	3	2
bigquery	5	organic	https://cloud.google.com/blog/products/data-analytics/enterprise-strategy-group-evaluates-bigquery-tco	cloud.google.com	Enterprise Strategy Group evaluates BigQuery TCO	100	0	0	1	bigquery		5	4
bigquery	6	organic	https://medium.com/@oredata-engineering/exploring-the-power-of-google-bigquery-for-real-time-data-analytics-f9de676da45b	medium.com	Exploring the Power of Google BigQuery for Real-time ...	94	0	0	1	bigquery	645	0	0
bigquery	7	organic	https://docs.cloud.google.com/bigquery/docs	docs.cloud.google.com	BigQuery-Dokumentation	100	4	0	1	bigquery	2148	0	0
bigquery	8	organic	https://www.stitchdata.com/resources/bigquery-data-warehouse-comparison-chart/	stitchdata.com	How Google BigQuery Compares as a Data Warehouse | Stitch	75	4	0	1	bigquery	1105	5	2
bigquery	9	organic	https://docs.query.ai/docs/google-bigquery	docs.query.ai	Google BigQuery - Query Docs	54	4	0	1	bigquery	3116	0	0
bigquery	10	organic	https://www.youtube.com/watch	youtube.com	Google BigQuery Demo	99	0	0	1	bigquery		1	1
bigquery	11	organic	https://www.owox.com/blog/use-cases/google-bigquery-functions-overview	owox.com	Google BigQuery 101: Beginner's Queries to Data Insights	69	5	0	1	bigquery	0	1	1
utm parametry	1	ai_overview											
utm parametry	2	organic	https://digitalniarchitekti.cz/clanek/utm-parametry-k-cemu-slouzi/	digitalniarchitekti.cz	Co jsou to UTM parametry a k čemu slouží?	33	0	91	4	utm parametry	1185	2	2
utm parametry	3	organic	https://www.utm-builder.cz/	utm-builder.cz	UTM builder - Generátor UTM parametrů	16	8	28	1	utm parametry	371	59	11
utm parametry	4	organic	https://www.marketingppc.cz/ppc/utm-parametry/	marketingppc.cz	UTM parametry – co to je, jak je nastavit a proč jsou důležité	35	4	12	1	utm parametry	15	2	2
utm parametry	5	organic	https://www.utmgenerator.cz/utm-parametry/	utmgenerator.cz	UTM parametry	23	4	7	2	utm parametry	18	2	2
utm parametry	7	organic	https://support.google.com/analytics/answer/10917952	support.google.com	Sběr dat o kampaních pomocí vlastních adres URL	100	4	2	1	utm parametry		16	7
utm parametry	8	organic	https://www.webglobe.cz/poradna/co-je-utm	webglobe.cz	Co jsou UTM parametry a jak sledovat výkon kampaní?	74	4	1	2	utm parametry	882	0	0
utm parametry	9	organic	https://napoveda.smartemailing.cz/article/1369-utm-parametry	napoveda.smartemailing.cz	UTM parametry	75	0	0	2	utm parametry	657	1	1
utm parametry	10	organic	https://vitousladislav.cz/blog/utm-parametry-posledni-clanek-ktery-budete-potrebovat/	vitousladislav.cz	UTM parametry: poslední článek, který budete potřebovat	34	0	0	1	utm parametry	2340	0	0
utm parametry	11	organic	https://doc.samba.ai/knowledge-base/utm-parametry/	doc.samba.ai	UTM parametry	53	4	0	1	utm parametry	795	0	0
atribuce	1	ai_overview											
atribuce	2	organic	https://cs.wikipedia.org/wiki/Atribuce	cs.wikipedia.org	Atribuce	97	4	21	1	atribuce	2890	7	6
atribuce	3	organic	https://slovnik-cizich-slov.abz.cz/web.php/slovo/atribuce	slovnik-cizich-slov.abz.cz	atribuce - ABZ.cz: slovník cizích slov	76	0	18	1	atribuce	0		
atribuce	5	organic	https://www.umimefakta.cz/zsv/cviceni-atribuce-a-atribucni-chyby-	umimefakta.cz	Atribuce a atribuční chyby – Umíme to	41	4	12	1	atribuce	655	1	1
atribuce	6	organic	https://wikisofia.cz/wiki/Atribuce	wikisofia.cz	Atribuce - Wikisofia	45	4	9	1	atribuce	2977	2	2
atribuce	7	organic	https://is.muni.cz/el/1441/podzim2017/SZ7BP_SoPs/um/Socialni_psychologie_16_2016_Atribuce.pdf	is.muni.cz	Sociální psychologie 6 Atribuce	84	0	7	1	atribuce			
atribuce	8	organic	https://sancedetem.cz/slovnik/kauzalni-atribuce	sancedetem.cz	Kauzální atribuce	61	4	37	2	kauzální atribuce	463	1	1
atribuce	9	organic	https://www.strafelda.cz/atribuce	strafelda.cz	Co je atribuce	39	4	5	1	atribuce	370	1	1
atribuce	10	organic	https://turbo.cdv.tul.cz/mod/book/view.php	turbo.cdv.tul.cz	2.3. Kauzální atribuce, základní atribuční omyl	73	4	4	1	atribuce	995	0	0
atribuce	11	organic	https://is.jabok.cz/el/JA10/leto2013/S105/um/Soc.psych._percepce_a_atribuce.pdf	is.jabok.cz	Sociální percepce a atribuce	37	0	3	1	atribuce	0		
google tag manager co to je	1	ai_overview											
google tag manager co to je	3	organic	https://cs.wikipedia.org/wiki/Google_Tag_Manager	cs.wikipedia.org	Google Tag Manager	97	4	23	7	google tag manager co to je	934	7	6
google tag manager co to je	4	organic	https://marketingplatform.google.com/about/tag-manager/	marketingplatform.google.com	Website Tag Management Tools & Solutions	100	33	343	9	gtm	770	165404	7694
google tag manager co to je	5	organic	https://fragile.cz/blog/google-tag-manager-jak-funguje-a-k-cemu-slouzi/	fragile.cz	Google Tag Manager: Kompletní průvodce pro začátečníky	34	4	15	5	google tag manager co to je	1135	0	0
google tag manager co to je	6	organic	https://www.awebsys.cz/blog/co-je-to-google-tag-manager-a-proc-ho-pouzivat	awebsys.cz	Co je to Google Tag Manager a proč ho používat	49	4	11	1	google tag manager co to je	806	0	0
google tag manager co to je	7	organic	https://developers.google.com/tag-platform/tag-manager	developers.google.com	About Google Tag Manager | Tag Platform	100	15	15	5	google tag	853	20284	920
google tag manager co to je	8	organic	https://podpora.shoptet.cz/google-tag-manager/	podpora.shoptet.cz	Google Tag Manager	91	5	7	3	google tag manager co to je	662	4	4
google tag manager co to je	9	organic	https://digitalniarchitekti.cz/clanek/co-je-google-tag-manager/	digitalniarchitekti.cz	Co je Google Tag Manager, jak ho nastavit a jak funguje?	33	4	10	4	google tag	2628	0	0
google tag manager co to je	10	organic	https://www.marketingppc.cz/google-analytics/google-tag-manager-nastaveni/	marketingppc.cz	Jak nastavit Google Tag Manager: kompletní průvodce	35	4	7	2	google tag	9	4	3
google analytics cookies	1	organic	https://support.google.com/analytics/answer/11397207	support.google.com	[GA4] Cookie usage on websites - Analytics Help	100	34	12	1	google analytics cookies	1125	788604	3663
google analytics cookies	2	organic	https://policies.google.com/technologies/cookies	policies.google.com	How Google uses cookies - Privacy & Terms	100	36	15	9	what is a cookie on a website	2229	619437	6388
google analytics cookies	3	organic	https://www.monsterinsights.com/guide-to-google-analytics-cookies-consent-in-ga4/	monsterinsights.com	Guide to Google Analytics Cookies & Consent in GA4	83	4	4	1	google analytics cookies	3820	9	8
google analytics cookies	4	organic	https://analytify.io/google-analytics-cookies/	analytify.io	The Ultimate Guide to Google Analytics Cookies	73	4	3	1	google analytics cookies	3659	12	7
google analytics cookies	6	organic	https://www.simpleanalytics.com/blog/google-analytics-and-consent	simpleanalytics.com	Guide to Google Analytics and Cookie consent	81	4	2	1	google analytics cookies	1344	13	8
google analytics cookies	7	organic	https://cookiedatabase.org/cookie/google-analytics/_ga/	cookiedatabase.org	_ga – Cookiedatabase.org	95	13	2	1	google analytics cookies	0	359573	140328
google analytics cookies	8	organic	https://www.reddit.com/r/webdev/comments/1eagevl/whats_the_point_of_google_analytics_if_everyone/	reddit.com	What's the point of Google Analytics if everyone opt-out ...	95	0	1	1	google analytics cookies			
google analytics cookies	9	organic	https://policies.google.com/technologies/cookies	policies.google.com	GA4 cookies explained	100	35	200	20	cookies internet	1808	1086070	3009
google analytics cookies	10	organic	https://policies.google.com/technologies/cookies	policies.google.com	Účely souborů cookie a podobných technologií ...	100	35	200	20	cookies internet	1808	1086070	3009
meta pixel	1	ai_overview											
meta pixel	2	organic	https://www.facebook.com/business/tools/meta-pixel	facebook.com	Meta Pixel: Measure, Optimize & Retarget Ads ...	100	19	64	3	meta pixel		29411	2223
meta pixel	4	organic	https://www.facebook.com/business/help/952192354843755	facebook.com	Set up and install the Meta Pixel | Meta Business Help Center	100	12	25	2	meta pixel		3689	1957
meta pixel	5	organic	https://vceliste.cz/blog/naucte-se-nastavit-a-pouzivat-meta-pixel-vyplati-se-to/	vceliste.cz	Naučte se nastavit a používat Meta pixel. Vyplatí se to!	54	4	19	2	meta pixel	3094	9	7
meta pixel	6	organic	https://www.shopify.com/blog/72787269-relax-advertising-on-facebook-just-got-a-lot-easier	shopify.com	Meta Pixel: Setup Guide for Facebook Ads (2026)	96	8	15	2	meta pixel	4863	524	147
meta pixel	7	organic	https://podpora.shoptet.cz/facebook-reklama-a-mereni-konverzi/	podpora.shoptet.cz	Facebook reklama a měření konverzí	91	5	12	2	meta pixel	1325	13	10
meta pixel	8	organic	https://developers.facebook.com/documentation/meta-pixel	developers.facebook.com	Meta Pixel - Meta for Developers - Facebook	100	21	10	3	meta pixel	606	10367	2055
meta pixel	9	organic	https://www.anycoders.cz/slovnik/meta-pixel-drive-facebook-pixel	anycoders.cz	Co je Meta Pixel (dříve Facebook Pixel) | Digitální slovník	53	4	8	1	meta pixel	406	0	0
meta pixel	10	organic	https://blog.hootsuite.com/meta-pixel/	blog.hootsuite.com	What is the Meta Pixel, and how do you make the most of it?	91	7	6	2	meta pixel	2243	809	384
správa webových stránek	1	ai_overview											
správa webových stránek	2	organic	https://www.websusmevem.cz/sluzby/sprava-webu/	websusmevem.cz	Pravidelná správa webu pro váš klid. Kolik stojí?	71	0	38	3	správa webových stránek	0		
správa webových stránek	4	organic	https://www.expert-dev.cz/sprava-webovych-stranek	expert-dev.cz	Správa webových stránek	74	4	12	1	správa webových stránek	2976	0	0
správa webových stránek	5	organic	https://cz.jooble.org/pr%C3%A1ce-spr%C3%A1vce-webov%C3%BDch-str%C3%A1nek	cz.jooble.org	Práce: 💼 Správce webových stránek	87	4	32	2	sprava webu	2145	0	0
správa webových stránek	6	organic	https://www.dejtonaweb.cz/sprava-webu/	dejtonaweb.cz	Správa webových stránek a rozvoj SEO	61	12	14	3	správa webových stránek	2596	11799	56
správa webových stránek	7	organic	https://www.oxystudio.cz/sprava-webovych-stranek/	oxystudio.cz	Správa webových stránek - Oxystudio.cz	50	4	10	2	správa webových stránek	1985	1	1
správa webových stránek	8	organic	https://www.firmy.cz/stitek/spravce-webu/kraj-praha	firmy.cz	Správce webu Praha	86	0	5	1	správa webových stránek			
správa webových stránek	9	organic	https://www.volnamista.cz/profese/sprava-webu-721	volnamista.cz	Nabídka práce Správa webů, Volná místa cz	51	0	9	2	správa webových stránek			
správa webových stránek	10	organic	https://vporadku.cz/	vporadku.cz	Tvorba webových stránek	51	22	66	7	tvorba webů	384	4419	823
správa webových stránek	11	organic	https://miliweb.eu/sprava-webovych-stranek-cena/	miliweb.eu	Správa webových stránek cena - MiliWeb	28	4	2	1	správa webových stránek	0	0	0
cookie lišta zdarma	0	paids											
cookie lišta zdarma	1	organic	https://www.cookie-lista.cz/	cookie-lista.cz	Cookie-Lista.cz - Právní jistota a profesionální analytika pro ...	44	4	69	5	cookie lišta zdarma	697	389	371
cookie lišta zdarma	2	organic	https://cookies-spravne.cz/	cookies-spravne.cz	Cookies správně: Cookie lišta a souhlasy vyřešeny, česky a ...	43	4	25	4	cookie lišta zdarma	1884	101	73
cookie lišta zdarma	3	videos											
cookie lišta zdarma	4	organic	https://www.wonderweb.cz/Cookie-lista.html	wonderweb.cz	Cookie lišta | WONDER WEB	68	4	10	1	cookie lišta zdarma	287	0	0
cookie lišta zdarma	0	paids											
cookie lišta zdarma	5	organic	https://www.cookieslista.cz/	cookieslista.cz	Cookies lišta: Cookies řešení dle legislativy z roku 2026 ...	56	34	155	5	cookies lišta	0	173654	214
cookie lišta zdarma	6	organic	https://nova-napoveda.estranky.cz/clanky/ostatni/gdpr-cookie-lista---free-privacy-policy.html	nova-napoveda.estranky.cz	GDPR Cookie lišta - Free Privacy Policy	83	4	5	1	cookie lišta zdarma	476	0	0
cookie lišta zdarma	7	organic	https://www.5nej.cz/srovnani-cookie-list/	5nej.cz	Nejlepší cookie lišty zdarma 2026	62	11	4	1	cookie lišta zdarma	5800	1	1
cookie lišta zdarma	9	organic	https://ondrejdusek.com/cookies-lista-zdarma-pro-wordpress/	ondrejdusek.com	COOKIES LIŠTA ZDARMA PRO WORDPRESS	32	0				349	0	0
cookie lišta zdarma	10	organic	https://www.incomaker.com/cs/blog/cookies-lista-zdarma	incomaker.com	Jak snadno a zdarma vyřešit povinnou cookies lištu?	44	0	3	1	cookie lišta zdarma	1612	0	0
audit webu	1	organic	https://www.strafelda.cz/Konzultace	strafelda.cz	Komplexní audit webu – objevte slabá místa a příležitosti	39	0	34	2	audit webu	235		
audit webu	2	organic	https://taste.cz/vzorovy-seo-audit-webu	taste.cz	Vzorový SEO audit webu	53	4	13	1	audit webu	281	2	1
audit webu	3	organic	https://www.mytimi.cz/seo-analyza-webu/	mytimi.cz	SEO analýza (audit) webu - myTimi.cz	50	5	11	1	audit webu	1750	2	2
audit webu	5	organic	https://vceliste.cz/blog/kdy-a-proc-se-vam-vyplati-obsahovy-audit-a-jak-na-nej/	vceliste.cz	Kdy a proč se vám vyplatí obsahový audit webu a jak na něj?	54	4	7	1	audit webu	2364	0	0
audit webu	6	organic	https://per4mens.cz/seo/technicky-audit/	per4mens.cz	Technický SEO audit	42	4	6	2	audit webu	486	0	0
audit webu	7	organic	https://www.tamtomy.cz/jak-na-rychly-technicky-seo-audit-webu/	tamtomy.cz	Jak na rychlý technický (SEO) audit webu?	61	4	4	1	audit webu	959	0	0
audit webu	8	organic	https://www.czechia.com/weby/audit-webu	czechia.com	SEO audit webu – analýza výkonu a doporučení	82	8	37	5	seo audit	3067	3	1
audit webu	9	organic	https://www.thewild.cz/vyvoj-webovych-aplikaci/tvorba-webovych-stranek/audit-vaseho-webu	thewild.cz	Audit vašeho webu - The Wild	19	4	3	1	audit webu	588	0	0
audit webu	10	organic	https://www.feo.cz/sluzby/audit-webu	feo.cz	Audit webu: najdeme všechna slabá místa na webu | FEO	50	4	2	1	audit webu	872	0	0
audit webu	11	knowledge_panel											
google consent mode v2	1	ai_overview											
google consent mode v2	2	organic	https://developers.google.com/tag-platform/security/guides/consent	developers.google.com	Set up consent mode on websites | Tag Platform	100	13	44	3	google consent mode v2	3655	30962	1726
google consent mode v2	4	organic	https://www.cookieyes.com/blog/google-consent-mode-v2/	cookieyes.com	What is Google Consent Mode V2? How to Implement It?	92	4	9	3	google consent mode v2	2740	1101	19
google consent mode v2	5	organic	https://termly.io/resources/articles/what-is-google-consent-mode-v2/	termly.io	What Is Google Consent Mode v2?	92	4	12	2	google consent mode v2	2317	1095	14
google consent mode v2	6	organic	https://www.simoahava.com/analytics/consent-mode-v2-google-tags/	simoahava.com	Consent Mode V2 For Google Tags	76	6	14	2	consent mode v2	3586	295	182
google consent mode v2	7	organic	https://www.consentmanager.net/en/google-consent-mode/	consentmanager.net	Google Consent Mode v2	87	9	4	1	google consent mode v2	1820	3	3
google consent mode v2	8	organic	https://support.google.com/google-ads/answer/10000067	support.google.com	About consent mode - Google Ads Help	100	18	8	2	google consent mode	2074	119465	974
google consent mode v2	9	organic	https://complianz.io/help/wordpress/integrations/simplified-guide-to-google-consent-mode-v2/	complianz.io	Simplified Guide to Google Consent Mode v2	93	4	3	1	google consent mode v2	3230	12	8
google consent mode v2	10	organic	https://www.dataguard.com/blog/google-consent-mode-v2	dataguard.com	Google Consent Mode v2 - what do you need to know?	73	4	2	1	google consent mode v2	1506	6	5
google consent mode v2	11	organic	https://www.globalreach.com/global-reach-media/blog/2026/01/12/consent-mode-v2-explained	globalreach.com	What Consent Mode V2 Means for Your Website in 2026	75	5	2	1	google consent mode v2	0	10	8
consent mode v2	1	organic	https://www.marketingppc.cz/google-analytics/consent-mode-v2/	marketingppc.cz	Google Consent Mode V2 a jak s ním pracovat	35	4	28	1	consent mode v2	11	4	4
consent mode v2	2	ai_overview											
consent mode v2	3	organic	https://developers.google.com/tag-platform/security/guides/consent	developers.google.com	Set up consent mode on websites | Tag Platform	100	13	44	3	google consent mode v2	3655	30962	1726
consent mode v2	4	organic	https://www.simoahava.com/analytics/consent-mode-v2-google-tags/	simoahava.com	Consent Mode V2 For Google Tags	76	6	14	2	consent mode v2	3586	295	182
consent mode v2	5	organic	https://support.google.com/tagmanager/answer/10718549	support.google.com	Tag Manager consent mode support	100	8	7	1	consent mode v2	1875	1202	447
consent mode v2	6	organic	https://termly.io/resources/articles/what-is-google-consent-mode-v2/	termly.io	What Is Google Consent Mode v2?	92	4	12	2	google consent mode v2	2317	1095	14
consent mode v2	7	organic	https://cookie-script.com/consent-mode-v2	cookie-script.com	An Overview of Google Consent Mode v2	85	13	5	1	consent mode v2	1989	15	8
consent mode v2	9	organic	https://www.impnet.cz/blog/google-consent-mode-v2-co-je-treba-vedet-a-jak-implementovat	impnet.cz	Google Consent Mode v2 – co je třeba vědět a jak ...	75	0	3	1	consent mode v2	1619	5	3
consent mode v2	10	organic	https://complianz.io/simplified-guide-to-google-consent-mode-v2/	complianz.io	Simplified Guide to Google Consent Mode v2	93	4	2	1	consent mode v2	3080	49	16
kauzální atribuce	1	ai_overview											
kauzální atribuce	2	organic	https://sancedetem.cz/slovnik/kauzalni-atribuce	sancedetem.cz	Kauzální atribuce	61	4	37	2	kauzální atribuce	463	1	1
kauzální atribuce	4	organic	https://wikisofia.cz/wiki/Kauz%C3%A1ln%C3%AD_atribuce	wikisofia.cz	Kauzální atribuce - Wikisofia	45	4	13	2	kauzální atribuce	283	0	0
kauzální atribuce	5	organic	https://turbo.cdv.tul.cz/mod/book/view.php	turbo.cdv.tul.cz	3.4. Kauzální atribuce | Studijní text Janošová, P. Základy ...	73	4	9	1	kauzální atribuce	998	0	0
kauzální atribuce	6	organic	https://is.muni.cz/th/pecga/Ucitelovy_kauzalni_atribuce_problemoveho_chovani_zaka.pdf	is.muni.cz	Ucitelovy_kauzalni_atribuce_pro...	84	0	6	1	kauzální atribuce			
kauzální atribuce	7	organic	https://dl1.cuni.cz/mod/resource/view.php	dl1.cuni.cz	KAPITOLA DVANÁCTÁ CHYBY VE VNÍMÁNÍ DRUHÝCH A ...	85	0	4	1	kauzální atribuce	0		
kauzální atribuce	8	organic	https://www.rizeniskoly.cz/casopisy/ucitelsky-mesicnik/kauzalni-atribuce.m-9253.html	rizeniskoly.cz	Kauzální atribuce	54	0	2	1	kauzální atribuce	641	0	0
kauzální atribuce	9	organic	https://www.reddit.com/r/DigitalMarketing/comments/1le84e7/what_is_causal_attribution_how_is_it_different/	reddit.com	Co je kauzální atribuce? Jak se liší a je lepší než multi- ...	95	0	1	1	kauzální atribuce			
kauzální atribuce	10	organic	https://ekonom.cz/c1-30557820-vyznam-kauzalni-atribuce	ekonom.cz	Význam kauzální atribuce	72	4	1	1	kauzální atribuce	1241	1	1
big query	1	organic	https://www.cloudfresh.com/cs/blog/bigquery-cesta-k-moderni-analyze-dat	cloudfresh.com	BigQuery. Cesta k moderní analýze dat	59	0	3	1	big query	0		
big query	3	organic	https://www.pubnub.com/learn/glossary/bigquery/	pubnub.com	What is BigQuery | Google Cloud Platform	76	4	1	1	big query	882	0	0
big query	4	organic	https://learn.microsoft.com/cs-cz/fabric/mirroring/google-bigquery-tutorial	learn.microsoft.com	Nastavte zrcadlení pro Google BigQuery - Microsoft Fabric	96	0	1	1	big query		0	0
big query	5	organic	https://docs.cloud.google.com/bigquery/docs/samples/bigquery-query-legacy	docs.cloud.google.com	Run a query with legacy SQL | BigQuery	100	4	1	1	big query	2697	0	0
big query	6	organic	https://www.boxuk.com/insight/googles-bigquery/	boxuk.com	Google BigQuery for better data decisions | Insight - Box UK	53	4	1	1	big query	1322	0	0
big query	7	organic	https://docs.oracle.com/cloud/help/cs/analytics-cloud/ACSDS/GUID-FB6752F0-C55C-4D6D-A75C-484FED4C0671.htm	docs.oracle.com	Připojení k databázi Google BigQuery	93	4	0	1	big query	1588	0	0
big query	8	organic	https://www.jellyfish.com/en-za/training/courses/getting-started-with-google-bigquery	jellyfish.com	Getting Started with Google BigQuery | Jellyfish Training	72	4	0	1	big query	2468	0	0
big query	9	organic	https://link.springer.com/chapter/10.1007/978-1-4842-4470-8_38	link.springer.com	Google BigQuery | Springer Nature Link	93	0	0	1	big query	0		
big query	10	organic	https://support.google.com/analytics/answer/13578783	support.google.com	[GA4] Porovnání přehledů z Analytics a dat exportovaných ...	100	0	0	1	big query			
big query	11	organic	https://www.sprinkledata.com/blogs/what-is-google-bigquery	sprinkledata.com	What is Google BigQuery?	33	4	0	1	big query	0	2	1
meta pixel helper	1	organic	https://chromewebstore.google.com/detail/meta-ads-data-advisor/fdgfkebogiimcoedlicjlajpkdmockpc	chromewebstore.google.com	Meta Ads Data Advisor - Chrome Web Store	100	9	18	1	meta pixel helper		1684	1114
meta pixel helper	2	organic	https://developers.facebook.com/documentation/meta-pixel/support/meta-ads-data-advisor	developers.facebook.com	Meta Ads Data Advisor - Meta for Developers - Facebook	100	9	10	3	meta pixel helper	2662	1036	492
meta pixel helper	3	organic	https://www.mirandamedia.cz/clanky/meta-pixel-helper-nastroj-pro-sledovani-a-optimalizaci-kampani-na-facebooku-a-instagramu/	mirandamedia.cz	Meta Pixel Helper: Nástroj pro sledování a optimalizaci ...	58	0	7	2	meta pixel helper	0	0	0
meta pixel helper	4	organic	https://adsuploader.com/blog/meta-pixel-helper	adsuploader.com	Meta Pixel Helper Chrome Extension: Complete 2026 ...	43	4	6	2	meta pixel helper	4744	5	4
meta pixel helper	6	organic	https://www.facebook.com/business/help/198406697184603	facebook.com	About Meta Ads Data Advisor | Meta Business Help Center	100	4	3	1	meta pixel helper		59	39
meta pixel helper	7	organic	https://www.youtube.com/watch	youtube.com	Facebook Meta Pixel Helper: Easy Guide For Beginners ...	99	4	3	3	meta pixel helper	2823	6	2
konverze marketing	1	ai_overview											
konverze marketing	2	organic	https://cs.wikipedia.org/wiki/Konverze_(marketing)	cs.wikipedia.org	Konverze (marketing)	97	4	253	6	konverzní marketing	908	68	31
konverze marketing	4	organic	https://www.optimal-marketing.cz/slovnicek/konverze	optimal-marketing.cz	Konverze | Optimal Marketing	29	0	4	1	konverze marketing	0		
konverze marketing	5	organic	https://growito.cz/slovnicek-pojmu-marketing-lead-management/konverze-online-marketing.php	growito.cz	Konverze v online marketingu - GROWITO.cz	43	4	24	6	konverzní marketing	398	0	0
konverze marketing	6	organic	https://www.marketingppc.cz/ppc/co-je-to-konverze/	marketingppc.cz	Co je to konverze v online marketingu	35	5	86	7	konverzní marketing	2263	2	2
konverze marketing	7	organic	https://vceliste.cz/blog/konverze-v-marketingu-jak-je-merit-a-navysit/	vceliste.cz	Konverze v marketingu: Jak je měřit a navýšit	54	4	52	4	konverzní marketing	3116	2	2
konverze marketing	8	organic	https://www.evolutionmarketing.cz/marketingovy-slovnik/konverze/	evolutionmarketing.cz	Co je konverze a jak s nimi pracovat a zvyšovat je?	45	6	28	4	konverzní marketing	523	0	0
konverze marketing	9	organic	https://bricksagency.cz/co-je-to-konverze-100slov-marketingslovnik/	bricksagency.cz	Co je to konverze ? #100slov #marketingslovnik	12	4	1	1	konverze marketing	193	0	0
konverze marketing	10	organic	https://www.mediaguru.cz/konverze-konverzni-pomer	mediaguru.cz	Konverze	72	4	1	1	konverze marketing	657	0	0
konverze marketing	11	organic	https://www.marketingmind.cz/konverzni-pomer-mira-konverze/	marketingmind.cz	Proč je konverzní poměr (míra konverze) tak důležitý?	25	4	26	4	konverzní marketing	935	0	0
co znamená konverze	1	ai_overview											
co znamená konverze	2	organic	https://cs.wikipedia.org/wiki/Konverze	cs.wikipedia.org	Konverze	97	4	113	7	co je konverze	443	18	8
co znamená konverze	4	organic	https://www.czechpoint.gov.cz/public/verejnost/autorizovana-konverze/	czechpoint.gov.cz	Konverze	75	6	181	8	konverze	809	214	51
co znamená konverze	5	organic	https://www.marketingppc.cz/ppc/co-je-to-konverze/	marketingppc.cz	Co je to konverze v online marketingu	35	5	86	7	konverzní marketing	2263	2	2
co znamená konverze	6	organic	https://searchtest.seznam.cz/	searchtest.seznam.cz	co je konverze – Seznam.cz	87	0	9	2	co je konverze			
co znamená konverze	7	organic	https://www.econ.muni.cz/studenti/formulare-a-zadosti/konverze-dokumentu	econ.muni.cz	Konverze dokumentů | Ekonomicko-správní fakulta MU	84	4	47	5	konverze	508	0	0
co znamená konverze	8	organic	https://www.strafelda.cz/konverze	strafelda.cz	Co je konverze	39	7	19	4	co je konverze	1319	2	2
co znamená konverze	9	organic	https://growito.cz/slovnicek-pojmu-marketing-lead-management/konverze-online-marketing.php	growito.cz	Konverze v online marketingu - GROWITO.cz	43	4	24	6	konverzní marketing	398	0	0
co znamená konverze	10	organic	https://vceliste.cz/blog/konverze-v-marketingu-jak-je-merit-a-navysit/	vceliste.cz	Konverze v marketingu: Jak je měřit a navýšit	54	4	52	4	konverzní marketing	3116	2	2
co znamená konverze	11	organic	https://www.evolutionmarketing.cz/marketingovy-slovnik/konverze/	evolutionmarketing.cz	Co je konverze a jak s nimi pracovat a zvyšovat je?	45	6	28	4	konverzní marketing	523	0	0
cookie banner	1	organic	https://silktide.com/consent-manager/	silktide.com	The best free cookie banner - 100% Open Source	86	50	14	2	cookie banner	1967	1173398	3313
cookie banner	3	organic	https://usercentrics.com/knowledge-hub/cookie-banner/	usercentrics.com	What is a Cookie Banner and Why Do You Need One?	92	7	4	1	cookie banner	7434	32	29
cookie banner	4	image_pack											
cookie banner	5	organic	https://cookieinformation.com/cookie-banner/	cookieinformation.com	What is a cookie banner?	83	5	3	1	cookie banner	3262	7	5
cookie banner	6	organic	https://design-system.service.gov.uk/components/cookie-banner/	design-system.service.gov.uk	Cookie banner	92	4	2	1	cookie banner	13939	114	88
cookie banner	7	organic	https://www.consentmanager.net/en/cookie-banner/	consentmanager.net	Cookie Banner	87	15	2	1	cookie banner	1739	1841	45
cookie banner	8	organic	https://www.osano.com/articles/cookie-banner	osano.com	Cookie Banner: What Is It & Why Do You Need One?	83	31	1	1	cookie banner	3407	32	12
cookie banner	9	organic	https://termly.io/resources/articles/cookie-banner/	termly.io	Cookie Banner: What Is It & Does Your Website Need One?	92	4	1	1	cookie banner	2909	0	0
cookie banner	10	organic	https://devowl.io/wordpress-real-cookie-banner/	devowl.io	Real Cookie Banner: GDPR & ePrivacy Cookie Consent	92	57	1	1	cookie banner	4508	3689064	11200
google consent mode	1	organic	https://developers.google.com/tag-platform/security/guides/consent	developers.google.com	Set up consent mode on websites | Tag Platform	100	13	44	3	google consent mode v2	3655	30962	1726
google consent mode	2	organic	https://support.google.com/google-ads/answer/10000067	support.google.com	About consent mode - Google Ads Help	100	18	8	2	google consent mode	2074	119465	974
google consent mode	4	organic	https://support.cookiebot.com/hc/en-us/articles/360016047000-Implementing-Google-Consent-Mode	support.cookiebot.com	Implementing Google Consent Mode	90	7	3	1	google consent mode	5370	78	40
google consent mode	5	organic	https://business.google.com/us/privacy/products/consent-mode/	business.google.com	Ads Privacy Hub: Consent Mode Solution	100	4	2	1	google consent mode	1935	6	6
google consent mode	6	organic	https://termly.io/resources/articles/what-is-google-consent-mode/	termly.io	What Is Google Consent Mode?	92	4	2	1	google consent mode	2268	1	1
google consent mode	7	organic	https://www.dinmo.com/audience-strategies/acquisition/google-ads/consent-mode/	dinmo.com	Everything you need to know about Consent Mode	55	4	1	1	google consent mode	1498	3	2
google consent mode	8	organic	https://usercentrics.com/knowledge-hub/google-consent-mode/	usercentrics.com	Unlocking Google Consent Mode: The ultimate guide ...	92	8	1	1	google consent mode	5042	77	55
google consent mode	9	organic	https://seers.ai/blogs/what-is-google-consent-mode-v2/	seers.ai	Google Consent Mode v2: Your Guide to Smarter Consent	77	5	1	1	google consent mode	1670	5	3
google consent mode	10	organic	https://www.cookieyes.com/blog/google-consent-mode-v2/	cookieyes.com	What is Google Consent Mode V2? How to Implement It?	92	4	9	3	google consent mode v2	2740	1101	19
consent mode	1	organic	https://support.google.com/google-ads/answer/14522438	support.google.com	Troubleshoot consent mode - Google Ads Help	100	0	11	1	consent mode			
consent mode	3	organic	https://www.search4local.co.uk/google-consent-mode-explained	search4local.co.uk	Google Consent Mode Explained: What It Is, Why You Need It	65	0	4	1	consent mode	0		
consent mode	4	organic	https://www.blog.webareal.cz/google-consent-mode-v2	blog.webareal.cz	Google Consent Mode v2	69	0	3	1	consent mode			
consent mode	5	organic	https://www.onetrust.com/blog/what-googles-june-2026-consent-mode-changes-mean-for-google-ads/	onetrust.com	What Google's June 2026 Consent Mode Changes Mean ...	92	7	2	1	consent mode	2008	58	11
consent mode	6	organic	https://www.myagileprivacy.com/en/consent-mode-v2-the-damage-it-can-do-to-your-website/	myagileprivacy.com	Consent Mode v2: the damage it can do to your website	76	4	2	1	consent mode	0		
consent mode	7	organic	https://www.reddit.com/r/GoogleAnalytics/comments/1dcgh8o/please_help_to_understand_consent_mode_v2_in_ga/	reddit.com	Please help to understand consent mode v2 in GA	95	0	1	1	consent mode			
consent mode	8	organic	https://www.cookieyes.com/knowledge-base/google-consent-mode/what-is-google-consent-mode-v2/	cookieyes.com	What is Google Consent Mode V2?	92	4	1	1	consent mode	688	1	1
consent mode	9	organic	https://swankyagency.com/google-consent-mode-in-ecommerce/	swankyagency.com	Google Consent Mode: Balancing Data with Privacy ...	63	4	1	1	consent mode	2807	1	1
datalayer	1	organic	https://nazakladedat.cz/co-je-datalayer/	nazakladedat.cz	Co je dataLayer	11	4	9	1	datalayer	840	1	1
datalayer	2	organic	https://developers.google.com/tag-platform/tag-manager/datalayer	developers.google.com	The data layer | Tag Platform	100	10	12	3	data layer	2724	3220	845
datalayer	3	organic	https://datalayer.ai/	datalayer.ai	Datalayer Managed Jupyter for AI Agents	40	4	3	1	datalayer	1985	4379	1667
datalayer	4	organic	https://chromewebstore.google.com/detail/adswerve-datalayer-inspec/kmcbdogdandhihllalknlcjfpdjcleom	chromewebstore.google.com	Adswerve - dataLayer Inspector+ - Internetový obchod Chrome	100	0	2	1	datalayer			
datalayer	5	organic	https://data-marketing-school.com/en/blog/google-tag-manager/datalayer-push/	data-marketing-school.com	Data Layer: definition, examples and use with GTM	46	5	2	1	datalayer	2833	0	0
datalayer	6	videos											
datalayer	7	organic	https://ehub.cz/slovnik/datalayer	ehub.cz	Co je DataLayer? Význam pojmu	79	4	1	1	datalayer	1263	0	0
datalayer	8	organic	https://www.analyticsmania.com/post/what-is-data-layer-in-google-tag-manager/	analyticsmania.com	Google Tag Manager Data Layer Explained (2026)	74	7	2	2	data layer	8723	85	62
datalayer	9	organic	https://www.drupal.org/project/datalayer	drupal.org	dataLayer	91	4	1	1	datalayer	821	26	13
facebook pixel helper	1	organic	https://chromewebstore.google.com/detail/meta-ads-data-advisor/fdgfkebogiimcoedlicjlajpkdmockpc	chromewebstore.google.com	Meta Poradce ohledně údajů pro účely reklamy	100	0	5	3	facebook pixel helper			
facebook pixel helper	2	organic	https://developers.facebook.com/documentation/meta-pixel/support/meta-ads-data-advisor	developers.facebook.com	Meta Ads Data Advisor - Meta for Developers - Facebook	100	9	10	3	meta pixel helper	2662	1036	492
facebook pixel helper	3	organic	https://cs-cz.facebook.com/business/help/198406697184603	cs-cz.facebook.com	Meta Poradce ohledně údajů pro účely reklamy	100	0	1	1	facebook pixel helper			
facebook pixel helper	4	organic	https://www.getworksmedia.com/k-cemu-slouzi-meta-pixel-helper/	getworksmedia.com	K čemu slouží Meta Pixel Helper?	33	4	1	2	facebook pixel helper	533	0	0
facebook pixel helper	5	organic	https://socials.cz/blog/facebook-pixel-co-to-je-a-jak-ho-nastavit	socials.cz	Facebook Pixel: Co to je a jak ho nastavit	28	0	1	2	facebook pixel helper	1229	0	0
facebook pixel helper	6	organic	https://www.quora.com/What-is-the-use-of-Facebook-Pixel-Helper	quora.com	What is the use of Facebook Pixel Helper?	92	0	1	1	facebook pixel helper			
facebook pixel helper	7	organic	https://facebook-pixel-helper.en.softonic.com/	facebook-pixel-helper.en.softonic.com	Facebook Pixel Helper - Download	86	4	1	1	facebook pixel helper	1646	88	31
facebook pixel helper	8	organic	https://www.youtube.com/watch	youtube.com	Facebook Meta Pixel Helper: Easy Guide For Beginners ...	99	4	3	3	meta pixel helper	2823	6	2
facebook pixel helper	9	organic	https://adsuploader.com/blog/meta-pixel-helper	adsuploader.com	Meta Pixel Helper Chrome Extension: Complete 2026 ...	43	4	6	2	meta pixel helper	4744	5	4
atribuční model	1	organic	https://www.optimal-marketing.cz/slovnicek/atribucni-model	optimal-marketing.cz	Atribuční model - Optimal Marketing	29	0	21	2	atribuční modely	0		
atribuční model	2	organic	https://support.google.com/analytics/answer/1662518	support.google.com	Přehled atribučních modelů - Nápověda Analytics	100	4	9	2	atribuční modely	941	12	11
atribuční model	3	organic	https://ecomail.cz/slovnik-pojmu/atribucni-model/	ecomail.cz	Co je Atribuční model	73	4	5	2	atribuční modely	924	0	0
atribuční model	4	organic	https://www.strafelda.cz/atribucni-model	strafelda.cz	Co je atribuční model	39	4	2	1	atribuční model	419	0	0
atribuční model	5	organic	https://www.janpospisil.cz/Blog/%C4%8Cl%C3%A1nky/	janpospisil.cz	Atribuční modely v marketingu: Průvodce atribucí v GA4	34	0	2	1	atribuční model	0	0	0
atribuční model	7	organic	https://www.revolt.bi/atribucni-modely/	revolt.bi	Atribuční model(y)	39	0	1	1	atribuční model	237	0	0
atribuční model	8	organic	https://www.neogy.cz/slovnik-marketingovych-pojmu/atribucni-model/	neogy.cz	Co je atribuční model? - Neogy	42	0	1	1	atribuční model	0		
atribuční model	9	organic	https://www.fanl.cz/blog/atribucni-modely-strucne-vysvetleni-jak-funguji	fanl.cz	Atribuční modely – stručné vysvětlení, jak fungují	12	0	5	2	atribuční modely	788	0	0
webová analytika	1	ai_overview											
webová analytika	2	organic	https://cs.wikipedia.org/wiki/Webov%C3%A1_analytika	cs.wikipedia.org	Webová analytika	97	4	64	2	webová analytika	850	16	14
webová analytika	3	organic	https://www.cernovsky.cz/weby-e-shopy/webova-analytika/	cernovsky.cz	Webová analytika: 5 bodů, které musíte vědět	22	4	13	1	webová analytika	3045	0	0
webová analytika	4	organic	https://www.comerto.com/komplexni-poradenstvi/slovnik-pojmu/webova-analytika	comerto.com	Webová analytika | Comerto	71	4	4	1	webová analytika	491	0	0
webová analytika	5	organic	https://www.banan.cz/analytika	banan.cz	Webová analytika	80	6	1	1	webová analytika	1489	8	4
webová analytika	6	organic	https://digitalniarchitekti.cz/webova-analytika-digitalni-analytika/	digitalniarchitekti.cz	Mobilní a webová analytika	33	7	0	1	webová analytika	1569	1	1
webová analytika	7	organic	https://proficio.cz/webova-analytika	proficio.cz	Webová analytika	51	5	0	1	webová analytika	0	0	0
webová analytika	8	organic	https://www.neogy.cz/slovnik-marketingovych-pojmu/webova-analytika/	neogy.cz	Co je to webová analytika | Neogy	42	4	0	1	webová analytika	0		
webová analytika	9	organic	https://mareklecian.cz/webova-analytika/	mareklecian.cz	Webová analytika, které lze dlouhodobě důvěřovat	22	4	0	1	webová analytika	1103	0	0
webová analytika	10	organic	https://www.primakurzyonline.cz/webovy-analytik	primakurzyonline.cz	On-line kurz Webová analytika v Google Analytics 4	17	4	0	1	webová analytika	3181	1	1
power bi	1	organic	https://app.powerbi.com/	app.powerbi.com	Sign in | Microsoft Power BI	90	25	9842	28	power bi	163	58919	6472
power bi	2	ai_overview											
power bi	3	organic	https://www.microsoft.com/cs-cz/power-platform/products/power-bi	microsoft.com	Power BI – vizualizace dat	96	6	509	12	power bi	2801	218	81
power bi	5	organic	https://cs.wikipedia.org/wiki/Power_BI	cs.wikipedia.org	Power BI – Wikipedie	97	4	29	11	powerbi	824	7	7
power bi	6	videos											
power bi	7	organic	https://learn.microsoft.com/cs-cz/power-bi/fundamentals/power-bi-overview	learn.microsoft.com	Co je Power BI?	96	4	61	10	power bi report	2090	6	4
power bi	8	organic	https://playground.powerbi.com/cs-CZ	playground.powerbi.com	Testovací prostředí vložených analytických možností ...	90	4	9	7	power bi online	400	1	1
power bi	9	organic	https://ci.vse.cz/office365/dalsi-webove-aplikace/power-bi/	ci.vse.cz	Power BI - Centrum informatiky - Vysoká škola ekonomická	77	4	2	6	ms power bi	1253	2	2
power bi	10	organic	https://play.google.com/store/apps/details	play.google.com	Microsoft Power BI – Aplikace na Google Play	100	0	7	6	power bi online	764	0	0
power bi	11	organic	https://www.coursera.org/articles/what-is-power-bi	coursera.org	What Is Power BI? What It Is, How It's Used, and More	91	6	2	3	what is power bi	3174	311	182
dashboard	1	ai_overview											
dashboard	2	videos											
dashboard	4	organic	https://www.helios.eu/en/blog/chcete-vedet-co-se-deje-ve-firme-pomuze-vam-dashboard	helios.eu	Chcete vědět, co se děje ve firmě? Pomůže vám Dashboard!	62	4	95	1	dashboard	0	0	0
dashboard	5	organic	https://zenamu.com/cs/glossary/dashboard/	zenamu.com	Dashboard - Slovník pojmů	73	4	43	1	dashboard	214	0	0
dashboard	6	organic	https://play.google.com/store/apps/details	play.google.com	Dashboard BOD – Aplikace na Google Play	100	0	19	1	dashboard			
dashboard	7	organic	https://mmr.gov.cz/MMR/media/MMR-MMR/Dashboard%20bydlen%C3%AD/single/dashboard_bydleni.html	mmr.gov.cz	dashboard_bydleni	77	4	9	1	dashboard	2636	8	7
dashboard	8	organic	https://apps.microsoft.com/detail/9pktkd64x5l6	apps.microsoft.com	Project Dashboard – bezplatné stažení a instalace ve ...	96	0	4	1	dashboard			
dashboard	9	organic	https://quable.com/en/glossary/dashboard	quable.com	What Is a Dashboard?	61	4	2	1	dashboard	1280	0	0
dashboard	10	organic	https://www.horizontevropa.cz/cs/mohlo-by-vas-zajimat/hodnoceni-ramcovych-programu/horizon-dashboard/e-learning/yiifelearning/27	horizontevropa.cz	Co je Horizon Dashboard? Údaje o výzkumu a inovacích v ...	49	4	1	1	dashboard	673	0	0
dashboard	11	organic	https://support.semantrum.com/portal/en/kb/articles/what-is-a-dashboard-and-what-are-its-features	support.semantrum.com	What is a dashboard and what are its features?	0	4	0	1	dashboard	1801	0	0
facebook conversion api	1	organic	https://developers.facebook.com/documentation/ads-commerce/conversions-api	developers.facebook.com	Conversions API - Meta for Developers - Facebook	100	21	8	2	conversion api	4934	9046	2077
facebook conversion api	3	organic	https://www.facebook.com/business/help/AboutConversionsAPI	facebook.com	About Conversions API | Meta Business Help Center	100	5	3	2	conversion api		1287	470
facebook conversion api	4	organic	https://www.facebook.com/business/tools/conversions-api	facebook.com	Conversions API: Optimize & Improve Ad Performance	100	4	1	1	facebook conversion api		103	68
facebook conversion api	5	organic	https://leadsbridge.com/blog/facebook-conversions-api/	leadsbridge.com	All you need to know on Facebook Conversions API	76	9	1	2	conversion api	5751	47	40
facebook conversion api	6	organic	https://www.facebookblueprint.com/student/path/211547-meta-pixel-conversions-api-course	facebookblueprint.com	Set up the Meta Pixel and Meta Conversions API for ad ...	76	4	0	1	facebook conversion api	0	26	20