url	lastmod
https://www.seoconsult.cz/	
https://www.seoconsult.cz/homepage	2026-08-19T11:27Z
https://www.seoconsult.cz/blog	2026-08-24T06:16Z
https://www.seoconsult.cz/blog/propagujte-svuj-byznys-pomoci-perfektni-e-mailove-kampane	2022-12-08T11:44Z
https://www.seoconsult.cz/blog/automaticke-nabizeni-cen-v-ppc-reklame	2024-08-03T18:37Z
https://www.seoconsult.cz/blog/nove-funkce-v-mapach-vyhledavani-google-ktere-oceni-mensi-firmy	2022-11-26T08:59Z
https://www.seoconsult.cz/blog/jak-najit-efektivni-klicova-slova-pro-ppc-reklamu	2022-11-14T06:01Z
https://www.seoconsult.cz/blog/line-nacitani-jeho-vliv-na-seo	2022-08-30T10:04Z
https://www.seoconsult.cz/blog/proc-je-optimalizace-firemniho-profilu-na-google-dulezitejsi-nez-kdy-drive	2022-11-23T09:19Z
https://www.seoconsult.cz/blog/jak-muzete-zlepsit-miru-okamziteho-opusteni-stranky	2022-08-30T10:04Z
https://www.seoconsult.cz/blog/jak-zajistit-vasemu-online-obsahu-duveryhodnost	2022-11-14T06:04Z
https://www.seoconsult.cz/blog/jak-optimalizovat-stranky-vaseho-e-shopu	2022-11-14T06:38Z
https://www.seoconsult.cz/blog/chytre-kampane-v-nakupech-google-vam-pomohou-prekonat-konkurenci	2022-11-27T00:45Z
https://www.seoconsult.cz/blog/cileni-na-linkedin-v-microsoft-ads	2022-08-30T10:04Z
https://www.seoconsult.cz/blog/pripravovane-marketingove-moznosti-linkedinu	2022-08-30T10:04Z
https://www.seoconsult.cz/blog/vylepsete-vykon-ppc-kampane-pomoci-obsahu-reklamy	2022-08-30T10:04Z
https://www.seoconsult.cz/blog/spravny-design-ppc-kampane-vam-pomuze-zjednodusit-jeji-spravu	2022-12-08T11:40Z
https://www.seoconsult.cz/blog/tipy-odbornika-na-optimalizaci-mistnich-ppc-reklam-google-ads	2022-12-03T16:02Z
https://www.seoconsult.cz/blog/jak-odstranit-pochybnosti-uzivatelu-na-vasi-vstupni-strance	2023-12-18T10:51Z
https://www.seoconsult.cz/blog/prilakejte-do-vasi-restaurace-nove-zakazniky	2022-08-30T10:04Z
https://www.seoconsult.cz/blog/nechte-zakazniky-vam-zavolaji-prostrednictvim-facebook-reklam-click-call	2022-12-12T06:45Z
https://www.seoconsult.cz/blog/pouzivejte-katalogove-prodejni-kampane-jako-profik	2022-08-30T10:04Z
https://www.seoconsult.cz/blog/nova-struktura-ppc-kampane-pro-e-shopy	2022-08-30T10:04Z
https://www.seoconsult.cz/blog/jak-vytvorit-efektivni-web-pravnicke-firmy	2022-08-30T10:04Z
https://www.seoconsult.cz/blog/jak-vam-nova-aktualizace-google-analytics-pomuze-vylepsit-vas-byznys	2022-12-12T19:38Z
https://www.seoconsult.cz/blog/jak-budovat-blog-o-cestovani-v-roce-2021	2022-12-12T19:30Z
https://www.seoconsult.cz/blog/ppc-reklamy-na-linkedinu-cilene-na-zaklade-skupin	2022-08-31T12:35Z
https://www.seoconsult.cz/blog/jak-zacit-s-automatizovanym-e-mail-marketingem	2022-08-30T10:04Z
https://www.seoconsult.cz/blog/vse-co-potrebujete-vedet-o-kampanich-s-videoreklamami-na-facebooku	2022-11-26T08:55Z
https://www.seoconsult.cz/blog/jak-pouzivat-tiktok-k-propagaci-vaseho-podnikani	2022-11-11T23:52Z
https://www.seoconsult.cz/blog/optimalizujte-viditelnou-url-u-ppc-reklamy	2022-11-11T23:46Z
https://www.seoconsult.cz/blog/moznosti-ppc-reklamy-pro-pravniky-ucetni-dalsi-profesionalni-sluzby	2022-11-26T00:06Z
https://www.seoconsult.cz/blog/nechte-cro-seo-spolupracovat-rozhodne-se-vam-vyplati	2022-12-03T19:02Z
https://www.seoconsult.cz/blog/optimalizace-ppc-kampani-pri-omezenem-rozpoctu	2022-08-30T10:04Z
https://www.seoconsult.cz/blog/obsahovy-marketing-pro-realitni-web	2022-11-11T23:32Z
https://www.seoconsult.cz/blog/vyuzijte-pribehy-k-lepsi-propagaci-vasich-produktu	2022-08-30T10:04Z
https://www.seoconsult.cz/blog/nove-funkce-reklam-na-linkedin	2022-12-08T11:11Z
https://www.seoconsult.cz/blog/zlepsete-seo-vasich-video-reklam	2022-08-30T10:04Z
https://www.seoconsult.cz/blog/jak-pouzivat-facebook-lead-ads-k-rozsirovani-seznamu-pro-e-mailing	2022-11-26T08:59Z
https://www.seoconsult.cz/blog/jak-vylepsit-ppc-kampane-pomoci-publika-s-pravdepodobnym-zajmem-o-koupi	2022-12-08T11:08Z
https://www.seoconsult.cz/blog/jak-zajistime-cileni-reklam-ve-svete-bez-cookies	2023-12-18T10:51Z
https://www.seoconsult.cz/blog/jak-zlepsit-vykon-google-ads-pomoci-rozsireni-o-ceny	2022-12-08T11:47Z
https://www.seoconsult.cz/blog/zvyste-konverzni-pomery-ppc-reklam-na-facebooku-pomoci-cileni-na-pocasi	2022-11-23T09:23Z
https://www.seoconsult.cz/blog/e-mailovy-marketing-pro-restaurace	2022-10-07T16:41Z
https://www.seoconsult.cz/blog/technologicke-limity-soucasne-digitalni-reklamy	2023-12-18T10:50Z
https://www.seoconsult.cz/blog/vyplati-se-reklamni-format-linkedin-message-ads-drive-inmail	2022-11-27T00:47Z
https://www.seoconsult.cz/blog/zdvojnasobte-navstevnost-z-nakupu-google	2022-11-13T17:43Z
https://www.seoconsult.cz/blog/chyby-e-mailoveho-marketingu-ktere-mohou-zhatit-vasi-kampan	2022-12-03T16:13Z
https://www.seoconsult.cz/blog/rozhovor-s-petrem-mackem-majitelem-firmy-caflou-3-dil	2024-08-03T18:18Z
https://www.seoconsult.cz/blog/rozhovor-s-petrem-mackem-majitelem-firmy-caflou-2-dil	2024-08-03T18:18Z
https://www.seoconsult.cz/blog/rozhovor-s-petrem-mackem-majitelem-firmy-caflou-1-dil	2024-12-11T06:26Z
https://www.seoconsult.cz/blog/optimalizujte-konverzni-trychtyr-vaseho-e-shopu	2022-11-13T17:36Z
https://www.seoconsult.cz/blog/vylepsete-vase-firemni-wordpress-weby-temito-nejlepsimi-pluginy	2022-11-27T00:48Z
https://www.seoconsult.cz/blog/zduraznete-nadchazejici-udalosti-odpocitavanim-v-ppc-reklamach	2022-12-03T15:57Z
https://www.seoconsult.cz/blog/ochrante-sve-pozice-mezi-ppc-reklamami-ve-vyhledavani	2022-11-13T17:38Z
https://www.seoconsult.cz/blog/zlepsete-vykon-vasich-ppc-reklam-na-facebooku	2022-12-13T10:29Z
https://www.seoconsult.cz/blog/vytvorte-efektivni-vstupni-stranky-pro-vase-ppc-reklamy	2022-08-30T10:04Z
https://www.seoconsult.cz/blog/prizpusobte-svuj-video-obsah-jednotlivym-castem-prodejniho-trychtyre	2022-11-26T00:20Z
https://www.seoconsult.cz/blog/snizte-cenu-za-proklik-v-ppc-reklame	2022-11-13T18:07Z
https://www.seoconsult.cz/blog/proc-se-vase-reklamy-na-facebooku-nezobrazuji	2022-08-30T10:04Z
https://www.seoconsult.cz/blog/jak-psat-lepsi-prispevky-na-socialni-site	2022-08-30T10:04Z
https://www.seoconsult.cz/blog/optimalizujte-vase-ppc-kampane-na-facebooku	2022-08-30T10:04Z
https://www.seoconsult.cz/blog/jak-na-reklamy-v-gmailu	2022-08-30T10:04Z
https://www.seoconsult.cz/blog/stock-video-library-prinasi-databazi-videa-pro-vas-e-mailing	2022-12-03T16:13Z
https://www.seoconsult.cz/blog/planovani-reklam-na-facebooku-pomoci-automatizovanych-pravidel	2022-12-03T15:57Z
https://www.seoconsult.cz/blog/obsah-generovany-uzivateli-vam-pomuze-zviditelnit-vasi-znacku-na-socialnich-sitich	2022-11-23T07:19Z
https://www.seoconsult.cz/blog/jak-zlepsit-vizualni-obsah-v-roce-2020	2022-10-07T16:46Z
https://www.seoconsult.cz/blog/e-mail-marketing-v-byznysu-s-realitami	2022-08-30T10:04Z
https://www.seoconsult.cz/blog/kdy-vytvorit-nove-ppc-kampane	2022-11-13T17:43Z
https://www.seoconsult.cz/blog/nastroje-pro-efektivni-kreativni-design-facebook-reklam	2022-12-03T19:07Z
https://www.seoconsult.cz/blog/jak-vytvorit-web-pro-fotografie	2022-08-30T10:04Z
https://www.seoconsult.cz/blog/jak-promenit-fanousky-na-instagramu-v-loajalni-zakazniky	2022-11-14T06:46Z
https://www.seoconsult.cz/blog/vyhody-nevyhody-nabidky-cilove-cpa-v-google-ads	2022-11-11T06:37Z
https://www.seoconsult.cz/blog/hromadne-upravy-ppc-reklam-utm-parametru-na-facebooku	2022-12-08T11:10Z
https://www.seoconsult.cz/blog/ziskejte-duveru-vyhledavacu-i-navstevniku	2022-12-08T11:16Z
https://www.seoconsult.cz/blog/novinky-v-kampanich-na-aplikaci-google-ads	2022-08-30T10:04Z
https://www.seoconsult.cz/blog/bez-webu-optimalizovaneho-pro-mobilni-telefony-se-v-soucasnosti-neobejdete	2022-12-08T11:52Z
https://www.seoconsult.cz/blog/ziskejte-vice-zakazniku-pro-vas-e-shop-pomoci-videoreklam-na-facebooku	2022-11-26T00:04Z
https://www.seoconsult.cz/blog/prohlednete-si-vlastni-i-konkurencni-reklamy-na-facebooku-instagramu	2022-11-26T00:05Z
https://www.seoconsult.cz/blog/vyuzijte-pri-sve-reklamni-strategii-celou-hloubku-marketingoveho-trychtyre	2022-12-12T06:54Z
https://www.seoconsult.cz/blog/uz-jste-zkouseli-reklamu-na-tiktoku	2022-11-11T06:56Z
https://www.seoconsult.cz/blog/rozdrtte-konkurenci-dokonalou-videoreklamou-na-facebooku	2022-08-30T10:04Z
https://www.seoconsult.cz/blog/co-byste-meli-vedet-o-novem-updatu-google-algoritmu	2022-12-08T10:30Z
https://www.seoconsult.cz/blog/nejcastejsi-chyby-v-socialnim-marketingu-delate-je-take	2022-12-03T19:05Z
https://www.seoconsult.cz/blog/9-charakteristik-uspesneho-webu	2022-08-30T10:04Z
https://www.seoconsult.cz/blog/jak-zvysit-konverze-pomoci-upravy-vstupni-stranky	2022-11-13T17:40Z
https://www.seoconsult.cz/blog/kontrolni-seznam-pro-spusteni-ppc-kampane-ve-vyhledavani	2022-08-30T10:04Z
https://www.seoconsult.cz/blog/bleskovy-marketing-jak-propagovat-web-v-rekordnim-case	2022-11-11T06:54Z
https://www.seoconsult.cz/blog/vylepsete-vase-lead-gen-reklamy-na-linkedinu	2022-12-13T10:26Z
https://www.seoconsult.cz/blog/naucte-se-pouzivat-google-analytics-jako-profik	2022-12-08T11:08Z
https://www.seoconsult.cz/blog/oslovte-b2b-zakazniky-pomoci-propagace-na-instagramu	2024-12-10T18:07Z
https://www.seoconsult.cz/blog/bezplatne-zpusoby-jak-oslovit-online-publikum-behem-pandemie-covid-19	2022-11-26T00:02Z
https://www.seoconsult.cz/blog/jak-vam-seo-marketing-pomohou-bojovat-s-koronavirovou-krizi	2022-12-03T09:53Z
https://www.seoconsult.cz/blog/nejlepsi-ukazatele-marketingoveho-vykonu	2024-12-11T06:24Z
https://www.seoconsult.cz/blog/ransomware-utoci-na-weby-bezici-na-wordpressu-jak-se-branit	2022-12-03T16:02Z
https://www.seoconsult.cz/blog/odlisny-zpusob-premysleni-o-textech-ppc-reklamy	2022-11-11T23:26Z
https://www.seoconsult.cz/blog/linkedin-se-snazi-vyuzit-umele-inteligence-k-lepsimu-cileni-reklam	2022-11-26T08:58Z
https://www.seoconsult.cz/blog/budoucnost-marketingu-socialnich-medii	2022-12-04T00:23Z
https://www.seoconsult.cz/blog/gallery-ads-vse-co-potrebujete-vedet-o-novem-reklamnim-formatu-googlu	2022-11-23T09:22Z
https://www.seoconsult.cz/blog/proc-jsou-nektera-prepinaci-tlacitka-matouci	2022-12-13T10:39Z
https://www.seoconsult.cz/blog/skore-relevance-na-facebooku-se-rozdelilo-na-3-metriky	2022-08-30T10:04Z
https://www.seoconsult.cz/blog/videoreklama-na-facebooku-drive-nyni	2022-12-08T11:18Z
https://www.seoconsult.cz/blog/firemni-stranky-na-linkedin-nyni-zobrazuji-historii-reklam-sponzorovaneho-obsahu	2022-11-23T07:21Z
https://www.seoconsult.cz/kariera	2026-08-10T13:58Z
https://www.seoconsult.cz/blog/jak-vytvorit-skvelou-strukturu-ppc-kampani	2022-10-08T17:50Z
https://www.seoconsult.cz/blog/kreativni-strategie-pro-cileni-reklam-na-facebooku	2022-10-07T16:54Z
https://www.seoconsult.cz/blog/ovladnete-ppc-reklamu-na-google-ads-sklik	2022-12-12T06:33Z
https://www.seoconsult.cz/blog/piste-clanky-jako-profesional-nastartujte-svou-kreativitu-pomoci-techto-tipu	2022-11-23T07:25Z
https://www.seoconsult.cz/blog/vyplati-se-prave-vam-pronajem-e-shopu-zde-najdete-jasnou-odpoved	2022-12-04T00:21Z
https://www.seoconsult.cz/blog/filtr-inventare-u-ppc-reklam-na-facebooku-jste-pripraveni-na-nadchazejici-zmeny	2022-12-08T11:07Z
https://www.seoconsult.cz/blog/novy-nastroj-bumper-machine-tvori-6sekundove-reklamni-mikrospoty-z-delsich-videi	2022-11-23T07:23Z
https://www.seoconsult.cz/blog/optimalizujte-vas-linkedin-profil-pro-ziskani-novych-zakazniku	2022-12-03T15:54Z
https://www.seoconsult.cz/blog/darek-pro-jeste-lepsi-vykon-vaseho-webu	2022-11-14T06:40Z
https://www.seoconsult.cz/blog/ziskejte-pomoci-ppc-vyhodu-pro-vas-kamenny-obchod	2022-12-08T11:16Z
https://www.seoconsult.cz/blog/7-tipu-pro-rychle-zvyseni-efektivity-ppc-kampani	2022-10-08T17:51Z
https://www.seoconsult.cz/blog/vyuziti-demografickych-udaju-v-ppc-reklame	2022-11-14T06:13Z
https://www.seoconsult.cz/blog/jak-zvysit-povedomi-lidi-o-vasi-znacce	2022-12-04T00:49Z
https://www.seoconsult.cz/blog/primy-spotrebitelsky-marketing-prirucka-pro-zacatecniky	2022-12-03T19:06Z
https://www.seoconsult.cz/blog/sestavte-optimalni-rozpocet-ppc-kampane	2022-12-12T06:39Z
https://www.seoconsult.cz/blog/jak-vytvaret-multiplatformni-videoreklamy	2022-12-04T00:26Z
https://www.seoconsult.cz/blog/5-nejlepsich-marketingovych-strategii-pro-pravni-firmu	2022-12-08T11:38Z
https://www.seoconsult.cz/blog/co-mel-kazdy-online-podnikatel-vedet-o-vytvareni-seznamu-e-mailu	2022-12-12T19:37Z
https://www.seoconsult.cz/blog/ziskejte-nove-zakazniky-pomoci-vylepseneho-profilu-na-instagramu	2022-12-12T06:42Z
https://www.seoconsult.cz/blog/proc-storno-tlacitka-nemela-mit-vyraznou-barvu	2022-12-04T00:46Z
https://www.seoconsult.cz/blog/jak-kdy-pouzit-chytre-kampane-v-nakupech-google	2022-12-08T11:07Z
https://www.seoconsult.cz/blog/mereni-uspechu-youtube-pomoci-studie-bls-20	2022-12-12T06:48Z
https://www.seoconsult.cz/blog/jak-optimalizovat-ppc-reklamy-ve-vyhledavani-pro-telefonni-hovory	2025-12-18T07:56Z
https://www.seoconsult.cz/blog/zlepsete-vykon-roi-vasich-ppc-kampani-na-facebooku	2022-12-08T11:09Z
https://www.seoconsult.cz/blog/vytvorte-si-nastroj-na-simulaci-ppc-rozpoctu	2022-10-07T22:35Z
https://www.seoconsult.cz/blog/dosahnete-efektivnejsi-ppc-reklamy-snizte-cenu-za-proklik	2022-12-03T16:23Z
https://www.seoconsult.cz/blog/jake-udaje-sledovat-v-ppc-kampanich	2022-10-08T13:07Z
https://www.seoconsult.cz/blog/prekryvani-publik-na-facebooku-co-je-jak-se-tomu-vyhnout	2022-12-08T11:34Z
https://www.seoconsult.cz/blog/nove-funkce-facebook-messengeru	2022-12-08T11:05Z
https://www.seoconsult.cz/blog/nova-sluzba-instagramu-shopping-creators-dava-influencerum-nove-moznosti	2022-11-23T09:07Z
https://www.seoconsult.cz/blog/ziskejte-nove-zakazniky-pomoci-facebook-lead-ads	2022-12-12T19:26Z
https://www.seoconsult.cz/blog/analyza-uspesnosti-e-mailove-kampane	2022-12-08T11:49Z
https://www.seoconsult.cz/blog/4-fakta-o-cileni-v-obsahove-siti-google-ktera-byste-meli-znat	2022-12-12T06:36Z
https://www.seoconsult.cz/blog/co-si-pocit-s-vysokou-cenou-za-konverzi-v-ppc	2022-12-12T06:33Z
https://www.seoconsult.cz/blog/3-klicove-komponenty-marketingu-pro-mobilni-publikum	2022-12-08T11:36Z
https://www.seoconsult.cz/blog/remarketingove-strategie-google-ads-ktere-funguji	2022-12-08T11:19Z
https://www.seoconsult.cz/blog/semanticke-vyhledavani-ppc-reklama-google-ads	2022-12-08T10:31Z
https://www.seoconsult.cz/blog/pruvodce-dynamickymi-reklamami-na-facebooku	2022-10-07T22:45Z
https://www.seoconsult.cz/blog/co-je-ab-testovani-proc-se-bez-nej-neobejdete	2024-12-10T18:13Z
https://www.seoconsult.cz/blog/ppc-amp	2022-12-12T19:27Z
https://www.seoconsult.cz/blog/thruplay-bude-vychozim-formatem-pro-video-kampane-na-facebooku	2022-12-08T11:46Z
https://www.seoconsult.cz/blog/nove-reklamni-prilezitosti-na-instagramu	2022-10-07T22:54Z
https://www.seoconsult.cz/blog/jak-na-retargetingove-reklamy-s-vlastnimi-publiky-na-facebooku	2022-11-27T00:51Z
https://www.seoconsult.cz/blog/co-jsou-ppc-publika-jak-je-google-urcuje	2022-12-04T00:27Z
https://www.seoconsult.cz/blog/google-oznamil-ukonceni-pouzivani-funkce-prumerne-pozice-co-znamena	2022-11-23T09:21Z
https://www.seoconsult.cz/blog/5-kroku-k-optimalizaci-kampani-pro-univerzalni-aplikace	2022-11-14T06:54Z
https://www.seoconsult.cz/blog/5-zpusobu-jak-ziskat-nove-zakazniky-pomoci-autoresponderu	2022-12-08T11:17Z
https://www.seoconsult.cz/blog/je-vase-podnikani-vhodne-pro-pouziti-chatbotu	2022-12-04T00:50Z
https://www.seoconsult.cz/blog/reklamy-v-pribezich-na-facebooku-mohou-pro-inzerenty-znamenat-velke-zmeny	2022-11-23T09:20Z
https://www.seoconsult.cz/blog/pripravte-stranky-pro-zobrazovani-na-mobilnich-zarizenich	2022-12-04T00:26Z
https://www.seoconsult.cz/blog/tajemstvi-sezonniho-seo	2022-12-04T00:24Z
https://www.seoconsult.cz/blog/proniknete-na-svetove-trhy-jak-delat-mezinarodni-seo	2022-12-04T00:29Z
https://www.seoconsult.cz/blog/planujete-redesign-webu-nezapomente-na-dukladnou-revizi-seo	2022-12-03T16:11Z
https://www.seoconsult.cz/blog/proc-byste-meli-optimalizovat-svuj-ucet-pro-roas-ne-pro-zvyseni-objemu-konverzi	2022-12-04T00:41Z
https://www.seoconsult.cz/blog/seo-audit-ktery-vam-pomuze-najit-chyby-i-nove-prilezitosti	2022-12-04T00:23Z
https://www.seoconsult.cz/blog/5-zpusobu-jak-zvysit-miru-konverze-u-navstev-z-mobilnich-zarizeni	2022-11-26T00:04Z
https://www.seoconsult.cz/blog/prizpusobte-sve-ppc-kampane-lokalnim-navstevnikum	2022-12-04T00:30Z
https://www.seoconsult.cz/blog/jak-psat-jeste-lepsi-popisky-produktu	2022-11-14T06:47Z
https://www.seoconsult.cz/blog/moznosti-youtube-reklamy-v-roce-2019	2022-12-12T19:24Z
https://www.seoconsult.cz/blog/proc-pouzivat-amp-k-vytvareni-cilovych-stranek-pro-ppc-reklamu	2022-12-03T15:58Z
https://www.seoconsult.cz/blog/chatboti-vyskakovaci-okna-jsou-skvelym-zdrojem-konverzi	2022-12-03T19:07Z
https://www.seoconsult.cz/blog/jak-nastavit-optimalni-rozpocet-pro-ppc-reklamu	2022-11-14T06:41Z
https://www.seoconsult.cz/blog/oslovte-uzivatele-linkedin-pomoci-sponzorovane-zpravy-inmail	2022-12-04T00:44Z
https://www.seoconsult.cz/blog/prilakejte-ucastniky-akce-pomoci-propagace-udalosti-na-facebooku	2022-12-04T00:47Z
https://www.seoconsult.cz/blog/jak-snizit-naklady-na-ppc-bez-snizovani-vykonu	2022-11-14T06:44Z
https://www.seoconsult.cz/blog/funkce-facebook-prirazeni-je-nyni-dostupna-pro-vsechny	2022-11-23T07:10Z
https://www.seoconsult.cz/blog/3-strategie-ktere-vam-umozni-nabidnout-nejvyhodnejsi-cenu-za-proklik	2022-12-04T00:22Z
https://www.seoconsult.cz/blog/pozor-na-kyberneticke-utoky-mohou-poskodit-vase-seo	2022-11-13T18:02Z
https://www.seoconsult.cz/blog/vytvorte-nadpisy-ktere-zaujmou-uzivatele-i-vyhledavace	2022-11-23T07:07Z
https://www.seoconsult.cz/blog/rozsirene-reklamy-google-ads-moznosti-jejich-automatizace	2022-12-03T18:57Z
https://www.seoconsult.cz/blog/vse-co-jste-kdy-chteli-vedet-o-chytrych-kampanich-v-nakupech-google	2024-08-03T15:40Z
https://www.seoconsult.cz/blog/jak-se-google-rozhoduje-ktere-reklamy-zobrazi	2022-10-08T13:10Z
https://www.seoconsult.cz/blog/zlepsete-pozice-ve-vyhledavacich-pomoci-vnitrniho-prolinkovani	2022-12-08T11:49Z
https://www.seoconsult.cz/blog/facebook-attribution-tajemstvi-zbavene	2022-11-23T06:58Z
https://www.seoconsult.cz/blog/marketingova-strategie-na-instagramu	2022-10-08T12:01Z
https://www.seoconsult.cz/blog/jak-primet-lidi-aby-si-zapamatovali-vasi-reklamu	2022-12-08T11:35Z
https://www.seoconsult.cz/blog/10-ucinnych-seo-tipu-pro-stranky-realitnich-agentur	2022-12-12T07:00Z
https://www.seoconsult.cz/blog/google-opet-rozsiruje-textove-reklamy-ve-vyhledavani	2022-12-12T19:40Z
https://www.seoconsult.cz/blog/7-retargetingovych-strategii-ktere-stoji-za-vyzkouseni	2022-12-08T11:06Z
https://www.seoconsult.cz/blog/ohrozuji-socialni-site-dominanci-google-v-lokalnim-vyhledavani	2024-12-11T06:43Z
https://www.seoconsult.cz/blog/nepodlehejte-vabeni-temne-strany-seo-praktiky-ktere-mohou-ublizit-vasemu-webu	2022-12-04T00:46Z
https://www.seoconsult.cz/blog/jak-zmerit-vykon-kampani-na-instagramu	2024-12-10T18:08Z
https://www.seoconsult.cz/blog/5-tipu-pro-jeste-lepsi-titulky-reklam-na-facebooku	2022-12-08T11:11Z
https://www.seoconsult.cz/blog/vyuzijte-igtv-pro-podporu-vaseho-podnikani	2022-10-08T12:10Z
https://www.seoconsult.cz/blog/ucinny-retargeting-na-instagramu	2022-12-04T00:40Z
https://www.seoconsult.cz/blog/jak-zvysit-rychlost-nacitani-stranky-ve-wordpressu	2022-10-08T12:12Z
https://www.seoconsult.cz/blog/venujete-svym-prodejnim-funnelum-peci-jakou-si-opravdu-zaslouzi	2022-11-26T09:03Z
https://www.seoconsult.cz/blog/co-s-nekvalitnim-obsahem-je-lepsi-jej-odstranit-nebo-radeji-vylepsit	2022-11-23T09:22Z
https://www.seoconsult.cz/blog/odstranujete-obsah-z-webu-budte-opatrni	2022-10-08T12:13Z
https://www.seoconsult.cz/blog/5-zpusobu-ktere-primeji-vase-zakazniky-aby-propagovali-vasi-znacku	2022-11-26T00:17Z
https://www.seoconsult.cz/blog/vse-co-jste-kdy-chteli-vedet-o-reklamach-v-instagram-stories	2022-12-03T16:01Z
https://www.seoconsult.cz/blog/prakticky-marketing-pro-uspech-v-lokalnim-online-podnikani	2022-12-03T18:59Z
https://www.seoconsult.cz/blog/jak-usporadat-seo-ukoly-podle-dulezitosti	2022-08-30T10:04Z
https://www.seoconsult.cz/blog/jak-pridavat-linky-do-instagram-stories	2022-12-08T11:15Z
https://www.seoconsult.cz/blog/co-delat-s-klicovymi-slovy-s-nizkym-objemem-vyhledavani	2022-12-04T00:43Z
https://www.seoconsult.cz/blog/nebudte-pasivnim-konzumentem-informaci-hledejte-souvislosti	2022-12-03T16:11Z
https://www.seoconsult.cz/blog/chcete-aby-vase-e-mailova-kampan-prinasela-vysledky	2022-12-08T10:32Z
https://www.seoconsult.cz/blog/premente-svou-stranku-ve-stroj-na-penize-pomoci-techto-tajnych-technik	2022-11-26T00:03Z
https://www.seoconsult.cz/blog/pripravte-svou-stranku-na-mobile-first-index	2022-12-08T11:50Z
https://www.seoconsult.cz/blog/5-tipu-pro-lepsi-ab-testovani	2022-12-08T10:26Z
https://www.seoconsult.cz/obchodni-podminky	2026-09-08T09:33Z
https://www.seoconsult.cz/blog/vyuziti-geografickeho-cileni-v-ppc-kampanich	2022-12-04T00:25Z
https://www.seoconsult.cz/blog/definujte-sve-cilove-publikum-v-5-krocich	2022-08-30T10:04Z
https://www.seoconsult.cz/blog/jaky-je-rozdil-mezi-seo-optimalizaci-obsahu	2022-12-08T11:39Z
https://www.seoconsult.cz/blog/vyberte-spravneho-dodavatele-pro-ppc-kampane	2023-02-14T08:18Z
https://www.seoconsult.cz/blog/mapa-stranek-jeji-dulezitost-pro-seo	2022-12-13T10:29Z
https://www.seoconsult.cz/blog/tipy-pro-optimalizaci-hlasoveho-vyhledavani	2022-12-08T11:20Z
https://www.seoconsult.cz/blog/ziskejte-zpetne-odkazy-pomoci-obrazku	2022-12-12T06:32Z
https://www.seoconsult.cz/blog/navrat-popisu-firmy-v-google-my-business	2022-08-30T10:04Z
https://www.seoconsult.cz/blog/ziskejte-navstevniky-pomoci-spravne-zvoleneho-titulku	2022-08-30T10:04Z
https://www.seoconsult.cz/blog/jak-zabezpeceni-stranek-ovlivnuje-seo	2022-08-30T10:04Z
https://www.seoconsult.cz/blog/5-dobrych-duvodu-proc-se-bez-marketingove-agentury-neobejdete	2024-12-10T17:58Z
https://www.seoconsult.cz/blog/fazetova-navigace-jeji-vliv-na-seo	2022-08-30T10:04Z
https://www.seoconsult.cz/blog/seo-triky-jak-rychle-zvysit-organickou-navstevnost	2022-12-08T11:03Z
https://www.seoconsult.cz/blog/seo-v-roce-2018-ktere-metody-funguji-nejlepe	2022-11-11T06:46Z
https://www.seoconsult.cz/blog/6-top-seo-technik-pro-zvyseni-navstevnosti-vaseho-webu	2022-08-30T10:04Z
https://www.seoconsult.cz/blog/e-commerce-myty-ktere-vedou-ke-spatnym-marketingovym-rozhodnutim	2022-12-08T11:12Z
https://www.seoconsult.cz/blog/jak-muze-chatbot-pomoci-vasemu-businessu	2022-12-04T00:46Z
https://www.seoconsult.cz/blog/5-seo-tipu-pro-rok-2018	2022-08-30T10:04Z
https://www.seoconsult.cz/blog/ziskejte-vice-navstevniku-pomoci-google-reviews	2022-12-12T06:32Z
https://www.seoconsult.cz/blog/google-searchconsole-vyuzijte-potencial-vaseho-webu-na-maximum	2022-12-08T11:13Z
https://www.seoconsult.cz/blog/google-my-bussiness-zlepsete-umisteni-vasi-firmy-v-google-maps	2022-11-26T08:58Z
https://www.seoconsult.cz/blog/priciny-nizke-miry-konverze-jak-je-odstranit	2022-12-12T06:45Z
https://www.seoconsult.cz/blog/nejlepsi-seo-triky-pro-rok-2018	2022-12-12T06:37Z
https://www.seoconsult.cz/blog/tipy-pro-unikatni-obsah-na-firemnim-blogu	2022-12-08T11:18Z
https://www.seoconsult.cz/blog/po-jak-dlouhe-dobe-ocekavat-vysledky-seo-kampane	2022-12-12T06:44Z
https://www.seoconsult.cz/blog/uzitecne-tipy-pro-maximalni-vykon-page-seo	2022-08-30T10:04Z
https://www.seoconsult.cz/blog/nejzasadnejsi-aktualizace-google-algoritmu	2022-12-08T10:28Z
https://www.seoconsult.cz/blog/co-je-unikatni-nabidka-proc-se-bez-ni-v-seo-neobejdete	2022-12-12T06:58Z
https://www.seoconsult.cz/blog/seo-prispevky-na-youtube	2022-08-30T10:04Z
https://www.seoconsult.cz/blog/zastarale-seo-taktiky-kterym-byste-se-radeji-meli-vyhnout	2022-12-03T18:59Z
https://www.seoconsult.cz/blog/5-nejcastejsich-chyb-v-adwords-jak-se-jim-vyhnout	2022-12-12T19:42Z
https://www.seoconsult.cz/blog/moznosti-mereni-vykonu-e-mailove-kampane	2022-08-30T10:04Z
https://www.seoconsult.cz/blog/tipy-jak-otestovat-vylepsit-vstupni-stranku	2022-12-08T11:06Z
https://www.seoconsult.cz/blog/jak-pri-seo-zbytecne-neztracet-cas	2022-12-12T06:40Z
https://www.seoconsult.cz/blog/vyuzijte-data-k-vytvoreni-efektivniho-e-mailingu	2022-12-12T06:57Z
https://www.seoconsult.cz/blog/jak-resit-duplicitni-obsah-na-webu	2022-08-30T10:04Z
https://www.seoconsult.cz/blog/uspech-webu-zajisti-seo-v-kombinaci-s-ux	2022-12-08T10:25Z
https://www.seoconsult.cz/blog/na-co-byste-se-meli-zamerit-v-seo-v-roce-2018	2022-12-12T19:23Z
https://www.seoconsult.cz/blog/obsahova-strategie-seo-aneb-jak-vyrazne-zvysit-navstevnost	2022-12-03T18:58Z
https://www.seoconsult.cz/blog/proc-mikrostranky-nejsou-vzdy-idealni-pro-seo	2022-08-30T10:04Z
https://www.seoconsult.cz/blog/nejcastejsi-seo-chyby-na-blozich	2022-11-13T19:10Z
https://www.seoconsult.cz/blog/seo-chyby-v-e-commerce-kterym-byste-se-radeji-meli-vyhnout	2022-12-03T18:58Z
https://www.seoconsult.cz/blog/analyza-seo-uspechu-v-roce-2017	2022-08-30T10:04Z
https://www.seoconsult.cz/blog/jak-se-zmenilo-seo-v-roce-2017	2022-08-30T10:04Z
https://www.seoconsult.cz/blog/v-e-mailingu-je-na-prvnim-miste-obsah	2022-08-30T10:04Z
https://www.seoconsult.cz/blog/12-zpusobu-jak-zvysit-uspech-seo-i-obsahu	2022-12-04T00:42Z
https://www.seoconsult.cz/blog/seo-pro-mobily-stolni-pocitace-ruzne-strategie-obsahu	2022-12-08T11:17Z
https://www.seoconsult.cz/blog/jak-pouzivat-umelou-inteligenci-k-efektivnejsimu-budovani-odkazu	2022-12-08T10:34Z
https://www.seoconsult.cz/blog/seo-audit-aneb-jak-zlepsit-viditelnost-webu-ve-vyhledavacich	2022-12-13T10:37Z
https://www.seoconsult.cz/blog/moznosti-dynamicke-reklamy-na-facebooku	2022-08-30T10:04Z
https://www.seoconsult.cz/blog/tipy-pro-efektivni-cro	2022-12-08T11:33Z
https://www.seoconsult.cz/blog/jak-proc-lepe-pracovat-s-vybranymi-uryvky	2022-08-30T10:04Z
https://www.seoconsult.cz/blog/inovace-v-e-mailingu-ktere-vam-pomohou-ziskat-vice-zakazniku	2022-12-12T06:56Z
https://www.seoconsult.cz/blog/jak-muze-seo-pomoci-optimalizovat-rozpocet-ppc	2022-11-13T18:01Z
https://www.seoconsult.cz/blog/4-postupy-pro-lepsi-seo-strategii	2022-12-12T06:36Z
https://www.seoconsult.cz/blog/kontrolni-seznam-pro-optimalizaci-konverzi	2022-12-03T16:24Z
https://www.seoconsult.cz/blog/zvyste-vykon-vaseho-e-mailingu-pomoci-ab-testovani	2022-11-13T18:58Z
https://www.seoconsult.cz/blog/seo-versus-ppc	2024-08-03T15:43Z
https://www.seoconsult.cz/blog/7-kroku-k-vytvoreni-efektivniho-e-mailoveho-newsletteru	2022-10-08T12:37Z
https://www.seoconsult.cz/blog/co-potrebujete-vedet-o-google-posts	2022-10-08T13:13Z
https://www.seoconsult.cz/blog/5-oblasti-na-ktere-byste-se-meli-zamerit-pro-lepsi-seo	2022-10-08T12:39Z
https://www.seoconsult.cz/blog/seo-cro-se-mely-navzajem-doplnovat	2022-11-11T07:56Z
https://www.seoconsult.cz/blog/proc-je-e-mailing-klicovou-soucasti-marketingovych-inovaci	2022-12-03T16:19Z
https://www.seoconsult.cz/blog/rychlost-mobilni-verze-webu-zatim-neni-pro-seo-dulezita	2022-08-30T10:04Z
https://www.seoconsult.cz/blog/seo-web-design-vse-co-potrebujete-vedet	2022-10-08T12:41Z
https://www.seoconsult.cz/blog/7-kroku-k-efektivnimu-e-mailingu	2022-10-08T12:43Z
https://www.seoconsult.cz/blog/obrazky-aneb-jak-zlepsit-rychlost-stranek	2022-10-08T12:44Z
https://www.seoconsult.cz/blog/pruzkum-lokalniho-vyhledavani-v-roce-2017-proc-je-dulezity	2024-12-11T06:43Z
https://www.seoconsult.cz/blog/co-s-sebou-prinese-mobilni-index-ve-vyhledavani	2024-09-25T14:04Z
https://www.seoconsult.cz/blog/5-efektivnich-tipu-pro-zlepseni-online-marketingove-strategie-pro-b2b	2022-11-26T00:16Z
https://www.seoconsult.cz/blog/optimalizace-obsahu-pro-lepsi-seo-v-nekolika-krocich	2024-09-25T13:57Z
https://www.seoconsult.cz/blog/jak-presne-muzeme-predikovat-vysledky-seo-kampane	2024-09-25T14:30Z
https://www.seoconsult.cz/blog/pouzivate-amp-zasadni-chyba-pravdepodobne-zhorsuje-vystupy-z-google-analytics	2022-12-08T11:37Z
https://www.seoconsult.cz/blog/jak-na-efektivni-seo-pro-e-shopy-2-cast	2022-12-04T00:28Z
https://www.seoconsult.cz/blog/jak-na-efektivni-seo-pro-e-shopy-1-cast	2024-09-25T14:33Z
https://www.seoconsult.cz/blog/tipy-pro-vylepseni-vstupnich-stranek-ktere-skutecne-funguji	2023-12-18T10:52Z
https://www.seoconsult.cz/blog/tipy-pro-lokalni-seo-za-ucelem-zlepseni-obchodnich-vysledku	2022-12-08T11:42Z
https://www.seoconsult.cz/blog/proc-jsou-online-recenze-dulezite-pro-seo	2022-12-12T19:41Z
https://www.seoconsult.cz/blog/ignorovani-ux-na-vasem-webu-zabiji-efektivitu-seo	2022-11-14T05:59Z
https://www.seoconsult.cz/blog/jak-budovat-zpetne-odkazy-bez-nutnosti-tvorby-obsahu	2022-12-12T19:29Z
https://www.seoconsult.cz/blog/jak-optimalizovat-vas-blog-pro-vyhledavace	2022-12-04T00:29Z
https://www.seoconsult.cz/blog/seo-strategie-ktere-muzete-implementovat-i-v-realnem-zivote	2022-12-04T00:48Z
https://www.seoconsult.cz/blog/seo-trendy-v-roce-2017	2022-12-08T10:30Z
https://www.seoconsult.cz/blog/last-minute-seo-strategie-na-sezonu-dovolenych-ke-konci-roku	2022-12-03T16:15Z
https://www.seoconsult.cz/blog/google-testuje-mobilni-indexovani	2026-05-18T13:28Z
https://www.seoconsult.cz/blog/estetika-webu-je-dulezita-ale-nezapominejte-na-seo	2022-11-13T18:05Z
https://www.seoconsult.cz/blog/jak-postupovat-kdyz-navstevnost-webu-negeneruje-konverze	2024-09-25T14:12Z
https://www.seoconsult.cz/blog/vyhody-nevyhody-webu-na-https	2022-12-08T11:04Z
https://www.seoconsult.cz/blog/co-maji-spolecne-pr-seo	2024-12-10T18:06Z
https://www.seoconsult.cz/blog/strukturovana-data-ziskejte-v-seo-naskok	2022-10-09T07:09Z
https://www.seoconsult.cz/blog/meta-popisky-v-otazkach-odpovedich	2022-10-09T07:11Z
https://www.seoconsult.cz/blog/google-algoritmy-seznamte-se	2022-10-09T07:11Z
https://www.seoconsult.cz/blog/proc-seo-nefunguje	2022-10-09T07:14Z
https://www.seoconsult.cz/blog/drobeckova-navigace	2022-10-09T07:14Z
https://www.seoconsult.cz/blog/diagram-znalosti-chytre-vyhledavani-seo	2022-12-04T00:39Z
https://www.seoconsult.cz/blog/seo-https-jak-je-aktualne	2024-09-25T14:39Z
https://www.seoconsult.cz/blog/kanonizace-reseni-prirozenych-duplicit	2022-12-04T00:45Z
https://www.seoconsult.cz/blog/nejlepsi-socialni-sit-pro-seo-google-plus	2022-12-04T00:28Z
https://www.seoconsult.cz/blog/google-javascript	2022-12-08T11:13Z
https://www.seoconsult.cz/blog/linkedin-socialni-sit-profesionalu-je-prospesna-i-pro-seo	2022-12-03T16:12Z
https://www.seoconsult.cz/zasady-ochrany-osobnich-udaju	2022-11-14T06:33Z
https://www.seoconsult.cz/blog/seo-2015-5-nejvetsich-omylu	2022-12-04T00:40Z
https://www.seoconsult.cz/blog/seznam-jalapeno-novy-algoritmus-zbroji-proti-webspamu	2022-12-04T00:48Z
https://www.seoconsult.cz/blog/nepodcenujte-strukturu-weboveho-textu-kvuli-ctenarum-i-vyhledavacum	2022-12-04T00:45Z
https://www.seoconsult.cz/blog/google-15-nejzajimavejsich-faktu-ktere-vam-vyrazi-dech	2024-08-02T09:14Z
https://www.seoconsult.cz/blog/malo-vyuzivane-zdroje-pro-budovani-zpetnych-odkazu	2025-03-18T18:23Z
https://www.seoconsult.cz/blog/5-1-zakladnich-nastroju-propagace-webu-nezapomneli-jste-na-nektery	2022-11-26T00:04Z
https://www.seoconsult.cz/blog/negativni-seo	2022-10-09T07:32Z
https://www.seoconsult.cz/blog/guest-blogging-seo-nejdou-dohromady-opravdu	2022-10-09T07:30Z
https://www.seoconsult.cz/blog/jeste-nemate-firemni-blog-poradime-jak-na	2022-10-09T07:30Z
https://www.seoconsult.cz/blog/nofollow-odkazy-skutecne-je-vyhledavace-nesleduji	2024-12-10T17:42Z
https://www.seoconsult.cz/blog/sitemap-mit-ci-nemit	2022-10-09T07:34Z
https://www.seoconsult.cz/blog/pravdivost-novy-seo-faktor	2022-10-09T07:35Z
https://www.seoconsult.cz/blog/3-1-tip-na-linkbuilding-lokalniho-podniku	2026-05-18T13:34Z
https://www.seoconsult.cz/blog/spatna-zprava-drobni-podnikatele-se-nestaraji-o-svuj-web	2022-12-03T19:06Z
https://www.seoconsult.cz/blog/5-parametru-seo-friendly-url	2024-08-03T15:41Z
https://www.seoconsult.cz/blog/co-ocekavat-od-seo-v-druhe-polovine-2015	2022-11-14T06:14Z
https://www.seoconsult.cz/blog/doorway-pages-microsites-jak-vidi-google	2022-10-09T07:40Z
https://www.seoconsult.cz/blog/google-meni-pravidla-uprednostnuje-mobilni-weby	2022-10-09T07:41Z
https://www.seoconsult.cz/blog/7-1-tipu-jak-vylepsit-stranku-o-nas	2022-12-08T10:28Z
https://www.seoconsult.cz/blog/obsahovy-marketing-budoucnost-online-marketingu	2022-12-04T00:25Z
https://www.seoconsult.cz/blog/marketingovy-guru-avinash-kaushik-chcete-uspet-neprodavejte	2022-12-12T19:42Z
https://www.seoconsult.cz/blog/7-trendu-internetoveho-marketingu-pro-rok-2015	2022-10-09T07:46Z
https://www.seoconsult.cz/blog/propojte-sve-clanky-zabodujete-u-ctenaru-i-vyhledavacu	2022-10-09T07:47Z
https://www.seoconsult.cz/blog/naslouchejte-naseptavaci-vyplati-se	2024-09-25T14:15Z
https://www.seoconsult.cz/blog/jak-najmout-seo-pracovnika-v-roce-2013	2022-12-03T15:52Z
https://www.seoconsult.cz/blog/sezonni-projekty-seo	2022-11-13T18:03Z
https://www.seoconsult.cz/blog/5-trendu-seo-obsahoveho-marketingu-v-roce-2013	2022-10-09T07:49Z
https://www.seoconsult.cz/blog/seo-myty	2022-12-12T19:28Z
https://www.seoconsult.cz/blog/jak-na-bohatsi-snippety	2022-10-09T07:52Z
https://www.seoconsult.cz/blog/novy-nastroj-pro-odmitnuti-zpetnych-odkazu	2022-10-09T07:52Z
https://www.seoconsult.cz/blog/10-zasad-efektivniho-e-mailoveho-marketingu	2022-10-09T07:53Z
https://www.seoconsult.cz/blog/jak-bude-vypadat-seo-v-roce-2013	2022-10-09T07:54Z
https://www.seoconsult.cz/blog/google-penguin-30	2022-10-09T07:55Z
https://www.seoconsult.cz/blog/dopad-google-panda-37-38-dalsich-dulezitych-zmen-u-google-na-seo	2022-11-26T00:03Z
https://www.seoconsult.cz/blog/postihuje-google-penguin-update-tvurce-temat-pro-wordpress	2022-12-12T06:34Z
https://www.seoconsult.cz/blog/co-updaty-v-google-panda-penguin-znamenaji-pro-budoucnost-seo	2022-12-08T11:14Z
https://www.seoconsult.cz/blog/jak-uniknout-pred-google-panda	2022-10-09T07:58Z
https://www.seoconsult.cz/blog/ohrozi-vas-google-penguin-update	2022-12-12T06:40Z
https://www.seoconsult.cz/blog/marketing-na-socialnich-sitich	2022-11-14T06:42Z
https://www.seoconsult.cz/blog/ppc-reklama	2022-12-08T11:43Z
https://www.seoconsult.cz/blog/seo-sprava-optimalizace-sprava-webu	2022-12-04T00:42Z
https://www.seoconsult.cz/blog/jak-ziskat-zpetne-odkazy-co-jsou-zpetne-odkazy-k-cemu-slouzi-jak-je-ziskat	2022-12-04T00:52Z
https://www.seoconsult.cz/blog/copywriting-aneb-jak-na-uspesne-texty	2022-10-09T08:02Z
https://www.seoconsult.cz/blog/postupy-pri-tvorbe-nadpisu-podnapisu-pri-optimalizaci	2022-11-14T06:51Z
https://www.seoconsult.cz/blog/seo-analyza-webovych-stranek	2022-10-09T08:04Z
https://www.seoconsult.cz/blog/analyza-pouzivani-klicovych-slov	2022-10-09T08:04Z
https://www.seoconsult.cz/blog/co-je-seo	2022-12-04T00:50Z
https://www.seoconsult.cz/blog/4-seo-cile-ktere-musi-drobne-podniky-splnit-kazdy-mesic	2022-12-08T11:41Z
https://www.seoconsult.cz/blog/jak-zlepsit-seo-na-svem-webu-i-mimo-nej	2022-10-09T08:07Z
https://www.seoconsult.cz/kontakt	2026-09-01T15:55Z
https://www.seoconsult.cz/blog/ux-vs-ui-design-rozdily-ktere-byste-meli-znat	2022-12-12T06:47Z
https://www.seoconsult.cz/blog/rozsirene-textove-reklamy-konci-nepodlehejte-vsak-panice	2022-12-03T19:02Z
https://www.seoconsult.cz/blog/umite-vyhledavat-na-googlu-s-nasimi-tipy-pujdete-na-jistotu	2022-12-03T16:17Z
https://www.seoconsult.cz/blog/napady-pro-realitni-blog-ktere-vam-zvednou-konverze	2022-12-08T11:48Z
https://www.seoconsult.cz/blog/co-je-socialni-naslouchani-proc-se-bez-nej-dnes-neobejdete	2022-11-27T00:49Z
https://www.seoconsult.cz/blog/zvyste-pocet-konverzi-diky-cileni-na-kvalitnejsi-navstevniky	2022-12-12T19:41Z
https://www.seoconsult.cz/blog/audit-informacni-architektury-pomuze-zlepsit-konverze-vasich-stranek	2022-11-26T00:21Z
https://www.seoconsult.cz/blog/reklamy-na-facebooku-pro-pojistovaci-agenty	2022-11-23T06:56Z
https://www.seoconsult.cz/blog/zacinate-podnikat-online-zamerte-se-na-seo	2022-10-06T12:43Z
https://www.seoconsult.cz/blog/jak-na-optimalizaci-obsahu-blogu	2022-10-06T12:42Z
https://www.seoconsult.cz/blog/chatbot-nahradi-zakaznickou-podporu	2022-11-11T06:38Z
https://www.seoconsult.cz/blog/breznove-novinky-v-seo-online-marketingu	2022-10-04T09:54Z
https://www.seoconsult.cz/blog/google-pridal-prestashop-mezi-e-commerce-integrace	2022-10-04T09:54Z
https://www.seoconsult.cz/blog/pro-seo-jsou-dulezite-pozitivni-i-negativni-recenze	2022-10-06T12:41Z
https://www.seoconsult.cz/blog/nejlepsi-strategie-ppc-reklamy	2022-10-08T18:00Z
https://www.seoconsult.cz/blog/jak-na-lepsi-umisteni-v-google-discover	2022-11-14T06:12Z
https://www.seoconsult.cz/blog/udrzte-si-nizke-cpm-u-facebookovych-reklam-i-po-zavedeni-ios-14	2022-11-27T00:46Z
https://www.seoconsult.cz/blog/uspejte-s-ppc-reklamami-v-roce-2022	2022-10-06T12:35Z
https://www.seoconsult.cz/blog/vytvoreni-strategie-klicovych-slov-pro-srovnavaci-obsah	2022-10-06T12:39Z
https://www.seoconsult.cz/blog/brezen-2022-dalsi-novinky-v-seo-online-marketingu	2024-08-03T18:20Z
https://www.seoconsult.cz/blog/vse-co-potrebujete-vedet-o-ux-auditu	2024-09-25T14:18Z
https://www.seoconsult.cz/blog/jak-google-hodnoti-kvalitu-vyhledavani	2022-10-06T12:37Z
https://www.seoconsult.cz/blog/jak-cilit-reklamy-na-facebooku	2022-10-06T12:35Z
https://www.seoconsult.cz/blog/neschvalil-vam-facebook-vasi-ppc-reklamu-jak-vyresit	2022-12-03T19:06Z
https://www.seoconsult.cz/blog/lokalni-seo-se-potyka-se-zmenami-na-co-v-roce-2022-pripravit	2022-12-13T10:32Z
https://www.seoconsult.cz/blog/obsahovy-marketing-pro-rok-2022-chcete-li-uspet-pripravte-se-na-zmeny	2022-12-08T11:34Z
https://www.seoconsult.cz/blog/duben-2022-aktualni-novinky-v-seo-online-marketingu	2022-10-04T09:54Z
https://www.seoconsult.cz/blog/moje-firma-na-googlu-je-nyni-firemni-profil-google	2022-11-14T06:56Z
https://www.seoconsult.cz/blog/google-analytics-4-je-nyni-mozne-propojit-s-google-search-console	2022-12-12T06:55Z
https://www.seoconsult.cz/blog/podnikate-v-cestovnim-ruchu-poradime-vam-jak-ziskat-vice-zakazniku	2022-12-08T11:53Z
https://www.seoconsult.cz/blog/knihovna-aktiv-ads-creative-studio-prichazi-do-google-ads	2022-12-03T18:57Z
https://www.seoconsult.cz/blog/proc-moje-ppc-reklama-nevydelava	2022-10-04T09:54Z
https://www.seoconsult.cz/blog/oslovte-uzivatele-ios-pomoci-ppc-reklamy	2022-10-06T12:23Z
https://www.seoconsult.cz/blog/duben-2022-dalsi-aktualni-novinky-v-seo-online-marketingu	2022-12-03T15:58Z
https://www.seoconsult.cz/blog/ppc-reklamy-v-obsahove-siti-na-velikosti-zalezi	2022-10-06T12:23Z
https://www.seoconsult.cz/blog/rsa-jsou-novym-standardem-v-google-ads	2022-11-11T06:28Z
https://www.seoconsult.cz/blog/jak-uspesne-prodavat-online-kurzy	2022-10-06T12:24Z
https://www.seoconsult.cz/blog/behavioralni-kontextova-ppc-reklama-jaky-je-rozdil	2022-10-04T09:54Z
https://www.seoconsult.cz/blog/jak-oslovit-potencialni-zakazniky-na-facebooku	2022-10-06T12:25Z
https://www.seoconsult.cz/blog/zvyste-miru-konverze-optimalizaci-zameru-vyhledavani	2022-10-04T09:54Z
https://www.seoconsult.cz/blog/kveten-2022-aktualni-novinky-v-seo-online-marketingu	2022-10-04T09:54Z
https://www.seoconsult.cz/blog/co-noveho-se-udalo-v-seo-za-posledni-rok	2022-10-04T09:54Z
https://www.seoconsult.cz/blog/jak-ma-vypadat-landing-page-seznamte-se-s-trendy-pro-rok-2022	2024-08-03T15:43Z
https://www.seoconsult.cz/blog/prevalcujte-konkurenci-na-facebooku-pomohou-vam-reklamni-strategie	2022-11-26T08:56Z
https://www.seoconsult.cz/blog/jak-zmenit-nazev-vaseho-youtube-kanalu	2022-10-04T09:54Z
https://www.seoconsult.cz/blog/proc-jsou-logy-ze-serveru-dulezite-pro-seo	2023-12-18T10:45Z
https://www.seoconsult.cz/blog/na-firemni-profil-na-googlu-budete-muset-cekat	2022-10-04T09:54Z
https://www.seoconsult.cz/blog/google-vysvetluje-jak-odstranuje-duplicitni-odkazy-z-vysledku-vyhledavani	2022-11-23T09:19Z
https://www.seoconsult.cz/blog/3-klicove-metriky-pro-zlepseni-vykonu-ppc-reklamy-na-facebooku	2022-12-03T15:53Z
https://www.seoconsult.cz/blog/kveten-2022-dalsi-aktualni-novinky-v-seo-online-marketingu	2022-11-27T00:51Z
https://www.seoconsult.cz/blog/co-je-seo-0	2022-10-04T09:54Z
https://www.seoconsult.cz/blog/agentura-taste-poradala-skoleni-seo-pro-e-shopy	2022-10-06T12:15Z
https://www.seoconsult.cz/blog/co-je-dobra-domenova-autorita-jak-prospiva-vasim-strategiim-seo	2022-11-26T00:14Z
https://www.seoconsult.cz/blog/sponzorovane-produkty-amazonu-jak-na-ne-v-roce-2022	2022-10-06T12:17Z
https://www.seoconsult.cz/blog/nejlepsi-marketingove-strategie-pro-rok-2022	2022-11-23T06:57Z
https://www.seoconsult.cz/blog/jak-ziskat-vice-odberatelu-na-youtube	2022-11-13T18:11Z
https://www.seoconsult.cz/blog/klicove-optimalizace-na-strance-pro-lokalni-seo	2022-10-06T12:16Z
https://www.seoconsult.cz/blog/jak-zacit-s-reklamou-na-tiktoku	2022-10-04T09:54Z
https://www.seoconsult.cz/blog/cerven-2022-novinky-seo-online-marketingu	2022-10-04T09:54Z
https://www.seoconsult.cz/blog/dulezite-tipy-pro-seo-obrazku-ktere-potrebujete-znat	2022-10-06T12:07Z
https://www.seoconsult.cz/blog/seo-pro-shopify-jak-zvysit-pozice-e-shopu-ve-vyhledavani	2022-12-03T19:00Z
https://www.seoconsult.cz/blog/zaskorujte-zlepsete-sve-skore-kvality	2022-12-08T11:42Z
https://www.seoconsult.cz/blog/lokalni-seo-pomuze-vasi-firme-vyniknout	2022-10-04T09:54Z
https://www.seoconsult.cz/blog/duplicitni-obsah-muze-poskodit-vase-seo	2022-11-14T06:13Z
https://www.seoconsult.cz/blog/zvyste-vykon-placeneho-vyhledavani-za-minimalni-naklady	2022-11-13T17:56Z
https://www.seoconsult.cz/blog/zlepsete-vysledky-ppc-reklamy	2022-10-04T09:54Z
https://www.seoconsult.cz/blog/doporuceni-pro-kampane-discovery	2022-10-06T12:12Z
https://www.seoconsult.cz/blog/google-uvolnuje-api-rozhrani-nastroje-pro-kontrolu-url	2022-10-04T09:54Z
https://www.seoconsult.cz/blog/pridani-automatickeho-oznacovani-do-vypisu-google-merchant-center	2022-11-26T09:00Z
https://www.seoconsult.cz/blog/novinky-na-twitteru-ktere-zvysi-vykonnost-ppc	2022-11-14T06:06Z
https://www.seoconsult.cz/blog/cerven-2022-dalsi-novinky-v-seo-online-marketingu	2022-10-04T09:54Z
https://www.seoconsult.cz/blog/performance-max-nahrazuje-sluzbu-smart-shopping-local	2022-10-06T12:04Z
https://www.seoconsult.cz/blog/obsahovy-marketing-ppc-reklama-spolecne-dokazou-vic	2022-10-04T09:54Z
https://www.seoconsult.cz/blog/jak-ziskat-viralni-uspech-na-tiktoku	2022-11-13T17:41Z
https://www.seoconsult.cz/blog/zjistete-jak-funguje-reklama-na-tiktoku	2022-11-13T17:42Z
https://www.seoconsult.cz/blog/jaky-je-rozdil-mezi-seo-pro-bing-pro-google	2022-12-13T10:39Z
https://www.seoconsult.cz/blog/zjistete-jak-psat-pritazlivejsi-nadpisy	2022-11-13T19:08Z
https://www.seoconsult.cz/blog/jak-je-s-nastroji-v-google-search-console	2022-11-13T17:52Z
https://www.seoconsult.cz/blog/byznys-muzete-nyni-rozjet-i-na-youtube	2022-10-06T11:57Z
https://www.seoconsult.cz/blog/cervenec-2022-novinky-seo-online-marketingu	2022-10-04T09:54Z
https://www.seoconsult.cz/blog/jak-na-optimalizaci-ppc-kampani	2022-11-11T06:22Z
https://www.seoconsult.cz/blog/facebook-vypousti-z-news-feedu-slovo-news	2022-10-04T09:54Z
https://www.seoconsult.cz/blog/google-merchant-center-pridava-moznost-kratkeho-nazvu	2022-10-06T11:56Z
https://www.seoconsult.cz/blog/marketing-na-socialnich-sitich-v-roce-2022	2022-11-13T19:10Z
https://www.seoconsult.cz/blog/reklamy-na-tiktoku-nebo-instagram-reels	2022-10-06T11:55Z
https://www.seoconsult.cz/blog/jak-ziskat-zpet-penize-za-neplatna-kliknuti-ve-sluzbe-google-ads	2022-11-27T00:41Z
https://www.seoconsult.cz/blog/youtube-video-spam	2022-11-13T18:10Z
https://www.seoconsult.cz/blog/kosmeticky-salon-jak-se-prosadit-na-trhu	2022-10-06T11:52Z
https://www.seoconsult.cz/blog/cervenec-2022-dalsi-novinky-v-seo-online-marketingu	2022-10-04T09:54Z
https://www.seoconsult.cz/blog/jak-funguje-google-ads-jak-se-v-nem-orientovat	2022-10-06T11:45Z
https://www.seoconsult.cz/blog/obsahova-nebo-vyhledavaci-sit-google	2024-12-10T18:01Z
https://www.seoconsult.cz/blog/socialni-site-pro-instalatery-jak-uspet	2022-11-23T06:59Z
https://www.seoconsult.cz/blog/jak-odhalit-neocenitelne-poznatky-o-zakaznicich	2022-10-04T09:54Z
https://www.seoconsult.cz/blog/chytre-zpusoby-jak-ziskat-vice-sledujicich-na-instagramu	2022-12-03T19:03Z
https://www.seoconsult.cz/blog/srpen-2022-novinky-seo-online-marketingu	2022-10-06T11:47Z
https://www.seoconsult.cz/blog/prevalcujte-konkurenci-vyniknete-na-amazonu-vime-jak-na	2022-11-27T00:50Z
https://www.seoconsult.cz/blog/efektivni-placena-reklama-jak-na	2022-10-04T17:13Z
https://www.seoconsult.cz/blog/vykonne-ppc-kampane-pomuze-dukladny-audit	2022-12-13T10:27Z
https://www.seoconsult.cz/blog/7-tipu-jak-usetrit-v-google-ads	2022-11-13T18:00Z
https://www.seoconsult.cz/blog/srpen-2022-dalsi-aktualni-novinky-v-seo-online-marketingu	2022-12-03T15:58Z
https://www.seoconsult.cz/blog/3-zmeny-v-automatickych-rozsirenych-v-google-ads	2022-10-04T17:15Z
https://www.seoconsult.cz/blog/nove-moznosti-v-mapach-google	2022-10-04T17:16Z
https://www.seoconsult.cz/blog/ziskejte-udrzte-si-prizen-svych-zakazniku	2022-10-04T17:17Z
https://www.seoconsult.cz/blog/jak-snizit-prumernou-cpa	2022-12-12T06:44Z
https://www.seoconsult.cz/blog/chyby-v-google-ads-ktere-brani-konverzim	2022-10-04T09:54Z
https://www.seoconsult.cz/blog/google-spousti-automaticke-reklamy-na-vozidla	2022-10-04T17:06Z
https://www.seoconsult.cz/blog/jak-na-dokonaly-e-shop	2022-10-04T17:06Z
https://www.seoconsult.cz/blog/vytvorte-dokonaly-mobilni-design	2022-10-04T17:04Z
https://www.seoconsult.cz/blog/zari-2022-novinky-seo-online-marketingu	2022-10-04T09:54Z
https://www.seoconsult.cz/blog/kreativni-levnejsi-alternativy-google-ads	2022-10-08T17:59Z
https://www.seoconsult.cz/blog/wordpress-sablony-pro-realitni-kancelare	2022-10-04T17:10Z
https://www.seoconsult.cz/blog/obsahovy-marketing-pro-b2b	2022-10-04T09:54Z
https://www.seoconsult.cz/blog/zvyste-miru-prokliku-konverze-sveho-webu	2022-10-04T17:03Z
https://www.seoconsult.cz/blog/tipy-na-marketing-pro-realitni-kancelar	2022-11-13T17:53Z
https://www.seoconsult.cz/blog/duetova-videa-na-tiktoku	2022-10-12T06:22Z
https://www.seoconsult.cz/blog/rijen-2022-novinky-seo-online-marketingu	2023-12-18T10:55Z
https://www.seoconsult.cz/blog/10-chyb-kterych-je-treba-se-vyvarovat-v-remarketingovych-kampanich	2022-12-08T10:35Z
https://www.seoconsult.cz/blog/publikujte-sve-newslettery-na-linkedinu	2022-12-13T10:34Z
https://www.seoconsult.cz/blog/rijen-2022-dalsi-novinky-seo-online-marketingu	2022-10-25T14:39Z
https://www.seoconsult.cz/blog/twitter-testuje-3-nove-typy-reklamnich-formatu	2022-10-27T14:11Z
https://www.seoconsult.cz/blog/zkombinujte-vyhody-seo-ppc	2022-10-31T17:20Z
https://www.seoconsult.cz/blog/tiktok-nebo-instagram-reels-co-je-vyhodnejsi	2022-11-02T17:09Z
https://www.seoconsult.cz/blog/analyzujte-seo-vasich-konkurentu	2022-11-04T15:18Z
https://www.seoconsult.cz/blog/co-je-automatizace-e-mailoveho-marketingu	2022-11-07T16:57Z
https://www.seoconsult.cz/blog/5-novych-funkci-linkedinu-pro-b2b-marketery	2022-11-10T15:47Z
https://www.seoconsult.cz/blog/zvyste-roi-vaseho-e-mailoveho-marketingu	2022-11-11T14:30Z
https://www.seoconsult.cz/blog/tipy-taktiky-pro-zlepseni-seo	2022-11-15T15:50Z
https://www.seoconsult.cz/blog/listopad-2022-novinky-seo-online-marketingu	2022-11-16T14:32Z
https://www.seoconsult.cz/blog/proc-vase-firma-potrebuje-byt-na-tiktoku	2022-11-18T18:23Z
https://www.seoconsult.cz/blog/google-ads-sdili-tri-osvedcene-postupy-automatizace	2022-11-21T16:31Z
https://www.seoconsult.cz/blog/novinky-ve-vimeo	2022-11-24T08:32Z
https://www.seoconsult.cz/blog/google-analytics-4-pro-ppc	2022-11-25T18:13Z
https://www.seoconsult.cz/blog/jak-spravovat-firemni-profil-google	2022-11-28T17:15Z
https://www.seoconsult.cz/blog/jak-zvysit-lokalni-navstevnost	2022-11-29T15:26Z
https://www.seoconsult.cz/blog/listopad-2022-dalsi-novinky-seo-marketingu	2024-08-03T18:20Z
https://www.seoconsult.cz/blog/zakladni-rozdily-mezi-b2b-b2c-marketingem	2022-12-01T15:30Z
https://www.seoconsult.cz/blog/marketingova-psychologie-k-ovlivneni-zakazniku	2022-12-02T15:35Z
https://www.seoconsult.cz/blog/vylepsete-strukturu-uctu-google-ads	2022-12-07T17:35Z
https://www.seoconsult.cz/blog/jak-resit-seo-problemy	2022-12-08T15:41Z
https://www.seoconsult.cz/blog/hledani-v-google-podle-obrazku-textu-soucasne	2022-12-09T15:28Z
https://www.seoconsult.cz/blog/co-je-canva-pro	2022-12-12T17:29Z
https://www.seoconsult.cz/blog/triky-ux-pro-optimalizaci-konverzi-na-cilove-strance	2022-12-13T16:34Z
https://www.seoconsult.cz/blog/prosinec-2022-dalsi-novinky-seo-marketingu	2022-12-14T13:58Z
https://www.seoconsult.cz/blog/novinky-v-reklame-tiktok-infeed	2022-12-19T17:00Z
https://www.seoconsult.cz/navody	2022-12-19T23:06Z
https://www.seoconsult.cz/jak-se-pripravit-na-budouci-zmeny-v-ppc-webinar	2026-06-22T05:53Z
https://www.seoconsult.cz/stahnete-si-facebook-e-book	2025-05-27T20:09Z
https://www.seoconsult.cz/blog/zvyste-efektivitu-svych-ppc-kampani	2023-01-02T18:26Z
https://www.seoconsult.cz/blog/uspesna-kampan-v-google-ads	2023-01-03T15:37Z
https://www.seoconsult.cz/blog/moznosti-firemniho-profilu-na-googlu	2023-01-04T15:51Z
https://www.seoconsult.cz/blog/take-verite-seo-mytum	2023-01-05T18:14Z
https://www.seoconsult.cz/blog/ziskejte-bezplatny-kredit-na-ppc-reklamu-google-ads-sklik	2023-01-06T08:55Z
https://www.seoconsult.cz/blog/propagujte-svuj-obchod-s-kavou	2023-01-06T15:38Z
https://www.seoconsult.cz/blog/proc-se-vase-e-maily-vraci	2023-01-09T15:36Z
https://www.seoconsult.cz/blog/jak-na-kvalitni-vstupni-stranku	2024-08-04T05:36Z
https://www.seoconsult.cz/blog/core-web-vitals-zlepsi-vykon-ux	2023-01-11T17:30Z
https://www.seoconsult.cz/blog/zlepsete-vase-seo-pomoci-internich-odkazu	2023-01-12T15:51Z
https://www.seoconsult.cz/blog/jak-optimalizovat-pro-lokalni-seo	2023-01-13T16:25Z
https://www.seoconsult.cz/blog/leden-2023-zhave-novinky-seo-marketingu	2024-08-03T18:19Z
https://www.seoconsult.cz/blog/jak-vyuzivat-tiktok-pro-vas-business	2023-01-17T15:06Z
https://www.seoconsult.cz/blog/jak-najit-sve-cilove-publikum	2023-01-18T16:51Z
https://www.seoconsult.cz/blog/rsa-reklamy-jednoduse-jak-na	2023-01-19T14:59Z
https://www.seoconsult.cz/blog/ziskejte-vice-konverzi-diky-e-mailingu	2023-01-20T11:23Z
https://www.seoconsult.cz/blog/jak-vytvorit-dokonalou-ppc-kampan	2023-01-23T16:38Z
https://www.seoconsult.cz/blog/pouzivejte-slova-ktera-zaujmou	2023-01-24T17:02Z
https://www.seoconsult.cz/blog/odliste-svuj-obsah-na-socialnich-sitich	2023-01-25T17:05Z
https://www.seoconsult.cz/blog/leden-2023-dalsi-novinky-seo-marketingu-0	2023-01-26T15:00Z
https://www.seoconsult.cz/blog/statistiky-tiktoku-ktere-potrebujete-znat	2023-01-27T14:23Z
https://www.seoconsult.cz/blog/tiktok-pro-realitni-maklere	2023-01-30T17:11Z
https://www.seoconsult.cz/blog/jak-na-seo-drobeckovou-navigaci	2023-01-31T14:39Z
https://www.seoconsult.cz/blog/vyhody-nevyhody-reklamy-performance-max	2023-02-01T16:36Z
https://www.seoconsult.cz/blog/kompletni-pruvodce-hashtagy-na-instagramu	2023-02-02T16:19Z
https://www.seoconsult.cz/blog/linkedin-ma-nyni-business-manager	2023-02-03T15:18Z
https://www.seoconsult.cz/blog/jak-na-bohate-vysledky-v-google	2023-02-06T17:20Z
https://www.seoconsult.cz/blog/jak-na-strukturu-ppc-uctu	2024-08-02T09:09Z
https://www.seoconsult.cz/blog/nejlepsi-seo-tipy-pro-wordpress-weby	2023-02-08T17:21Z
https://www.seoconsult.cz/blog/zive-vysilani-videa-pro-lepsi-b2b-marketing	2023-02-09T18:07Z
https://www.seoconsult.cz/blog/jak-spravne-skalovat-reklamy-na-facebooku	2023-02-10T17:03Z
https://www.seoconsult.cz/blog/jak-na-vysoce-efektivni-inzerci-na-facebooku	2023-02-13T16:59Z
https://www.seoconsult.cz/blog/unor-2023-novinky-seo-online-marketingu	2023-02-15T16:31Z
https://www.seoconsult.cz/blog/osvedcene-postupy-e-mailoveho-marketingu	2024-08-03T18:38Z
https://www.seoconsult.cz/blog/chyby-optimalizace-obsahu-ovlivnujici-navratnost-investic	2023-02-17T17:20Z
https://www.seoconsult.cz/blog/google-spousti-diagnostiku-kampani-performance-max	2023-02-20T16:40Z
https://www.seoconsult.cz/blog/automaticke-oznacovani-google-merchant-center	2023-02-21T17:48Z
https://www.seoconsult.cz/blog/triky-b2b-influencer-marketingu	2023-02-22T18:13Z
https://www.seoconsult.cz/blog/google-ads-odhalte-tajemstvi-ppc-kampani	2023-02-24T17:54Z
https://www.seoconsult.cz/blog/pinterest-predstavuje-nove-formaty-reklamy	2023-02-27T16:31Z
https://www.seoconsult.cz/blog/objevte-5-zpusobu-jak-sladit-seo-ppc	2023-03-01T17:29Z
https://www.seoconsult.cz/blog/jak-dosahnout-dobre-pozice-v-placene-zone-serp	2023-03-02T18:21Z
https://www.seoconsult.cz/blog/jak-na-uspesny-cross-channel-marketing	2023-03-03T14:55Z
https://www.seoconsult.cz/blog/seo-je-skvelou-investici-nejen-nakladem	2023-03-13T16:24Z
https://www.seoconsult.cz/blog/pruvodce-oznamovacimi-e-maily	2023-03-17T17:19Z
https://www.seoconsult.cz/blog/jak-najit-idealni-influencery	2023-03-15T17:35Z
https://www.seoconsult.cz/blog/propagujte-sve-aplikace-na-facebooku	2023-03-16T17:16Z
https://www.seoconsult.cz/blog/jak-ziskat-sledujici-na-tiktoku	2023-03-17T17:15Z
https://www.seoconsult.cz/blog/vyuziti-psychologie-barev-v-marketingu	2023-03-20T17:06Z
https://www.seoconsult.cz/blog/brezen-2023-novinky-seo-online-marketingu	2023-03-21T13:37Z
https://www.seoconsult.cz/blog/jak-maximalizovat-poznatky-z-performance-max	2023-03-24T14:59Z
https://www.seoconsult.cz/blog/google-ads-performance-max-jak-na	2023-03-27T15:54Z
https://www.seoconsult.cz/blog/brezen-2023-dalsi-novinky-seo-online-marketingu	2023-03-28T16:10Z
https://www.seoconsult.cz/blog/tipy-od-google-jak-vylepsit-meta-popisy	2023-03-29T15:38Z
https://www.seoconsult.cz/blog/analyzujte-svuj-e-shop-pro-pochopeni-sveho-publika	2023-03-30T13:49Z
https://www.seoconsult.cz/blog/jak-pristupovat-k-seo-v-obdobi-globalnich-zmen	2023-03-31T17:23Z
https://www.seoconsult.cz/blog/optimalizace-obsahu-pro-vyhledavani	2023-04-03T15:40Z
https://www.seoconsult.cz/blog/data-prvni-strany-jsou-budoucnosti-digitalniho-marketingu	2023-04-05T14:17Z
https://www.seoconsult.cz/blog/jak-na-onpage-optimalizaci-webu	2023-04-06T13:31Z
https://www.seoconsult.cz/blog/jak-provest-analyzu-konkurence-pro-mistni-seo	2023-04-11T17:33Z
https://www.seoconsult.cz/blog/zaklady-seo-pro-rust-vaseho-lekarskeho-webu	2023-04-12T15:25Z
https://www.seoconsult.cz/blog/duben-2023-zhave-novinky-v-seo-marketingu	2024-08-02T09:18Z
https://www.seoconsult.cz/blog/povedomi-o-znacce-je-dulezitou-soucasti-seo	2023-04-16T12:48Z
https://www.seoconsult.cz/blog/mikrozamery-jak-je-pouzit-v-seo	2023-05-31T09:50Z
https://www.seoconsult.cz/blog/jak-odlisit-cile-od-klicovych-ukazatelu-vykonnosti	2023-04-18T13:55Z
https://www.seoconsult.cz/blog/cro-seo-se-mely-vzajemne-doplnovat	2023-04-19T16:48Z
https://www.seoconsult.cz/blog/soustredeni-na-dulezite-veci-vam-prinese-uspech-nejen-v-marketingu	2023-04-26T16:26Z
https://www.seoconsult.cz/blog/duben-2023-dalsi-zhave-novinky-v-seo-marketingu	2024-08-03T18:21Z
https://www.seoconsult.cz/blog/seo-ppc-nejlepe-funguji-spolecne	2023-04-28T15:51Z
https://www.seoconsult.cz/blog/jake-existuji-alternativy-ke-sluzbe-wayback-machine	2023-05-02T16:13Z
https://www.seoconsult.cz/blog/online-marketing-udelejte-s-malym-rozpoctem-velke-veci	2023-05-03T16:10Z
https://www.seoconsult.cz/blog/nepodcenujte-vyznam-spravne-navrzenych-webovych-stranek	2023-05-04T16:31Z
https://www.seoconsult.cz/blog/tajemstvi-algoritmu-internetovych-vyhledavacu	2023-05-05T16:53Z
https://www.seoconsult.cz/blog/jak-hromadne-upravit-obrazky-v-xml-rychle-jednoduse	2025-01-15T08:16Z
https://www.seoconsult.cz/blog/jak-pouzivat-autoresponder	2023-05-10T16:36Z
https://www.seoconsult.cz/blog/prizpusobeni-reklam-google-proc-jak	2023-05-11T15:42Z
https://www.seoconsult.cz/blog/jak-vytvorit-marketingove-video-ktere-prinasi-konverze	2023-05-12T13:43Z
https://www.seoconsult.cz/blog/digitalni-era-tradicni-firmy-10-tipu-pro-uspesnou-strategii	2023-11-13T08:02Z
https://www.seoconsult.cz/blog/kvetnove-novinky-ze-sveta-seo-marketingu	2023-05-16T13:01Z
https://www.seoconsult.cz/blog/jak-ovladat-kampane-s-performance-max	2023-05-17T16:02Z
https://www.seoconsult.cz/blog/lokalni-marketingove-strategie-ktere-funguji	2023-05-18T14:26Z
https://www.seoconsult.cz/blog/jak-vybrat-seo-agenturu-0	2023-05-18T14:36Z
https://www.seoconsult.cz/blog/vylepsete-marketing-vaseho-hotelu	2023-05-19T15:19Z
https://www.seoconsult.cz/blog/jaky-web-zvolit-pro-vas-byznys	2023-05-22T16:04Z
https://www.seoconsult.cz/blog/instagram-v-procesu-zmen-zive-nakupovani-konci	2023-05-23T14:48Z
https://www.seoconsult.cz/blog/tajemstvi-uspesneho-b2b-influencer-marketingu	2023-05-25T13:22Z
https://www.seoconsult.cz/blog/kveten-2023-dalsi-zhave-novinky-v-seo-marketingu	2024-08-03T18:22Z
https://www.seoconsult.cz/blog/dusevni-zdravi-v-marketingu-4-komunikacni-tipy-pro-neurodivergentni-marketery	2023-05-29T16:07Z
https://www.seoconsult.cz/blog/tipy-na-optimalizaci-ppc-pro-zacinajici-e-shopy	2023-05-30T15:20Z
https://www.seoconsult.cz/blog/jak-vytvorit-autentictejsi-obsah-rizeny-influencery-pro-prilakani-potencialnich-zakazniku	2023-05-31T15:19Z
https://www.seoconsult.cz/blog/jak-drzet-krok-s-vyvojem-google-ppc	2023-06-17T11:47Z
https://www.seoconsult.cz/blog/tajemstvi-uspechu-v-b2b	2023-06-02T13:54Z
https://www.seoconsult.cz/blog/rizeni-cesty-zakaznika-optimalizace-konverzniho-trychtyre	2023-06-05T15:49Z
https://www.seoconsult.cz/blog/nove-funkce-v-profesni-siti-linkedin	2023-06-06T14:32Z
https://www.seoconsult.cz/blog/zhorsily-se-vase-pozice-v-google-mozna-neco-delate-spatne	2023-06-12T16:14Z
https://www.seoconsult.cz/blog/tym-google-chrome-sdili-tipy-pro-optimalizaci-core-web-vitals	2024-09-25T14:19Z
https://www.seoconsult.cz/blog/proc-konverze-v-google-ads-neodpovidaji-udajum-v-google-analytics	2023-06-16T14:14Z
https://www.seoconsult.cz/blog/cerven-2023-zhave-novinky-v-seo-marketingu	2023-06-19T08:39Z
https://www.seoconsult.cz/blog/seo-pro-uspesnou-mezinarodni-expanzi	2023-06-20T13:29Z
https://www.seoconsult.cz/blog/napady-na-obsah-se-mozna-objevi-v-konzole-google-search-console	2023-06-21T15:54Z
https://www.seoconsult.cz/blog/google-bude-omezovat-prehledy-vyhledavanych-vyrazu-v-ppc	2025-05-12T10:59Z
https://www.seoconsult.cz/blog/vas-pruvodce-reportovanim-sledovanim-seo-pro-rok-2023	2023-06-26T16:05Z
https://www.seoconsult.cz/blog/kdy-je-spravny-cas-na-provedeni-obsahoveho-auditu-pro-seo	2023-06-27T13:46Z
https://www.seoconsult.cz/blog/cerven-2023-dalsi-zhave-novinky-v-seo-marketingu	2023-06-28T14:55Z
https://www.seoconsult.cz/blog/jak-blokovat-googlebot-na-firemnich-webovych-strankach	2023-06-29T14:43Z
https://www.seoconsult.cz/blog/klicovy-vyznam-zameru-vyhledavani-pro-seo	2023-06-30T12:41Z
https://www.seoconsult.cz/blog/4-technicke-tipy-seo-pro-vicejazycne-webove-stranky	2023-07-03T15:37Z
https://www.seoconsult.cz/blog/pruvodce-obsahovym-marketingem-linkedin	2023-07-04T14:14Z
https://www.seoconsult.cz/blog/pouziti-excelu-pro-seo	2023-07-10T16:18Z
https://www.seoconsult.cz/blog/co-je-obsahovy-marketing-jak-ovlivnuje-uspech-b2b-znacek	2023-07-11T15:15Z
https://www.seoconsult.cz/blog/nejnovejsi-trendy-vyhledavacu-v-asii-2023	2023-07-12T16:16Z
https://www.seoconsult.cz/blog/4-technicke-seo-tipy-pro-vicejazycne-webove-stranky	2023-07-13T14:51Z
https://www.seoconsult.cz/blog/cervenec-2023-novinky-seo-online-marketingu	2023-07-14T14:27Z
https://www.seoconsult.cz/blog/google-bard-nyni-muze-vyuzivat-presnou-polohu-vaseho-zarizeni	2023-07-17T16:27Z
https://www.seoconsult.cz/blog/indexovani-webovych-stranek-vyhledavaci-jak-funguje	2023-07-19T15:44Z
https://www.seoconsult.cz/blog/vliv-b2b-komunity-na-influencer-marketing	2023-07-20T17:31Z
https://www.seoconsult.cz/blog/sledujte-zakazniky-prijmy-ze-seo-ve-vasem-crm	2023-07-21T14:04Z
https://www.seoconsult.cz/blog/moderni-trendy-v-b2b-seo	2023-07-24T16:16Z
https://www.seoconsult.cz/blog/jak-optimalizovat-web-pro-mobilni-telefony	2025-01-28T11:02Z
https://www.seoconsult.cz/blog/hlavni-typy-mistnich-odkazu-jak-je-ziskat	2024-08-03T18:38Z
https://www.seoconsult.cz/blog/uzivatelska-zkusenost-jeji-vliv-na-seo	2023-07-27T17:31Z
https://www.seoconsult.cz/blog/dalsi-naloz-cervencovych-seo-novinek	2023-07-28T13:56Z
https://www.seoconsult.cz/blog/jak-spolupracovat-s-influencery-na-vasem-obsahu	2023-07-31T16:11Z
https://www.seoconsult.cz/blog/zlepsete-influencer-marketing-pomoci-generativni-ai	2023-08-01T16:24Z
https://www.seoconsult.cz/blog/jak-stanovit-priority-klicovych-slov-pro-tvorbu-seo-obsahu	2023-08-02T16:22Z
https://www.seoconsult.cz/online-webinar-22-nejcastejsich-chyb-v-ppc-reklame	2026-06-22T05:53Z
https://www.seoconsult.cz/blog/statistiky-v-digitalnim-marketingu-jak-je-pouzivat	2024-08-03T15:39Z
https://www.seoconsult.cz/blog/produktovy-manazer-seo-manazer-jaky-je-rozdil	2023-08-11T12:38Z
https://www.seoconsult.cz/blog/srpnove-novinky-ze-sveta-seo-online-marketingu	2023-08-14T16:08Z
https://www.seoconsult.cz/webinare	2026-10-06T07:54Z
https://www.seoconsult.cz/e-booky	2026-09-18T05:52Z
https://www.seoconsult.cz/blog/marketing-na-instagramu-facebooku	2023-08-15T14:06Z
https://www.seoconsult.cz/blog/vylepsete-vasi-online-reputaci	2023-08-16T07:18Z
https://www.seoconsult.cz/blog/co-je-reaktivni-marketing	2024-02-19T06:00Z
https://www.seoconsult.cz/blog/jsou-pro-vas-performance-max-kampane-vhodne	2023-08-25T13:48Z
https://www.seoconsult.cz/blog/jak-vybrat-barvy-pro-vase-firemni-webove-stranky	2023-08-25T07:12Z
https://www.seoconsult.cz/blog/dalsi-srpnove-novinky-ze-sveta-seo-online-marketingu	2023-08-25T13:51Z
https://www.seoconsult.cz/blog/vyhody-nevyhody-obsahoveho-marketingu-s-ppc-kampanemi	2023-08-28T17:13Z
https://www.seoconsult.cz/blog/jak-vytvorit-efektivni-reklamni-kampan-na-facebooku	2023-08-28T17:38Z
https://www.seoconsult.cz/blog/jak-vytvorit-entitu-vasi-znacky-pro-seo	2023-08-29T14:18Z
https://www.seoconsult.cz/blog/jak-pouzivat-ai-k-lepsimu-psani-seo-obsahu	2023-08-29T14:28Z
https://www.seoconsult.cz/blog/vybudujte-si-viteznou-marketingovou-strategii	2023-11-13T08:04Z
https://www.seoconsult.cz/stahnete-si-zdarma-e-book-pruvodce-vytvarenim-uspesnych-kampani-google-ads	2025-05-27T20:10Z
https://www.seoconsult.cz/blog/15-nejlepsich-nastroju-pro-analyzu-klicovych-slov	2023-11-13T08:04Z
https://www.seoconsult.cz/blog/ai-v-google-vyhledavani-google-search-generative-experience-sge	2023-11-13T08:03Z
https://www.seoconsult.cz/blog/co-je-google-topic-authority	2023-11-13T08:05Z
https://www.seoconsult.cz/blog/ai-revoluce-na-co-se-zamerit-v-ramci-seo	2023-11-13T08:03Z
https://www.seoconsult.cz/blog/mistni-landing-page-jak-na-uspesnou-strategii	2023-11-13T08:03Z
https://www.seoconsult.cz/blog/rozpocet-na-reklamu-v-malych-firmach	2023-09-07T15:28Z
https://www.seoconsult.cz/blog/zmeny-ve-vyuziti-dat-pro-marketing	2024-08-02T09:13Z
https://www.seoconsult.cz/blog/vyuziti-vizualnich-prvku-ke-zvyseni-atraktivity-obsahu	2023-09-11T17:54Z
https://www.seoconsult.cz/blog/zarijove-novinky-v-seo-digitalnim-marketingu-sledujte-trendy	2023-09-12T05:55Z
https://www.seoconsult.cz/navody-maily	2023-09-14T14:09Z
https://www.seoconsult.cz/blog/google-upravuje-zasady-nakupnich-reklam-s-cilem-zvysit-transparentnost	2023-09-14T16:16Z
https://www.seoconsult.cz/blog/google-v-dnesni-podobe-mozna-nebude-za-10-let-existovat	2023-09-14T16:21Z
https://www.seoconsult.cz/blog/jsou-odkazy-ze-stranek-psanych-v-jinem-jazyce-spatne-pro-seo	2023-09-15T09:22Z
https://www.seoconsult.cz/blog/microsoft-predstavuje-sluzbu-pro-sledovani-udalosti	2023-09-18T05:22Z
https://www.seoconsult.cz/google-ads-nasdileni-uctu	2024-10-21T14:51Z
https://www.seoconsult.cz/ucet-sklik	2024-04-16T10:05Z
https://www.seoconsult.cz/blog/proc-si-nemuzete-dovolit-ignorovat-responsive-display-ads	2023-09-19T17:24Z
https://www.seoconsult.cz/blog/jak-zajistit-budoucnost-sveho-webu-v-ere-ai-vyhledavani	2023-09-22T14:47Z
https://www.seoconsult.cz/blog/jak-zkombinovat-skvely-obsah-se-strategickym-oslovenim-navstevniku	2023-09-25T15:27Z
https://www.seoconsult.cz/blog/pet-lead-magnetu-ktere-doplnuji-placenou-navstevnost	2023-09-25T15:42Z
https://www.seoconsult.cz/blog/3-zpusoby-pouziti-umele-inteligence-pro-optimalizaci-stranek	2023-09-25T15:45Z
https://www.seoconsult.cz/blog/dalsi-zarijove-novinky-v-seo-digitalnim-marketingu	2023-09-26T16:54Z
https://www.seoconsult.cz/blog/pruvodce-core-web-vitals-v-6-krocich	2023-09-29T15:15Z
https://www.seoconsult.cz/blog/seo-na-youtube-jak-najit-nejlepsi-klicova-slova-generujici-navstevnost	2023-10-01T16:28Z
https://www.seoconsult.cz/blog/jak-maximalizovat-vysledky-reklam-google-s-nizkym-rozpoctem	2024-02-19T06:09Z
https://www.seoconsult.cz/blog/vylepsete-marketing-pomoci-prediktivni-analyzy	2023-10-06T13:28Z
https://www.seoconsult.cz/blog/je-jazyk-faktorem-hodnoceni-v-googlu	2023-10-06T13:54Z
https://www.seoconsult.cz/blog/jak-vytvorit-ppc-vstupni-stranky-vhodne-pro-seo	2023-10-06T22:04Z
https://www.seoconsult.cz/blog/google-ads-spravujte-rozpocet-efektivne	2023-11-13T08:11Z
https://www.seoconsult.cz/blog/efektivni-sprava-ppc-kampani-denni-tydenni-mesicni-kontroly	2023-11-13T08:10Z
https://www.seoconsult.cz/blog/trendy-kampani-performance-max	2023-11-13T08:12Z
https://www.seoconsult.cz/blog/jak-marketing-znacky-pomaha-zlepsit-signaly-eat	2023-11-13T08:13Z
https://www.seoconsult.cz/blog/google-ads-predvidani-vykonu-videokampani	2023-11-13T08:12Z
https://www.seoconsult.cz/blog/10-tipu-jak-vylepsit-seo-pomoci-obrazku	2024-08-03T18:46Z
https://www.seoconsult.cz/blog/rijen-mesic-plny-inovaci-v-seo-online-marketingu	2023-10-16T04:59Z
https://www.seoconsult.cz/blog/jak-nastavit-wordpress-pro-uspech-v-seo	2023-10-17T17:38Z
https://www.seoconsult.cz/blog/jak-v-e-mailingu-pouzivat-obsah-vytvareny-uzivateli	2024-08-03T18:49Z
https://www.seoconsult.cz/blog/zlepsete-miru-prokliku-v-reklamach-google	2023-10-23T07:01Z
https://www.seoconsult.cz/blog/jak-uspet-v-reklamach-google-strategie-ktere-funguji	2023-10-23T07:15Z
https://www.seoconsult.cz/blog/jak-pouzivat-statistiky-v-digitalnim-marketingu-0	2023-10-23T07:18Z
https://www.seoconsult.cz/blog/kontrolni-seznam-pro-uspesne-spusteni-novych-webovych-stranek	2023-10-23T07:21Z
https://www.seoconsult.cz/blog/25-tipu-jak-optimalizovat-obsah-pro-lidi-vyhledavace	2023-10-24T07:04Z
https://www.seoconsult.cz/blog/8-zakladnich-prvku-uspesneho-seo	2024-02-19T06:37Z
https://www.seoconsult.cz/blog/google-nabizi-sluzbu-performance-max-pro-cestovni-cile	2023-10-26T06:07Z
https://www.seoconsult.cz/blog/seo-obsahovy-marketing-spolupracuji-v-dokonale-symbioze	2024-10-01T17:28Z
https://www.seoconsult.cz/blog/vyzkum-klicovych-slov-pro-seo	2023-10-30T17:05Z
https://www.seoconsult.cz/blog/marketingova-atribuce-vse-co-potrebujete-vedet	2023-10-31T18:20Z
https://www.seoconsult.cz/blog/chyby-pri-sledovani-konverzi-v-google-ads	2023-11-01T15:56Z
https://www.seoconsult.cz/blog/jak-zvysit-pocet-pozitivnich-recenzi-na-googlu	2023-11-05T15:19Z
https://www.seoconsult.cz/blog/soucasne-trendy-v-seo	2024-10-01T17:26Z
https://www.seoconsult.cz/blog/co-je-mapa-stranek-proc-ji-vas-web-potrebuje	2023-11-07T16:26Z
https://www.seoconsult.cz/blog/vyuzijte-vyhod-dlouhych-klicovych-slov-pro-seo	2023-11-08T16:55Z
https://www.seoconsult.cz/blog/google-jiz-nedoporucuje-kanonicke-znacky-pro-syndikovany-obsah	2023-11-09T19:00Z
https://www.seoconsult.cz/blog/listopadove-novinky-trendy-ve-svete-seo-online-marketingu	2023-11-13T07:51Z
https://www.seoconsult.cz/blog/dalsi-rijnove-novinky-ve-svete-seo-online-marketingu	2023-11-13T07:52Z
https://www.seoconsult.cz/blog/pinterest-zlepsuje-reklamni-moznosti-pro-male-podniky	2023-11-14T13:03Z
https://www.seoconsult.cz/blog/automaticky-bidding-prostrednictvim-conviu	2025-01-15T08:15Z
https://www.seoconsult.cz/blog/monitoring-cen-konkurence-top-produktu-v-conviu	2025-01-15T08:16Z
https://www.seoconsult.cz/blog/kombinace-inbound-marketingu-inbound-seo-jako-cesta-k-uspechu	2023-11-21T14:30Z
https://www.seoconsult.cz/blog/tipy-jak-udrzet-krok-v-oblasti-seo-zvysit-navratnost	2023-11-21T14:28Z
https://www.seoconsult.cz/blog/google-spousti-novy-prehled-https-v-google-search-console	2023-11-22T15:25Z
https://www.seoconsult.cz/blog/jak-pouzivat-socialni-site-abyste-se-stali-autoritou-ve-svem-oboru	2023-11-22T15:28Z
https://www.seoconsult.cz/blog/vyuzijte-responzivni-obsahove-reklamy-na-maximum	2023-11-28T18:32Z
https://www.seoconsult.cz/blog/spolupracovat-se-seo-agenturou-nebo-investovat-do-house-specialisty	2023-11-28T18:45Z
https://www.seoconsult.cz/blog/5-nejlepsich-zpusobu-jak-merit-offline-konverze	2023-11-28T18:53Z
https://www.seoconsult.cz/blog/optimalizujte-seo-v-navstevnicky-nejatraktivnejsich-obdobich	2023-11-29T06:25Z
https://www.seoconsult.cz/blog/vytezte-maximum-z-uzivatelskych-dat-prvni-strany	2023-11-29T06:43Z
https://www.seoconsult.cz/blog/fenomen-dnesni-doby-marketing-na-socialnich-sitich	2023-11-29T06:49Z
https://www.seoconsult.cz/blog/dalsi-seo-novinky-v-listopadu-2023	2023-11-30T17:46Z
https://www.seoconsult.cz/blog/pruvodce-podnikovou-seo-strategii-pro-znacky-saas	2023-12-01T16:17Z
https://www.seoconsult.cz/blog/linkedin-zavadi-nove-nastroje-na-podporu-b2b-marketingu	2023-12-04T17:23Z
https://www.seoconsult.cz/blog/jak-dosahnout-zvyseni-viditelnosti-ve-vyhledavani-google	2023-12-06T06:18Z
https://www.seoconsult.cz/blog/google-aktualizuje-osvedcene-postupy-seo-pro-google-discover	2023-12-06T18:23Z
https://www.seoconsult.cz/blog/jak-co-nejlepe-vyuzit-novy-panel-firemniho-profilu-google	2023-12-07T06:38Z
https://www.seoconsult.cz/blog/11-prikladu-e-mailovych-pozdravu	2023-12-07T06:37Z
https://www.seoconsult.cz/blog/marketingove-strategie-pro-male-podniky	2023-12-08T16:22Z
https://www.seoconsult.cz/blog/marketingove-trendy-ktere-vam-pomohou-udrzet-krok	2023-12-09T15:18Z
https://www.seoconsult.cz/blog/pruvodce-obsahovym-marketingem-na-linkedin	2023-12-11T15:15Z
https://www.seoconsult.cz/blog/efektivni-segmentace-zakazniku	2023-12-12T19:24Z
https://www.seoconsult.cz/blog/podobna-publika-v-google-ads-konci-cim-je-nahradit	2023-12-13T17:12Z
https://www.seoconsult.cz/blog/predvanocni-seo-novinky	2023-12-14T17:02Z
https://www.seoconsult.cz/blog/funguje-seo-i-behem-recese	2023-12-18T14:27Z
https://www.seoconsult.cz/blog/nejvetsi-soucasne-tiktok-trendy	2023-12-18T15:01Z
https://www.seoconsult.cz/blog/jak-na-responzivni-e-mailovou-sablonu	2023-12-19T15:47Z
https://www.seoconsult.cz/blog/faktory-hodnoceni-mistniho-vyhledavani	2023-12-20T17:19Z
https://www.seoconsult.cz/blog/5-marketingovych-principu-pro-maximalizaci-efektivity-seo	2023-12-22T17:34Z
https://www.seoconsult.cz/blog/jak-na-dropshipping-v-roce-2024-9-zakladnich-kroku-jak-zacit	2023-12-22T17:55Z
https://www.seoconsult.cz/blog/dalsi-prosincove-novinky-ze-sveta-seo-digitalniho-marketingu	2023-12-29T15:36Z
https://www.seoconsult.cz/blog/jak-odstranit-rozdily-v-atribuci-mezi-e-mailem-telefonem	2023-12-30T19:51Z
https://www.seoconsult.cz/blog/linkedin-pridejte-nove-seo-nadpis-popis-ke-svemu-prispevku	2024-01-15T16:43Z
https://www.seoconsult.cz/blog/instagram-reminder-ads-ppc-reklamy-ve-vysledcich-vyhledavani	2024-01-05T16:25Z
https://www.seoconsult.cz/blog/facebook-efektivni-strategie-obsahoveho-marketingu	2026-05-18T13:35Z
https://www.seoconsult.cz/blog/seo-pruvodce-ponorte-se-hloubeji-do-eeat	2024-01-08T10:18Z
https://www.seoconsult.cz/blog/e-mailove-sablony-pro-realitni-maklere	2024-01-08T15:35Z
https://www.seoconsult.cz/blog/novorocni-seo-novinky-leden-2024	2024-08-02T09:15Z
https://www.seoconsult.cz/blog/ppc-reklamy-ve-vyhledavani-jak-vybrat-vhodna-klicova-slova	2024-01-15T16:45Z
https://www.seoconsult.cz/blog/pruvodce-elektronickym-obchodem-s-reklamami-na-youtube	2024-01-15T16:44Z
https://www.seoconsult.cz/blog/nova-vyzva-k-akci-ktera-privede-zakazniky-primo-na-vas-web	2024-01-15T16:44Z
https://www.seoconsult.cz/blog/jak-maximalizovat-dopad-funkci-maximalniho-vykonu-pmax	2024-01-15T08:54Z
https://www.seoconsult.cz/blog/pruvodce-psanim-prispevku-na-linkedin-pro-marketery-i-male-firmy	2024-10-01T17:29Z
https://www.seoconsult.cz/blog/co-je-evergreen-obsah-proc-je-dulezity-pro-seo	2024-01-17T09:33Z
https://www.seoconsult.cz/online-webinar-nejcastejsi-chyby-ze-seo-auditu	2026-06-22T05:53Z
https://www.seoconsult.cz/blog/reklamy-google-discovery-vs-zobrazovaci-reklamy	2024-01-18T16:47Z
https://www.seoconsult.cz/blog/jak-vytvorit-stranku-se-zdroji	2024-01-19T17:54Z
https://www.seoconsult.cz/blog/jak-zvysit-prodej-pomoci-pobidek-v-ppc-reklamach	2024-01-23T06:08Z
https://www.seoconsult.cz/blog/jak-na-google-analytics-4	2024-01-25T18:44Z
https://www.seoconsult.cz/blog/google-podporuje-nazvy-stranek-pro-subdomeny-na-mobilnich-zarizenich	2024-12-10T17:43Z
https://www.seoconsult.cz/blog/dalsi-lednove-novinky-ze-sveta-seo-online-marketingu	2024-01-28T15:43Z
https://www.seoconsult.cz/blog/jakym-trendum-na-tiktoku-byste-meli-venovat-pozornost	2024-01-29T06:14Z
https://www.seoconsult.cz/blog/co-musite-udelat-pro-optimalizaci-sveho-firemniho-profilu-na-googlu	2024-01-30T17:25Z
https://www.seoconsult.cz/blog/vylepsete-vase-reklamy-na-facebooku	2024-08-02T09:07Z
https://www.seoconsult.cz/blog/google-consent-mode-v2-je-pro-vas-web-nutnosti	2024-02-01T17:36Z
https://www.seoconsult.cz/blog/jak-spravne-delat-obsahovy-marketing-pro-b2b	2024-02-02T14:13Z
https://www.seoconsult.cz/blog/tipy-pro-vytvoreni-vysoce-konverzni-vstupni-stranky-pro-ppc	2024-02-05T17:21Z
https://www.seoconsult.cz/blog/vybudujte-znacku-ktere-lide-duveruji	2024-02-06T10:58Z
https://www.seoconsult.cz/blog/zacnete-s-e-mailovym-marketingem	2024-02-08T16:14Z
https://www.seoconsult.cz/blog/3-jednoduche-moznosti-ppc-optimalizace-ktere-mozna-nevyuzivate	2024-02-07T17:08Z
https://www.seoconsult.cz/blog/konec-nekterych-atribucnich-modelu	2024-02-08T16:21Z
https://www.seoconsult.cz/blog/jak-dukladne-otestovat-rychlost-vaseho-webu	2024-02-09T06:35Z
https://www.seoconsult.cz/blog/unorove-novinky-seo-internetoveho-marketingu	2024-02-12T05:52Z
https://www.seoconsult.cz/blog/designrush-b2b-trziste-ktere-spojuje-firmy-s-kreativnimi-agenturami	2024-03-04T16:27Z
https://www.seoconsult.cz/blog/seo-v-ere-ai-jak-technologie-meni-pravidla-hry	2024-02-14T11:23Z
https://www.seoconsult.cz/blog/seo-vs-sem-jake-jsou-rozdily	2024-08-02T09:08Z
https://www.seoconsult.cz/blog/seo-temata-jsou-temata-dulezitejsi-nez-klicova-slova	2024-02-16T10:31Z
https://www.seoconsult.cz/blog/snadne-tipy-pro-ziskani-mistnich-citaci-pro-rychle-zvyseni-navstevnosti	2024-02-19T06:16Z
https://www.seoconsult.cz/blog/problemy-technickeho-seo-ve-wordpressu-ktere-je-treba-resit	2024-02-20T18:05Z
https://www.seoconsult.cz/blog/jak-meni-google-pristup-k-obsahu-ai	2024-02-22T15:43Z
https://www.seoconsult.cz/blog/google-aktualizuje-pokyny-pro-systemy-spamu-hodnoceni	2024-02-23T14:35Z
https://www.seoconsult.cz/blog/dalsi-unorove-novinky-ve-svete-seo	2024-02-26T06:27Z
https://www.seoconsult.cz/online-webinar-jak-na-obsah-reklamy-na-socialnich-sitich-aneb-myslete-strategicky	2026-10-06T07:52Z
https://www.seoconsult.cz/blog/3-tipy-google-pro-kontrolu-problemu-technickeho-seo	2024-02-27T17:49Z
https://www.seoconsult.cz/blog/kdy-jak-rict-vyhledavacum-ze-vas-obsah-zmizel	2024-02-28T17:31Z
https://www.seoconsult.cz/blog/instagram-vs-facebook-pro-marketing-vse-co-potrebujete-vedet	2024-12-10T18:16Z
https://www.seoconsult.cz/blog/seo-vs-reklamy-v-google-ads-kam-meli-marketeri-investovat	2026-01-09T07:12Z
https://www.seoconsult.cz/blog/vyhledavani-google-proveruje-zpravy-o-problemech-se-zpozdenou-indexaci	2026-01-09T07:12Z
https://www.seoconsult.cz/blog/ai-v-ppc-reklamach-reklamy-google-ads-vyzaduji-silnou-kreativu	2024-03-05T10:08Z
https://www.seoconsult.cz/blog/kolisaji-vam-vysledky-seo-zname-pricinu-i-reseni	2024-03-05T18:28Z
https://www.seoconsult.cz/blog/optimalizace-seo-webovych-stranek-pro-uspech-v-ai-vyhledavani	2024-03-06T16:45Z
https://www.seoconsult.cz/blog/newsletter-nebo-blog-prinasi-jedno-vetsi-uspech-nez-druhe	2024-03-07T06:21Z
https://www.seoconsult.cz/blog/seo-co-delat-pri-poklesu-hodnoceni-serp	2024-03-08T06:39Z
https://www.seoconsult.cz/blog/jake-prinosy-ma-pro-e-shop-umela-inteligence	2024-03-11T14:51Z
https://www.seoconsult.cz/blog/seo-strategie-4-pilire-uspechu-ve-vyhledavacich	2024-03-11T16:52Z
https://www.seoconsult.cz/blog/jak-upravit-seo-cro-pomoci-psychologie-chovani	2024-03-12T07:44Z
https://www.seoconsult.cz/blog/rostouci-vyznam-socialnich-medii-v-b2b-marketingu	2024-03-13T15:27Z
https://www.seoconsult.cz/blog/breznove-novinky-v-seo-digitalnim-marketingu	2024-03-14T13:58Z
https://www.seoconsult.cz/blog/co-obnasi-technicky-seo-audit	2026-01-09T06:59Z
https://www.seoconsult.cz/blog/google-resil-problemy-s-indexaci	2026-01-09T06:59Z
https://www.seoconsult.cz/blog/syndikovany-obsah-vyplati-se-pouzivat-kanonicke-nebo-noindex-odkazy	2024-03-20T06:37Z
https://www.seoconsult.cz/blog/propojeni-google-s-tiktokem-videa-uryvky-v-generativnim-prostredi-vyhledavani	2024-03-25T16:53Z
https://www.seoconsult.cz/blog/google-prichazi-s-aktualizaci-core-web-vitals	2024-03-25T16:53Z
https://www.seoconsult.cz/blog/seo-optimalizace-pro-neznackove-vyhledavaci-dotazy	2024-03-25T16:57Z
https://www.seoconsult.cz/blog/influencer-marketing-jak-merit-navratnost-investic-v-b2b	2024-03-26T08:47Z
https://www.seoconsult.cz/blog/obsah-vytvoreny-umelou-inteligenci-nabira-na-sile	2024-03-26T17:51Z
https://www.seoconsult.cz/blog/je-text-alt-faktorem-hodnoceni-pro-vyhledavani-obrazku-v-googlu	2024-03-27T17:28Z
https://www.seoconsult.cz/blog/brezen-2024-dalsi-novinky-ve-svete-seo-marketingu	2024-03-28T15:30Z
https://www.seoconsult.cz/blog/zjistete-jak-psat-lepsi-obsah	2024-04-02T13:55Z
https://www.seoconsult.cz/blog/ecommerce-marketing-v-roce-2024	2024-04-04T14:17Z
https://www.seoconsult.cz/blog/jsou-core-web-vitals-faktorem-hodnoceni	2024-04-18T11:44Z
https://www.seoconsult.cz/blog/rychle-snadne-zpusoby-jak-ziskat-vetsi-navstevnost-z-odkazu	2024-04-18T11:46Z
https://www.seoconsult.cz/blog/zapomente-na-pagerank	2024-04-24T05:45Z
https://www.seoconsult.cz/blog/seo-pro-aktivaci-udrzeni-uzivatelu	2024-04-15T05:18Z
https://www.seoconsult.cz/blog/vylepsete-svuj-web-pomoci-strukturovanych-dat	2026-01-09T06:59Z
https://www.seoconsult.cz/blog/pruvodce-dubnovymi-novinkami-v-seo-digitalnim-marketingu	2024-04-16T09:26Z
https://www.seoconsult.cz/blog/optimalizace-vyhledavani-videa-nejlepsi-tipy-pro-rok-2024	2026-01-09T06:59Z
https://www.seoconsult.cz/blog/nove-funkce-google-pro-e-shopy	2024-04-24T05:48Z
https://www.seoconsult.cz/blog/jak-monitorovat-zlepsit-interaction-next-paint	2024-04-24T05:48Z
https://www.seoconsult.cz/blog/jak-sledovat-roi-obsahu-na-strance-optimalizovat-prijmy	2024-04-24T05:49Z
https://www.seoconsult.cz/blog/generativni-vyhledavani-google-meni-pohled-na-seo	2024-04-23T16:55Z
https://www.seoconsult.cz/blog/seo-pruvodce-obsahova-strategie-od-zakladu-po-mistrovstvi	2024-04-23T17:02Z
https://www.seoconsult.cz/blog/seo-jak-na-efektivni-strategii-linkbuildingu	2024-04-30T17:12Z
https://www.seoconsult.cz/blog/seo-online-marketing-dalsi-dubnove-novinky	2024-04-24T14:42Z
https://www.seoconsult.cz/blog/jak-budovat-odkazy-pro-e-shop	2024-04-25T13:56Z
https://www.seoconsult.cz/blog/kreativni-zpusoby-jak-rozsirit-svuj-e-mailovy-seznam	2024-04-30T17:11Z
https://www.seoconsult.cz/blog/vyuziti-generativni-umele-inteligence-pro-pokrocile-seo	2025-03-19T15:52Z
https://www.seoconsult.cz/blog/google-potvrzuje-oteviraci-dobu-jako-faktor-hodnoceni-mistniho-vyhledavani	2024-04-29T16:11Z
https://www.seoconsult.cz/blog/ma-vek-domeny-vliv-na-hodnoceni-google	2024-04-30T17:01Z
https://www.seoconsult.cz/blog/3-tipy-google-pro-kontrolu-technickych-problemu-seo	2024-05-02T20:40Z
https://www.seoconsult.cz/blog/hlavni-seo-trendy-soucasnosti	2024-05-03T14:05Z
https://www.seoconsult.cz/blog/core-web-vitals-seo-klicove-faktory-pro-uspesne-webove-stranky	2024-05-07T07:52Z
https://www.seoconsult.cz/blog/zajisteni-budoucich-pozic-ve-vyhledavani	2024-05-10T05:56Z
https://www.seoconsult.cz/blog/poznejte-dve-casti-eeat-o-kterych-vam-google-nerekl	2024-05-15T06:02Z
https://www.seoconsult.cz/blog/kvetnove-novinky-v-seo-online-marketingu-ktere-vas-nemely-minout	2024-05-16T14:28Z
https://www.seoconsult.cz/blog/reakce-googlu-na-spamove-zpetne-odkazy-negativni-dopad-na-hodnoceni	2024-05-29T14:12Z
https://www.seoconsult.cz/blog/diagnostika-poklesu-navstevnosti-na-webu-s-google-search-console	2024-05-20T16:00Z
https://www.seoconsult.cz/blog/nezustante-pozadu-v-generativnim-sge-vyhledavani	2024-12-10T17:40Z
https://www.seoconsult.cz/blog/pozastavili-vam-firemni-google-profil-zname-kroky-co-delat-dal	2024-05-29T14:11Z
https://www.seoconsult.cz/blog/google-aktualizace-z-brezna-2024-vse-co-potrebujete-vedet	2024-05-29T14:11Z
https://www.seoconsult.cz/blog/novinky-trendy-seo-online-marketing-v-kvetnu-2024	2025-03-19T15:58Z
https://www.seoconsult.cz/blog/holisticky-pristup-k-seo	2024-05-29T14:09Z
https://www.seoconsult.cz/blog/znehodnoceni-odkazu-jako-zasadni-problem-ktery-je-potreba-resit	2024-05-30T13:25Z
https://www.seoconsult.cz/blog/pruvodce-obchodnika-co-je-e-mailovy-marketing-proc-nas-zajima	2024-06-04T06:52Z
https://www.seoconsult.cz/blog/jak-google-hodnoti-domeny-s-pomlckou	2024-06-04T06:51Z
https://www.seoconsult.cz/blog/google-vedl-interni-diskuse-o-povoleni-smernice-noindex-v-souboru-robotstxt	2026-01-09T06:58Z
https://www.seoconsult.cz/blog/seo-plan-pro-zlepseni-vysledku-ve-vyhledavani	2026-01-09T06:58Z
https://www.seoconsult.cz/blog/jak-se-meni-optimalizace-klicovych-slov-po-uzitecne-aktualizaci-obsahu	2026-01-09T06:58Z
https://www.seoconsult.cz/blog/e-mail-marketing-nejdulezitejsi-taktiky-ktere-je-potreba-znat	2024-06-14T08:32Z
https://www.seoconsult.cz/blog/cervnove-novinky-trendy-v-seo-online-marketingu	2024-06-17T05:30Z
https://www.seoconsult.cz/blog/skutecne-funkcni-strategie-linkbuildingu	2024-06-18T14:00Z
https://www.seoconsult.cz/blog/naucte-se-vyuzivat-hodnotici-faktory-eeat-pro-svuj-prospech	2024-06-19T09:42Z
https://www.seoconsult.cz/blog/google-je-i-nadale-nejlepsim-vyhledavacem-u-generace-z	2024-06-21T11:15Z
https://www.seoconsult.cz/blog/jak-skutecne-funguje-tiktok-algoritmus	2024-06-24T15:52Z
https://www.seoconsult.cz/blog/vysledky-vyhledavani-hodnoceni-vaseho-webu-pro-ruzna-mista	2024-06-25T13:03Z
https://www.seoconsult.cz/blog/dalsi-cervnove-novinky-seo-online-marketingu-zustante-v-obraze	2024-06-27T18:33Z
https://www.seoconsult.cz/blog/google-pridava-webovy-filtr-aby-ve-vysledcich-vyhledavani-zobrazoval-pouze-textove-odkazy	2024-07-11T06:15Z
https://www.seoconsult.cz/blog/poskytuje-google-velkym-webum-nespravedlivou-seo-vyhodu	2024-07-11T06:10Z
https://www.seoconsult.cz/blog/4-nastrahy-ktere-vas-mohou-potkat-pri-spusteni-webu	2024-07-12T07:00Z
https://www.seoconsult.cz/recenze-z-google	2024-08-30T15:09Z
https://www.seoconsult.cz/recenze-z-facebooku	2024-08-30T15:08Z
https://www.seoconsult.cz/recenze-ze-seznamu	2024-08-30T15:08Z
https://www.seoconsult.cz/blog/fakta-o-seo-ktere-musite-znat-pokud-chcete-uspet-ve-vyhledavani	2024-07-17T15:17Z
https://www.seoconsult.cz/blog/vylepsete-seo-sveho-webu-pomoci-nejdulezitejsich-meta-html-tagu	2026-01-05T09:35Z
https://www.seoconsult.cz/blog/seo-marketing-v-cervenci-2024-co-je-noveho	2024-07-19T14:33Z
https://www.seoconsult.cz/blog/nejvetsi-prehled-nejlepsich-online-seo-marketingovych-nastroju-zdarma	2024-07-22T15:57Z
https://www.seoconsult.cz/blog/optimalizujte-web-pomoci-socialniho-vyhledavani	2025-01-20T16:52Z
https://www.seoconsult.cz/blog/zabezpecte-svuj-wordpress-web-vyhnete-se-uniku-citlivych-dat	2024-07-24T16:16Z
https://www.seoconsult.cz/blog/co-znamena-marketing-na-socialnich-sitich	2024-07-25T16:38Z
https://www.seoconsult.cz/blog/jak-ziskat-lepsi-dorucitelnost-e-mailu	2024-07-26T14:10Z
https://www.seoconsult.cz/blog/jak-zabranit-umele-inteligenci-v-prebirani-obsahu	2024-07-30T09:48Z
https://www.seoconsult.cz/blog/cervencove-novinky-v-seo-online-marketingu-nejnovejsi-trendy-tipy	2024-07-30T12:34Z
https://www.seoconsult.cz/blog/jak-spustit-kompletni-preindexovani-webu	2024-07-31T16:32Z
https://www.seoconsult.cz/blog/kompletni-pruvodce-od-google-pro-zacatecniky-v-seo	2024-08-01T10:57Z
https://www.seoconsult.cz/blog/jak-merit-navratnost-investic-do-b2b-influencer-marketingu	2024-08-02T13:48Z
https://www.seoconsult.cz/blog/na-co-se-zamerit-pri-seo-analyze-webovych-stranek	2024-08-12T13:28Z
https://www.seoconsult.cz/blog/vnitrni-prolinkovani-neviditelna-sit-ktera-pohani-vas-web	2024-08-13T12:47Z
https://www.seoconsult.cz/blog/google-search-generative-experience-sge-nova-era-vyhledavani	2024-09-16T13:14Z
https://www.seoconsult.cz/blog/srpnove-novinky-v-online-marketingu-aktualni-trendy-strategie	2024-08-14T16:02Z
https://www.seoconsult.cz/blog/hodnoti-google-obsah-vytvoreny-umelou-inteligenci-lepe-nez-puvodni-zpravy	2024-08-15T14:29Z
https://www.seoconsult.cz/blog/firemni-profil-google-kompletni-pruvodce-pro-mistni-seo	2024-08-16T12:03Z
https://www.seoconsult.cz/blog/analyza-vyhledavaciho-prostoru	2024-08-22T15:33Z
https://www.seoconsult.cz/blog/co-je-page-seo	2024-08-23T14:32Z
https://www.seoconsult.cz/blog/srpnove-novinky-v-online-marketingu-co-je-noveho	2024-12-10T17:46Z
https://www.seoconsult.cz/blog/oznacovani-obrazku-vytvorenych-ai	2024-09-16T13:12Z
https://www.seoconsult.cz/blog/poklesne-navstevnost-z-vyhledavacu-do-roku-2026-o-25	2024-08-27T11:42Z
https://www.seoconsult.cz/blog/co-je-kanonicka-verze-stranky	2024-08-28T16:18Z
https://www.seoconsult.cz/blog/google-prinesl-do-evropy-nove-funkce-vyhledavani	2024-08-29T09:13Z
https://www.seoconsult.cz/stahnete-si-e-book-111-tipu-online-marketingu	2025-05-27T20:06Z
https://www.seoconsult.cz/blog/zmeny-algoritmu-linkedin	2024-09-16T13:12Z
https://www.seoconsult.cz/blog/optimalizace-zazitku-z-vyhledavani	2024-08-30T14:39Z
https://www.seoconsult.cz/videorecenze	2025-06-17T07:14Z
https://www.seoconsult.cz/blog/maximalizujte-zapojeni-pomoci-efektivnich-ponakupnich-e-mailu	2024-09-02T07:56Z
https://www.seoconsult.cz/blog/trendy-v-e-mailovem-marketingu-ziskejte-naskok-pred-konkurenci	2024-09-03T14:44Z
https://www.seoconsult.cz/blog/lokalni-seo-klicove-trendy-taktiky	2024-09-04T07:35Z
https://www.seoconsult.cz/blog/vysel-o-nas-clanek-na-mamcz	2024-09-04T14:33Z
https://www.seoconsult.cz/blog/jak-pouzivat-tzv-pecovatelske-e-maily	2024-09-09T08:44Z
https://www.seoconsult.cz/blog/jak-budovat-duveru-loajalitu-pomoci-mobilniho-marketingu	2024-09-11T16:24Z
https://www.seoconsult.cz/blog/jak-google-zpracovava-dotazy-hodnoti-obsah	2024-09-12T14:36Z
https://www.seoconsult.cz/blog/zarijove-novinky-jak-se-meni-svet-seo-online-marketingu	2024-09-13T17:22Z
https://www.seoconsult.cz/blog/seo-pristupnost-optimalizace-pro-vsechny-uzivatele	2024-09-17T10:50Z
https://www.seoconsult.cz/blog/jak-vytvorit-seo-strategii-budoucnosti	2024-09-18T14:26Z
https://www.seoconsult.cz/blog/obsahovy-marketing-zalozeny-na-navratnosti-investic	2024-09-24T08:40Z
https://www.seoconsult.cz/blog/google-poklesy-hodnoceni	2024-09-25T07:29Z
https://www.seoconsult.cz/blog/zminili-se-o-nas-v-clanku-na-podnikatelcz	2024-09-25T12:03Z
https://www.seoconsult.cz/blog/napsali-o-nas-na-mediagurucz	2024-09-26T06:41Z
https://www.seoconsult.cz/blog/nejlepsi-postupy-jak-vylepsit-vasi-lokalni-seo-strategii	2024-12-11T06:23Z
https://www.seoconsult.cz/blog/zarijove-novinky-seo-online-marketingu	2024-09-27T08:23Z
https://www.seoconsult.cz/blog/nove-vyhledavaci-funkce-od-google	2024-09-30T15:16Z
https://www.seoconsult.cz/blog/vyhnete-se-nastraham-spamoveho-linkbuildingu	2024-10-01T14:51Z
https://www.seoconsult.cz/blog/13-kroku-ke-zlepseni-prochazeni-indexace-vaseho-webu	2026-01-09T06:57Z
https://www.seoconsult.cz/blog/7-zastaralych-seo-strategii-ktere-byste-meli-okamzite-opustit	2026-01-09T06:57Z
https://www.seoconsult.cz/blog/proc-vase-firma-rozhodne-potrebuje-seo	2024-10-07T10:24Z
https://www.seoconsult.cz/blog/generovani-leadu-jak-zacit	2024-10-08T06:14Z
https://www.seoconsult.cz/blog/klicove-trendy-seo-ai	2024-12-10T17:39Z
https://www.seoconsult.cz/blog/jak-pouzivat-planovac-klicovych-slov-google	2024-10-10T07:22Z
https://www.seoconsult.cz/blog/tipy-osvedcene-postupy-pro-vytvareni-skvelych-webinaru	2024-10-11T13:58Z
https://www.seoconsult.cz/blog/rijnove-novinky-v-seo-online-marketingu-ktere-byste-nemeli-prehlednout	2024-10-14T12:39Z
https://www.seoconsult.cz/blog/jak-muze-seo-strategie-pr-podporit-prodej	2024-10-15T13:21Z
https://www.seoconsult.cz/blog/jak-umela-inteligence-ovlivnuje-zakaznickou-zkusenost	2026-02-26T08:25Z
https://www.seoconsult.cz/blog/zasahla-vas-aktualizace-google	2024-10-17T05:51Z
https://www.seoconsult.cz/blog/jak-si-poradit-se-zmenami-v-algoritmu-google	2024-10-18T12:43Z
https://www.seoconsult.cz/blog/nastroj-google-disavow-link-tool-bude-mozna-v-budoucnosti-zrusen	2024-10-21T11:14Z
https://www.seoconsult.cz/blog/optimalizace-nad-ramec-dat-kreativni-seo	2024-10-22T15:01Z
https://www.seoconsult.cz/blog/jak-psat-vysoce-kvalitni-obsah-zamereny-na-uzivatele	2024-10-23T14:52Z
https://www.seoconsult.cz/blog/nejvetsi-prekazky-pri-sprave-online-reputace	2024-10-24T13:28Z
https://www.seoconsult.cz/blog/budoucnost-zpetnych-odkazu-vliv-umele-inteligence-na-autoritu	2024-10-25T11:36Z
https://www.seoconsult.cz/blog/rijnove-novinky-2024-v-seo-digitalnim-marketingu	2024-10-29T15:58Z
https://www.seoconsult.cz/blog/vanoce-budou-letos-bohatsi-pomaha-rust-mezd	2024-10-30T06:59Z
https://www.seoconsult.cz/blog/seo-je-v-soucasne-dobe-nutnosti-pro-vetsinu-firem	2024-10-31T06:15Z
https://www.seoconsult.cz/blog/prodavat-line-umi-jen-ctvrtina-ceskych-firem-trzby-maji-ale-nejvyssi-v-eu	2024-10-31T06:57Z
https://www.seoconsult.cz/blog/e-shopy-pravdepodobne-o-letosnich-vanocich-utrzi-vice	2024-11-04T08:36Z
https://www.seoconsult.cz/blog/jak-vyhledavani-google-pouziva-umelou-inteligenci	2024-11-07T16:12Z
https://www.seoconsult.cz/blog/overeni-firemniho-profilu-google-pomoci-videa	2024-11-07T16:08Z
https://www.seoconsult.cz/blog/jak-pouzivat-podcasty-pro-vytvareni-prirozenych-odkazu	2024-12-10T18:06Z
https://www.seoconsult.cz/blog/organicke-placene-vyhledavani-socialni-media	2024-11-11T06:53Z
https://www.seoconsult.cz/blog/novinky-v-seo-online-marketingu-listopad-2024	2024-11-12T16:57Z
https://www.seoconsult.cz/blog/zjistete-jak-nove-narizeni-eu-ovlivni-vysledky-vyhledavani-na-google-jak-poznamena-seo	2025-06-05T07:34Z
https://www.seoconsult.cz/blog/co-je-edge-seo	2024-11-21T11:39Z
https://www.seoconsult.cz/blog/mel-vas-start-v-rane-fazi-investovat-do-seo	2024-11-25T06:16Z
https://www.seoconsult.cz/blog/co-znamenaji-nove-ovladaci-prvky-performance-max-pro-inzerenty	2024-11-26T14:22Z
https://www.seoconsult.cz/blog/listopadove-trendy-technologicke-inovace-v-seo-ppc	2024-11-27T06:48Z
https://www.seoconsult.cz/blog/jak-najit-nejlepsi-prilezitosti-core-web-vitals	2024-11-28T14:33Z
https://www.seoconsult.cz/blog/searchgpt-vs-google-vs-bing-ktere-vyhledavani-je-nejlepsi	2026-01-09T06:57Z
https://www.seoconsult.cz/blog/organicke-vs-placene-vyhledavani-socialni-media-pro-lokalni-podniky	2026-01-09T06:57Z
https://www.seoconsult.cz/blog/obsahem-budoucnosti-je-video-co-na-seo	2025-06-05T07:35Z
https://www.seoconsult.cz/blog/maloobchodni-trzby-v-rijnu-vzrostly-o-55	2024-12-10T16:01Z
https://www.seoconsult.cz/blog/cpc-dal-roste-ulehcete-rozpoctu-diky-optimalizaci-investic-do-google-ads	2025-06-05T07:35Z
https://www.seoconsult.cz/blog/vyssim-utratam-v-obchodech-pomahaji-blizici-se-vanoce	2024-12-11T10:12Z
https://www.seoconsult.cz/blog/trzby-line-obchodu-rychle-rostou	2024-12-12T06:35Z
https://www.seoconsult.cz/blog/prosincove-novinky-seo-online-marketing-v-pohybu	2024-12-12T08:24Z
https://www.seoconsult.cz/blog/sbirejte-vic-kliknuti-diky-silnemu-seo-nazvu-stranek-meta-popisu	2025-06-05T07:35Z
https://www.seoconsult.cz/blog/seo-versus-realita-13-neuprosnych-skutecnosti-ktere-musite-znat	2025-06-05T07:35Z
https://www.seoconsult.cz/blog/na-rychlosti-webu-zalezi-zaradte-vyssi-stupen-pomoci-vyzkousenych-metod	2025-06-05T07:35Z
https://www.seoconsult.cz/blog/novinky-v-seo-internetovem-marketingu-v-lednu-2025	2025-01-10T06:48Z
https://www.seoconsult.cz/blog/vyzkum-klicovych-slov-vyvarujte-se-nejvetsich-chyb	2025-01-14T09:37Z
https://www.seoconsult.cz/blog/proc-expandovat-do-zahranici-jak-zvysit-trzby	2025-01-15T13:01Z
https://www.seoconsult.cz/blog/jak-vybrat-vhodny-cms-pro-vas-projekt	2025-01-16T10:00Z
https://www.seoconsult.cz/blog/hlasove-vyhledavani-na-vzestupu-jak-optimalizovat-obsah	2025-06-05T07:36Z
https://www.seoconsult.cz/blog/mereni-uspechu-reklamy-na-youtube-jak-na	2025-06-05T07:37Z
https://www.seoconsult.cz/blog/dulezite-seo-ppc-aktualizace-co-prinesla-druha-polovina-ledna-2025	2025-01-22T07:45Z
https://www.seoconsult.cz/blog/jake-zpetne-odkazy-tvori-prirozeny-odkazovy-profil	2025-01-23T07:01Z
https://www.seoconsult.cz/blog/10-nejvetsich-chyb-ktere-muzete-letos-napachat-v-google-ads	2025-06-05T07:36Z
https://www.seoconsult.cz/blog/ppc-v-roce-2025-nasadte-4-super-taktiky	2025-06-05T07:36Z
https://www.seoconsult.cz/blog/naucte-se-pouzivat-vylucujici-klicova-slova	2025-06-05T07:36Z
https://www.seoconsult.cz/blog/google-radi-co-delat-pri-zneuziti-povesti-webu	2025-06-05T07:36Z
https://www.seoconsult.cz/blog/google-vs-chatgpt-prichazi-nova-era-vyhledavani	2025-06-05T07:35Z
https://www.seoconsult.cz/blog/5-kroku-k-lepsimu-mereni-ppc-kampani-v-roce-2025	2025-06-05T07:35Z
https://www.seoconsult.cz/blog/jak-vybrat-nejlepsi-wordpress-tema-pro-seo	2025-01-31T15:14Z
https://www.seoconsult.cz/blog/ukol-na-rok-2025-vypilovat-seo-pro-hlasove-vyhledavani	2025-06-05T07:36Z
https://www.seoconsult.cz/blog/co-je-woocommerce-jak-jej-vyuzit-pro-lepsi-fungovani-e-shopu	2025-06-05T07:36Z
https://www.seoconsult.cz/blog/optimalizace-pro-umelou-inteligenci	2025-02-06T06:51Z
https://www.seoconsult.cz/blog/seo-chatgpt-jak-vyuzit-umelou-inteligenci	2025-02-07T13:55Z
https://www.seoconsult.cz/blog/pomalejsi-rust-trzeb-v-maloobchodu-cesi-stale-setri	2025-02-10T09:27Z
https://www.seoconsult.cz/blog/co-noveho-prinesl-unor-v-seo-ppc-dulezite-aktualizace-trendy	2025-02-11T06:04Z
https://www.seoconsult.cz/blog/pokrocile-vyhledavaci-operatory-google-ktere-potrebujete-znat	2025-02-13T06:10Z
https://www.seoconsult.cz/blog/predpoved-letosnich-trzeb-e-shopu-rust-o-5-8	2025-02-13T09:41Z
https://www.seoconsult.cz/blog/seo-persony-pochopte-sve-publikum-zvyste-navstevnost	2025-02-17T07:19Z
https://www.seoconsult.cz/blog/18-nejvetsich-chyb-v-analyze-klicovych-slov-pro-seo-vyhnete-se-jim-odbrzdete-vykon	2025-06-05T07:53Z
https://www.seoconsult.cz/tiktok-jeho-algoritmy-co-se-zmenilo-na-zacatku-roku-2025-jak-na-reagovat	2026-06-22T05:52Z
https://www.seoconsult.cz/blog/jak-vyuzit-ai-deepseek-v-seo	2025-02-19T16:52Z
https://www.seoconsult.cz/blog/jak-najit-nejlepsi-klicova-slova-pro-seo	2025-02-20T15:02Z
https://www.seoconsult.cz/blog/pruvodce-tvorbou-videi-na-socialnich-sitich	2025-02-21T15:41Z
https://www.seoconsult.cz/blog/dela-umela-inteligence-marketery-lepsimi	2025-02-24T10:47Z
https://www.seoconsult.cz/blog/dobra-zprava-google-pridal-do-pagespeed-insights-casove-obdobi-sberu-dat	2025-06-05T07:53Z
https://www.seoconsult.cz/blog/objevte-dalsi-specialitu-ai-vytvori-vam-popisky-z-recenzi	2025-06-05T07:53Z
https://www.seoconsult.cz/blog/dalsi-novinky-v-online-marketingu-na-unor-2025	2025-02-28T06:38Z
https://www.seoconsult.cz/blog/navod-na-uspesnou-migraci-webu-zvladnete-vsechny-jeji-nastrahy	2025-06-05T07:53Z
https://www.seoconsult.cz/blog/objevte-novy-reklamni-vesmir-objevte-tiktok	2025-06-05T07:53Z
https://www.seoconsult.cz/blog/jak-spolehlive-znicit-ucet-google-ads-do-10-dnu-tady-je-navod	2025-06-05T07:53Z
https://www.seoconsult.cz/blog/optimalizujte-kategorie-produktu-je-dulezitejsi-nez-si-myslite	2025-06-05T07:53Z
https://www.seoconsult.cz/blog/google-upresnil-instrukce-pro-uryvky-recenzi-co-je-noveho	2025-06-05T07:53Z
https://www.seoconsult.cz/blog/vicekanalovy-remarketing-ovladnete-oblibene-platformy	2025-06-05T07:53Z
https://www.seoconsult.cz/blog/jake-vyhody-prinasi-uvolnena-frazova-shoda	2025-06-05T07:53Z
https://www.seoconsult.cz/blog/citliva-temata-v-rukou-ai-jak-google-chatgpt-deepseek-zvladaji-ymyl-dotazy	2025-03-12T07:23Z
https://www.seoconsult.cz/blog/brezen-2025-v-online-marketingu	2025-03-13T08:31Z
https://www.seoconsult.cz/blog/faktory-ktere-koreluji-s-nejvyssim-hodnocenim-na-youtube	2025-03-14T07:52Z
https://www.seoconsult.cz/blog/proc-seo-casto-selze-jeste-predtim-nez-zacne	2025-03-17T10:50Z
https://www.seoconsult.cz/blog/tipy-pro-zvyseni-miry-prokliku-na-stranky	2025-03-18T18:26Z
https://www.seoconsult.cz/blog/jak-pouzivat-openai-deep-research-pro-chytrejsi-seo-strategie	2025-03-19T09:18Z
https://www.seoconsult.cz/blog/placene-reklamni-kampane-jak-ridit-jejich-rozpocet	2025-06-05T07:52Z
https://www.seoconsult.cz/blog/tvorite-alt-texty-k-obrazkum-jestli-ne-okradate-se-o-zakazniky	2025-06-05T07:52Z
https://www.seoconsult.cz/blog/6-inovativnich-strategii-obsahoveho-marketingu-pro-rok-2025	2025-06-05T07:51Z
https://www.seoconsult.cz/blog/13-hlavnich-nalezitosti-page-seo-ktere-musite-znat	2025-06-05T07:52Z
https://www.seoconsult.cz/blog/novinky-v-seo-ppc-co-prinasi-brezen-2025	2025-03-26T15:16Z
https://www.seoconsult.cz/blog/jak-ziskat-vice-klientu-pro-seo-sluzby	2025-03-27T09:17Z
https://www.seoconsult.cz/blog/umela-inteligence-v-seo-klic-k-uspechu-nebo-riziko-pro-kvalitu-obsahu	2025-03-28T10:06Z
https://www.seoconsult.cz/blog/jak-odhalit-klicova-slova-konkurence-mame-pro-vas-par-uzitecnych-tipu	2025-06-05T07:52Z
https://www.seoconsult.cz/blog/jak-zvysit-vykon-ppc-v-oboru-b2b-vyzkousejte-5-praktickych-pomocniku	2025-06-05T07:51Z
https://www.seoconsult.cz/blog/rozsirene-vysledky-vyhledavani-v-serp-mohou-byt-zavadejici-proc	2025-06-05T07:51Z
https://www.seoconsult.cz/blog/agenti-ai-prinaseji-lepsi-online-zazitky-jak-s-nimi-spolupracovat	2025-06-05T07:51Z
https://www.seoconsult.cz/blog/tradicni-analyza-kw-prestava-fungovat-zastavte-propad-seo-pomoci-zameru-vyhledavani	2025-06-05T07:51Z
https://www.seoconsult.cz/blog/zabrante-placenym-kampanim-v-kanibalizaci-seo-jak-na	2025-06-05T07:52Z
https://www.seoconsult.cz/blog/cesi-dobyvaji-e-shopy-patrime-mezi-nejaktivnejsi-online-zakazniky-v-evrope	2025-04-07T08:53Z
https://www.seoconsult.cz/blog/studie-ukazuji-ze-spotrebitele-snadno-rozpoznaji-obsah-vytvoreny-umelou-inteligenci	2025-04-07T15:11Z
https://www.seoconsult.cz/blog/maji-domeny-s-klicovymi-slovy-hodnotu-i-v-roce-2025	2025-04-08T14:29Z
https://www.seoconsult.cz/blog/google-jeho-plany-v-oblasti-agi	2025-04-09T15:12Z
https://www.seoconsult.cz/blog/take-vas-obcas-stve-google-ads-jak-se-vyporadat-s-frustraci	2025-04-10T11:48Z
https://www.seoconsult.cz/blog/jak-ovlivni-seo-kdyz-web-zmeni-zamereni	2025-04-11T12:19Z
https://www.seoconsult.cz/blog/dubnove-novinky-ze-sveta-seo-ppc-online-marketingu-co-vam-nemelo-uniknout	2025-04-14T13:10Z
https://www.seoconsult.cz/blog/jak-zvysit-navstevnost-hodnoceni-webu-15-spolehlivych-seo-tipu	2025-06-05T09:26Z
https://www.seoconsult.cz/blog/priority-seo-pro-rok-2025-pruvodce-uspechem-ve-vyhledavani	2025-06-05T09:25Z
https://www.seoconsult.cz/blog/lepsi-navratnost-investic-diky-dlouhodobemu-vztahu-se-zakaznikem	2025-06-05T09:26Z
https://www.seoconsult.cz/blog/zamirte-presne-podrobne-demograficke-udaje-v-google-ads	2025-06-05T09:26Z
https://www.seoconsult.cz/blog/seo-myty-legendy-komprese-ovlivnuje-vykon-optimalizace	2025-06-05T09:26Z
https://www.seoconsult.cz/blog/duben-2025-novinky-v-seo-online-marketingu-ktere-musite-znat	2025-04-28T13:45Z
https://www.seoconsult.cz/blog/jak-presunout-reklamy-z-platformy-meta-do-google-ads	2025-06-05T09:25Z
https://www.seoconsult.cz/blog/mereni-sil-mezi-modely-ai-ktere-jsou-nejlepsi-na-text-obrazky-video	2025-06-05T09:25Z
https://www.seoconsult.cz/blog/stante-se-detektivem-vystopujte-ai-podle-otisku-prstu	2025-06-05T09:26Z
https://www.seoconsult.cz/blog/co-ocekavat-od-spoluprace-s-digitalni-agenturou	2025-04-30T07:10Z
https://www.seoconsult.cz/blog/4-seo-taktiky-ktere-casem-ztraci-ucinnost-co-s-nimi	2025-06-05T09:26Z
https://www.seoconsult.cz/blog/nezmeskejte-budoucnost-vyhledavani-propojte-seo-geo	2025-06-05T09:25Z
https://www.seoconsult.cz/blog/seo-consult-vstupuje-do-acra-mk-posiluje-svou-pozici-mezi-prednimi-marketingovymi-agenturami	2025-05-14T11:43Z
https://www.seoconsult.cz/blog/kvetnove-novinky-v-seo-ppc-online-marketingu-zmeny-ktere-ovlivni-vase-strategie	2025-05-14T13:49Z
https://www.seoconsult.cz/blog/celni-valky-zasahnou-zejmena-e-shopy-zamerene-na-modu-elektroniku	2025-05-15T13:35Z
https://www.seoconsult.cz/blog/k-cemu-nejcasteji-pouzivame-ai-marketing-je-na-chvostu-zebricku	2025-06-05T09:27Z
https://www.seoconsult.cz/blog/jak-aktualizovat-data-v-google-ads-treba-kazdou-hodinu-pomoci-conviu	2025-05-21T11:01Z
https://www.seoconsult.cz/contact	2025-05-21T15:29Z
https://www.seoconsult.cz/blog/ze-slamy-zlato-neudelas-aneb-cileni-na-klicova-slova-skomira	2025-06-05T09:27Z
https://www.seoconsult.cz/blog/umela-inteligence-pro-vsechny-naklady-klesaji	2025-06-05T09:27Z
https://www.seoconsult.cz/blog/sledovani-viditelnosti-znacky-napric-platformami-ai-jak-na	2025-06-05T09:27Z
https://www.seoconsult.cz/blog/seo-agenti-ai-jak-vam-usnadni-praci	2025-06-05T09:26Z
https://www.seoconsult.cz/blog/zvyste-vykon-sveho-e-shopu-diky-automatizaci-dat-ktera-vam-usetri-cas-nervy-i-penize	2025-05-28T08:39Z
https://www.seoconsult.cz/blog/nova-struktura-narodnich-domen-google-co-bude-se-znackou-hreflang	2025-06-05T09:26Z
https://www.seoconsult.cz/blog/nejdulezitejsi-novinky-v-seo-ppc-online-marketingu-kveten-2025	2025-06-05T07:03Z
https://www.seoconsult.cz/blog/acra-mk-se-rozsiruje-o-agenturu-seoconsultcz	2025-06-02T07:56Z
https://www.seoconsult.cz/blog/budoucnost-marketingu-cileni-na-agenty-ai	2025-06-05T09:26Z
https://www.seoconsult.cz/blog/vyniknete-ve-vyhledavani-rizenem-ai-stante-se-hlavnim-zdrojem	2025-06-05T09:54Z
https://www.seoconsult.cz/blog/posun-v-online-nakupnim-chovani-u-mladych-spotrebitelu	2025-06-09T06:26Z
https://www.seoconsult.cz/blog/google-ai-overviews-pruvodce-pro-efektivni-seo-v-ere-generativniho-vyhledavani	2025-06-09T07:13Z
https://www.seoconsult.cz/blog/mala-vec-s-velkym-dopadem-co-vas-nauci-tvurci-kratkych-videi	2025-06-10T12:07Z
https://www.seoconsult.cz/blog/potvrzeno-googlem-strukturovana-data-jsou-nezbytna-i-v-ere-ai	2025-06-24T09:18Z
https://www.seoconsult.cz/blog/hlasove-nakupovani-ma-potencial-co-brani-masovemu-rozsireni-v-cesku	2025-06-12T12:51Z
https://www.seoconsult.cz/blog/nejdulezitejsi-novinky-ze-sveta-seo-ppc-online-marketingu-cerven-2025	2025-06-16T11:23Z
https://www.seoconsult.cz/blog/od-vyhledavani-k-objevovani-aneb-proc-musi-jit-seo-za-hranice-serp	2025-06-24T09:18Z
https://www.seoconsult.cz/blog/kampane-performance-max-vse-co-chcete-meli-byste-vedet	2025-06-19T14:12Z
https://www.seoconsult.cz/blog/jak-psat-lepsi-reklamni-texty-za-asistence-ai-v-google-ads	2025-06-24T09:18Z
https://www.seoconsult.cz/blog/seo-specialiste-pozor-12-schopnosti-ktere-si-musite-osvojit-do-roku-2026	2025-06-24T09:18Z
https://www.seoconsult.cz/blog/6-inovativnich-rad-jak-efektivneji-ridit-ppc-kampane	2025-06-24T09:18Z
https://www.seoconsult.cz/blog/rostouci-vyznam-pr-pro-viditelnost-v-dobe-umele-inteligence	2025-06-25T10:05Z
https://www.seoconsult.cz/blog/zasadni-novinky-v-seo-ppc-v-cervnu2025	2025-06-26T14:59Z
https://www.seoconsult.cz/blog/data-z-google-ads-editoru-se-nepropisuji-do-historie-reklam-v-google-ads-jak-resit	2025-07-09T15:11Z
https://www.seoconsult.cz/blog/e-shopy-celi-vyzve-jak-reagovat-na-ai-overviews-od-googlu-zachranit-navstevnost	2025-06-30T08:21Z
https://www.seoconsult.cz/blog/google-srazil-navstevnost-ceskych-e-shopu-revoluce-ve-vyhledavani	2025-07-03T15:43Z
https://www.seoconsult.cz/blog/vitezne-seo-taktiky-pro-videa-na-socialnich-sitich	2025-07-07T17:59Z
https://www.seoconsult.cz/blog/prehledy-ai-od-google-porusuji-spamova-pravidla	2025-07-07T17:57Z
https://www.seoconsult.cz/blog/mall-czc-mizi-ze-sceny-e-commerce-v-cesku-ovladaji-cinske-marketplace-giganty	2025-07-08T08:18Z
https://www.seoconsult.cz/blog/reakce-na-negativni-hodnoceni-komentare-pomuze-vam-ai	2025-07-08T19:16Z
https://www.seoconsult.cz/blog/migrace-webu-seo-vase-prirucka-pro-bezbolestny-presun-dat	2025-07-14T06:54Z
https://www.seoconsult.cz/blog/budoucnost-seo-je-tady-jak-generativni-vyhledavani-ai-meni-pravidla-hry	2025-07-09T16:12Z
https://www.seoconsult.cz/blog/ai-ve-vyhledavani-otrasa-ceskymi-e-shopy-desitky-procent-propadu-navstevnosti	2025-07-10T11:05Z
https://www.seoconsult.cz/blog/co-je-demand-gen-kampan-proc-vas-mela-zajimat	2025-07-10T13:29Z
https://www.seoconsult.cz/blog/propad-navstevnosti-u-ceskych-e-shopu-az-o-40	2025-07-11T11:25Z
https://www.seoconsult.cz/blog/online-marketing-co-je-noveho-v-cervenci-2025	2025-07-11T17:00Z
https://www.seoconsult.cz/blog/sila-reklamy-v-google-ads-neprecenujte-ukazatel-kvality	2025-07-14T06:51Z
https://www.seoconsult.cz/blog/zasadni-otazka-za-jak-dlouho-zacne-fungovat-seo	2025-07-15T07:19Z
https://www.seoconsult.cz/blog/umela-inteligence-vyzvy-pro-seo-v-roce-2025	2025-08-15T14:15Z
https://www.seoconsult.cz/blog/google-local-3-pack-jak-dostat-firmu-do-mistniho-zebricku	2025-07-21T07:36Z
https://www.seoconsult.cz/blog/ai-zase-blize-lidem-patent-google-na-kontextove-signaly	2025-07-22T06:22Z
https://www.seoconsult.cz/blog/zmena-u-offline-konverzi-google-uprednostnuje-vysoky-zamer	2025-07-24T17:47Z
https://www.seoconsult.cz/blog/cervencove-novinky-seo-marketingu-prehled-nejdulezitejsich-trendu-aktualizaci	2025-07-28T14:44Z
https://www.seoconsult.cz/blog/3-mekke-dovednosti-dulezite-pro-seo-v-roce-2025	2025-07-31T11:30Z
https://www.seoconsult.cz/blog/soulad-seo-strategie-s-odlisnymi-zamery-po-ceste-jak-na	2025-07-31T11:29Z
https://www.seoconsult.cz/blog/jak-se-zbavit-nekvalifikovaneho-publika-v-ppc-kampanich	2025-08-01T08:56Z
https://www.seoconsult.cz/blog/monitoring-cen-konkurence-tajna-zbran-uspesnych-e-shopu	2026-10-07T12:10Z
https://www.seoconsult.cz/blog/sefove-marketingu-pozor-10-vyzev-k-prekonani-do-konce-roku	2025-08-04T06:28Z
https://www.seoconsult.cz/blog/anotace-v-ga4-lepsi-kontext-srozumitelnost-analytiky	2025-08-07T13:14Z
https://www.seoconsult.cz/blog/nejstahovanejsi-appky-temu-shein-chatgpt	2025-08-11T08:48Z
https://www.seoconsult.cz/blog/podcenovany-b2b-newsletter-objevte-jeho-mohutnou-silu	2025-08-12T12:20Z
https://www.seoconsult.cz/blog/srpen-2025-novinky-google-ads-seo-ai-performance-max	2025-08-14T08:21Z
https://www.seoconsult.cz/blog/cenotvorba-v-e-shopech-jak-ji-delat-chytre-rychle-bez-rucni-driny	2025-08-26T12:53Z
https://www.seoconsult.cz/blog/vylepseni-kampani-google-performance-max-co-je-noveho	2025-08-25T07:27Z
https://www.seoconsult.cz/blog/neplytvate-rozpoctem-google-ads-napovi-vam-5-segmentu-dat	2025-08-26T12:56Z
https://www.seoconsult.cz/blog/jak-z-jedne-akce-vytezit-spoustu-obsahu-pomuze-vam-ai	2025-08-26T18:14Z
https://www.seoconsult.cz/blog/seo-pro-lidi-jak-uspet-kdyz-svet-resi-umelou-inteligenci	2025-08-27T06:18Z
https://www.seoconsult.cz/blog/jak-funguje-algoritmus-instagramu-v-roce-2025	2026-01-06T13:27Z
https://www.seoconsult.cz/blog/prehled-klicovych-novinek-seo-ppc-v-srpnu-2025	2025-08-29T12:17Z
https://www.seoconsult.cz/newsletter	2025-09-01T16:18Z
https://www.seoconsult.cz/blog/proc-jsou-u-ppc-kampani-stale-dulezite-manualni-strategie	2026-01-06T13:27Z
https://www.seoconsult.cz/blog/proc-je-struktura-uctu-google-ads-tak-dulezita	2026-01-06T13:27Z
https://www.seoconsult.cz/blog/technicke-seo-zaklad-vasi-dohledatelnosti-viditelnosti	2025-09-03T14:46Z
https://www.seoconsult.cz/sk	2025-09-02T15:27Z
https://www.seoconsult.cz/blog/marketing-na-siti-threads-vsechno-co-potrebujete-vedet	2025-09-03T14:47Z
https://www.seoconsult.cz/blog/novy-model-online-podnikani-na-webu-platba-za-prochazeni	2025-09-23T05:46Z
https://www.seoconsult.cz/blog/jak-spravne-prolinkovat-web-detailni-navod-krok-za-krokem	2025-09-23T05:47Z
https://www.seoconsult.cz/blog/klicove-signaly-obsahu-pro-hodnoceni-kvality-ve-vyhledavani	2025-09-23T05:48Z
https://www.seoconsult.cz/blog/jak-budou-agenti-ai-pomahat-spotrebitelum-s-nakupovanim	2025-09-23T05:48Z
https://www.seoconsult.cz/blog/nejlepsi-casy-dny-pro-rozesilani-e-mailu	2025-09-23T05:49Z
https://www.seoconsult.cz/blog/zobrazeni-v-organickem-vyhledavani-merte-vylepsujte	2025-09-23T05:50Z
https://www.seoconsult.cz/blog/reshoper-2025-trendy-kontakty-inspirace-pro-e-commerce	2025-09-09T14:32Z
https://www.seoconsult.cz/blog/inzerce-na-pinterest-vyplati-se-vam-do-ni-investovat	2025-09-23T05:50Z
https://www.seoconsult.cz/blog/nejnovejsi-marketingove-trendy-google-ai-vyhledavani-ppc-zmeny-v-online-reklame	2025-09-23T05:51Z
https://www.seoconsult.cz/blog/jak-rozumet-sledovani-navstevnosti-v-google-analytics-4	2025-09-23T05:52Z
https://www.seoconsult.cz/blog/strasi-vas-nulove-kliknuti-4-metody-jak-se-s-tim-vyporadat	2025-09-23T05:52Z
https://www.seoconsult.cz/blog/co-potrebujete-vedet-o-seo-pro-male-firmy-v-roce-2025	2025-09-22T15:28Z
https://www.seoconsult.cz/blog/marketingova-strategie-na-linkedin	2026-01-06T13:26Z
https://www.seoconsult.cz/blog/15-duvodu-proc-vase-ppc-strategie-selhava-jak-napravit	2026-01-06T13:26Z
https://www.seoconsult.cz/blog/5-castych-seo-chyb-ktere-mohou-skodit-navstevnosti-vaseho-webu	2026-01-06T13:26Z
https://www.seoconsult.cz/blog/velky-tresk-u-google-odhaleni-vyhledavacich-dotazu-v-pmax	2025-09-26T05:25Z
https://www.seoconsult.cz/blog/pritazliva-rozsireni-reklam-v-google-ads-jak-je-tvorit	2025-09-29T10:01Z
https://www.seoconsult.cz/blog/zari-2025-novinky-v-seo-ppc-online-marketingu	2025-09-30T09:47Z
https://www.seoconsult.cz/blog/prirucka-pro-uspesny-marketing-ve-zdravotnickem-zarizeni	2025-10-12T11:03Z
https://www.seoconsult.cz/blog/mala-firma-umela-inteligence-jak-vam-ai-pomuze	2025-10-12T11:04Z
https://www.seoconsult.cz/blog/klic-k-duvere-zakazniku-produktove-recenze-z-heureky-na-googlu	2025-10-08T12:22Z
https://www.seoconsult.cz/blog/navstevnost-webu-z-googlu-po-nasazeni-ai-overviews-klesa	2025-10-09T06:50Z
https://www.seoconsult.cz/blog/4-pilire-obsahoveho-marketingu-pro-podnikani-v-oboru-saas	2025-10-12T11:36Z
https://www.seoconsult.cz/blog/jak-efektivne-vyuzivat-socialni-site-v-mensi-firme	2025-10-12T11:37Z
https://www.seoconsult.cz/blog/marketingove-strategie-pro-b2b-podle-useku-trychtyre	2025-10-12T11:38Z
https://www.seoconsult.cz/blog/novinka-google-testuje-prehledy-od-ai-na-youtube	2025-10-10T16:03Z
https://www.seoconsult.cz/blog/kdy-posilat-e-maily-pruvodce-spravnym-nacasovanim-zprav	2025-10-12T10:50Z
https://www.seoconsult.cz/blog/ai-vladne-podzimu-co-rijnove-novinky-znamenaji-pro-ceske-marketery	2025-10-13T05:57Z
https://www.seoconsult.cz/blog/co-je-google-ads-performance-max-jak-funguje	2026-01-06T13:25Z
https://www.seoconsult.cz/blog/osvedcene-postupy-pro-zlepseni-vysledku-s-performance-max	2026-01-06T13:25Z
https://www.seoconsult.cz/blog/porozumeni-povesti-znacky-jak-budovat-udrzovat-pozitivni-image	2026-01-06T13:25Z
https://www.seoconsult.cz/blog/vice-duvery-lepsi-vysledky-e-mailing-se-souhlasem	2025-10-20T06:49Z
https://www.seoconsult.cz/blog/chat-gpt-se-naucil-mistni-vyhledavani-jak-vyuzit	2025-10-21T07:39Z
https://www.seoconsult.cz/blog/jak-strukturovat-mezinarodni-kampane-v-systemu-google-ads	2025-10-22T14:16Z
https://www.seoconsult.cz/blog/reklamy-na-youtube-pro-b2b-nejcastejsi-otazky-odpovedi	2025-10-24T07:44Z
https://www.seoconsult.cz/stahnete-si-e-book-ai-seo-jak-uspet-v-nove-ere-vyhledavani	2025-10-27T12:15Z
https://www.seoconsult.cz/blog/rijnove-novinky-v-digitalnim-marketingu-ktere-nesmite-prehlednout	2025-10-26T12:09Z
https://www.seoconsult.cz/blog/vizualni-obsah-v-roce-2025-poznatky-trendy-vyvoj	2025-10-29T12:08Z
https://www.seoconsult.cz/blog/hodnoceni-na-facebooku-jak-je-ziskavat-spravovat	2025-10-30T08:03Z
https://www.seoconsult.cz/blog/web-bez-navstevnosti-5-moznych-zadrhelu-jejich-naprava	2025-10-30T13:07Z
https://www.seoconsult.cz/blog/firemni-profil-google-10-funkci-diky-kterym-vyniknete	2025-11-04T08:32Z
https://www.seoconsult.cz/blog/jak-pripravit-produktovy-feed-na-vanoce-aby-bidding-opravdu-vydelaval	2025-11-05T13:19Z
https://www.seoconsult.cz/blog/chytte-prvni-dojem-nove-formaty-videoreklam-na-linkedin	2025-11-06T09:42Z
https://www.seoconsult.cz/blog/cesi-line-nakupovani-patrime-mezi-evropskou-spicku	2025-11-06T15:35Z
https://www.seoconsult.cz/blog/prehledy-od-umele-inteligence-pretvareji-seo-co-s-tim	2025-11-07T10:47Z
https://www.seoconsult.cz/blog/e-e-t-v-praxi-proc-o-vasem-uspechu-rozhodne-duvera-ne-klicova-slova	2025-11-10T09:09Z
https://www.seoconsult.cz/blog/analyza-konkurencniho-obsahu-ve-vysledcich-ovladanych-ai	2025-11-10T15:01Z
https://www.seoconsult.cz/blog/znalostni-panel-google-jak-jej-ziskat-podporovat	2025-11-11T06:56Z
https://www.seoconsult.cz/blog/kompletni-pruvodce-marketera-facebookem-v-roce-2025	2025-11-12T07:54Z
https://www.seoconsult.cz/blog/jak-prezit-prosperovat-v-ere-ai-strategie-pro-vydavatele	2026-01-06T13:25Z
https://www.seoconsult.cz/blog/digitalni-marketing-co-je-noveho-v-listopadu-2025	2025-11-13T10:23Z
https://www.seoconsult.cz/blog/v-roce-2026-budou-ai-asistenti-tvorit-prvni-vrstvu	2026-01-06T13:25Z
https://www.seoconsult.cz/blog/seo-strategie-v-roce-2026-kdy-disciplina-prinasi-vysledky	2026-01-06T13:25Z
https://www.seoconsult.cz/blog/proc-mizi-navstevnost-analyza-naprava-v-7-krocich	2025-11-20T14:01Z
https://www.seoconsult.cz/blog/tajemstvi-uspechu-vykonnostniho-marketingu-sila-znacky	2025-11-27T14:01Z
https://www.seoconsult.cz/blog/pokrocile-cileni-geotargetingem-9-praktickych-tipu	2025-11-28T12:15Z
https://www.seoconsult.cz/blog/listopadove-novinky-v-online-marketingu-co-zasadniho-zmenilo-ppc-seo-praci-s-ai	2025-11-30T14:17Z
https://www.seoconsult.cz/blog/funguje-vase-geo-podrobny-navod-jak-zjistite	2025-11-30T16:41Z
https://www.seoconsult.cz/blog/ppc-pro-mistni-publikum-jak-ovladnout-hyperlokalni-trh	2025-12-01T08:42Z
https://www.seoconsult.cz/blog/proc-jak-pouzivat-hodnoty-konverzi-pri-generovani-leadu	2025-12-02T13:42Z
https://www.seoconsult.cz/blog/typy-publika-v-advantage-skoncily-jaka-je-nahrada	2025-12-03T22:10Z
https://www.seoconsult.cz/blog/zero-click-pruvodce-novym-vyhledavanim-v-ere-ai	2025-12-04T08:46Z
https://www.seoconsult.cz/blog/cilova-navratnost-nakladu-v-google-ads-jak-ji-vyuzit	2025-12-05T10:50Z
https://www.seoconsult.cz/blog/budoucnost-marketingovych-agentur-v-ere-umele-inteligence	2025-12-05T11:31Z
https://www.seoconsult.cz/blog/videomarketing-vitezi-nej-trendy-roku-2025-pro-videa	2025-12-08T07:52Z
https://www.seoconsult.cz/blog/nalezitosti-ppc-kampane-prakticky-kontrolni-seznam	2025-12-09T10:56Z
https://www.seoconsult.cz/blog/5-zlodeju-penez-v-google-ads-pozor-na-ne	2025-12-10T13:15Z
https://www.seoconsult.cz/blog/marketplace-skvely-zdroj-trzeb-pro-vas-e-shop	2025-12-11T13:51Z
https://www.seoconsult.cz/blog/retargeting-v-praxi-premente-zajemce-na-platici-zakazniky	2025-12-11T14:33Z
https://www.seoconsult.cz/blog/prosinec-2025-novinky-v-online-marketingu	2025-12-12T07:45Z
https://www.seoconsult.cz/blog/6-obvyklych-chyb-vysavajicich-rozpocet-pri-manualni-cpc	2025-12-15T07:33Z
https://www.seoconsult.cz/blog/chytre-nabidky-google-ads-vse-co-potrebujete-vedet	2025-12-16T07:18Z
https://www.seoconsult.cz/blog/jak-umela-inteligence-meni-zakazniky-co-na-marketing	2025-12-17T13:30Z
https://www.seoconsult.cz/blog/jak-pripravit-vas-web-na-eru-google-ai-overviews-nova-pravidla-seo-v-ere-umele-inteligence	2025-12-30T10:03Z
https://www.seoconsult.cz/blog/marketingove-novinky-v-prosinci-2025-klicove-trendy-pro-rok-2026	2025-12-29T10:04Z
https://www.seoconsult.cz/blog/4-zakladni-tipy-jak-maximalizovat-dorucovani-e-mailu-behem-svatku	2026-01-06T10:15Z
https://www.seoconsult.cz/blog/jak-vytvaret-obsah-pro-ppc-ktery-laka-ke-kliknuti	2026-01-06T10:14Z
https://www.seoconsult.cz/blog/generativni-umela-inteligence-pomluva-jak-vypadaji-nove-hrozby-pro-vasi-povest	2026-01-06T10:16Z
https://www.seoconsult.cz/blog/jak-zapojit-ai-do-marketingove-strategie-3-overene-metody	2026-01-06T09:58Z
https://www.seoconsult.cz/blog/filtrovani-na-e-shopech-jak-se-vyhnout-seo-problemum	2026-01-07T08:06Z
https://www.seoconsult.cz/blog/strategie-placeneho-vyhledavani-existuje-neco-takoveho	2026-01-08T15:19Z
https://www.seoconsult.cz/blog/10-kroku-k-vyraznejsi-viditelnosti-firmy-v-mapach-google	2026-01-09T13:40Z
https://www.seoconsult.cz/blog/vyhledavani-rizene-ai-pozor-na-nebezpecne-vymysly	2026-01-12T10:02Z
https://www.seoconsult.cz/blog/lednove-novinky-v-online-marketingu-pro-rok-2026	2026-01-13T14:03Z
https://www.seoconsult.cz/blog/chcete-nebo-ne-marketing-je-drina-i-v-dobe-ai	2026-01-14T09:26Z
https://www.seoconsult.cz/blog/jak-vyuzit-hlavni-nakupni-sezonu-tipy-pro-maloobchodniky	2026-01-15T08:19Z
https://www.seoconsult.cz/blog/4-klicove-trendy-google-ads-pro-rok-2026	2026-01-21T14:01Z
https://www.seoconsult.cz/blog/metoda-mrakodrapu-v-dobe-umele-inteligence-funguje-jeste	2026-01-22T10:57Z
https://www.seoconsult.cz/blog/jak-efektivne-vyuzit-monitoring-cen-pro-prodejni-strategii	2026-10-07T12:10Z
https://www.seoconsult.cz/blog/jak-obsahove-ppc-reklamy-podporuji-organickou-navstevnost	2026-01-27T09:41Z
https://www.seoconsult.cz/blog/jak-google-ai-overviews-zmeni-psani-produktovych-popisku-u-e-shopu	2026-01-27T10:00Z
https://www.seoconsult.cz/blog/reklama-na-instagramu-pro-zacatecniky-od-startu-az-do-cile	2026-01-29T09:04Z
https://www.seoconsult.cz/blog/lednove-novinky-v-online-marketingu-co-prinese-rok-2026	2026-01-30T22:23Z
https://www.seoconsult.cz/blog/problem-viditelnosti-ve-vysledcich-ai-mit-pravdu-nestaci	2026-02-11T10:37Z
https://www.seoconsult.cz/blog/instagram-reels-jak-ziskat-pozornost-kratkym-videem	2026-02-12T12:47Z
https://www.seoconsult.cz/blog/seo-v-roce-2026-co-ceka-optimalizaci-pod-nadvladou-ai	2026-02-13T07:55Z
https://www.seoconsult.cz/blog/viditelnost-znacky-v-ohrozeni-ukazujete-se-na-youtube	2026-02-16T14:09Z
https://www.seoconsult.cz/blog/co-prinesl-unor-2026-v-online-marketingu	2026-02-16T17:10Z
https://www.seoconsult.cz/blog/top-10-chyb-v-google-ads-kterym-byste-se-v-roce-2026-meli-vyhnout	2026-02-21T12:48Z
https://www.seoconsult.cz/blog/vylepsete-jakoukoli-linkbuildingovou-strategii-pomoci-jedne-male-zmeny	2026-02-21T12:46Z
https://www.seoconsult.cz/blog/klicove-trendy-predikce-google-ads-pro-rok-2026	2026-02-21T12:45Z
https://www.seoconsult.cz/blog/promena-chovani-na-konverze-ovladnete-psychologii-reklamy	2026-02-20T06:36Z
https://www.seoconsult.cz/blog/vyrazny-rust-trzeb-z-povanocnich-vyprodeju	2026-02-22T12:17Z
https://www.seoconsult.cz/blog/enterprise-seo-ai-v-roce-2026-5-klicovych-trendu	2026-02-23T10:06Z
https://www.seoconsult.cz/blog/budovani-znacky-co-vlastne-znamena-pro-seo	2026-02-24T15:21Z
https://www.seoconsult.cz/blog/2026-copywriting-hlasi-navrat-na-marketingovy-trun	2026-02-25T09:03Z
https://www.seoconsult.cz/blog/2026-unorove-novinky-v-digitalnim-online-marketingu	2026-02-27T10:58Z
https://www.seoconsult.cz/blog/ai-seo-meni-pravidla-hry-mene-kliknuti-z-googlu-ale-vyssi-kvalita-navstevnosti	2026-03-02T10:34Z
https://www.seoconsult.cz/blog/ridite-ppc-reklamy-15-nastroju-nezbytnych-pro-rok-2026	2026-03-03T09:03Z
https://www.seoconsult.cz/blog/pozor-google-muze-do-reklam-davat-neschvalene-obrazky	2026-03-04T11:58Z
https://www.seoconsult.cz/blog/jednoducha-automatizace-textovych-inzeratu-pres-ppc-modul	2026-03-06T12:51Z
https://www.seoconsult.cz/blog/objevte-mohutnou-silu-segmentace-publika-v-ppc-kampanich	2026-03-06T12:46Z
https://www.seoconsult.cz/blog/seo-jako-viceboj-jake-nove-discipliny-pridala-ai	2026-03-12T16:19Z
https://www.seoconsult.cz/blog/jak-optimalizovat-obsah-pro-vyhledavace-s-ai	2026-03-13T10:22Z
https://www.seoconsult.cz/blog/novinky-v-digitalnim-marketingu-brezen-2026	2026-03-13T15:14Z
https://www.seoconsult.cz/blog/jak-na-reklamy-pmax-prakticke-tipy-pro-kazde-umisteni	2026-03-17T13:23Z
https://www.seoconsult.cz/blog/ppc-chyby-ktere-delaji-i-zkuseni-marketeri	2026-03-18T19:49Z
https://www.seoconsult.cz/blog/pozitivni-obrat-v-ceskem-maloobchodu	2026-03-19T09:50Z
https://www.seoconsult.cz/blog/synteticke-persony-pro-lepsi-sledovani-promptu	2026-03-19T10:07Z
https://www.seoconsult.cz/blog/10-vzorcu-pro-nadpisy-ktere-vas-dostanou-z-tvurciho-bloku	2026-03-20T10:32Z
https://www.seoconsult.cz/blog/udelejte-z-performance-max-motor-sveho-e-shopu	2026-03-23T15:09Z
https://www.seoconsult.cz/blog/vyvoj-ppc-v-roce-2026-pevne-se-drzte-sveho-kormidla	2026-03-24T14:16Z
https://www.seoconsult.cz/blog/vyplati-se-vam-inzerovat-na-socialni-siti-facebook	2026-03-25T17:06Z
https://www.seoconsult.cz/blog/brezen-2026-co-je-noveho-v-seo-ppc-online-marketingu	2026-03-26T15:53Z
https://www.seoconsult.cz/blog/jak-oslovit-profiky-na-linkedin-pomoci-microsoft-ads	2026-03-27T07:21Z
https://www.seoconsult.cz/blog/jak-budovat-udrzovat-e-mailovou-databazi	2026-03-27T13:58Z
https://www.seoconsult.cz/blog/optimalizace-webu-pro-ai-overview-ai-vyhledavani	2026-03-30T08:34Z
https://www.seoconsult.cz/blog/proc-klesa-organicka-navstevnost-navod-na-rozkryti-dat	2026-03-30T13:43Z
https://www.seoconsult.cz/blog/marketing-e-shopu-v-roce-2026-nove-taktiky-postupy	2026-03-31T13:08Z
https://www.seoconsult.cz/blog/automaticka-cenotvorba-jako-konkurencni-vyhoda	2026-04-07T06:04Z
https://www.seoconsult.cz/blog/spionaz-konkurence-na-socialnich-sitich-jak-ji-provest	2026-04-08T14:19Z
https://www.seoconsult.cz/blog/umela-inteligence-meni-svet-e-shopu-k-nepoznani	2026-04-09T06:17Z
https://www.seoconsult.cz/blog/strezene-obory-v-ere-ai-zasady-udrzeni-bezpecneho-seo	2026-04-09T14:55Z
https://www.seoconsult.cz/blog/ztracite-pozice-po-zmenach-zakladniho-algoritmu-8-opomijenych-moznosti-proc	2026-04-10T07:50Z
https://www.seoconsult.cz/blog/co-je-zero-click-search-proc-vznika	2026-04-10T08:24Z
https://www.seoconsult.cz/blog/zhmotnete-uspechy-sveho-seo-sledujte-zakazniky-v-ga4	2026-04-13T11:13Z
https://www.seoconsult.cz/blog/geopoliticka-krize-jako-hrozba-pro-ceskou-e-commerce	2026-04-14T10:48Z
https://www.seoconsult.cz/blog/online-marketing-v-dubnu-2026-prehled-novinek	2026-04-16T05:54Z
https://www.seoconsult.cz/nase-certifikaty-odborne-kvalifikace	2026-05-06T07:39Z
https://www.seoconsult.cz/blog/uzke-obory-google-ads-v-roce-2026-jak-vydelavat	2026-04-20T09:15Z
https://www.seoconsult.cz/blog/staremu-vyhledavani-odzvonilo-dejte-rec-se-search-live	2026-04-22T15:17Z
https://www.seoconsult.cz/blog/dopad-valky-v-iranu-na-ceske-e-shopy-co-nas-ceka	2026-04-24T05:55Z
https://www.seoconsult.cz/blog/vitezne-tazeni-na-mistnim-trhu-vas-90denni-manual-pro-rychly-rust-v-roce-2026	2026-04-28T14:30Z
https://www.seoconsult.cz/blog/kvalitnejsi-leady-z-performance-max-vytahnete-z-hromady-odpadu-skutecne-zakazniky	2026-04-29T06:49Z
https://www.seoconsult.cz/blog/duben-2026-zhave-novinky-v-online-marketingu	2026-04-29T13:36Z
https://www.seoconsult.cz/blog/jak-prelstit-hloubkovy-pruzkum-ai-nova-studie-odhaluje-seo-zkratky	2026-05-04T14:49Z
https://www.seoconsult.cz/blog/viditelnost-kosmetickych-znacek-ve-svete-ai-uspech-se-rodi-v-diskuzich-na-sitich	2026-05-05T06:27Z
https://www.seoconsult.cz/blog/jako-sherlock-holmes-odhalte-priciny-problemu-se-seo-pomoci-dedukce	2026-05-06T15:09Z
https://www.seoconsult.cz/blog/proc-je-tezke-udrzet-mezinarodni-ppc-v-jedne-linii-znacky-jak-na-vyzrat	2026-05-07T06:22Z
https://www.seoconsult.cz/blog/jak-neskoncit-ve-spamu-kompletni-navod-na-dorucitelnost-e-mailu-v-roce-2026	2026-05-11T08:58Z
https://www.seoconsult.cz/blog/proc-je-optimalizace-pro-ai-neco-jako-astrofyzika-jak-ji-zvladnout	2026-05-14T08:31Z
https://www.seoconsult.cz/blog/novinky-v-online-marketingu-kveten-2026-chatgpt-spousti-ppc-google-rusi-faq	2026-09-09T10:47Z
https://www.seoconsult.cz/blog/neplnite-ve-vyhledavani-s-ai-sve-seo-cile-zacnete-myslet-jinak	2026-05-18T06:27Z
https://www.seoconsult.cz/blog/jak-rozhybat-poptavky-nakupy-v-google-ads-15-osvedcenych-cest-ke-zvyseni-zisku	2026-05-19T21:12Z
https://www.seoconsult.cz/blog/jak-vytvorit-performance-max-kampan-pouze-s-produktovym-feedem	2026-05-20T12:04Z
https://www.seoconsult.cz/autori-naseho-blogu	2026-05-25T09:52Z
https://www.seoconsult.cz/blog/proc-povrchove-seo-taktiky-nevybuduji-dlouhodobou-viditelnost-ve-vyhledavani-rizenem-ai	2026-05-22T11:25Z
https://www.seoconsult.cz/blog/automatizacni-vrstveni-v-ppc	2026-05-22T11:57Z
https://www.seoconsult.cz/blog/geo-v-praxi-jak-vybrat-sledovat-dotazy-pro-umelou-inteligenci	2026-05-25T16:08Z
https://www.seoconsult.cz/blog/google-odkryva-budoucnost-co-online-byznys-brzy-ceka-nemine	2026-05-26T05:50Z
https://www.seoconsult.cz/blog/brzdi-vykon-vasich-ppc-kampani-bidding-ne-muze-za-slaba-kreativa	2026-05-26T06:56Z
https://www.seoconsult.cz/blog/proverte-svou-agenturu-6-otazek-ktere-vam-pomohou-najit-skutecneho-partnera-pro-rust	2026-05-27T16:10Z
https://www.seoconsult.cz/blog/seo-consult-patri-mezi-nejviditelnejsi-seo-agentury-v-ai	2026-05-28T11:31Z
https://www.seoconsult.cz/online-webinar-meta-ads-lead-generation	2026-06-22T05:53Z
https://www.seoconsult.cz/blog/strategie-produktoveho-feedu-googlu-ukazuje-na-budoucnost-retailoveho-objevovani	2026-05-29T11:30Z
https://www.seoconsult.cz/blog/kvetnove-novinky-v-digitalnim-marketingu-velke-zmeny-v-ai-vyhledavani-google-ads-i-na-zbozicz	2026-05-31T09:36Z
https://www.seoconsult.cz/blog/proc-produktove-feedy-potrebuji-organickou-strategii-pro-ai-vyhledavani	2026-06-01T10:55Z
https://www.seoconsult.cz/blog/kdyz-cisla-z-vyhledavani-neladi-nepanikarte-jdete-na-chytre	2026-06-03T06:32Z
https://www.seoconsult.cz/blog/efektivita-placene-reklamy-jak-utnout-plytvani-vytahnout-z-rozpoctu-maximum	2026-06-03T06:43Z
https://www.seoconsult.cz/blog/tenky-led-pro-zpravodajske-weby-kdyz-kliknuti-prebiji-kvalitu	2026-06-03T06:54Z
https://www.seoconsult.cz/blog/zkrotte-umelou-inteligenci-pomoci-dovednosti-udelejte-z-ni-experta-na-ppc	2026-06-03T07:08Z
https://www.seoconsult.cz/blog/pomaha-navratnost-nakladu-roas-rozvoji-firmy-nebo-zijete-v-omylu	2026-06-08T14:21Z
https://www.seoconsult.cz/blog/porad-v-jednom-kruhu-proc-vase-kazdodenni-snaha-v-google-ads-nikam-nevede	2026-06-09T09:22Z
https://www.seoconsult.cz/blog/prvni-setkani-klubu-marketeru-rhkb-otevrelo-debatu-o-ai-geo-budoucnosti-digitalniho-marketingu	2026-06-10T05:43Z
https://www.seoconsult.cz/blog/google-zablokoval-vas-ucet-merchant-center-podrobny-navod-na-opravu	2026-06-11T05:31Z
https://www.seoconsult.cz/faq	2026-09-10T14:48Z
https://www.seoconsult.cz/caste-dotazy-k-ppc-reklame	2026-09-29T06:10Z
https://www.seoconsult.cz/blog/nejstahovanejsi-appky-ai-vladne-trhu-e-shopy-musi-reagovat-seo-consult	2026-06-12T09:01Z
https://www.seoconsult.cz/blog/cerven-2026-co-je-noveho-v-online-marketingu	2026-06-13T09:20Z
https://www.seoconsult.cz/blog/seo-v-casech-ai-cim-presvedcite-vyhledavace-o-sve-duveryhodnosti	2026-06-15T13:36Z
https://www.seoconsult.cz/blog/efektivni-sireni-seo-obsahu-v-dobe-umele-inteligence-co-kdy-jak-kam	2026-06-16T06:44Z
https://www.seoconsult.cz/blog/kdy-je-cas-zmenit-sortiment-e-shopu	2026-07-09T09:16Z
https://www.seoconsult.cz/blog/rozhodujici-slovo-misto-doporuceni-jak-ridit-seo-ve-velkem-podniku	2026-06-18T06:38Z
https://www.seoconsult.cz/blog/uz-neni-sci-fi-zacnete-co-nejdriv-optimalizovat-pro-agenty-ai	2026-06-19T13:44Z
https://www.seoconsult.cz/blog/prodavate-online-budte-ve-strehu-prichazeji-nakupovat-agenti-ai	2026-06-24T13:22Z
https://www.seoconsult.cz/blog/jak-merit-skutecny-prinos-kreativnich-podkladu-v-kampanich-demand-gen	2026-06-24T13:26Z
https://www.seoconsult.cz/blog/rostouci-naroky-zakazniku-meni-pravidla-e-commerce	2026-07-09T09:17Z
https://www.seoconsult.cz/blog/novinky-ze-sveta-online-marketingu-cerven-2026	2026-06-29T14:40Z
https://www.seoconsult.cz/blog/kdyz-dorucovani-baliku-skripe-napric-evropou	2026-06-29T15:05Z
https://www.seoconsult.cz/blog/krizova-komunikace-zacina-davno-pred-samotnou-krizi	2026-07-09T09:17Z
https://www.seoconsult.cz/blog/google-jiz-nebude-podporovat-faq-rozsirene-vysledky	2026-06-30T06:05Z
https://www.seoconsult.cz/blog/technicky-seo-audit-potrebuje-posun-na-dalsi-uroven	2026-06-30T06:10Z
https://www.seoconsult.cz/blog/vas-web-uz-neni-cilova-destinace-ale-zdroj-informaci	2026-06-30T06:19Z
https://www.seoconsult.cz/blog/hranice-pravomoci-ai-aneb-proc-stroje-vyberou-zrovna-vasi-znacku	2026-07-07T13:55Z
https://www.seoconsult.cz/blog/url-adresy-ve-vyhledavani-s-umelou-inteligenci-navod-na-strukturovani	2026-07-07T14:08Z
https://www.seoconsult.cz/blog/migrace-webu-dopadla-katastrofou-zachrante-svuj-web-podle-skutecneho-scenare	2026-07-07T14:58Z
https://www.seoconsult.cz/blog/proc-umela-inteligence-zvysuje-hodnotu-lidi-experti-z-google-vam-prozradi	2026-07-07T14:50Z
https://www.seoconsult.cz/blog/prevrat-v-marketingu-za-dvermi-tri-nejvetsi-otresy-s-prichodem-agentni-ai	2026-07-08T11:58Z
https://www.seoconsult.cz/blog/dalsi-era-linkbuildingu-jak-se-dostat-do-citaci-umele-inteligence	2026-07-09T08:44Z
https://www.seoconsult.cz/blog/co-je-silnejsi-signaly-kvality-google-nebo-preferovane-zdroje	2026-07-09T08:47Z
https://www.seoconsult.cz/caste-dotazy-k-e-mailingu	2026-07-13T11:45Z
https://www.seoconsult.cz/caste-dotazy-k-ppc-reklame-na-socialnich-sitich	2026-09-29T06:11Z
https://www.seoconsult.cz/caste-dotazy-k-tvorbe-webu	2026-07-13T11:43Z
https://www.seoconsult.cz/caste-dotazy-ke-zbozovym-vyhledavacum	2026-07-13T11:45Z
https://www.seoconsult.cz/blog/umela-inteligence-nedoporucuje-lidem-vasi-znacku-proc-co-s-tim-delat	2026-07-14T14:16Z
https://www.seoconsult.cz/blog/co-delat-kdyz-neni-vytecny-obsah-videt-ve-vyhledavani-google	2026-07-14T14:37Z
https://www.seoconsult.cz/blog/problem-navratnosti-investic-u-umele-inteligence-vsichni-meri-jenom-iluzi	2026-07-14T14:42Z
https://www.seoconsult.cz/blog/novinky-v-online-marketingu-co-prinasi-cervenec-2026	2026-07-14T16:48Z
https://www.seoconsult.cz/ai-agenti-meni-e-commerce-bude-vas-e-shop-mezi-vitezi	2026-09-18T07:43Z
https://www.seoconsult.cz/blog/jak-na-technicke-seo-v-dobe-vyhledavani-ovladaneho-umelou-inteligenci	2026-07-16T12:38Z
https://www.seoconsult.cz/blog/6-priorit-pro-seo-e-shopu-pri-nakupovani-s-vyuzitim-umele-inteligence	2026-07-16T12:41Z
https://www.seoconsult.cz/blog/nova-cla-mohou-zmenit-pomery-v-e-commerce	2026-07-20T09:13Z
https://www.seoconsult.cz/blog/nova-pravidla-posiluji-ochranu-zakazniku	2026-07-20T09:11Z
https://www.seoconsult.cz/blog/11-chyb-v-ppc-kampanich-odhalenych-pri-b2b-auditech	2026-07-21T09:13Z
https://www.seoconsult.cz/blog/jak-vyrazne-zpresnit-sledovani-promptu	2026-07-22T15:25Z
https://www.seoconsult.cz/blog/jak-vytvorit-seo-reporty-s-realnym-dopadem	2026-07-22T15:28Z
https://www.seoconsult.cz/blog/umela-inteligence-v-seo-je-na-cloveka-kratka-co-pro-vas-znamena	2026-07-23T07:42Z
https://www.seoconsult.cz/blog/zminuje-se-o-vasi-znacce-umela-inteligence-zjistete-jak-si-u-ai-vedete	2026-07-23T07:41Z
https://www.seoconsult.cz/blog/je-lepsi-provozovat-kampane-kazdou-zvlast-nebo-vsadit-na-performance-max	2026-07-24T16:36Z
https://www.seoconsult.cz/blog/marketingove-novinky-za-cervenec-2026-co-hybe-svetem-seo-socialnich-siti-ai	2026-07-27T13:29Z
https://www.seoconsult.cz/nas-pribeh	2026-09-25T14:01Z
https://www.seoconsult.cz/blog/dokazete-predem-spocitat-dopad-vylepseni-seo-na-navstevnost	2026-07-30T06:33Z
https://www.seoconsult.cz/blog/jak-poznat-zda-konkurence-inzeruje-v-odpovedich-chatgpt-vasim-zakaznikum	2026-09-09T10:46Z
https://www.seoconsult.cz/blog/jak-vyresit-nefunkcni-chytre-nabidky-v-google-ads-zamerte-se-na-konverze	2026-07-31T14:09Z
https://www.seoconsult.cz/blog/rozpoznejte-vzorce-promptu-pro-ai-zajistete-si-lepsi-viditelnost-ve-vyhledavani	2026-07-31T14:14Z
https://www.seoconsult.cz/blog/proc-vam-atribucni-modely-ppc-platforem-neukazuji-vsechno	2026-08-07T05:43Z
https://www.seoconsult.cz/blog/jak-vylucovat-nechtena-klicova-slova-sladit-je-s-cili-reklamniho-uctu	2026-08-07T05:47Z
https://www.seoconsult.cz/blog/srpnove-novinky-v-online-marketingu-ai-seo-ppc	2026-08-18T06:40Z
https://www.seoconsult.cz/blog/rozpumpujte-rust-webu-snadnou-pouzitelnosti-je-vyhodna-pro-vsechny	2026-08-18T06:53Z
https://www.seoconsult.cz/blog/proc-dnes-kazdy-seo-tym-potrebuje-tematickou-mapu-pro-videa-socialni-site	2026-08-20T14:15Z
https://www.seoconsult.cz/blog/seo-pro-vice-lokalit-jak-ukocirovat-geograficke-stranky-ve-velkem-meritku	2026-08-20T14:19Z
https://www.seoconsult.cz/blog/moderni-strategie-optimalizace-pro-mobily-jak-delat-v-roce-2026	2026-08-20T14:22Z
https://www.seoconsult.cz/blog/jak-si-s-pomoci-claude-code-vytvorit-druhy-mozek-pro-agenturni-praci	2026-08-20T14:26Z
https://www.seoconsult.cz/blog/spoluprace-marketingovych-kanalu-5-zpusobu-jak-ji-smysluplne-ridit	2026-08-20T14:37Z
https://www.seoconsult.cz/blog/long-tail-klicova-slova-pro-vyssi-konverze	2026-08-21T07:07Z
https://www.seoconsult.cz/blog/neuromarketing-v-e-mailingu-jak-zvysit-konverze	2026-08-21T07:09Z
https://www.seoconsult.cz/blog/seo-na-prvnim-miste-propojte-vyhledavani-s-financnim-uspechem-firmy	2026-08-23T16:29Z
https://www.seoconsult.cz/caste-dotazy-k-optimalizaci-konverzniho-pomeru-webu-cro	2026-08-24T07:45Z
https://www.seoconsult.cz/caste-dotazy-k-public-relations-pr	2026-08-24T07:49Z
https://www.seoconsult.cz/caste-dotazy-k-obsahovemu-marketingu	2026-08-24T07:53Z
https://www.seoconsult.cz/caste-dotazy-k-internetovemu-marketingu-v-zahranici	2026-08-24T07:55Z
https://www.seoconsult.cz/caste-dotazy-ohledne-seo	2026-08-24T08:59Z
https://www.seoconsult.cz/blog/obsahove-mezery-kterymi-utikaji-penize-odhali-je-umela-inteligence	2026-08-26T12:24Z
https://www.seoconsult.cz/blog/google-zmenil-chytre-nabizeni-u-kampani-s-omezenym-rozpoctem-co-znamena	2026-08-26T12:26Z
https://www.seoconsult.cz/blog/proc-vetsina-puvodnich-dat-nikdy-neni-citovana	2026-08-26T12:53Z
https://www.seoconsult.cz/blog/google-ads-rozsiruje-kampane-pro-cestovni-ruch-o-atrakce-udalosti	2026-08-26T12:56Z
https://www.seoconsult.cz/blog/weby-se-rozrustaji-o-dalsi-vrstvu	2026-08-26T13:00Z
https://www.seoconsult.cz/blog/pozor-na-prazdne-sliby-na-co-se-ptat-prodejcu-ai-nastroju	2026-08-27T06:47Z
https://www.seoconsult.cz/blog/proc-produktovy-feed-patri-do-seo-e-shopu-jak-si-ho-overit-proti-webu	2026-08-27T08:23Z
https://www.seoconsult.cz/blog/srpen-2026-ai-meni-seo-reklamu-i-vyhledavani	2026-08-31T06:45Z
https://www.seoconsult.cz/blog/vyhledavani-s-umelou-inteligenci-bez-seo-nefunguje-google-dobre-vi	2026-08-31T07:31Z
https://www.seoconsult.cz/blog/proc-je-modelovani-marketingoveho-mixu-i-v-roce-2026-takova-veda	2026-08-31T07:37Z
https://www.seoconsult.cz/blog/vyhledavani-pomoci-ai-nedoporucujete-omylem-sve-konkurenty	2026-09-01T15:04Z
https://www.seoconsult.cz/blog/ai-claude-vam-pomuze-se-seo-ale-co-si-musite-bezpodminecne-hlidat	2026-09-07T16:56Z
https://www.seoconsult.cz/blog/umela-inteligence-ohrozuje-bezpecnost-webu-co-musi-vas-seo-tym-vedet	2026-09-07T17:39Z
https://www.seoconsult.cz/blog/cim-rozptylit-pochybnosti-o-vyznamu-seo-vytahnete-pokyny-primo-od-google	2026-09-08T08:26Z
https://www.seoconsult.cz/blog/jak-chranit-meta-popisky-pred-znehodnocenim-prepsanim-od-google	2026-09-09T12:23Z
https://www.seoconsult.cz/blog/chatgpt-jeho-zdroje-expert-rozpitval-sitovy-provoz-uvnitr-systemu	2026-09-09T12:27Z
https://www.seoconsult.cz/blog/interni-marketingovy-tym-nebo-agentura	2026-09-10T07:23Z
https://www.seoconsult.cz/caste-dotazy-ke-sprave-socialnich-siti	2026-09-10T14:43Z
https://www.seoconsult.cz/caste-dotazy-k-tvorbe-e-shopu-na-shoptetu	2026-09-10T14:44Z
https://www.seoconsult.cz/blog/ai-vyhledavace-vas-prehlizeji-mozna-podcenujete-5-nejdulezitejsich-signalu	2026-09-16T11:40Z
https://www.seoconsult.cz/blog/geo-z-pohledu-generace-z-mlade-lidi-ai-zajima-ale-nespolehaji-na-ni	2026-09-16T11:48Z
https://www.seoconsult.cz/blog/novinky-v-online-marketingu-zari-2026	2026-09-16T16:56Z
https://www.seoconsult.cz/stahnete-si-e-book-agentic-commerce	2026-09-20T16:55Z
https://www.seoconsult.cz/stahnete-si-e-book-ai-v-praxi	2026-09-20T16:55Z
https://www.seoconsult.cz/blog/jak-vymazat-negativni-obsah-z-vysledku-google-driv-nez-ho-ai-naserviruje-lidem	2026-09-19T10:22Z
https://www.seoconsult.cz/blog/tomas-cupr-jak-vybudovat-uspesnou-digitalni-agenturu	2026-09-19T10:53Z
https://www.seoconsult.cz/blog/tomas-cupr-o-ai-seo-budoucnosti-digitalniho-marketingu	2026-09-19T11:19Z
https://www.seoconsult.cz/blog/cesta-k-roi-oklikou-jak-zvladnout-nelinearni-cileni-v-google-ads	2026-09-23T13:47Z
https://www.seoconsult.cz/blog/strategie-nabidek-v-google-ads-kam-zamerit-svou-pozornost-v-roce-2026	2026-09-23T14:06Z
https://www.seoconsult.cz/blog/17-marketingovych-ukolu-ktere-uz-nemusite-dale-delat-rucne	2026-09-23T14:20Z
https://www.seoconsult.cz/blog/tomas-cupr-v-podcastu-webtop100	2026-09-24T05:39Z
https://www.seoconsult.cz/blog/jak-vysvetlit-klientum-pokles-organicke-navstevnosti	2026-09-24T10:58Z
https://www.seoconsult.cz/blog/chcete-byt-videt-v-odpovedich-ai-splatte-svemu-webu-technicky-dluh	2026-09-24T11:09Z
https://www.seoconsult.cz/blog/neotrele-napady-na-rijen-cim-okorenit-podzimni-marketing	2026-09-24T11:55Z
https://www.seoconsult.cz/blog/uklid-v-google-ads-neucte-smart-bidding-na-prehnanych-konverznich-datech	2026-09-30T14:09Z
https://www.seoconsult.cz/blog/navstevnost-z-odpovedi-umele-inteligence-vymacknete-z-ni-maximum	2026-09-30T14:11Z
https://www.seoconsult.cz/blog/seo-ppc-digitalni-marketing-v-zari-2026-prehled-klicovych-novinek-zmen	2026-10-01T05:09Z
https://www.seoconsult.cz/blog/tomas-cupr-v-podcastu-jak-ai-meni-svet-marketingu	2026-10-01T13:29Z
https://www.seoconsult.cz/blog/jak-poznat-ze-vas-ai-overviews-pripravuji-o-prokliky-co-s-tim-delat	2026-10-08T06:50Z
https://www.seoconsult.cz/blog/osmicka-nejvetsich-marketingovych-trendu-ktere-dnes-hybou-trhem	2026-10-08T06:53Z
https://www.seoconsult.cz/blog/reklamni-system-platformy-reddit-12-tipu-jak-ho-udelat-pritazlivejsi	2026-10-08T07:51Z
https://www.seoconsult.cz/blog/budovani-odkazu-v-ere-ai-nebojte-se-rozsirit-sve-page-obzory	2026-10-08T07:55Z
https://www.seoconsult.cz/blog/jak-tvorit-ymyl-obsah-ktery-budou-ai-vyhledavace-bez-obav-citovat	2026-10-08T07:59Z
https://www.seoconsult.cz/cookies	2022-05-03T11:57Z
https://www.seoconsult.cz/pripadove-studie	2026-06-18T13:41Z
https://www.seoconsult.cz/reference	2024-09-25T14:26Z
https://www.seoconsult.cz/sluzby	2026-09-18T08:24Z
https://www.seoconsult.cz/blog/google-adsense-jak-vydelat-co-nejvice	2022-11-13T17:49Z
https://www.seoconsult.cz/blog/ziskejte-vice-zakazniku-diky-dynamickym-reklamam-na-linkedinu	2022-12-03T15:59Z
https://www.seoconsult.cz/blog/nove-funkce-instagramu-vam-pomohou-ziskat-zakazniky	2022-08-30T10:04Z
https://www.seoconsult.cz/blog/zacinate-s-digitalnim-marketingem-naplanujte-si-dukladne-svuj-rozpocet	2022-12-08T11:02Z
https://www.seoconsult.cz/blog/leden-2022-dalsi-novinky-v-seo-online-marketingu	2024-08-03T18:21Z
https://www.seoconsult.cz/blog/proc-jak-importovat-data-o-nakladech-do-sluzby-google-analytics	2022-11-26T09:01Z
https://www.seoconsult.cz/blog/optimalizujte-cilove-stranky-pro-lepsi-konverze-z-ppc-reklam	2022-12-12T06:43Z
https://www.seoconsult.cz/blog/co-skutecne-znamena-cerstvy-obsah-pro-google	2024-09-25T14:10Z
https://www.seoconsult.cz/blog/jak-vytvorit-znacku-sve-firmy-pomoci-nekolika-jednoduchych-kroku	2022-11-27T00:44Z
https://www.seoconsult.cz/blog/nove-zmeny-ve-zpusobu-prirazovani-klicovych-slov-v-google-ads	2022-12-03T16:03Z
https://www.seoconsult.cz/blog/vylepsete-blog-vasi-restaurace-ziskejte-nove-navstevniky	2022-12-03T19:01Z
https://www.seoconsult.cz/blog/chytre-zpusoby-jak-cilit-na-publikum-konkurence-bez-reklam-ve-vyhledavani	2022-11-23T09:18Z
https://www.seoconsult.cz/blog/leden-2022-novinky-v-seo-online-marketingu	2022-08-30T10:04Z
https://www.seoconsult.cz/blog/jak-tvorit-obsah-pratelsky-k-socialnim-sitim	2022-10-06T13:25Z
https://www.seoconsult.cz/blog/jak-influenceri-kvalitni-obsah-pomahaji-ziskavat-navstevnost-z-vyhledavani	2022-11-23T09:14Z
https://www.seoconsult.cz/blog/rozsireni-ppc-reklam-o-odkazy-na-podstranky	2022-11-14T05:57Z
https://www.seoconsult.cz/blog/chcete-vice-konverzi-analyzujte-cesty-zakazniku	2022-10-06T13:26Z
https://www.seoconsult.cz/blog/naucte-se-propagovat-svuj-byznys-na-pinterestu	2022-12-12T19:30Z
https://www.seoconsult.cz/o-nas	2026-09-29T14:07Z
https://www.seoconsult.cz/blog/nove-zmeny-ve-vyhledavani-pro-b2b-objevte-nove-moznosti	2022-12-03T19:04Z
https://www.seoconsult.cz/blog/novinky-v-prosincovem-online-marketingu	2022-08-30T10:04Z
https://www.seoconsult.cz/blog/co-je-obsahovy-audit-jak-jej-provest	2022-11-14T05:51Z
https://www.seoconsult.cz/blog/jak-ziskat-udrzet-pozornost-navstevniku	2022-12-13T10:33Z
https://www.seoconsult.cz/blog/tipy-triky-na-propagaci-vaseho-realitniho-byznysu	2022-11-13T19:05Z
https://www.seoconsult.cz/blog/rozsirene-textove-reklamy-skoncily-co-znamena	2024-08-03T18:35Z
https://www.seoconsult.cz/blog/jak-vytvaret-uspesne-ppc-reklamy-na-linkedin	2022-10-06T13:29Z
https://www.seoconsult.cz/blog/listopadove-novinky-v-online-marketingu	2022-10-06T13:30Z
https://www.seoconsult.cz/blog/propagujte-svou-restauraci-pomoci-ppc-reklam-na-facebooku	2022-12-12T19:34Z
https://www.seoconsult.cz/blog/novinky-v-optimalizaci-pro-vyhledavace	2022-10-06T13:30Z
https://www.seoconsult.cz/blog/ziskejte-vice-zakazniku-pro-vasi-cestovni-agenturu	2022-08-30T10:04Z
https://www.seoconsult.cz/blog/pruvodce-facebookovou-reklamou-pro-remeslniky	2022-08-30T10:04Z
https://www.seoconsult.cz/blog/ppc-reklama-se-neustale-meni-udrzte-s-temito-zmenami-krok	2022-12-13T10:29Z
https://www.seoconsult.cz/blog/maximalizujte-navratnost-investic-do-ppc-reklam-pomoci-geografickeho-cileni	2022-12-13T10:36Z
https://www.seoconsult.cz/blog/ktere-metriky-jsou-nejdulezitejsi-pro-seo	2024-12-10T18:07Z
https://www.seoconsult.cz/blog/nekolik-tipu-pro-e-mailing-ktere-umozni-vasim-e-mailum-vyniknout	2024-01-15T10:05Z
https://www.seoconsult.cz/blog/najdete-nejlepsi-zakazniky-pro-vase-fitness-produkty	2022-12-12T06:59Z
https://www.seoconsult.cz/blog/kolik-stoji-ppc-reklamy-na-facebooku	2022-08-30T10:04Z
https://www.seoconsult.cz/blog/jak-zvysit-konverze-v-e-shopu-pokud-mate-omezeny-rozpocet	2022-12-08T11:05Z
https://www.seoconsult.cz/blog/lead-generation-marketing-aneb-ziskavani-zakazniku-v-praxi	2022-12-12T06:36Z
https://www.seoconsult.cz/blog/zefektivnete-sve-reklamy-vyzkousejte-google-ads-creative-studio	2022-12-12T06:45Z
https://www.seoconsult.cz/blog/marketing-na-socialnich-sitich-zamirte-na-tiktok	2022-12-08T11:01Z
https://www.seoconsult.cz/blog/pruvodce-vytvarenim-potvrzovaciho-e-mailu	2022-08-30T10:04Z
https://www.seoconsult.cz/blog/propagujte-sve-produkty-sluzby-na-linkedinu	2022-08-30T10:04Z
https://www.seoconsult.cz/blog/ppc-reklamy-na-googlu-nebo-na-facebooku	2022-12-12T19:32Z
https://www.seoconsult.cz/blog/ziskejte-nove-klienty-pro-vasi-ucetni-firmu-pomoci-napadite-reklamy	2022-11-26T08:56Z
https://www.seoconsult.cz/blog/co-je-marketing-napric-kanaly-jak-jej-implementovat	2022-12-03T19:07Z
https://www.seoconsult.cz/blog/jak-vytvorit-uspesnou-ppc-kampan-vzijte-se-do-pocitu-zakazniku	2022-11-27T00:49Z
https://www.seoconsult.cz/blog/bezplatne-nastroje-pro-navrh-reklam-na-facebooku	2023-12-18T10:51Z
https://www.seoconsult.cz/blog/ziskejte-z-vasich-webovych-stranek-vice-konverzi	2022-08-30T10:04Z
https://www.seoconsult.cz/blog/nova-vlna-digitalniho-marketingu-v-postpandemickem-svete	2022-08-30T10:04Z
https://www.seoconsult.cz/blog/jak-muzete-pomoci-ppc-reklamy-podporit-seo-vaseho-webu	2024-08-03T18:41Z
https://www.seoconsult.cz/blog/naucte-se-jak-propagovat-svou-stavebni-firmu-na-sitich	2022-12-04T00:48Z
https://www.seoconsult.cz/blog/7-tipu-pro-efektivni-lokalni-ppc	2022-12-08T10:27Z
https://www.seoconsult.cz/blog/jak-spravne-nastavit-planovani-ppc-reklam	2022-08-30T10:04Z
https://www.seoconsult.cz/blog/jake-jsou-vyhody-nevyhody-google-ads-insights	2022-08-30T10:04Z
https://www.seoconsult.cz/blog/piste-e-maily-jako-profesional-tipy-pro-uspesny-e-mailing	2022-12-03T18:58Z
https://www.seoconsult.cz/blog/jak-usetrit-penize-pomoci-ab-testovani-na-facebooku-bez-ohledu-na-vas-rozpocet	2022-12-12T19:38Z
https://www.seoconsult.cz/blog/bannerova-reklama-od-do-z	2022-08-30T10:04Z
https://www.seoconsult.cz/blog/jak-propagovat-sluzby-doucovani	2022-11-11T07:56Z
https://www.seoconsult.cz/blog/jak-se-vyhnout-kanibalizaci-klicovych-slov-ve-vasi-marketingove-kampani	2022-11-26T00:01Z
https://www.seoconsult.cz/blog/jak-zlepsit-reputaci-vaseho-autoservisu	2022-08-30T10:04Z
https://www.seoconsult.cz/blog/optimalizujte-video-kampane-pomoci-prehledu-v-youtube-studio-channel-analytics	2022-11-23T07:24Z
https://www.seoconsult.cz/blog/bez-videa-se-v-digitalnim-marketingu-neobejdete	2022-08-30T10:04Z
https://www.seoconsult.cz/blog/vytvorte-si-efektivni-prodejni-funnel-ziskejte-vice-konverzi	2022-12-04T00:24Z
https://www.seoconsult.cz/blog/seo-jako-nedilna-soucast-marketingu-vasi-firmy-zjistete-jak-na	2022-12-08T11:10Z
https://www.seoconsult.cz/blog/zpusoby-jak-personalizovat-cestu-zakaznika-e-shopu-pro-lepsi-konverze	2025-03-19T16:21Z
https://www.seoconsult.cz/blog/jak-muze-ziskat-realitni-makler-vice-klientu-pomoci-obsahoveho-marketingu	2022-12-12T06:46Z
https://www.seoconsult.cz/blog/jake-cms-pouzivaji-profesionalove-pro-lepsi-seo	2022-11-14T06:13Z
https://www.seoconsult.cz/blog/tyto-jednoduche-triky-vam-pomohou-snizit-miru-okamziteho-opusteni-stranky	2022-11-23T09:20Z
https://www.seoconsult.cz/blog/jak-vdechnout-novy-zivot-nadpisum-blogovych-prispevku	2022-12-08T11:45Z
https://www.seoconsult.cz/blog/optimalizujte-svou-firemni-stranku-na-facebooku	2024-08-03T18:35Z
https://www.seoconsult.cz/blog/budujte-svou-znacku-pomoci-pribehu-tentokrat-na-linkedinu	2022-12-03T16:17Z
https://www.seoconsult.cz/blog/nejlepsi-klicova-slova-pro-autoservisy	2022-08-30T10:04Z
https://www.seoconsult.cz/blog/seo-obsahovy-marketing-dve-strany-jedne-mince	2022-08-30T10:04Z
https://www.seoconsult.cz/blog/ziskejte-prokliky-z-ppc-reklam-na-facebooku-levneji	2022-11-13T19:06Z
https://www.seoconsult.cz/blog/vylepsete-svuj-marketing-analyzou-konkurence	2022-11-13T18:59Z
https://www.seoconsult.cz/blog/trendy-digitalniho-marketingu-v-roce-2021	2022-12-12T06:35Z
https://www.seoconsult.cz/blog/propagujte-vasi-restauraci-na-instagramu	2022-11-13T19:07Z
https://www.seoconsult.cz/blog/osvedcene-postupy-pro-testovani-seo	2022-08-30T10:04Z
https://www.seoconsult.cz/blog/zlepsete-sve-umisteni-v-instagramu-pomoci-techto-seo-metod	2022-12-12T06:43Z
https://www.seoconsult.cz/blog/nejlepsi-klicova-slova-pro-seo	2022-08-30T10:04Z
https://www.seoconsult.cz/blog/17-tipu-jak-uspesne-propagovat-svuj-blog	2022-12-08T11:51Z
https://www.seoconsult.cz/blog/pruvodce-obsahovym-marketingem-pro-technologicke-firmy	2022-11-11T06:32Z
https://www.seoconsult.cz/blog/uzitecne-funkce-linkedinu-ktere-jste-mozna-dosud-neznali	2022-12-13T10:38Z
https://www.seoconsult.cz/blog/jak-propagovat-vas-byznys-v-obsahove-siti-google-ve-svete-first-party-dat	2022-11-23T09:20Z
https://www.seoconsult.cz/blog/jaka-je-moje-ip-adresa-jak-ji-mohu-vyloucit-ze-statistik-google-analytics	2022-11-23T09:13Z
https://www.seoconsult.cz/blog/proc-mela-mit-restaurace-vlastni-webovou-stranku	2022-11-11T06:21Z
https://www.seoconsult.cz/blog/udelejte-z-navstevniku-vasi-restaurace-stale-hosty	2022-08-30T10:04Z
https://www.seoconsult.cz/blog/jak-optimalizovat-vas-firemni-zapis-na-googlu	2022-11-14T06:59Z
https://www.seoconsult.cz/blog/techniky-obsahoveho-marketingu-pro-b2c-ktere-vyuzijete-i-v-b2b	2022-11-27T00:50Z
https://www.seoconsult.cz/blog/vyuzijte-silu-videa-pro-marketing-vaseho-realitniho-podnikani	2023-12-18T10:48Z
https://www.seoconsult.cz/blog/seo-pro-stranky-logisticke-prepravni-spolecnosti	2022-11-13T19:09Z
https://www.seoconsult.cz/blog/odstraneni-chyb-404-pomuze-zvysit-pozice-webu-ve-vyhledavani	2022-12-03T16:15Z
https://www.seoconsult.cz/blog/jak-pouzivat-reklamy-na-facebook-messengeru-k-propagaci-vaseho-byznysu	2022-11-26T00:05Z
https://www.seoconsult.cz/blog/jak-propagovat-sluzby-financnich-poradcu-online	2022-08-30T10:04Z
https://www.seoconsult.cz/blog/jak-porizovat-fotografie-ktere-upoutaji-pozornost	2022-11-14T05:52Z
https://www.seoconsult.cz/blog/jak-psat-neodolatelne-nadpisy-nativnich-reklam	2022-08-30T10:04Z
https://www.seoconsult.cz/blog/jak-vylepsit-e-mailovy-marketing-pomoci-mapovani-cesty-zakaznika	2022-11-27T00:43Z
https://www.seoconsult.cz/blog/ziskejte-nove-klienty-pro-vasi-advokatni-kancelar	2022-08-30T10:04Z
https://www.seoconsult.cz/blog/11-nejcastejsich-chyb-pri-tvorbe-e-shopu-webu	2023-05-04T19:06Z
https://www.seoconsult.cz/blog/co-meli-inzerenti-vedet-o-zmenach-v-ppc-reklame-apple-facebook	2022-11-26T08:57Z
https://www.seoconsult.cz/blog/ziskejte-vice-skutecnych-followeru-na-instagramu	2022-11-23T06:59Z
https://www.seoconsult.cz/blog/ziskejte-si-jmeno-ve-svete-wellness-sluzeb	2022-08-30T10:04Z
https://www.seoconsult.cz/blog/silna-znacka-pomuze-vasemu-podnikani	2022-12-12T19:24Z
https://www.seoconsult.cz/blog/proc-si-najmout-agenturu-pro-spravu-ppc	2023-02-14T08:22Z
https://www.seoconsult.cz/blog/digitalni-marketing-pro-zubare-ortodontisty-zubni-hygienisty	2022-11-27T00:47Z
https://www.seoconsult.cz/blog/jak-vybrat-seo-agenturu	2022-12-04T00:31Z
https://www.seoconsult.cz/blog/marketingovy-plan-pro-vas-hotel-bez-ceho-se-neobejde	2022-08-30T10:04Z
https://www.seoconsult.cz/blog/zvyste-efektivitu-vasi-web-designerske-firmy-pomoci-online-marketingu	2022-11-26T00:14Z
https://www.seoconsult.cz/blog/seo-nejlepsi-investice-pro-vas-business	2022-10-07T16:32Z
https://www.seoconsult.cz/blog/vyhody-pouziti-automatickych-nabidek-v-google-ads	2022-12-12T19:39Z
https://www.seoconsult.cz/blog/maximalizujte-ucinky-vasi-ppc-reklamy	2022-08-30T10:04Z
https://www.seoconsult.cz/blog/marketing-pro-ucetni-firmy	2024-08-03T18:39Z
https://www.seoconsult.cz/blog/komplexni-pruvodce-pouzivanim-navigacniho-nastroje-linkedin-sales-navigator	2022-11-23T09:15Z
https://www.seoconsult.cz/blog/jak-prilakat-pravidelne-zakazniky-do-kadernictvi-ci-na-masaze	2022-12-03T15:55Z
https://www.seoconsult.cz/blog/ktere-metriky-dokazou-nejlepe-ohodnotit-vykon-obsahoveho-marketingu	2026-05-18T13:39Z
https://www.seoconsult.cz/blog/online-marketing-pro-fitness-centra	2022-08-30T10:04Z
https://www.seoconsult.cz/blog/vzbudte-zajem-u-vaseho-reklamniho-publika-na-instagramu	2022-12-12T06:58Z
