skupina	url	umístění	citace	oblast	typ	problém	návrh	závažnost
stránka	/sluzby/implementace-ga4	Hlavička – meta description (stejně og:description a twitter:description)	GA4 ukazuje jiná čísla než e-shop?	B	k posouzení	Řečnická otázka na začátku meta popisku; brief ji řadí k reklamním efektům, v meta popisku ale pojmenovává hledaný problém – sporné, oznamovací varianta je věcnější.	Když GA4 ukazuje jiná čísla než e-shop, nastavíme Google Analytics 4 od nuly i opravíme stávající: e-commerce, leady, Google Ads, BigQuery. Konzultace zdarma.	NÍZKÁ
stránka	/sluzby/implementace-ga4	Strukturovaná data – audience.audienceType	E-shopy, B2B a lead-gen firmy, velké firmy	A	doporučení	„lead-gen“ je zkratkový anglicismus; menu webu používá „B2B a lead generation“, FAQ stránky „poptávky“ – sjednotit s webem.	E-shopy, B2B a lead generation, velké firmy	NÍZKÁ
stránka	/sluzby/implementace-ga4	Úvod – odstavec pod H1	Implementace GA4 je víc než vložit měřicí kód.	A	doporučení	Kalk anglického „is more than inserting…“; spojení „je víc než“ + infinitiv zní česky cize.	Implementace GA4 neznamená jen vložit měřicí kód.	STŘEDNÍ
stránka	/sluzby/implementace-ga4	Úvod – odstavec pod H1	měřicí plán, datovou vrstvu, e-commerce, leady, Consent Mode v2	A	doporučení	Nejednotná terminologie lead/poptávka: „leady“ (meta description, úvod, karta GA4 a GTM podle plánu) vs. „poptávky“ (Poznáváte se? – Poptávky jen jako „děkovací stránka“, karta Porovnání s administrací nebo CRM). Oba výrazy jsou srozumitelné, na jedné stránce ale zvolit jeden, nebo je při prvním výskytu spojit.	měřicí plán, datovou vrstvu, e-commerce, poptávky (leady), Consent Mode v2	NÍZKÁ
stránka	/sluzby/implementace-ga4	Poznáváte se? – odstavec	Když někdo GA4 jen „vloží“ do webu	A	doporučení	Vazba „vložit do webu“; stránka GTM i běžný úzus používají „vložit na web“ – sjednotit.	Když někdo GA4 jen „vloží“ na web	NÍZKÁ
stránka	/sluzby/implementace-ga4	Poznáváte se? – odstavec	Nevíte, co z toho platí u vás? Začněte auditem měření.	B	doporučení	Řečnická otázka následovaná rozkazovacím CTA; věcnější je podmínková věta.	Pokud nevíte, co z toho platí u vás, začněte auditem měření.	NÍZKÁ
stránka	/sluzby/implementace-ga4	Poznáváte se? – štítek karty GA4 ukazuje jiné tržby než e-shop	≠ revenue	A	k posouzení	Anglické slovo ve viditelném štítku, který není kód ani název souboru či události; běžný český ekvivalent existuje (na stránce ×2, dále: „+ optional“ u karty Volitelně: školení GA4).	≠ tržby (a „+ volitelně“)	NÍZKÁ
stránka	/sluzby/implementace-ga4	Poznáváte se? – popis karty GA4 započítá nákup dvakrát	vznikne druhý purchase	A	k posouzení	Název události použitý jako české podstatné jméno („druhý purchase“); pro majitele e-shopu je srozumitelnější „druhá událost purchase“ – sporné, stránka cílí i na IT.	vznikne druhá událost purchase	NÍZKÁ
stránka	/sluzby/implementace-ga4	Co uděláme a co dostanete – úvodní odstavec	Ne jen „hotové GA4“, ale i dokumenty	A/B	k posouzení	V tomto spojení se zápor píše dohromady „nejen“ (IJP, heslo nejen; zvlášť jen při samostatném důrazném záporu, což zde není jednoznačné) a konstrukce „nejen …, ale i“ je šablonovitý vzorec typický pro AI texty.	Kromě „hotového GA4“ dostanete i dokumenty, podle kterých může měření převzít kdokoli jiný.	STŘEDNÍ
stránka	/sluzby/implementace-ga4	Co uděláme a co dostanete – nadpis H3 karty	Volitelně: školení GA4	A	doporučení	Nadpis neodpovídá obsahu karty – popis nabízí školení, export do BigQuery i dashboard; zároveň vzorec nadpisu „Téma: Podtitul“.	Volitelně školení, BigQuery nebo dashboard	NÍZKÁ
stránka	/sluzby/implementace-ga4	Jak data tečou z webu do GA4 a dál – název uzlu diagramu	GA4 property	A	doporučení	Nejednotný slovosled: „GA4 property“ (diagram) vs. „Property GA4“ (FAQ Komu budou patřit účty a data?); sjednotit na český slovosled.	Property GA4	NÍZKÁ
stránka	/sluzby/implementace-ga4	Jak data tečou z webu do GA4 a dál – odrážka Souhlas	napojíme na cookie lištu, režim basic, nebo advanced probereme společně	A	doporučení	Dvě hlavní věty spojené jen čárkou a k tomu čárka před „nebo“ – čtenář čte „cookie lištu, režim basic“ jako výčet; věta je dvojznačná.	napojíme na cookie lištu; jestli zvolit režim basic, nebo advanced, probereme společně	STŘEDNÍ
stránka	/sluzby/implementace-ga4	Opravit stávající GA4, nebo založit novou property? – odrážka Založíme novou, když…	property patří agentuře nebo bývalému dodavateli a převod nejde	A/B	doporučení	„převod nejde“ je hovorové; věcnější „není možný“.	property patří agentuře nebo bývalému dodavateli a převod není možný	NÍZKÁ
stránka	/sluzby/implementace-ga4	Jak implementace probíhá – úvodní odstavec	ať začínáte od nuly, opravujete stávající GA4, nebo měníte platformu	B	doporučení	Vzorec „ať (už) …, nebo“ typický pro AI texty; věta je navíc bez přísudku.	Stejných pět kroků jako u všech našich služeb – při startu od nuly, opravě stávajícího GA4 i změně platformy.	NÍZKÁ
stránka	/sluzby/implementace-ga4	Jak implementace probíhá – krok 05 Předání a podpora	Předáme dokumentaci, proškolíme tým a hlídáme, aby měření nespadlo	A	doporučení	Nejednotný čas a vid v jedné větě: dokonavý budoucí (předáme, proškolíme) + přítomný nedokonavý (hlídáme).	Předáme dokumentaci, proškolíme tým a budeme hlídat, aby měření nespadlo po dalším releasu.	NÍZKÁ
stránka	/sluzby/implementace-ga4	Jak poznáte, že GA4 funguje – odstavec	Měření je v pořádku, když platí tohle:	A/B	doporučení	„tohle“ je hovorový tvar (IJP: tenhle – hovor.); do věcného textu neutrální „toto“.	Měření je v pořádku, když platí toto:	NÍZKÁ
stránka	/sluzby/implementace-ga4	Časté otázky – Co nastavíme v property, odrážka	Filtr hostitelů, aby GA4 bralo data jen z vlastních domén, a nežádoucí referraly	A	k posouzení	„referraly“ je počeštěný anglicismus (GA4: nežádoucí odkazující zdroje); mezi analytiky zavedený, majitel e-shopu ho znát nemusí – doplnit český opis.	Filtr hostitelů, aby GA4 bralo data jen z vlastních domén, a seznam nežádoucích odkazujících zdrojů (referralů)	NÍZKÁ
stránka	/sluzby/implementace-ga4	Časté otázky – Co nastavíme v property, odrážka	Redakci e-mailů a parametrů URL	A	doporučení	Falešný přítel: anglické „data redaction“ = odstranění/zakrytí údajů, české „redakce“ znamená úpravu textu nebo redakční tým – čtenář větě neporozumí.	Odstraňování e-mailů a parametrů URL z dat (data redaction), aby do GA4 netekly osobní údaje	STŘEDNÍ
stránka	/sluzby/implementace-ga4	Časté otázky – Co nastavíme v property, odrážka	Hodnotu posíláme s DPH, nebo bez podle dohody, stejně v GA4, Google Ads i Metě.	A	doporučení	Elipsa „bez podle dohody“ je neobratná (chybí „bez ní“) a není jasné, k čemu se váže „podle dohody“ a „stejně“.	Hodnotu posíláme podle dohody s DPH, nebo bez ní – vždy stejně v GA4, Google Ads i Metě.	NÍZKÁ
stránka	/sluzby/implementace-ga4	Časté otázky – Limity GA4, odrážka	Explorace: standardní GA4 drží data	A	k posouzení	„Explorace“ je anglicismus (GA4 Explorations; české rozhraní „průzkumy“); mezi analytiky zavedený, marketingový manažer ho znát nemusí.	Explorace (průzkumy): standardní GA4 drží data	NÍZKÁ
stránka	/sluzby/implementace-ga4	Časté otázky – Limity GA4, odrážka	agregované přehledy retence neomezuje	A	doporučení	Dvojznačný slovosled – podmět a předmět lze číst obráceně (jako by přehledy neomezovaly retenci).	na agregované přehledy se retence nevztahuje	STŘEDNÍ
stránka	/sluzby/implementace-ga4	Časté otázky – Limity GA4, odrážka	Velké e-shopy řeší streaming, nebo GA4 360.	A	doporučení	Sloveso „řešit“ ve významu „použít“ je neurčité; není jasné, zda jde o problém, nebo řešení.	Velké e-shopy použijí streaming, nebo GA4 360.	NÍZKÁ
stránka	/sluzby/implementace-ga4	Časté otázky – Limity GA4, odrážka	Na jednu událost pětadvacet parametrů, na property třicet klíčových událostí a sto publik, u GA4 360 sto parametrů, padesát klíčových událostí a 400 publik.	C	doporučení	Nejednotný zápis čísel v jedné větě – slovy (pětadvacet, třicet, sto, padesát) i číslicemi (400); u limitů tohoto typu ČSN 01 6910 preferuje číslice, „pětadvacet“ je navíc spíš mluvený tvar.	Na jednu událost 25 parametrů, na property 30 klíčových událostí a 100 publik, u GA4 360 100 parametrů, 50 klíčových událostí a 400 publik.	NÍZKÁ
stránka	/sluzby/google-tag-manager	Hlavička – meta description (×3: description, og, twitter)	Nastavíme, zaudítujeme a spravujeme Google Tag Manager	A	chyba	Pravopis: sloveso je „auditovat“, tedy „zauditujeme“ (IJP, heslo auditovat – krátké u, bez í). Navíc nesourodý vid: dokonavé „nastavíme, zauditujeme“ + nedokonavé „spravujeme“.	Google Tag Manager nastavíme, zauditujeme nebo převezmeme do správy	KRITICKÁ
stránka	/sluzby/google-tag-manager	Hlavička – meta description	názvosloví, verze, práva, consent i výkon	A	doporučení	Nejednotná terminologie: „práva“ (meta, krok 03 „administrátorská práva k GTM“) vs. „oprávnění“ ve zbytku stránky; „consent“ (meta, krok 01 Audit) vs. „souhlas“ ve zbytku stránky.	názvosloví, verze, oprávnění, souhlas i výkon	NÍZKÁ
stránka	/sluzby/google-tag-manager	Hlavička – meta description	Desítky tagů, které nikdo nezná?	B	k posouzení	Řečnická otázka na začátku meta popisku (stejný vzorec jako u stránky GA4); pojmenovává hledaný problém, oznamovací varianta je věcnější – rozhodnout jednotně.	Desítky tagů, které nikdo nezná, dáme do pořádku.	NÍZKÁ
stránka	/sluzby/google-tag-manager	Úvod – nadpis H1	Google Tag Manager: nastavení, audit a správa	B	doporučení	Nadpis ve vzorci „Téma: Podtitul“ (na stránce ×3, dále: „Technické detaily: názvosloví, oprávnění a souhlas v GTM“, „Tagy a souhlas: standardní nastavení“); H1 navíc nesouhlasí s title „– nastavení, audit, správa“ (jiný oddělovač i spojka).	Nastavení, audit a správa Google Tag Manageru	NÍZKÁ
stránka	/sluzby/google-tag-manager	Poznáváte svůj Tag Manager? – štítek karty Desítky tagů, které nikdo nezná	tags: 120	A	k posouzení	Anglické štítky mimo kód a názvy souborů či událostí, s běžným českým ekvivalentem (na stránce ×5, dále: „duplicate“, „naming“, „perf“, „inventory · A/B/C“, „qa · changelog“).	tagy: 120	NÍZKÁ
stránka	/sluzby/google-tag-manager	Nastavení, audit, nebo správa? – tab Nastavení nového kontejneru, odstavec	nový web, redesign, přechod z kódů natvrdo, nebo kontejner tak chaotický	A	k posouzení	Čárka před „nebo“ ve výčtu situací, kde má „nebo“ význam slučovací (platí kterákoli z nich) – podle PČP/IJP se pak čárka nepíše; v témže bloku je obdobný výčet „redesign nebo nasazení server-side“ bez čárky. „natvrdo“ je hovorový programátorský výraz (na stránce ×3, dále: tabulka Kódy natvrdo v šabloně).	nový web, redesign, přechod z kódů vložených přímo do šablony nebo kontejner tak chaotický, že je levnější začít znovu	NÍZKÁ
stránka	/sluzby/google-tag-manager	Nastavení, audit, nebo správa? – tab Průběžná správa, odrážka (skryté)	nové tagy na požadavek: ticket, workspace, test, verze s popisem a publikace	A	k posouzení	„ticket“ je anglicismus vedle českého „požadavek“ v téže odrážce – dvojí pojmenování téže věci.	nové tagy na požadavek: zadání, workspace, test, verze s popisem a publikace	NÍZKÁ
stránka	/sluzby/google-tag-manager	Nastavení, audit, nebo správa? – tab Průběžná správa, odrážka (skryté)	reakce na změny platforem, třeba Seznamu nebo Google tagu	A	doporučení	Nejednotnost Sklik/Seznam: reklamní platforma se jinde na stránce jmenuje „Sklik“ („tagy … Skliku“, „Sklik – SEM“), zde „Seznam“ (provozovatel).	reakce na změny platforem, třeba Skliku nebo Google tagu	NÍZKÁ
stránka	/sluzby/google-tag-manager	Co uděláme a co dostanete – popis karty Publikovaný kontejner	Po auditu publikujeme úklid po dohodě.	A	doporučení	Neobratná věta se dvěma „po“ a nezvyklou vazbou „publikovat úklid“; smysl (změny z auditu nasadíme až po odsouhlasení) se ztrácí.	Úklid po auditu publikujeme až po dohodě s vámi.	NÍZKÁ
stránka	/sluzby/google-tag-manager	Co uděláme a co dostanete – popis karty Testovací protokol a předání	Při správě changelog a měsíční přehled změn.	A	k posouzení	„changelog“ je anglicismus s běžným českým ekvivalentem (seznam změn); ve větě bez slovesa působí jako nepřeložený zbytek.	Při správě dostanete seznam změn (changelog) a měsíční přehled změn.	NÍZKÁ
stránka	/sluzby/google-tag-manager	Co se děje uvnitř kontejneru – úvodní odstavec	spouštěč rozhodne, kterých tagů se týká. Kontrola souhlasu pak rozhodne	B	doporučení	Opakování „rozhodne … rozhodne“ ve dvou větách za sebou.	spouštěč určí, kterých tagů se týká. Kontrola souhlasu pak rozhodne	NÍZKÁ
stránka	/sluzby/google-tag-manager	Co se děje uvnitř kontejneru – popisek uzlu Tagy	Jen tagy Google v advanced režimu pošlou cookieless ping.	A	doporučení	Anglický přívlastek před českým podstatným jménem („advanced režim“; jinde na stránce správně „režim basic, nebo advanced“) a anglicismus „cookieless ping“.	Jen tagy Google v režimu advanced pošlou ping bez cookies.	NÍZKÁ
stránka	/sluzby/google-tag-manager	Co se děje uvnitř kontejneru – název uzlu diagramu	Governance	A	doporučení	Nepřeložený anglický název uzlu, ostatní uzly diagramu jsou česky (Spouštěč, Kontrola souhlasu, Tagy); český ekvivalent existuje.	Správa kontejneru	STŘEDNÍ
stránka	/sluzby/google-tag-manager	Co se děje uvnitř kontejneru – odrážka uzlu Governance	workspaces	A	k posouzení	Anglický plurál „workspaces“ vedle nesklonného singuláru „ve workspace“ (plurál na stránce ×4: JSON-LD, diagram, popisek schématu, Oprávnění; singulár ×5); rozhraní GTM používá „pracovní prostor“ – zvážit český termín s anglickým v závorce při prvním výskytu.	pracovní prostory (workspaces)	NÍZKÁ
stránka	/sluzby/google-tag-manager	Co se děje uvnitř kontejneru – popisek obrázku (figcaption)	Celé nastavení drží verze s popisem, workspaces a oprávnění.	A	doporučení	Dvojznačný slovosled – „drží“ bez doplnění lze číst i tak, že nastavení drží verze; chybí „pohromadě“ nebo jiné sloveso.	Celé nastavení drží pohromadě verze s popisem, pracovní prostory a oprávnění.	NÍZKÁ
stránka	/sluzby/google-tag-manager	Co se děje uvnitř kontejneru – odrážka Základ pro GA4	Přes kontejner nasazujeme i implementaci GA4	A	doporučení	„nasazovat implementaci“ je zdvojené (nasazení = implementace), kalk „deploy the implementation“.	Přes kontejner probíhá i implementace GA4 a měření konverzí reklamních systémů.	NÍZKÁ
stránka	/sluzby/google-tag-manager	Kde mají měřicí kódy žít? – úvodní odstavec	je Google Tag Manager výchozí volba. Kódy natvrdo v šabloně nechte jen u kritických skriptů webu.	A	k posouzení	„výchozí volba“ je kalk „default choice“ (česky první/jasná volba); „kritické skripty“ – „critical“ ve významu nezbytný, česky spíš „nezbytné pro chod webu“ (v IT úzu ale běžné).	je Google Tag Manager první volba. Kódy přímo v šabloně nechte jen u skriptů nezbytných pro chod webu.	NÍZKÁ
stránka	/sluzby/google-tag-manager	Kde mají měřicí kódy žít? – odstavec pod tabulkou	Třetí možnost je GTM se server-side GTM	A	doporučení	Zdvojení „GTM se … GTM“ je neobratné; souvětí navíc končí za čárkou připojeným „víc na stránce Server-side tracking“, které patří do samostatné věty.	Třetí možnost je doplnit GTM o server-side kontejner: část tagů poběží na serveru a v prohlížeči zůstane méně skriptů, server ale potřebuje hosting a správu. Vyplatí se hlavně e-shopům a firmám s větším rozpočtem na reklamu. Víc na stránce Server-side tracking.	NÍZKÁ
stránka	/sluzby/google-tag-manager	Jak spolupráce probíhá – krok 05 Předání a podpora	Předáme dokumentaci, proškolíme tým a hlídáme, aby měření nespadlo	A	doporučení	Nejednotný čas a vid v jedné větě: dokonavý budoucí (předáme, proškolíme) + přítomný nedokonavý (hlídáme).	Předáme dokumentaci, proškolíme tým a budeme hlídat, aby měření nespadlo po dalším releasu.	NÍZKÁ
stránka	/sluzby/google-tag-manager	Jak spolupráce probíhá – Přesun kódů z webu do GTM, odrážka Porovnání	srovnáváme konverze s obdobím před přesunem	A	doporučení	Nejednotná terminologie: „přesun“ (nadpis a odrážka) vs. „migrace“ (FAQ Jak dlouho trvá nastavení nebo audit? – „před migrací“) a „srovnáváme“ vs. „porovnáváme“ pro tutéž činnost.	porovnáváme konverze s obdobím před přesunem (a ve FAQ „před přesunem“)	NÍZKÁ
stránka	/sluzby/google-tag-manager	Časté otázky – tabulka Názvosloví, řádek Tag, sloupec Příklady	GA4 – Event – purchase · Google Ads – Conversion – Nákup · Sklik – SEM – purchase	A	k posouzení	V ukázce konvence se na téže pozici míchá čeština a angličtina („Nákup“ vs. „purchase“) – pokud nejde o záměr (název konverze v Google Ads), působí jako nejednotnost konvence.	GA4 – Event – purchase · Google Ads – Conversion – purchase · Sklik – SEM – purchase	NÍZKÁ
stránka	/sluzby/google-tag-manager	Časté otázky – Oprávnění, odrážka	Vývojář a dočasný dodavatel mají jen Číst	A	doporučení	Elipsa – chybí podstatné jméno, „mají jen Číst“ bez znalosti rozhraní GTM nedává smysl.	Vývojář a dočasný dodavatel mají jen oprávnění Číst	NÍZKÁ
stránka	/sluzby/google-tag-manager	Časté otázky – Oprávnění, odrážka	Bezplatný GTM má tři workspaces, schvalovací workflow a zóny nabízí jen Tag Manager 360.	A	doporučení	Dvě hlavní věty spojené pouhou čárkou se čtou jako jeden výčet („má tři workspaces, schvalovací workflow a zóny“) – věta je dvojznačná; „workflow“ je zbytečný anglicismus (schvalovací proces).	Bezplatný GTM má tři pracovní prostory; schvalovací proces a zóny nabízí jen Tag Manager 360.	STŘEDNÍ
stránka	/sluzby/google-tag-manager	Časté otázky – Tagy a souhlas, odrážka	začínají všechny čtyři signály na denied. Finální mapování určí CMP	A	doporučení	Kalk „start at denied“; „finální“ místo „konečné“; zkratka CMP není na stránce vysvětlena (jinde „cookie lišta“).	mají všechny čtyři signály výchozí stav denied. Konečné mapování určí cookie lišta (CMP) a právní posouzení.	NÍZKÁ
stránka	/sluzby/google-tag-manager	Časté otázky – odpověď Kolik stojí nastavení nebo audit GTM?	který hradíte napřímo poskytovateli	A/B	k posouzení	„napřímo“ je hovorový tvar (slovníky uvádějí jako hovor.), neutrální je „přímo“; „peníze stojí jen“ v téže větě je rovněž hovorový obrat.	platí se jen za verzi Tag Manager 360 a případný server pro server-side měření, který hradíte přímo poskytovateli	NÍZKÁ
stránka	/sluzby/google-tag-manager	Časté otázky – odpověď Jak dlouho trvá nastavení nebo audit?	Nastavení trvá podle toho, jestli web už má datovou vrstvu	A	doporučení	Nedokončená formulace – „trvá podle toho“ bez určení (jak dlouho); chybí „různě dlouho“ nebo jiné sloveso.	Délka nastavení závisí na tom, jestli web už má datovou vrstvu, nebo ji vývojáři musí teprve připravit.	NÍZKÁ
stránka	/sluzby/google-tag-manager	Časté otázky – odpověď Jak v GTM řešíte souhlas s cookies?	Lištu, texty a režim basic, nebo advanced řeší služba Cookie lišta a Consent Mode v2	A	doporučení	Čárka před „nebo“ uvnitř výčtu podmětů rozbíjí větu – čtenář čte „Lištu, texty a režim basic“ jako uzavřený výčet a „nebo advanced řeší služba“ jako nový celek.	Lištu, texty i volbu mezi režimem basic a advanced řeší služba Cookie lišta a Consent Mode v2	STŘEDNÍ
stránka	/sluzby/datova-vrstva	Hlavička, meta description	pro e-shop i leady	A	doporučení	Nesouměrné spojení: „e-shop“ je typ webu, „leady“ typ události; popis téže služby v JSON-LD píše „pro e-commerce, leady a uživatelské atributy“.	Navrhneme datovou vrstvu (dataLayer) podle schématu GA4 pro e-commerce i leady: specifikace, ukázky kódu, automatické testy a podpora IT.	NÍZKÁ
stránka	/sluzby/datova-vrstva	Úvod (hero), odstavec pod H1	Datová vrstva neboli dataLayer je JavaScriptové pole	A	chyba	Přídavná jména odvozená od vlastních jmen příponou -ový se píšou s malým písmenem (IJP, Velká písmena – přídavná jména od vlastních jmen; srov. „windowsový“, „googlovský“).	Datová vrstva neboli dataLayer je javascriptové pole	STŘEDNÍ
stránka	/sluzby/datova-vrstva	Úvod (hero), mikrocopy pod tlačítky	píšeme pro vývojáře, ne pro marketing	B	k posouzení	Část cílových čtenářů jsou marketingoví manažeři; „ne pro marketing“ je může odradit a je dvojznačné (nepíšeme pro marketing / nepíšeme marketingovým stylem).	píšeme jazykem vývojářů, ne marketingu	NÍZKÁ
stránka	/sluzby/datova-vrstva	Úvod (hero), odstavec pod H1	Google Tag Manager z něj bere data	A	k posouzení	Nejednotnost „Google Tag Manager“ / „GTM“: plný název v úvodu, v popisku diagramu a ve FAQ („náhled Google Tag Manageru“), jinde zkratka. Obvyklý postup: plný název se zkratkou při prvním výskytu, dál jen zkratka.	Google Tag Manager (GTM) z něj bere data	NÍZKÁ
stránka	/sluzby/datova-vrstva	Poznáváte se?, nadpis H3	GTM „škrábe“ data ze stránky	A	doporučení	„Škrábe“ je doslovný kalk ze „scrape“; stejná technika se na stránce jmenuje třemi způsoby: „škrábe“ (H3), „Scraping“ (H2 sekce rozhodnutí), „Čtení ze stránky v GTM“ (H3 tamtéž). Sjednotit na český opis.	GTM čte data z HTML stránky	NÍZKÁ
stránka	/sluzby/datova-vrstva	Poznáváte se?, text karty GTM „škrábe“ data ze stránky	po změně šablony měření tiše přestane fungovat	A	doporučení	„Tiše přestane fungovat“ je kalk z anglického „fails silently“.	po změně šablony měření bez varování přestane fungovat	NÍZKÁ
stránka	/sluzby/datova-vrstva	Kde datová vrstva v měření sedí, úvodní odstavec	Datová vrstva je smlouva mezi webem a měřením.	A	doporučení	Kalk z vývojářského „contract“; česky je „smlouva“ právní dokument, ve významu závazné dohody o formátu dat sedí „dohoda“.	Datová vrstva je dohoda mezi webem a měřením.	STŘEDNÍ
stránka	/sluzby/datova-vrstva	Kde datová vrstva v měření sedí, popisek v diagramu	Šablona / SPA	C	chyba	Lomítko mezi jednoslovnými výrazy se píše bez mezer; mezery se kladou jen kolem lomítka mezi víceslovnými výrazy (ČSN 01 6910, lomítko; IJP, Lomítko).	Šablona/SPA	NÍZKÁ
stránka	/sluzby/datova-vrstva	Kde datová vrstva v měření sedí, popisek v diagramu	Automatické testy v CI ji kontrolují při každém nasazení.	A	k posouzení	Zájmeno „ji“ nemá v diagramu jasný antecedent – nejbližší podstatné jméno ženského rodu je „Šablona“, míněna je zřejmě datová vrstva.	Automatické testy v CI kontrolují datovou vrstvu při každém nasazení.	NÍZKÁ
stránka	/sluzby/datova-vrstva	Kde datová vrstva v měření sedí, popisek obrázku	do GA4, Google Ads, Meta a server-side GTM	A	doporučení	Nejednotné skloňování názvu Meta: v úvodu „Metu“ (skloňováno), zde a ve FAQ neskloňováno. IJP doporučuje cizí vlastní jména skloňovat, pokud to jejich zakončení dovoluje. (na stránce ×2, dále: FAQ „v Google Ads a Meta posíláme jen hash SHA-256“)	do GA4, Google Ads, Mety a server-side GTM	NÍZKÁ
stránka	/sluzby/datova-vrstva	Co uděláme a co dostanete, úvodní odstavec	nejdřív víme, na co se budete ptát, pak navrhujeme data	A	doporučení	„Nejdřív víme“ popisuje stav, ne krok postupu; po „nejdřív… pak“ sedí dokonavý vid.	nejdřív zjistíme, na co se budete ptát, pak navrhneme data	NÍZKÁ
stránka	/sluzby/datova-vrstva	Co uděláme a co dostanete, text karty Tickety s akceptačními kritérii	Pro každou událost user story rovnou do Jiry, YouTracku nebo GitLabu.	A	doporučení	Větě chybí sloveso (jmenný styl); čtenář mimo vývoj si ji nedoplní.	Pro každou událost napíšeme user story rovnou do Jiry, YouTracku nebo GitLabu.	NÍZKÁ
stránka	/sluzby/datova-vrstva	Co uděláme a co dostanete, nadpis H3	Protokol z kontroly a nastavení GTM	A	k posouzení	Dvojznačné: „protokol z kontroly a z nastavení GTM“, nebo dva výstupy „protokol z kontroly“ + „nastavení GTM“? Podle textu karty jde o dva výstupy.	Kontrolní protokol a nastavení GTM	NÍZKÁ
stránka	/sluzby/datova-vrstva	Jak vypadá specifikace datové vrstvy, záhlaví tabulky	Klíčové parametry	B	doporučení	„Klíčový“ patří k vyprázdněným marketingovým přívlastkům; v tabulce stačí věcné „hlavní“.	Hlavní parametry	NÍZKÁ
stránka	/sluzby/datova-vrstva	Jak vypadá specifikace datové vrstvy, odstavec pod tabulkou	Chcete takovou specifikaci pro svůj web? Napište nám.	B	doporučení	Řečnická otázka s výzvou; „Napište nám“ je na stránce třikrát (zde, úvod FAQ „Nenašli jste odpověď? Napište nám.“ a kontaktní sekce) – pro skeptického čtenáře nadbytečná CTA.	Takovou specifikaci připravíme i pro váš web.	NÍZKÁ
stránka	/sluzby/datova-vrstva	Scraping, integrace platformy, nebo vlastní datová vrstva?, text karty Vlastní datová vrstva podle specifikace	Pokryje celý měřicí plán včetně leadů a pravidel pro DPH a slevy a hlídají ji testy.	A	doporučení	Tři spojky „a“ za sebou spojují různé úrovně (výčet za „včetně“ a druhou hlavní větu); věta se špatně čte.	Pokryje celý měřicí plán včetně leadů i pravidel pro DPH a slevy; hlídají ji testy.	NÍZKÁ
stránka	/sluzby/datova-vrstva	Jak spolupráce probíhá, úvodní odstavec	ať jde o interní tým, nebo externího dodavatele	B	doporučení	Vzorec „ať (už)…, nebo…“ typický pro generované texty; sdělení lze říct přímo.	s interním týmem i externím dodavatelem pracujeme až do akceptace	NÍZKÁ
stránka	/sluzby/datova-vrstva	Jak spolupráce probíhá, odrážka Jak ověříme, že datová vrstva funguje	testovací prostředí zkontrolujeme s protokolem nálezů, po spuštění i produkci	A	doporučení	„Zkontrolujeme s protokolem“ je nejasné (kontrolujeme podle protokolu, nebo protokol vznikne?); míněn je výstup kontroly.	testovací prostředí zkontrolujeme a sepíšeme protokol nálezů, po spuštění zkontrolujeme i produkci	NÍZKÁ
stránka	/sluzby/datova-vrstva	Časté otázky, odrážka Akceptační kritéria pro purchase	value = Σ price × quantity, bez dopravy, s DPH, nebo bez podle dohody.	A	doporučení	Závěr „s DPH, nebo bez podle dohody“ se špatně čte – chybí, bez čeho; navíc koliduje s komentářem v ukázce kódu „(dohoda: bez DPH)“.	value = Σ price × quantity, bez dopravy, s DPH nebo bez DPH podle dohody.	NÍZKÁ
stránka	/sluzby/datova-vrstva	Časté otázky, FAQ odpověď Jak dlouho to trvá?	Specifikace zahrnuje i workshop s vývojáři, tempo implementace, kontroly a spuštění pak určuje hlavně vývojový tým.	A	doporučení	Dvě hlavní věty spojené jen čárkou; čtenář nejdřív čte „zahrnuje workshop, tempo implementace, kontroly a spuštění“ a teprve u „pak určuje“ větu přeskládá.	Součástí specifikace je i workshop s vývojáři. Tempo implementace, kontroly a spuštění pak určuje hlavně vývojový tým.	STŘEDNÍ
stránka	/sluzby/server-side-tracking	Strukturovaná data (JSON-LD), název služby	Server-side tracking přes server-side Google Tag Manager	A	doporučení	Dvakrát „server-side“ v jednom krátkém názvu; stačí jednou.	Server-side tracking se serverovým Google Tag Managerem	NÍZKÁ
stránka	/sluzby/server-side-tracking	Strukturovaná data (JSON-LD), typ služby	Server-side tagging a měření konverzí	A	k posouzení	Nejednotný termín: title, H1 i celá stránka mají „server-side tracking“, zde „server-side tagging“ (termín Googlu). Pokud nejde o záměr kvůli vyhledávání, sjednotit.	Server-side tracking a měření konverzí	NÍZKÁ
stránka	/sluzby/server-side-tracking	Úvod (hero), nadpis H1	Server-side tracking na vaší doméně a vašem cloudu	A	doporučení	Společná předložka „na“ pro obě části nesedí: doména je „na“, cloud „v“ (meta description má správně „ve vašem Google Cloudu“); předložku je třeba zopakovat.	Server-side tracking na vaší doméně a ve vašem cloudu	STŘEDNÍ
stránka	/sluzby/server-side-tracking	Úvod (hero), mikrocopy pod tlačítky	provoz serveru platíte napřímo Googlu nebo hostingu	A	doporučení	„Napřímo“ je hovorové (IJP/SSČ: hovor.), FAQ má spisovné „platíte přímo Googlu nebo hostingu“ – sjednotit. „Hostingu“ jako příjemci platby je metonymie, platí se poskytovateli. (na stránce ×2, dále: „Provoz platíte napřímo poskytovateli.“)	provoz serveru platíte přímo Googlu nebo poskytovateli hostingu	NÍZKÁ
stránka	/sluzby/server-side-tracking	Úvod (hero), odrážka pod tlačítky	Monitoring je součást nasazení	A	k posouzení	Ve významu „patří k něčemu“ je po sponě obvyklejší instrumentál („je součástí“); nominativ není chyba, ale působí stroze. (na stránce ×2, dále: „Proto je monitoring součást každého nasazení, ne příplatek.“)	Monitoring je součástí nasazení	NÍZKÁ
stránka	/sluzby/server-side-tracking	Úvod (hero) a nadpisy, nadpis H2 Vyplatí se vám server-side?	Vyplatí se vám server-side?	A	k posouzení	„Server-side“ je přídavné jméno (server-side tracking, server-side GTM); samostatně jako podstatné jméno stojí v nadpisech a FAQ asi desetkrát („Server-side dává smysl“, „Je server-side legální?“, „Jak server-side funguje“…). Zasvěcený čtenář rozumí, majitel e-shopu může tápat – aspoň v nadpisech doplnit podstatné jméno.	Vyplatí se vám server-side měření?	NÍZKÁ
stránka	/sluzby/server-side-tracking	Poznáváte se?, úvodní odstavec	narazilo na limity prohlížeče, rychlosti nebo kontroly nad daty	A	doporučení	Zeugma: „limity prohlížeče“ dávají smysl, „limity rychlosti“ a „limity kontroly nad daty“ ne – měření naráží na požadavky na rychlost a na kontrolu nad daty.	narazilo na limity prohlížeče, na požadavky na rychlost nebo na kontrolu nad daty	NÍZKÁ
stránka	/sluzby/server-side-tracking	Co uděláme a co dostanete, úvodní odstavec	Ne „zapnutý server“, ale zdokumentovanou architekturu	B	doporučení	Kontrastní figura „ne…, ale…“ (varianta „nejen…, ale i“) patří k vzorcům reklamních a generovaných textů; věcné sdělení stačí.	Dostanete zdokumentovanou architekturu, kterou převezme váš tým nebo kdokoli jiný.	NÍZKÁ
stránka	/sluzby/server-side-tracking	Co uděláme a co dostanete, text karty Server ve vašem Google Cloudu	doména, certifikát a rozpočtový alert	A	doporučení	„Alert“ je zbytečný anglicismus – stránka sama jinde píše „upozornění“ („upozornění při výpadku měřicího endpointu“). (na stránce ×5, dále: „Alerty na výpadek a pokles událostí“, „nastavíme rozpočtový alert“ ×2, „rozpočtový alert v Google Cloudu“)	doména, certifikát a upozornění na rozpočet	NÍZKÁ
stránka	/sluzby/server-side-tracking	Co uděláme a co dostanete, text karty Monitoring a provozní příručka	postup při výpadku i exit plán	A	doporučení	„Exit plán“ je nepřeložený obrat s anglickou stavbou (podstatné jméno v roli přívlastku); čtenář z e-shopu si ho nemusí přeložit.	postup při výpadku i plán pro odchod k jinému dodavateli	STŘEDNÍ
stránka	/sluzby/server-side-tracking	Jak server-side funguje, úvodní odstavec	Ten ji rozdělí dál.	A	doporučení	„Rozdělit“ znamená rozkouskovat; server událost nedělí, ale rozesílá (předává) platformám – srov. popisek obrázku „předá platformám“.	Ten ji rozešle dál.	NÍZKÁ
stránka	/sluzby/server-side-tracking	Jak server-side funguje, popisek v diagramu	Meta Conversions API	A	k posouzení	Nejednotný název: „Meta Conversions API“ (úvod, diagram), „Meta CAPI“ (přínosy, rozhodnutí, krok 03), „Conversions API“ (tabulka ve FAQ). Zavést plný název se zkratkou a dál používat jednu variantu.	Meta Conversions API (CAPI)	NÍZKÁ
stránka	/sluzby/server-side-tracking	Vyplatí se vám server-side?, odrážka Dává smysl, když…	někdo bude server vlastnit a hlídat	A	doporučení	Kalk z anglického „own“ ve významu „mít odpovědnost“; česky „vlastnit“ znamená mít v majetku (a server v Google Cloudu klient vlastní tak jako tak).	někdo bude mít server na starosti a bude ho hlídat	STŘEDNÍ
stránka	/sluzby/server-side-tracking	Vyplatí se vám server-side?, odrážka Doporučíme počkat, když…	nesedí základní měření → nejdřív audit měření	C	k posouzení	Šipka jako spojka uprostřed věty (ne na konci odkazu, což je systémový prvek); v běžném textu ji nahrazuje pomlčka nebo dvojtečka. (na stránce ×3, dále: „chybí funkční cookie lišta → Consent Mode v2“, „inzerujete jen v Google Ads → často stačí Google Tag Gateway“)	nesedí základní měření – nejdřív audit měření	NÍZKÁ
stránka	/sluzby/server-side-tracking	Vyplatí se vám server-side?, popisek ceny	měsíčně za jeden server Cloud Run podle Googlu, do produkce aspoň dva	A	doporučení	Dovětek „do produkce aspoň dva“ je useknutý (chybí sloveso i podstatné jméno) a „do produkce“ je vazba z vývojářského slangu.	měsíčně za jeden server Cloud Run podle Googlu, pro produkci potřebujete aspoň dva	NÍZKÁ
stránka	/sluzby/server-side-tracking	Jak poznáte, že server-side funguje, úvodní odstavec	nepřestane měřit jedna značka, ale všechny platformy najednou	A	k posouzení	Nejednotné „značka“ / „tag“: „jedna značka“, ve FAQ „Google značku“ a „Google značky“ vedle „Který tag smí běžet“ a „Google tag“ (tabulka ×2). Google v české lokalizaci píše „značka Google“; zvolit jednu variantu.	nepřestane měřit jeden tag, ale všechny platformy najednou	NÍZKÁ
stránka	/sluzby/server-side-tracking	Časté otázky, tabulka Platformy v hybridní architektuře	Událost přes GA4 klienta v sGTM	A	doporučení	Anglický slovosled „GA4 klient“ (česky „klient GA4“) a zkratka „sGTM“, která se v textu objevuje jen tady – jinde „server-side GTM“.	Událost přes klienta GA4 v server-side GTM	NÍZKÁ
stránka	/sluzby/server-side-tracking	Časté otázky, odstavec o nákladech	malý preview server pro ladění	A	doporučení	„Preview server“ je nepřeložený obrat s anglickou stavbou; „pro ladění“ už význam vysvětluje.	malý náhledový server pro ladění	NÍZKÁ
stránka	/sluzby/server-side-tracking	Časté otázky, odstavec o nákladech	Logy nad zhruba milion požadavků měsíčně mohou podle Googlu náklady výrazně zvýšit	A	doporučení	Zkratkovitá vazba „logy nad milion požadavků“ – chybí, že jde o objem provozu, od něhož náklady na logy rostou; bez znalosti ceníku je věta nesrozumitelná.	Při více než zhruba milionu požadavků měsíčně mohou logy podle Googlu náklady výrazně zvýšit	STŘEDNÍ
stránka	/sluzby/server-side-tracking	Časté otázky, odstavec o nákladech	sezónní špičky, třeba Black Friday, mohou krátkodobě potřebovat víc instancí	A	doporučení	Špičky nic nepotřebují (personifikace z angličtiny); navíc „instance“ vs. jinde „server“ („s nejméně dvěma servery“, „za jeden server Cloud Run“) – sjednotit termín.	v sezónních špičkách, třeba na Black Friday, může být krátkodobě potřeba víc serverů	NÍZKÁ
stránka	/sluzby/server-side-tracking	Časté otázky, FAQ otázka	Potřebuju pořád cookie lištu?	A	k posouzení	Hovorový tvar „potřebuju“ (spisovně „potřebuji“); stránka jinak drží neutrální spisovný styl. Pokud je otázka záměrně „hlasem zákazníka“, ponechat.	Potřebuji pořád cookie lištu?	NÍZKÁ
stránka	/sluzby/server-side-tracking	Časté otázky, FAQ odpověď Je server-side legální?	Ano, lištu potřebujete dál.	A	k posouzení	Otázka má dvě části (je to legální? potřebuji lištu?) a „Ano“ odpovídá jen na druhou; na legálnost odpověď výslovně neodpoví. Buď odpovědět na obě, nebo otázku zúžit.	Lištu potřebujete dál.	NÍZKÁ
stránka	/sluzby/server-side-tracking	Časté otázky, FAQ odpověď Pomůže server-side proti adblockům a Safari ITP?	Safari neomezuje stejně jako cookies z JavaScriptu	A	doporučení	Dvojznačné: lze číst „Safari neomezuje (stejně jako neomezuje cookies z JavaScriptu)“, míněn je opak – serverové cookies omezuje méně přísně.	cookies, které nastaví server vaší domény, Safari neomezuje tak přísně jako cookies z JavaScriptu	STŘEDNÍ
stránka	/sluzby/server-side-tracking	Časté otázky, FAQ odpověď Kolik stojí implementace a provoz serveru?	Cenu implementace skládáme podle rozsahu	A	doporučení	„Skládat cenu“ je neobvyklá kolokace (skládá se účet; cena se stanoví nebo se odvíjí od rozsahu).	Cena implementace se odvíjí od rozsahu	NÍZKÁ
stránka	/sluzby/server-side-tracking	Časté otázky, FAQ odpověď Jak dlouho trvá nasazení a co od vás potřebujeme?	Délku určuje hlavně souběžný běh s porovnáním dat	A	doporučení	Zhuštěný jmenný výraz „souběžný běh s porovnáním dat“; čtenář neví, co s čím běží souběžně (starý a nový způsob měření, viz úvod kroků).	Délku určuje hlavně doba, kdy staré a nové měření běží souběžně a porovnáváme data	NÍZKÁ
stránka	/sluzby/server-side-tracking	Časté otázky, FAQ odpověď Google Tag Gateway, nebo server-side GTM?	Pokud potřebujete Metu, Sklik, kontrolu nad osobními údaji nebo události z backendu, potřebujete server-side GTM.	A	doporučení	Dvakrát „potřebujete“ v jedné větě.	Pokud chcete Metu, Sklik, kontrolu nad osobními údaji nebo události z backendu, potřebujete server-side GTM.	NÍZKÁ
stránka	/sluzby/cookie-lista-consent-mode	Poznáváte se? – úvodní odstavec	Ani certifikovaná CMP podle Googlu sama soulad nezaručí	A	k posouzení	Dvojznačný slovosled: lze číst jako „podle Googlu nezaručí“ (tvrzení Googlu), nebo jako „CMP certifikovaná Googlem“; z kontextu jde o druhý význam.	Ani CMP certifikovaná Googlem sama soulad nezaručí – rozhoduje, jak ji nasadíte.	STŘEDNÍ
stránka	/sluzby/cookie-lista-consent-mode	Poznáváte se? – úvodní odstavec	„Cookie lištu přece máme.“	B	doporučení	Fiktivní citát jako efektní zápletka úvodu; věcný text ho nepotřebuje, sdělení nese hned další věta.	To, že web lištu zobrazí, ještě neznamená, že tagy souhlas respektují.	NÍZKÁ
stránka	/sluzby/cookie-lista-consent-mode	Poznáváte se? – karta Po nasazení lišty spadly konverze	basic režim běží bez rozhodnutí	A	k posouzení	Nesrozumitelné: není jasné, bez čího rozhodnutí (návštěvníka? právníka o režimu?) a proč kvůli tomu mizí data i u lidí se souhlasem; FAQ mluví o „basic režimu bez modelování“.	Upřesnit podle skutečného významu, např.: „nebo web běží v režimu basic bez modelování a data mizí i u lidí, kteří souhlasili“	STŘEDNÍ
stránka	/sluzby/cookie-lista-consent-mode	Poznáváte se? – karta Lišta neodpovídá doporučení ÚOOÚ	tlačítka nejsou rovnocenná, nebo lišta jen informuje tlačítkem „Rozumím“	A	k posouzení	Čárka před „nebo“: jde o volný výčet příznaků (slučovací poměr); čárka se píše jen ve významu vylučovacím (IJP, Psaní čárky před spojkou nebo).	Chybí „Odmítnout“ v první vrstvě, tlačítka nejsou rovnocenná nebo lišta jen informuje tlačítkem „Rozumím“.	NÍZKÁ
stránka	/sluzby/cookie-lista-consent-mode	Jak souhlas putuje od lišty k tagům – krok „načtení GTM“ (odrážka); celá stránka	v advanced režimu jen ping bez cookies, v basic nic	A	doporučení	Anglická stavba „basic/advanced režim“ (nesklonné anglické slovo jako přívlastek před jménem) a nejednotnost s „v režimu basic nebo advanced“ (JSON-LD) (na stránce ×4, dále: „basic režim běží bez rozhodnutí“, „značky Googlu v advanced režimu posílají“, „basic režim bez modelování“).	v režimu advanced jen ping bez cookies, v režimu basic nic	NÍZKÁ
stránka	/sluzby/cookie-lista-consent-mode	hero – úvodní odstavec; celá stránka (terminologie)	Consent Mode v2 ho předává značkám Googlu a Google Tag Manager podle něj spouští ostatní tagy	A	k posouzení	Dvojí termín pro totéž: „značky“ jen u Googlu („značky Googlu“, „načte jakoukoli značku“, „před načtením značek“) vs. „tagy“ u ostatních („tagy Mety“, „Napojení všech tagů“). Odpovídá českému UI Googlu („značka Google“), ale čtenář rozdíl nemusí pochopit a čte to jako dva různé pojmy.	Buď sjednotit na „tagy“ (s výjimkou názvu produktu „značka Google“), nebo rozdíl jednou vysvětlit.	NÍZKÁ
stránka	/sluzby/cookie-lista-consent-mode	Co uděláme a co dostanete – karta Lišta a podklady pro texty	připravíme technické podklady pro texty, které pak schválí právník	A	k posouzení	Věcná nejednotnost s FAQ „Z nich právník sestaví texty lišty“: jednou právník texty schvaluje, podruhé sestavuje.	připravíme technické podklady, ze kterých právník sestaví texty lišty	NÍZKÁ
stránka	/sluzby/cookie-lista-consent-mode	Co uděláme a co dostanete – karta Consent Mode v2	všechny čtyři signály a režim podle rozhodnutí s právníkem	A	k posouzení	Není jasné, které čtyři signály – tabulka ve FAQ uvádí signálů sedm; čtenář si to nespojí.	všechny čtyři reklamní a analytické signály (ad_storage, ad_user_data, ad_personalization, analytics_storage) a režim podle rozhodnutí s právníkem	NÍZKÁ
stránka	/sluzby/cookie-lista-consent-mode	Jak souhlas putuje od lišty k tagům – úvodní odstavec	Pořadí je klíčové.	B	doporučení	Prázdná marketingová fráze „klíčový“ (brief B); věta nic nesděluje, vysvětlení následuje hned za ní.	Na pořadí záleží.	NÍZKÁ
stránka	/sluzby/cookie-lista-consent-mode	Jak souhlas putuje od lišty k tagům – krok „po volbě“ (odrážka)	souhlas: plné měření Googlu a tagy s udělenou kategorií	A	doporučení	Elipsa/kalk „tagy s udělenou kategorií“: kategorie se neuděluje tagům, návštěvník uděluje souhlas s kategorií (na stránce ×3, dále: „GTM spustí tagy s udělenou kategorií“ v popisku schématu a v kartě Po souhlasu).	souhlas: plné měření Googlu a tagy v povolených kategoriích	NÍZKÁ
stránka	/sluzby/cookie-lista-consent-mode	Basic, nebo advanced? A jakou lištu? – nadpisy H3 karet	Basic: konzervativní varianta	B	doporučení	Nadpis ve tvaru „Téma: podtitul“ (vzorec AI textů, brief B) (na stránce ×3, dále: „Advanced: přesnější modelování“, „Technické detaily: jak napojujeme souhlas v Google Tag Manageru“).	Konzervativní varianta basic / Přesnější modelování v advanced	NÍZKÁ
stránka	/sluzby/cookie-lista-consent-mode	Basic, nebo advanced? A jakou lištu? – karta Advanced (odrážka)	GA4 modeluje chování, pokud web splní prahy	A	doporučení	Neidiomatická vazba „splnit prahy“ – práh se překračuje nebo se ho dosahuje; samotné „prahy“ bez upřesnění jsou pro cílového čtenáře nejasné.	GA4 modeluje chování, pokud web překročí stanovené prahy	NÍZKÁ
stránka	/sluzby/cookie-lista-consent-mode	Basic, nebo advanced? A jakou lištu? – karta Česká CMP	Cookies správně nebo Consentio s nižší licencí	A	doporučení	Nepřesná elipsa „nižší licence“ (nižší je cena licence); název produktu „Cookies správně“ není odlišen a čte se jako běžný text („cookies správně nebo Consentio“).	„Cookies správně“ nebo Consentio s levnější licencí, fakturací v korunách a českou podporou pro malé a střední weby a e-shopy.	NÍZKÁ
stránka	/sluzby/cookie-lista-consent-mode	Basic, nebo advanced? A jakou lištu? – úvodní odstavec; Jak to probíhá – krok 03; Tři věci… – box Nejde o právní radu	volíme spolu s vámi a s právníkem nebo DPO	A	doporučení	Terminologická nejednotnost: „DPO“ (zde a v kroku 03 „kontakt na právníka nebo DPO“) vs. „pověřenci“ (box Nejde o právní radu); anglická zkratka není na stránce vysvětlena.	volíme spolu s vámi a s právníkem nebo pověřencem pro ochranu osobních údajů	NÍZKÁ
stránka	/sluzby/cookie-lista-consent-mode	Tři věci, které říká zákon, ÚOOÚ a Google – úvodní odstavec	U každého uvádíme zdroj, ať si ho právník může ověřit.	A	doporučení	Účelové „ať“ je hovorové (SSJČ: ať jako účelová spojka – hovor.); v neutrálním textu patří „aby“.	U každého uvádíme zdroj, aby si ho právník mohl ověřit.	NÍZKÁ
stránka	/sluzby/cookie-lista-consent-mode	Tři věci, které říká zákon, ÚOOÚ a Google – štítek karty Odmítnout stejně snadno jako přijmout	Q&A ÚOOÚ	A	doporučení	Anglická zkratka Q&A (s ampersandem) v českém štítku; ÚOOÚ své materiály označuje česky.	Otázky a odpovědi ÚOOÚ	NÍZKÁ
stránka	/sluzby/cookie-lista-consent-mode	Jak to probíhá – krok 03 Implementace	tagy v GTM, Sklik a SEM, případně server-side GTM	A	k posouzení	Zkratka SEM není na stránce nikde rozepsána (karta výše má jen plný název „Seznam Event Measurement“, štítek „sem“) a v marketingu běžně znamená search engine marketing – hrozí záměna.	tagy v GTM, Sklik a Seznam Event Measurement (SEM), případně server-side GTM	NÍZKÁ
stránka	/sluzby/cookie-lista-consent-mode	Co web posílá před souhlasem a po něm – úvodní odstavec	záznam síťových požadavků z vašeho webu a screenshoty	A	doporučení	Zbytečný anglicismus „screenshoty“; běžný český ekvivalent existuje.	záznam síťových požadavků z vašeho webu a snímky obrazovky	NÍZKÁ
stránka	/sluzby/cookie-lista-consent-mode	Co web posílá před souhlasem a po něm – úvodní odstavec	ne jen jako „máte to dobře“	A	k posouzení	Základní podoba je „nejen“ dohromady; zvlášť psané „ne jen“ IJP připouští jen při zdůraznění záporky, které je zde sporné.	nejen jako „máte to dobře“	NÍZKÁ
stránka	/sluzby/cookie-lista-consent-mode	Co web posílá před souhlasem a po něm – popisek ukázky (span) vs. aria-label ukázky	ilustrační ukázka	A	doporučení	Nejednotnost: viditelný popisek „ilustrační ukázka“ (×2) vs. aria-label téže ukázky „Ilustrativní ukázka“ (×2).	sjednotit na „ilustrační ukázka“ v obou místech	NÍZKÁ
stránka	/sluzby/cookie-lista-consent-mode	Co web posílá před souhlasem a po něm – Co ověří testovací protokol (odrážka)	po odmítnutí nenaběhne nic ani na další stránce, ani po změně volby v patičce	A	k posouzení	Logicky sporné: po změně volby v patičce (na souhlas) tagy naběhnout mají; patrně je míněno opětovné otevření nastavení nebo potvrzení odmítnutí.	po odmítnutí nenaběhne nic ani na další stránce, ani po otevření nastavení v patičce	STŘEDNÍ
stránka	/sluzby/cookie-lista-consent-mode	Časté otázky – Technické detaily (odrážka)	Meta, Sklik, TikTok, LinkedIn, Hotjar ani Clarity Consent Mode nečtou	A	doporučení	Slovosled: předmět „Consent Mode“ přiléhá ke „Clarity“ a čte se jako název produktu („Clarity Consent Mode“); nová informace má stát na konci věty.	Consent Mode nečtou Meta, Sklik, TikTok, LinkedIn, Hotjar ani Clarity	NÍZKÁ
stránka	/sluzby/cookie-lista-consent-mode	Časté otázky – Technické detaily (odrážka)	dostanou dodatečný požadavek na souhlas a spouštění na aktualizaci souhlasu	A	doporučení	Eliptický žargon „spouštění na aktualizaci souhlasu“ – chybí, co se spouští (spouštěč/tag); pro netechnického čtenáře nesrozumitelné.	dostanou dodatečný požadavek na souhlas a spouštěč navázaný na aktualizaci souhlasu	NÍZKÁ
stránka	/sluzby/cookie-lista-consent-mode	Časté otázky – Technické detaily (odrážka)	Při víc kontejnerech nebo se server-side GTM	A	doporučení	Hovorové nesklonné „víc“ u podstatného jména v 6. pádě; spisovně „při více kontejnerech“ (IJP: více/víc).	Při více kontejnerech nebo při server-side GTM inicializujeme souhlas v každém z nich.	NÍZKÁ
stránka	/sluzby/cookie-lista-consent-mode	Časté otázky – popisek ukázky kódu (figcaption)	Výchozí stav souhlasu patří do kódu stránky ještě před GTM	C	doporučení	Nejednotná interpunkce popisků: tento bez tečky, popisek schématu v sekci Jak souhlas putuje (celé věty) s tečkou (ČSN 01 6910: popisky jednotně).	Výchozí stav souhlasu patří do kódu stránky ještě před GTM.	NÍZKÁ
stránka	/sluzby/cookie-lista-consent-mode	Časté otázky – Technické detaily, odstavec pod ukázkou kódu	ads_data_redaction při odmítnutí reklamních cookies redukuje identifikátory prokliku	A	chyba	Falešný přítel: anglické redact = odstranit/začernit, ne „redukovat“ (= zmenšit, SSJČ). Parametr identifikátory prokliku z požadavků odstraňuje, nezmenšuje je – posun významu.	ads_data_redaction při odmítnutí reklamních cookies odstraňuje z požadavků identifikátory prokliku	STŘEDNÍ
stránka	/sluzby/cookie-lista-consent-mode	Časté otázky – Technické detaily, odstavec o parametru gcs	G100 znamená odmítnuté reklamní i analytické úložiště, G111 povolené	A	doporučení	Kalk „úložiště“ za storage (ad_storage, analytics_storage); „odmítnuté úložiště“ česky nedává smysl – odmítá se souhlas s cookies.	G100 znamená odmítnuté reklamní i analytické cookies (ad_storage a analytics_storage), G111 povolené	NÍZKÁ
stránka	/sluzby/cookie-lista-consent-mode	Časté otázky – FAQ odpověď Proč po nasazení lišty klesly konverze?	basic režim bez modelování, tagy, které naběhnou až po znovunačtení stránky, výchozí stav až po GTM	A	doporučení	Výčet čtyř příčin oddělený čárkami, přičemž druhá položka obsahuje vedlejší větu s dalšími čárkami – hranice položek se ztrácejí; vhodnější středníky.	basic režim bez modelování; tagy, které naběhnou až po znovunačtení stránky; výchozí stav až po GTM; nebo nastavení bez signálu ad_user_data, které blokuje rozšířené konverze	NÍZKÁ
stránka	/sluzby/cookie-lista-consent-mode	Časté otázky – FAQ odpověď Jste právníci? Kdo připraví texty lišty?	Z nich právník sestaví texty lišty a zásady cookies a vývojáři nebo správce GTM dostanou od nás seznam oprav.	A	doporučení	Dvě hlavní věty s různými podměty spojené „a“ hned za dvojicí „texty lišty a zásady cookies“ – čtenář spojí „zásady cookies a vývojáři“; vhodné rozdělit.	Z nich právník sestaví texty lišty a zásady cookies; vývojáři nebo správce GTM dostanou od nás seznam oprav.	NÍZKÁ
stránka	/sluzby/cookie-lista-consent-mode	Tři věci… – box Nejde o právní radu; hero mikrocopy; FAQ	Nejsme advokátní kancelář.	B	doporučení	Stejná formulace ×3 na stránce (mikrocopy pod tlačítky, box Nejde o právní radu, FAQ); obdobně „Licenci CMP platíte přímo poskytovateli“ ×2 ve FAQ. Jedno z míst lze zkrátit.	V hero mikrocopy ponechat jen „s právníkem rádi spolupracujeme“, věta zůstane v boxu a ve FAQ.	NÍZKÁ
stránka	/sluzby/cookie-lista-consent-mode	Nastavíme souhlas podle pravidel – nadpis H2 kontaktní sekce	Nastavíme souhlas podle pravidel	A	doporučení	Nepřesná elipsa: nenastavuje se souhlas, ale jeho sběr (lišta) a předávání tagům.	Nastavíme sběr souhlasu podle pravidel – a bez zbytečné ztráty dat	NÍZKÁ
stránka	/sluzby/cookie-lista-consent-mode	hero – odrážka (první výskyt CMP); celá stránka (zkratky)	Cookiebot, české CMP i vlastní lišta	A	k posouzení	Zkratky CMP, DPO, TCF (IAB TCF) a HAR nejsou na stránce nikde rozepsány; cílový čtenář (majitel e-shopu, marketing) je nemusí znát, pro odborníky jsou srozumitelné.	Při prvním výskytu rozepsat, např. „CMP (consent management platform – nástroj pro správu souhlasů)“.	NÍZKÁ
stránka	/sluzby/mereni-konverzi	hero – nadpis H1 (stejně jsonld:name)	Měření konverzí pro Google Ads, Meta, Sklik i Heureku	A	chyba	Pád: ve výčtu po „pro“ je Heureka skloněna (Heureku), ale Meta ne – správně 4. pád „Metu“ (IJP: cizí jména zakončená na -a se skloňují podle vzoru žena). Jinde na stránce se skloňuje („do Mety“, „v Metě“).	Měření konverzí pro Google Ads, Metu, Sklik i Heureku	STŘEDNÍ
stránka	/sluzby/mereni-konverzi	hero – úvodní odstavec; Které z toho znáte? – nadpis karty	Reklamy pak optimalizují na čísla, která sedí s administrací.	A	doporučení	Marketingový žargon/kalk „optimalizovat na“ (optimize to) a metonymie „reklamy optimalizují“ – optimalizují reklamní systémy (na stránce ×2, dále: „Google Ads optimalizuje na formuláře, ne na zakázky“).	Reklamní systémy pak optimalizují podle čísel, která sedí s administrací.	NÍZKÁ
stránka	/sluzby/mereni-konverzi	Co uděláme a co dostanete – úvodní odstavec	Než napíšeme první tag	A	doporučení	Tag se v GTM nepíše, ale nastavuje či zakládá; „napsat tag“ je přeneseno z psaní kódu.	Než nastavíme první tag	NÍZKÁ
stránka	/sluzby/mereni-konverzi	Co uděláme a co dostanete – karta Konverzní mapa	hodnoty, ID a okna – pro každý systém	A	k posouzení	Samotné „okna“ je pro cílového čtenáře nejasné (konverzní/atribuční okna); v tabulce FAQ je „Klíč a okno“ – pojem není nikde vysvětlen.	hodnoty, ID a konverzní okna – pro každý systém	NÍZKÁ
stránka	/sluzby/mereni-konverzi	Co uděláme a co dostanete – karta Testovací protokol a odsouhlasení	Výsledky testovacích objednávek po systémech a po čtrnácti dnech tabulka backendu a systémů s vysvětlením rozdílů.	A	doporučení	Dvojí „po“ v různých významech vedle sebe (po systémech = podle systémů; po čtrnácti dnech = časově) a jmenný řetězec „tabulka backendu a systémů“ – věta se špatně čte.	Výsledky testovacích objednávek pro každý systém a po čtrnácti dnech srovnání backendu s reklamními systémy s vysvětlením rozdílů.	NÍZKÁ
stránka	/sluzby/mereni-konverzi	hero – odrážka; celá stránka (terminologie)	Odsouhlasení s backendem po čtrnácti dnech	A	k posouzení	„Odsouhlasení“ je účetní termín (reconciliation); mimo účetnictví se čte jako „schválení backendem“ (na stránce ×4, dále: nadpis karty „Testovací protokol a odsouhlasení“, „odsouhlasení s backendem, staré kódy vypneme“, „odsouhlasení s backendem po čtrnácti dnech s vysvětlením rozdílů“); jinde stránka říká „porovnáváme s backendem“.	Porovnání s backendem po čtrnácti dnech	NÍZKÁ
stránka	/sluzby/mereni-konverzi	Jedna objednávka, jeden zdroj, všechny systémy – schéma (odrážka) vs. popisek schématu	prohlížeč: web GTM s Consent Mode v2	A	doporučení	Nejednotnost „web GTM“ (anglická stavba, nesklonný přívlastek) vs. „webový GTM“ v popisku schématu.	prohlížeč: webový GTM s Consent Mode v2	NÍZKÁ
stránka	/sluzby/mereni-konverzi	Jedna objednávka… – odrážka pod schématem; meta description; tlačítko tabu	Server: Meta CAPI a rozšířené konverze doplní, co prohlížeč nezachytí	A	doporučení	Nejednotné pojmenování téhož nástroje: „Conversions API“ (většina textu), „CAPI“ (meta description „Pixel + CAPI“, tlačítko tabu „Meta Pixel a CAPI“) a „Meta CAPI“ (zde); zkratka není na stránce zavedena.	Při prvním výskytu „Conversions API (CAPI)“, dále jednotně jedna varianta.	NÍZKÁ
stránka	/sluzby/mereni-konverzi	Co nastavíme v jednotlivých systémech – tab Meta Pixel a CAPI (odstavec); Časté otázky – Technické detaily	Kvalitu párování ukazuje Event Match Quality	A	doporučení	Nejednotný překlad téhož ukazatele: „kvalita párování“ zde vs. „Kvalitu shody v Metě“ v technických detailech FAQ.	Kvalitu shody ukazuje Event Match Quality	NÍZKÁ
stránka	/sluzby/mereni-konverzi	Co nastavíme v jednotlivých systémech – tab Meta Pixel a CAPI (odstavec); Časté otázky – Technické detaily	zvedají ji hashovaný e-mail a telefon a další parametry zákazníka	A	doporučení	Hovorové „zvedat kvalitu“ (na stránce ×2, dále: „Kvalitu shody v Metě dál zvedají aktuální fbp a fbc“); neutrální je „zvyšovat“.	zvyšují ji hashovaný e-mail a telefon a další parametry zákazníka	NÍZKÁ
stránka	/sluzby/mereni-konverzi	Co nastavíme v jednotlivých systémech – tab Meta Pixel a CAPI (odstavec)	Pixel doplníme o Conversions API ze serveru a oba posílají stejný název události i event_id	A	doporučení	Míšení budoucího a přítomného času v jedné větě („doplníme … a oba posílají“).	Pixel doplníme o Conversions API ze serveru; oba pak posílají stejný název události i event_id	NÍZKÁ
stránka	/sluzby/mereni-konverzi	Co nastavíme v jednotlivých systémech – tab Google Ads (odrážka, skryté)	pro B2B konverze z CRM přes Data Manager API	A	doporučení	Chybí oddělení uvozovacího výrazu – čte se jako „B2B konverze z CRM“, přitom jde o „pro B2B: konverze z CRM“; položka bez dvojtečky je dvojznačná (ostatní odrážky v tabech dvojtečku mají).	pro B2B: konverze z CRM přes Data Manager API, od 15. června 2026 místo nahrávání přes Google Ads API	NÍZKÁ
stránka	/sluzby/mereni-konverzi	Co nastavíme v jednotlivých systémech – tab Google Ads (odrážka, skryté); Které z toho znáte?; FAQ	konverzní akce přes Google tag v GTM	A	k posouzení	Nejednotnost „tag“ / „značka“: „Google tag“ (zde, anglický název produktu, česky „značka Google“), „konverzní značky“ (karta Systémy počítají nákup dvakrát), „úpravám konverzí a značek“ (FAQ) vs. „tagy“ jinde na stránce.	konverzní akce přes značku Google v GTM; jinde jednotně „tagy“	NÍZKÁ
stránka	/sluzby/mereni-konverzi	Co nastavíme v jednotlivých systémech – tab Seznam Nákupy (odrážka, skryté)	měření jen v prohlížeči je citlivější na blokátory a neumožní hodnocení ani API	A	k posouzení	Elipsa „neumožní hodnocení ani API“ – není jasné, co se nehodnotí (hodnocení obchodu zákazníky?) a co znamená „neumožní API“ (napojení přes API?).	Doplnit, co se hodnotí a k čemu API slouží, např.: „a neumožní sběr hodnocení ani napojení přes API“	NÍZKÁ
stránka	/sluzby/mereni-konverzi	Co nastavíme v jednotlivých systémech – tab Heureka (odrážka, skryté)	GTM Heureka kvůli blokátorům nedoporučuje	A	doporučení	Slovosled: předmět před podmětem bez signálu – čte se jako název „GTM Heureka“; podmět Heureka má stát první.	Heureka nasazení přes GTM kvůli blokátorům nedoporučuje	NÍZKÁ
stránka	/sluzby/mereni-konverzi	Které z toho znáte? – karta Sklik měří jen část; celá stránka (terminologie)	a Seznam mezitím spouští nové měření SEM	A	k posouzení	Zkratka SEM je vysvětlena až ve FAQ na konci stránky („Seznam Event Measurement, zkráceně SEM“), přitom se používá od sekce příznaků (tlačítko tabu „Sklik a SEM“, krok 03); v marketingu běžně znamená search engine marketing. V tabulce FAQ navíc varianta „Seznam SEM“.	a Seznam mezitím spouští nové měření Seznam Event Measurement (SEM)	NÍZKÁ
stránka	/sluzby/mereni-konverzi	Jedna objednávka… – úvodní odstavec; celá stránka (terminologie)	co která platforma podporuje	A	doporučení	Slovo „platforma“ označuje na stránce jak reklamní systémy („co která platforma podporuje“, „základ pro většinu platforem“, štítek „platformy“), tak e-shopové platformy („platformy e-shopu“, „modulu platformy“, „nastavení e-shopové platformy“) – významy se pletou.	co který reklamní systém podporuje (pro e-shop ponechat „e-shopová platforma“)	NÍZKÁ
stránka	/sluzby/mereni-konverzi	Jedna objednávka… – schéma (odrážka); hero; karty; FAQ (terminologie)	nákup nebo lead s ID, hodnotou a měnou	A	k posouzení	Dvojice „lead“ / „poptávka“ pro totéž: „poslal poptávku“, „objednávky nebo poptávky“, „poptávkami“ vs. „lead“, „leadu“ (×3), „leady“. Lze obhájit jako laický vs. technický termín (název události), ale rozlišení není vysvětleno.	V laickém textu „poptávka“, „lead“ jen jako název události nebo při prvním výskytu „poptávka (lead)“.	NÍZKÁ
stránka	/sluzby/mereni-konverzi	Stejné ID, jedna konverze – úvodní odstavec	Cíl je vysvětlitelný a stabilní rozdíl	A	doporučení	Jmenný přísudek v 1. pádě; při vyjádření cíle je v češtině obvyklý 7. pád („Cílem je“).	Cílem je vysvětlitelný a stabilní rozdíl – jeho náhlá změna pak spustí kontrolu.	NÍZKÁ
stránka	/sluzby/mereni-konverzi	Časté otázky – Technické detaily, tabulka Jak deduplikují jednotlivé systémy (sloupec Co testujeme)	znovunačtení děkovací stránky dá jednu konverzi	A	doporučení	Nejednotná forma buněk ve sloupci: jmenné výrazy („Test Events“, „podíl deduplikovaných událostí v Events Manageru“) střídají celé věty („duplicity z Conversions API LinkedIn odečte“, „stejná událost jde jen jednou cestou“).	Sjednotit na jmenné výrazy, např. „jedna konverze po znovunačtení děkovací stránky“.	NÍZKÁ
stránka	/sluzby/mereni-konverzi	Časté otázky – otázka FAQ	Potřebuju Meta Pixel, když mám Conversions API?	A	doporučení	Hovorový tvar „potřebuju“ (IJP: koncovka -u je hovorová, neutrální „potřebuji“); zbytek stránky je v neutrálním rejstříku.	Potřebuji Meta Pixel, když mám Conversions API?	NÍZKÁ
stránka	/sluzby/mereni-konverzi	Časté otázky – FAQ odpověď Potřebuju Meta Pixel…	Samotné Conversions API dává smysl třeba pro offline konverze	A	doporučení	Kalk „dává smysl“ (makes sense); česky „má smysl“ / „hodí se“.	Samotné Conversions API se hodí třeba pro offline konverze	NÍZKÁ
stránka	/sluzby/mereni-konverzi	Časté otázky – FAQ odpověď Potřebuju Meta Pixel…; Které z toho znáte?; tab Meta; schéma	pixel zachytí události v prohlížeči	A	doporučení	Nejednotné velké písmeno: „Pixel i Conversions API“, „Pixel doplníme“ (velké P mimo název produktu) vs. „pixel zachytí“, „pixel i API“ (malé p); velké P patří jen do názvu „Meta Pixel“.	Mimo název „Meta Pixel“ psát jednotně „pixel“.	NÍZKÁ
stránka	/sluzby/mereni-konverzi	Časté otázky – FAQ odpověď Jde měřit konverze bez souhlasu?	Ne tak, že bychom souhlas ignorovali	A	doporučení	Nejasný začátek odpovědi: z „Ne tak, že…“ čtenář nepozná, zda odpověď zní ano, nebo ne; smysl (souhlas obejít nelze, část konverzí Google domodeluje) se skládá až z dalších vět.	Souhlas obejít nelze – bez něj web nesmí ukládat ani číst netechnické údaje v zařízení návštěvníka.	STŘEDNÍ
stránka	/sluzby/mereni-konverzi	Časté otázky – FAQ odpověď Jde měřit konverze bez souhlasu?	Naše práce je, aby u lidí se souhlasem konverze dorazily spolehlivě	A	doporučení	Kalk „naše práce je, aby“ (our job is to) s nadbytečným přivlastňovacím „naše“.	Staráme se o to, aby u lidí se souhlasem konverze dorazily spolehlivě	NÍZKÁ
stránka	/sluzby/mereni-konverzi	Časté otázky – FAQ odpověď Jde měřit konverze bez souhlasu?	Google v advanced režimu Consent Mode dostává pingy bez cookies	A	doporučení	Anglická stavba „advanced režim“ (nesklonný anglický přívlastek před jménem); česky „v režimu advanced“.	Google v režimu advanced (Consent Mode) dostává pingy bez cookies	NÍZKÁ
stránka	/sluzby/mereni-konverzi	hlavička – meta description (a og/twitter description)	Meta (Pixel + CAPI)	C	doporučení	Znak „+“ místo spojky v běžném textu (ČSN 01 6910: matematické značky jen v matematických výrazech).	Meta (Pixel a CAPI)	NÍZKÁ
stránka	/sluzby/bigquery	Hlavička – meta description	nad čísly, které věříte	A	chyba	Chybný pád: sloveso „věřit“ se pojí s 3. pádem (věřit komu/čemu), správně „kterým věříte“ (IJP, valence slovesa věřit). Stejný text je i v og:description a twitter:description (na stránce ×3).	GA4 v BigQuery spojíme s náklady z Google Ads, Mety a Skliku i s daty e-shopu a CRM. Datový model, hlídané náklady a dashboard nad čísly, kterým věříte.	KRITICKÁ
stránka	/sluzby/bigquery	Hero – odrážka pod tlačítky	Limity a rozpočtové alerty od prvního dne	A	doporučení	Anglicismus „alert“ má běžný český ekvivalent „upozornění“, který web sám používá na stránce Dashboardy („upozornění, když metrika překročí hranici“). (na stránce ×5, dále: Kontrola nákladů a přístupů, Governance pod celým skladem, krok 03 Implementace, Jak poznáte, že sklad funguje)	Limity a rozpočtová upozornění od prvního dne	NÍZKÁ
stránka	/sluzby/bigquery	Poznáváte se? – mono štítek u symptomu (span)	retention	A	k posouzení	Štítky u symptomů jsou obyčejná anglická slova, ne názvy souborů ani událostí („retention“, „margin“, „costs“); na stránce Dashboardy jsou tytéž štítky česky („marže“, „excel“). Nepřeložený zbytek a nejednotnost mezi stránkami. (na stránce ×3, dále: margin, costs)	retence	NÍZKÁ
stránka	/sluzby/bigquery	Poznáváte se? – odstavec symptomu Meziroční srovnání	V Průzkumech standardní GA4 vidíte událostní data	A	doporučení	Nesrozumitelný řetězec jmen „Průzkumech standardní GA4“ – není jasné, k čemu se „standardní“ vztahuje (k verzi GA4 bez 360); chybí předložka.	V Průzkumech ve standardní verzi GA4 vidíte událostní data	STŘEDNÍ
stránka	/sluzby/bigquery	Poznáváte se? – odstavec symptomu Náklady sčítá někdo ručně	Každé pondělí kdosi stahuje náklady	B	doporučení	„kdosi“ je knižní a v marketingovém textu působí cize; nadpis karty i sousední texty používají „někdo“.	Každé pondělí někdo stahuje náklady	NÍZKÁ
stránka	/sluzby/bigquery	Co uděláme a co dostanete – odstavec Kontrola nákladů a přístupů	Partitioning, clustering, limity zpracovaných bajtů	A	k posouzení	Nepřeložené termíny „Partitioning, clustering“ bez vysvětlení pro cílového čtenáře (majitel e-shopu, marketing). Jde o názvy funkcí BigQuery, proto k posouzení – lze aspoň opsat česky.	Dělení tabulek na oddíly a clustering, limity zpracovaných bajtů	NÍZKÁ
stránka	/sluzby/bigquery	Jak data tečou – úvodní odstavec	surová beze změn, očištěná se sjednocenými názvy, měnami a časovými pásmy a reportovací s tabulkami	A	doporučení	Výčet tří vrstev, z nichž prostřední má vlastní výčet s čárkami – hranice položek zanikají („…časovými pásmy a reportovací…“). Oddělit středníky.	Data držíme ve třech vrstvách: surová beze změn; očištěná se sjednocenými názvy, měnami a časovými pásmy; reportovací s tabulkami pro konkrétní otázky.	NÍZKÁ
stránka	/sluzby/bigquery	Jak data tečou – odrážka pod schématem	Jedno místo pravdy.	A/B	doporučení	Kalk z anglického „single source of truth“; spojení „místo pravdy“ česky nefunguje.	Všechna data na jednom místě. Chování na webu, náklady kampaní a data e-shopu či CRM v jednom modelu.	STŘEDNÍ
stránka	/sluzby/bigquery	Jak data tečou – odrážka pod schématem	Governance pod celým skladem.	A	doporučení	Anglicismus „governance“ bez českého protějšku a kalkové spojení „governance pod skladem“. Český opis: pravidla a správa přístupů.	Pravidla a správa přístupů pro celý sklad. Role, limity dotazů, rozpočtová upozornění a expirace starých dat.	NÍZKÁ
stránka	/sluzby/bigquery	Co v rozhraní GA4 nejde – odrážky Doporučíme počkat, když…	máte jednotky až nízké desítky objednávek nebo leadů týdně → stačí GA4	C	k posouzení	Šipka „→“ uvnitř věty nahrazuje spojku „pak“ nebo pomlčku; systémový jev se týká jen šipek na konci odkazů. V běžné větě ruší čtení (na stránce ×3, dále: „→ nejdřív audit měření“, „→ začneme jedním reportem pro vedení“).	máte jednotky až nízké desítky objednávek nebo leadů týdně – stačí GA4 a dashboard nad přímými konektory	NÍZKÁ
stránka	/sluzby/bigquery	Co v rozhraní GA4 nejde – cenový blok	za TiB přečtených dat v režimu on-demand	A	k posouzení	„on-demand“ je název cenového režimu BigQuery, pro českého čtenáře ale bez vysvětlení; lze opsat a původní název nechat v závorce.	za TiB přečtených dat při platbě podle objemu dotazů (režim on-demand), první TiB měsíčně zdarma	NÍZKÁ
stránka	/sluzby/bigquery	Jak postupujeme – úvodní odstavec	každý den navíc znamená den dat navíc	A	doporučení	Kruhová formulace, bez kontextu nejasná (den čeho navíc?). Míní se: čím dřív export běží, tím delší historii budete mít.	čím dřív export zapnete, tím delší historii dat budete mít	NÍZKÁ
stránka	/sluzby/bigquery	Jak poznáte, že sklad funguje – odrážka	aby vás faktura nepřekvapila	B	doporučení	Stejná fráze se na stránce opakuje doslova (na stránce ×2, dále: FAQ odpověď Kolik stojí projekt a provoz BigQuery?); při druhém výskytu působí jako slogan.	limity dotazů a rozpočtová upozornění hlídají výši faktury	NÍZKÁ
stránka	/sluzby/bigquery	Časté otázky – odstavec nad ukázkou SQL (skryté)	ne celou historii – i tak držíme náklady na uzdě	A	doporučení	„i tak“ vyjadřuje přípustku (přesto), věta ale popisuje důsledek filtru; logicky patří „tím“ nebo „už tím“.	ne celou historii – už tím držíme náklady na uzdě	STŘEDNÍ
stránka	/sluzby/bigquery	Časté otázky – odrážka GA4 v bloku Co je dobré vědět (skryté)	Standardní property má limit denního exportu milion událostí	A	doporučení	Holé přiřazení „limit … milion událostí“ bez číslovky či vazby; čitelnější s „jeden milion“ a jasným časovým údajem.	Standardní property má limit jeden milion exportovaných událostí denně	NÍZKÁ
stránka	/sluzby/bigquery	Časté otázky – odrážka Rozdíly proti rozhraní GA4 (skryté)	Denní tabulky může Google ještě až 72 hodin doplňovat.	C	k posouzení	Nejednotný zápis číslovek: ve viditelném textu převažují slovní tvary („čtrnáct měsíců“, „sedm dní“, „deset GiB“, „třicet minut“), v technických odrážkách číslice („24 hodin“, „72 hodin“). ČSN 01 6910 doporučuje v jednom textu jednotný způsob; u technických údajů jsou číslice v pořádku, pak ale i jinde. (na stránce ×2, dále: „minimální interval 24 hodin“)	Denní tabulky může Google doplňovat ještě až 72 hodin. (a v technických částech psát číslicemi i „14 měsíců“, „7 dní“)	NÍZKÁ
stránka	/sluzby/bigquery	Časté otázky – FAQ odpověď Kolik stojí projekt a provoz BigQuery?	vychází na jednotky dolarů měsíčně	A	doporučení	Ve větě chybí podmět – „vychází“ se formálně váže na „první TiB … a deset GiB“ z předchozí věty; míněn je provoz.	a provoz v našem modelovém výpočtu pro e-shop se 100 000 událostmi denně vychází na jednotky dolarů měsíčně	NÍZKÁ
stránka	/sluzby/bigquery	Časté otázky – FAQ odpověď Musíme umět SQL?	přidáme školení na vlastních datech	A	chyba	Zvratné „vlastní“ odkazuje k podmětu věty (my přidáme) – doslova tedy školení na našich datech; míněna jsou data klienta (IJP: zvratná přivlastňovací zájmena svůj/vlastní se vztahují k podmětu).	přidáme školení na vašich datech	STŘEDNÍ
stránka	/sluzby/bigquery	Pokračujte – odkaz na článek	GA4 → BigQuery export: nastavení, limity a cena	A	k posouzení	Anglický slovosled „BigQuery export“ (řetězec jmen); česky „export GA4 do BigQuery“, jak stránka sama píše v H3. Jde o název článku, proto k posouzení.	Export GA4 do BigQuery: nastavení, limity a cena	NÍZKÁ
stránka	/sluzby/bigquery	Kontakt – nadpis H2	Pojďme spojit vaše data do jednoho místa	B	doporučení	„Pojďme“ je vzorec AI a reklamních textů, „vaše“ je nadbytečné a vazba „spojit do jednoho místa“ není česká („spojit v jednom modelu“, „dát na jedno místo“). Stránka Dashboardy používá věcné „Propojíme data do jednoho dashboardu“.	Propojíme data do jednoho modelu	STŘEDNÍ
stránka	/sluzby/dashboardy-a-reporting	Hlavička – title	Marketingový dashboard a reporting na míru	B	doporučení	„na míru“ je prázdná reklamní fráze; obsah stránky ji nahrazuje věcně („Počet a typ podle zadání“). (na stránce ×4, dále: H1 „Marketingové dashboardy a reporting na míru“, H3 „Dashboardy na míru“, FAQ „Kolik stojí dashboard na míru?“; stejně og:title a jsonld:name)	Marketingový dashboard a reporting | datalayer.cz	NÍZKÁ
stránka	/sluzby/dashboardy-a-reporting	Hero – úvodní odstavec	nástroj volíme podle toho, kde už firma pracuje	A	doporučení	Elipsa „kde firma pracuje“ bez doplnění (v jakém prostředí, v jakých nástrojích) je nejasná (na stránce ×2, dále: „Rozhoduje, kde už firma pracuje“ v sekci Data Studio, nebo Power BI?).	nástroj volíme podle toho, v jakých nástrojích už firma pracuje	NÍZKÁ
stránka	/sluzby/dashboardy-a-reporting	Poznáváte se? – odstavec symptomu Tři systémy, tři čísla	Google Ads hlásí 412 konverzí, GA4 289 a e-shop 356 objednávek, takže porada řeší, kdo má pravdu, místo toho, co dál.	A	doporučení	Elipsa „GA4 289“ se při čtení slévá s názvem produktu; závěr „místo toho, co dál“ je nedokončený (chybí sloveso).	Google Ads hlásí 412 konverzí, GA4 jich vidí 289 a e-shop má 356 objednávek, takže porada řeší, kdo má pravdu, místo toho, co dělat dál.	NÍZKÁ
stránka	/sluzby/dashboardy-a-reporting	Čtyři typy dashboardů – odstavec Manažerský přehled	Odpoví, jestli firma roste a marketing se vyplácí.	A	doporučení	Věta bez podmětu navazuje na podmět předchozí věty „Majitel, CEO a CFO“ – čte se, že odpovídají oni; míněn je přehled.	Přehled odpoví, jestli firma roste a marketing se vyplácí.	NÍZKÁ
stránka	/sluzby/dashboardy-a-reporting	Čtyři typy dashboardů – odstavec Marketingový dashboard	která kampaň vydělává po marži	A	doporučení	„vydělává po marži“ je žargonová elipsa (po započtení marže); „alokované tržby“ v téže kartě je kalk z „allocated revenue“, česky „připsané tržby“.	Ukáže náklady, připsané tržby, ROAS, POAS a čerpání rozpočtu podle kanálů a kampaní. PPC tým i agentura vidí, která kampaň vydělává i po započtení marže.	NÍZKÁ
stránka	/sluzby/dashboardy-a-reporting	Čtyři typy dashboardů – odstavec E-commerce dashboard	marži i vratky po kategoriích	A	doporučení	Vazba „po kategoriích“ je hovorová; spisovně „podle kategorií“ (IJP) – stránka jinde používá „podle kanálů a kampaní“.	marži i vratky podle kategorií	NÍZKÁ
stránka	/sluzby/dashboardy-a-reporting	Čtyři typy dashboardů – odstavec E-commerce dashboard	Category manažer vidí, které produkty táhnou zisk	A	k posouzení	Hybrid „Category manažer“ (anglické slovo + počeštěné) – buď celé anglicky „category manager“, nebo česky „manažer kategorie“. Pozice se v českém retailu běžně nazývá anglicky, proto k posouzení.	Manažer kategorie vidí, které produkty táhnou zisk a kde lidé odpadají.	NÍZKÁ
stránka	/sluzby/dashboardy-a-reporting	Co uděláme a co dostanete – úvodní odstavec	co má dashboard rozhodovat	A	doporučení	Dashboard nerozhoduje, podporuje rozhodnutí; stránka sama jinde píše „rozhodnutí, která mají podpořit“. Nepřesná a nejednotná formulace.	Nejdřív se domluvíme, jaká rozhodnutí má dashboard podpořit a které číslo platí.	STŘEDNÍ
stránka	/sluzby/dashboardy-a-reporting	Co uděláme a co dostanete – odstavec Strom KPI a slovník metrik	u každého definice, výpočet, zdroj a vlastník	A	doporučení	„u každého“ nemá jasný vztažný člen (čísel? metrik? – rody se liší).	u každé metriky definice, výpočet, zdroj a vlastník	NÍZKÁ
stránka	/sluzby/dashboardy-a-reporting	Co uděláme a co dostanete – nadpis H3	Rekonciliační protokol	A	doporučení	Terminologická nejednotnost pro tutéž věc: „rekonciliační protokol“ (H3, FAQ Proč se čísla liší), „sladění s účetnictvím“ (summary Technické detaily, H3 Další pravidla, FAQ Kolik stojí), „odsouhlasení“ (Ukázkový příklad odsouhlasení), „shoda s ERP“ (štítek, dlaždice). Zvolit jeden výraz, nejlépe český „sladění s účetnictvím“.	Protokol o sladění s účetnictvím	NÍZKÁ
stránka	/sluzby/dashboardy-a-reporting	Odkud čísla v dashboardu pocházejí – štítek schématu (span)	datová vrstva	A	k posouzení	Na webu znamená „datová vrstva“ dataLayer (samostatná služba Datová vrstva v menu); ve schématu označuje prostřední vrstvu s konektory a BigQuery. Pro čtenáře, který zná první význam, dvojznačné.	zpracování dat	NÍZKÁ
stránka	/sluzby/dashboardy-a-reporting	Odkud čísla v dashboardu pocházejí – odrážka pod schématem	Peníze z účetnictví. Tržby bereme z ERP	A	k posouzení	Nadpis odrážky říká „z účetnictví“, věta hned za ním „z ERP“; jinde na stránce „z účetnictví nebo ERP“. Čtenář neví, který zdroj platí.	Peníze z účetnictví. Tržby bereme z účetnictví nebo ERP, podíly kanálů z GA4 a reklamních systémů.	NÍZKÁ
stránka	/sluzby/dashboardy-a-reporting	Data Studio, nebo Power BI? – odstavec Data Studio	Volíme pro marketingový tým v Google ekosystému, který bere data hlavně z Googlu a BigQuery.	A/B	doporučení	„v Google ekosystému“ je anglický slovosled (řetězec jmen) a „ekosystém“ patří k prázdným marketingovým slovům; vztažné „který“ se navíc může vázat k ekosystému místo k týmu.	Volíme pro marketingový tým, který pracuje v nástrojích Googlu a bere data hlavně z Googlu a BigQuery.	STŘEDNÍ
stránka	/sluzby/dashboardy-a-reporting	Data Studio, nebo Power BI? – odstavec Power BI	finance i obchod pracují v Microsoftu	A	doporučení	Dvojznačné: „pracují v Microsoftu“ znamená také „jsou zaměstnanci Microsoftu“. Míněno „v nástrojích Microsoftu“ (Microsoft 365).	finance i obchod pracují v nástrojích Microsoftu	STŘEDNÍ
stránka	/sluzby/dashboardy-a-reporting	Jak postupujeme – krok 04 Validace	zkontrolujeme každou událost a porovnáme čísla s e-shopem nebo CRM. od vás: testovací objednávka a export z administrace	A	k posouzení	Text kroku je převzatý z implementace měření – u dashboardů se nevaliduje „každá událost“ ani „testovací objednávka“, ale prototyp a sladění s účetnictvím (krok 03 a FAQ: „dvě kola připomínek k prototypu“). Totéž krok 05 „aby měření nespadlo po dalším releasu“. Obsahově k službě nesedí.	Projdeme testovací scénáře a vybraný měsíc porovnáme s účetnictvím a CRM. od vás: kontrolní čísla z účetnictví a připomínky k prototypu	NÍZKÁ
stránka	/sluzby/dashboardy-a-reporting	Jak poznáte, že čísla sedí – úvodní odstavec	záleží na webu, liště souhlasu a zákaznících	A	doporučení	Terminologická nejednotnost s webem: menu i formulář používají „cookie lišta“ („Cookie lišta a Consent Mode“), zde „lišta souhlasu“.	záleží na webu, cookie liště a zákaznících	NÍZKÁ
stránka	/sluzby/dashboardy-a-reporting	Jak poznáte, že čísla sedí – popisek ukázky	Ukázkový příklad odsouhlasení	A	doporučení	Pleonasmus „ukázkový příklad“ (příklad je ukázka); „odsouhlasení“ je další z variant pro sladění s účetnictvím.	Příklad sladění s účetnictvím: září 2026, Kč bez DPH	NÍZKÁ
stránka	/sluzby/dashboardy-a-reporting	Časté otázky – odrážka Stejné datum a časové pásmo (skryté)	Datum objednávky, nebo fakturace podle toho, s čím pracuje účetnictví, ve všech zdrojích časové pásmo Europe/Prague.	A	doporučení	Věta bez přísudku s vloženou vedlejší větou – není jasné, co se s datem děje ani kam patří „ve všech zdrojích“.	Používáme datum objednávky, nebo fakturace – podle toho, s čím pracuje účetnictví – a ve všech zdrojích časové pásmo Europe/Prague.	STŘEDNÍ
stránka	/sluzby/dashboardy-a-reporting	Časté otázky – odrážka Vratky a storna (skryté)	přehled podle data vratky cash flow	A	k posouzení	Anglicismus „cash flow“ má český ekvivalent „peněžní tok“; v elipse bez slovesa navíc ztěžuje čtení. Ve finanční praxi je ale výraz zavedený.	přehled podle data vratky peněžní tok	NÍZKÁ
stránka	/sluzby/dashboardy-a-reporting	Časté otázky – tabulka, řádek Cena (skryté)	Pro čtrnáct a Premium Per User 24 dolarů	C	doporučení	V jedné buňce je jedna číslovka slovy („čtrnáct“) a druhá číslicí („24“); zápis má být jednotný (ČSN 01 6910), v tabulce jsou vhodnější číslice. Zkratka „PPU“ se v dalších řádcích užívá bez zavedení – doplnit při prvním výskytu.	Desktop zdarma, Pro 14 a Premium Per User (PPU) 24 dolarů za uživatele měsíčně při roční platbě, kapacita Fabric podle velikosti	NÍZKÁ
stránka	/sluzby/dashboardy-a-reporting	Časté otázky – tabulka, řádek Sdílení (skryté)	odkazem nebo pozvánkou na Google účet	A	doporučení	Anglický slovosled „Google účet“ (řetězec jmen); české rozhraní Googlu používá „účet Google“.	odkazem nebo pozvánkou na účet Google, plánované e-maily	NÍZKÁ
stránka	/sluzby/dashboardy-a-reporting	Časté otázky – tabulka, řádek Komu reporty patří (skryté)	pracovním prostorům ve vašem tenantovi Microsoft	A	chyba	„tenant“ je v IT významu neživotné podstatné jméno, 6. pád je „v tenantu“; tvar „tenantovi“ je životný (IJP – skloňování podstatných jmen rodu mužského neživotného, vzor hrad). Slovosled „tenantovi Microsoft“ je navíc anglický.	pracovním prostorům v tenantu Microsoft 365 vaší firmy	STŘEDNÍ
stránka	/sluzby/dashboardy-a-reporting	Časté otázky – tabulka, řádek Komu reporty patří (skryté)	ve verzi zdarma jednotlivým uživatelům	B	k posouzení	Slovo „zdarma“ je v tabulce třikrát v jednom bloku („zdarma, Pro devět dolarů“, „Desktop zdarma“, „ve verzi zdarma“) – nad limitem pro hromadné hodnocení.	v bezplatné verzi jednotlivým uživatelům	NÍZKÁ
stránka	/sluzby/dashboardy-a-reporting	Časté otázky – tabulka, řádek Meta, Sklik, Heureka (skryté)	partnerské placené konektory nebo BigQuery	A	doporučení	Nejednotné pojmenování téhož: „partnerské placené konektory“ (sloupec Data Studio), „konektory třetích stran“ (sloupec Power BI, FAQ Umíte napojit Sklik), „konektor třetí strany“ (řádek GA4, Google Ads, Search Console).	placené konektory třetích stran nebo BigQuery	NÍZKÁ
stránka	/sluzby/dashboardy-a-reporting	Časté otázky – FAQ odpověď Potřebujeme BigQuery, nebo stačí přímé konektory?	když spojujete víc zdrojů, třeba Metu, Sklik, ERP a CRM, potřebujete marži, vratky nebo delší historii, než dovolí GA4, nebo report otevírá hodně lidí	A	doporučení	Tři podmínky s vnořenými výčty oddělené jen čárkami – hranice podmínek zanikají. Oddělit středníky nebo rozepsat.	když spojujete víc zdrojů (třeba Metu, Sklik, ERP a CRM); když potřebujete marži, vratky nebo delší historii, než dovolí GA4; nebo když report otevírá hodně lidí	NÍZKÁ
stránka	/sluzby/dashboardy-a-reporting	Časté otázky – FAQ odpověď Jak dlouho to trvá a co od nás potřebujete?	Potřebujeme devadesát minut na úvodní workshop	A	k posouzení	Údaj o délce schůzky se liší od kroku 02 („od vás: hodinová schůzka a schválení plánu“) a čtenář neví, zda jde o tutéž schůzku jako „úvodní workshop“ v sekci Jak postupujeme. Věcnost neposuzujeme, jen nejednotnost.	Potřebujeme na úvodní workshop devadesát minut (stejný údaj uvést i u kroku 02 Měřicí plán)	NÍZKÁ
stránka	/sluzby/dashboardy-a-reporting	Časté otázky – FAQ odpověď Umíte napojit Sklik, Heureku, Shoptet nebo naše CRM?	Pro Sklik Google vlastní konektor nenabízí, proto náklady stahujeme	A	doporučení	Slovosled „Pro Sklik Google“ se čte jako jeden název; podmět „Google“ má stát na začátku. Souvětí navíc řetězí tři různá napojení spojkou „a“ bez oddělení.	Google pro Sklik vlastní konektor nenabízí, proto náklady stahujeme přes Sklik API do BigQuery. Heureku a Zboží.cz napojujeme přes exporty nebo rozhraní účtu, e-shopové platformy a CRM přes export nebo API.	STŘEDNÍ
stránka	/sluzby/audit-mereni	Hlavička – meta description	Nálezy s prioritou A/B/C. Kontrola zdarma.	C	doporučení	Zápis priorit lomítkem „A/B/C“ se liší od zbytku stránky, kde je důsledně „A, B a C“ (podtitul, výstupy, FAQ).	Nálezy s prioritou A, B a C. Kontrola zdarma.	NÍZKÁ
stránka	/sluzby/audit-mereni	JSON-LD description	souhlasu návštěvníků v Consent Mode v2 a konverzí v Google Ads, Meta a Skliku, kterou porovnáme s administrací e-shopu nebo CRM	A	doporučení	Vztažná věta „kterou porovnáme“ se váže ke slovu „kontrola“ – s administrací se ale neporovnává kontrola, nýbrž čísla/konverze. Chybný vztah, věta logicky nesedí.	Nezávislá kontrola GA4, Google Tag Manageru, souhlasu návštěvníků v Consent Mode v2 a konverzí v Google Ads, Metě a Skliku; čísla porovnáme s administrací e-shopu nebo CRM.	STŘEDNÍ
stránka	/sluzby/audit-mereni	Úvod – nadpis H1	Audit měření: GA4, GTM, consent a konverze	B	doporučení	Nadpis ve tvaru „Téma: Podtitul“ (vzorec typický pro AI texty podle briefu). Jde o vzor celého webu, proto spíš k systémovému rozhodnutí; na stránce jinak H2 tento tvar nepoužívají.	Audit měření GA4, GTM, souhlasu a konverzí	STŘEDNÍ
stránka	/sluzby/audit-mereni	Úvod – nadpis H1 / tlačítka sekce Rozsah / FAQ	GA4, GTM, consent a konverze	A	doporučení	Terminologická nejednotnost souhlas/consent: v H1 a v krocích „consent“, v úvodním odstavci a tlačítku „C · Souhlas a cookies“ „souhlas“, v FAQ dokonce skloňované „v consentu“ („Nálezy v GTM, GA4 a consentu“). Vedle toho „Consent Mode v2“ i „consent mode“ malými písmeny (×2: „stav consent mode v diagnostice Google Ads“, tabulka „diagnostika consent mode“). Sjednotit: obecně „souhlas“, název funkce „Consent Mode“ s velkými písmeny.	Audit měření: GA4, GTM, souhlas a konverze; „stav Consent Mode v diagnostice Google Ads“; „Nálezy v GTM, GA4 a nastavení souhlasu“	NÍZKÁ
stránka	/sluzby/audit-mereni	Poznáváte se? – štítek karty	handover	A	doporučení	Nepřeložené anglické štítky karet, ačkoli jinde na webu jsou štítky české (na stránce ×3, dále: „migration“, u výstupů „meeting“). Nejde o názvy souborů ani událostí, běžný český ekvivalent existuje.	předání / migrace / schůzka	STŘEDNÍ
stránka	/sluzby/audit-mereni	Poznáváte se? – nadpis H3 karty	Chystáte redesign, migraci nebo server-side	A	doporučení	„Server-side“ je tu použito jako samostatné podstatné jméno bez určovaného slova; čtenáři mimo obor nemusí být jasné, co se chystá.	Chystáte redesign, migraci nebo server-side měření	NÍZKÁ
stránka	/sluzby/audit-mereni	Co v auditu webové analytiky kontrolujeme – odrážka D · Reklamní systémy (skryté)	Google Ads: tag, nebo import z GA4, primární akce, hodnoty, duplicity a rozšířené konverze	A	doporučení	Vylučovací dvojice „tag, nebo import“ s čárkou je vnořená do čárkového výčtu, takže se výčet špatně člení (čtenář neví, kde dvojice končí). Čárka před „nebo“ je tu přípustná, ale výčet srozumitelnosti neprospívá.	Google Ads: tag nebo import z GA4, primární akce, hodnoty, duplicity a rozšířené konverze	NÍZKÁ
stránka	/sluzby/audit-mereni	Co v auditu webové analytiky kontrolujeme – odrážka E · Shoda s administrací (skryté)	rozpad podle platební metody, zařízení, prohlížeče a země – tam chyby vyplavou	A	k posouzení	„Rozpad“ ve významu „členění“ je oborový žargon (kalk z „breakdown“); majitel e-shopu může číst „rozpad“ jako rozklad. Na stránce ×2 (dále FAQ: „porovnáváme čísla v tomto rozpadu“). Pokud je výraz pro cílovou skupinu zavedený, lze ponechat.	členění podle platební metody, zařízení, prohlížeče a země – tam chyby vyplavou	NÍZKÁ
stránka	/sluzby/audit-mereni	Co v auditu webové analytiky kontrolujeme – odrážka E · Shoda s administrací (skryté)	u B2B formuláře v GA4 vs. poptávky v CRM a předávání gclid	A	doporučení	Dvojznačná stavba: bez oddělovače se „u B2B formuláře“ čte jako „u formuláře B2B“, zatímco míněno je „u B2B [firem]: formuláře v GA4 vs. poptávky v CRM“.	u B2B: formuláře v GA4 vs. poptávky v CRM a předávání gclid	STŘEDNÍ
stránka	/sluzby/audit-mereni	Co v auditu webové analytiky kontrolujeme – odrážka E (skryté) / úvod / tabulka	poptávky v CRM	A	doporučení	Terminologická nejednotnost lead/poptávka: úvod „leady v CRM“, postup „export objednávek nebo leadů“, tabulka „porovnání formulářů a leadů“, ale zde „poptávky v CRM“ a v sekci Rozsah „uděláme testovací nákup nebo poptávku“. Zvolit jeden výraz pro záznam v CRM.	u B2B: formuláře v GA4 vs. leady v CRM a předávání gclid	NÍZKÁ
stránka	/sluzby/audit-mereni	Co v auditu webové analytiky kontrolujeme – odrážka E · Shoda s administrací (skryté)	kolik rozdílu čekáme kvůli souhlasu, blokaci a stornům a kolik je chyba	A	doporučení	Vazba „kolik rozdílu čekáme“ je hovorová a nepřesná (rozdíl se „nečeká“ v množství); druhá část „kolik je chyba“ nemá jasný podmět.	jakou část rozdílu vysvětlí souhlas, blokace a storna a jaká část je chyba	NÍZKÁ
stránka	/sluzby/audit-mereni	Co v auditu webové analytiky kontrolujeme – odkaz v tabu C (skryté)	Technickou nápravu řeší služba Cookie lišta a Consent Mode v2.	A	k posouzení	Název odkazované služby je zde „Cookie lišta a Consent Mode v2“, zatímco v menu, patičce i na ostatních stránkách se služba jmenuje „Cookie lišta a Consent Mode“ (bez „v2“). Sjednotit název služby s navigací.	Technickou nápravu řeší služba Cookie lišta a Consent Mode.	NÍZKÁ
stránka	/sluzby/audit-mereni	Co od nás dostanete – popis karty Inventura GTM	Všechny tagy s doporučením ponechat, upravit, nebo smazat a výsledky testovacích scénářů se screenshoty.	A	k posouzení	„Screenshot“ má běžný český ekvivalent „snímek obrazovky“ (na stránce ×2, dále FAQ: „důkaz v podobě screenshotu“). Výraz je ale v oboru zavedený, proto jen k posouzení.	Všechny tagy s doporučením ponechat, upravit, nebo smazat a výsledky testovacích scénářů se snímky obrazovky.	NÍZKÁ
stránka	/sluzby/audit-mereni	Rychlá kontrola zdarma, nebo celý audit? – nadpis H2 a karta	Rychlá kontrola zdarma, nebo celý audit?	B	doporučení	Slovo „zdarma“ je v jednom bloku čtyřikrát (nadtitulek „[ kontrola zdarma ]“, H2, štítek „zdarma“, H3 „Rychlá kontrola zdarma“) – nad limit briefu (víc než 2× v bloku). Celkem na stránce 11×.	H2: „Rychlá kontrola, nebo celý audit?“ a štítek karty „zdarma“ ponechat jen jednou (v H3).	NÍZKÁ
stránka	/sluzby/audit-mereni	Jak vypadá report z auditu – úvodní odstavec	V reportu má každý nález i důkaz, doporučení, pracnost a toho, kdo ho opraví.	A	doporučení	Neobratná vazba „nález má ... toho, kdo ho opraví“ – spojení podstatných jmen s vedlejší větou v jednom výčtu; věta drhne.	V reportu má každý nález i důkaz, doporučení, pracnost a určeno, kdo ho opraví.	NÍZKÁ
stránka	/sluzby/audit-mereni	Jak vypadá report z auditu – popis nálezu A2	Data bez souhlasu a možný rozpor s § 89 odst. 3 ZEK, který by měl posoudit právník.	A	k posouzení	Zkratka „ZEK“ není na stránce nikde vysvětlena (v FAQ níže je jen „zákona č. 127/2005 Sb.“); vztažné „který“ se formálně váže k nejbližšímu „ZEK“/„§ 89“, míněn je ale „rozpor“.	Data bez souhlasu a možný rozpor s § 89 odst. 3 zákona o elektronických komunikacích – posoudí právník.	NÍZKÁ
stránka	/sluzby/audit-mereni	Jak vypadá report z auditu – nadpis H3 nálezu C1	37 nepoužívaných tagů bez názvosloví	A	k posouzení	Spojení „tagů bez názvosloví“ není jasné (tagy nemají názvosloví; chybí jednotné pojmenování). Zároveň se v téže sekci mísí číslovky slovem („šestnáct procent“) a číslicí („37“).	37 nepoužívaných tagů a chybějící pravidla pojmenování	NÍZKÁ
stránka	/sluzby/audit-mereni	Časté otázky – Technické detaily, odrážka A – kritické	chyby v datech vedou ke špatným rozhodnutím nebo optimalizaci kampaní	A	doporučení	Zeugma: přívlastek „špatným“ se formálně váže jen k „rozhodnutím“, takže věta říká, že chyby vedou „k optimalizaci kampaní“ (což by bylo žádoucí). Chybí „špatné“ i u optimalizace.	chyby v datech vedou ke špatným rozhodnutím nebo špatné optimalizaci kampaní	STŘEDNÍ
stránka	/sluzby/audit-mereni	Časté otázky – tabulka Přístupy a podklady, řádek Search Console	omezený uživatel	A	doporučení	Nejednotný pád ve sloupci „Co potřebujeme“: většina buněk je ve 4. pádě („roli Čtenář“, „přístup Jen pro čtení“, „oprávnění Číst“), tato a řádek Testovací nákup („testovací platební metoda a možnost storna“) v 1. pádě.	omezeného uživatele (a v řádku Testovací nákup: „slevový kód na celou částku nebo testovací platební metodu a možnost storna“)	NÍZKÁ
stránka	/sluzby/audit-mereni	Časté otázky – odpověď Jaké přístupy potřebujete	oprávnění Číst v Tag Manageru	A	doporučení	Nejednotné pojmenování nástroje: „Google Tag Manager“ (úvod, tabulka), „GTM“ (většina stránky) a zde „Tag Manager“. Zvolit plný název při prvním výskytu a dál zkratku.	oprávnění Číst v GTM	NÍZKÁ
stránka	/sluzby/audit-mereni	Časté otázky – odpověď Kdo nálezy opraví	Nálezy v GTM, GA4 a consentu většinou opravujeme sami	A	doporučení	Skloňovaný anglicismus „v consentu“ tam, kde stránka jinak používá „souhlas“; čeština tím trpí a běžný ekvivalent existuje.	Nálezy v GTM, GA4 a nastavení souhlasu většinou opravujeme sami	STŘEDNÍ
stránka	/sluzby/technicky-audit-webu	JSON-LD description	Technická analýza webu, která končí úkoly pro vývojáře s prioritou podle dopadu a ověřením po opravách.	A	doporučení	Vazba „analýza končí úkoly“ (7. pád) je neobvyklá a nejasná – analýza úkoly nekončí, úkoly jsou jejím výstupem.	Technická analýza webu, jejímž výstupem jsou úkoly pro vývojáře s prioritou podle dopadu a ověření po opravách.	NÍZKÁ
stránka	/sluzby/technicky-audit-webu	Úvod – nadpis H1	Technický audit webu: rychlost, tagy a technické SEO	B	doporučení	Nadpis ve tvaru „Téma: Podtitul“ (vzorec typický pro AI texty podle briefu). Na stránce ×3 (dále H2 „Co audit kontroluje: šest oblastí“, „Analýza webu zdarma: co si zkontrolujete sami“). Jde o vzor celého webu, proto spíš k systémovému rozhodnutí.	Technický audit webu – rychlost, tagy a technické SEO; „Šest oblastí, které audit kontroluje“; „Co si zkontrolujete sami zdarma“	STŘEDNÍ
stránka	/sluzby/technicky-audit-webu	Úvod – odstavec	Technický audit webu je kontrola toho, jak web funguje pod kapotou	A	k posouzení	„Pod kapotou“ je kalk z angličtiny (under the hood); v češtině je hovorově zavedený, pro věcný tón stránky je ale zbytný.	Technický audit webu je kontrola toho, jak web funguje uvnitř	NÍZKÁ
stránka	/sluzby/technicky-audit-webu	Úvod – odrážky pod tlačítky	Úkoly pro vývojáře, ne PDF z nástroje	B	doporučení	Kontrastní šablona „X, ne Y“ se na stránce opakuje jako stylový tik (×6, dále: „Data reálných návštěvníků, ne jen laboratorní test“, „auditujeme techniku, ne obsah a odkazy“, „Výstup jako úkoly pro vývojáře, ne PDF s 200 chybami z nástroje“, H2 „Technický audit, ne SEO kampaň“, „Jsme technici měření a webu, ne SEO agentura“). Vymezení vůči SEO stačí vyslovit jednou až dvakrát.	Ponechat kontrast v úvodu a v sekci Vymezení, ostatní formulovat kladně, např. „Výstupem jsou úkoly pro vývojáře s prioritou“.	NÍZKÁ
stránka	/sluzby/technicky-audit-webu	Úvod – odrážka pod tlačítky	Data reálných návštěvníků, ne jen laboratorní test	A	k posouzení	Ve významu „nejen“ se podle IJP píše spřežka „nejen“ dohromady; oddělené „ne jen“ lze obhájit jen jako zdůrazněný zápor v rámci šablony „X, ne Y“.	Data reálných návštěvníků, nejen laboratorní test	NÍZKÁ
stránka	/sluzby/technicky-audit-webu	Co audit kontroluje – tab Výkon a Core Web Vitals, odstavec	LCP do 2,5 s, INP do 200 ms, který v březnu 2024 nahradil FID, a CLS do 0,1	A	doporučení	Vložená vztažná věta uprostřed trojčlenného výčtu metrik výčet rozbíjí – čtenář ztrácí, kde pokračuje („..., a CLS do 0,1“). Doplňující informaci o FID přesunout do závorky nebo za výčet.	LCP do 2,5 s, INP do 200 ms (v březnu 2024 nahradil FID) a CLS do 0,1	NÍZKÁ
stránka	/sluzby/technicky-audit-webu	Co audit kontroluje – tab Výkon a Core Web Vitals, odstavec	LCP do 2,5 s, INP do 200 ms	C	k posouzení	Mezi číslem a jednotkou je obyčejná mezera (U+0020), na řádku se tak mohou rozdělit; ČSN 01 6910 doporučuje nezlomitelnou mezeru. Na stránce ×8 (dále: „380 ms“, „3,8 s“, „4,2 s“, „2,1 s“, „180 px“, tabulka „120 ms“ aj.) a také v čísle „12 000 indexovatelných kombinací“. Pokud zalomení řeší CSS, lze ponechat.	LCP do 2,5 s, INP do 200 ms (s nezlomitelnou mezerou &nbsp;)	NÍZKÁ
stránka	/sluzby/technicky-audit-webu	Co audit kontroluje – tab Technické SEO, odstavec (skryté)	rozšířený výsledek FAQ Google od 7. května 2026 nezobrazuje a soubor llms.txt Google Search nepotřebuje	A	doporučení	Slovosled: podmět „Google“ stojí až za předmětem, takže se „FAQ Google“ čte jako jeden výraz (rozšířený výsledek „FAQ Google“). Totéž u „llms.txt Google Search“.	Google od 7. května 2026 rozšířený výsledek FAQ nezobrazuje a Google Search soubor llms.txt nepotřebuje	NÍZKÁ
stránka	/sluzby/technicky-audit-webu	Co audit kontroluje – tab Přístupnost formulářů, odstavec (skryté)	Zda se týká vás, posoudí váš právník, nejde o právní radu.	A	doporučení	Dvě samostatné hlavní věty spojené jen čárkou (bezespoječné připojení); druhá je vsuvka jiného druhu – lépe oddělit pomlčkou nebo tečkou. Také „týká vás“ – přirozenější slovosled je „zda se to týká vás“.	Zda se týká i vás, posoudí váš právník – nejde o právní radu.	NÍZKÁ
stránka	/sluzby/technicky-audit-webu	Co uděláme a co dostanete – štítek karty	tickety	A	k posouzení	Hovorový anglicismus (ticket) ve štítku, zatímco nadpis téže karty říká „Úkoly pro vývojáře“. Pro IT čtenáře zavedené, pro marketing a majitele e-shopu ne.	úkoly	NÍZKÁ
stránka	/sluzby/technicky-audit-webu	Co uděláme a co dostanete – nadpis H3 karty	Návrhy, aby web znovu nezpomalil	A	doporučení	Vazba „návrhy, aby“ není ústrojná (návrh na něco / návrh, jak…).	Opatření, aby web znovu nezpomalil	NÍZKÁ
stránka	/sluzby/technicky-audit-webu	Co uděláme a co dostanete – popis karty Návrhy	bezpečnostní hlavičky v režimu „report-only“ a checklist přístupnosti formulářů	A	k posouzení	„Checklist“ má běžný český ekvivalent „kontrolní seznam“; na webu je výraz zavedený (release checklist), proto jen k posouzení.	bezpečnostní hlavičky v režimu „report-only“ a kontrolní seznam přístupnosti formulářů	NÍZKÁ
stránka	/sluzby/technicky-audit-webu	Co uděláme a co dostanete – štítek a popis karty Prezentace	po opravách laboratorní re-test	A	chyba	Předpona re- se v češtině píše dohromady (PČP/IJP: reinstalace, reexport), spojovník je anglický úzus. Na stránce ×3 (dále štítek „re-test“, FAQ „Re-test ověří obojí“).	po opravách laboratorní retest (nebo: opakovaný laboratorní test)	NÍZKÁ
stránka	/sluzby/technicky-audit-webu	Technický audit, ne SEO kampaň – odrážka Co neděláme	analýzu klíčových slov a obsahovou strategii → výstup rádi předáme vaší SEO agentuře	C	doporučení	Šipka „→“ je zde použita uprostřed věty jako spojka/oddělovač (ne na konci odkazu, jak připouští seznam systémových jevů); ostatní odrážky seznamu šipku nemají.	analýzu klíčových slov a obsahovou strategii – výstup rádi předáme vaší SEO agentuře	NÍZKÁ
stránka	/sluzby/technicky-audit-webu	Technický audit, ne SEO kampaň – odrážka Co neděláme	penetrační testy bezpečnostní hlavičky ano, hledání zranitelností ne	A	k posouzení	V textu chybí oddělovač mezi položkou „penetrační testy“ a vysvětlením „bezpečnostní hlavičky ano, hledání zranitelností ne“ – čte se jako „penetrační testy bezpečnostní hlavičky“. Pokud je oddělení jen vizuální (span, zalomení), v lineárním čtení a pro vyhledávače je věta nesmyslná; sousední odrážka používá šipku.	penetrační testy – bezpečnostní hlavičky ano, hledání zranitelností ne	STŘEDNÍ
stránka	/sluzby/technicky-audit-webu	Technický audit, ne SEO kampaň – popis karty SEO audit	Potřebujete, když řešíte, proč nemáte víc návštěv z vyhledávání	A	doporučení	Sloveso „potřebovat“ bez předmětu („Potřebujete, když…“) působí useknutě; chybí „ho“. Na stránce ×3 (dále: „Potřebujete, když chcete vědět“, „Potřebujete, když nesedí data“).	Potřebujete ho, když řešíte, proč nemáte víc návštěv z vyhledávání	NÍZKÁ
stránka	/sluzby/technicky-audit-webu	Technický audit, ne SEO kampaň – popis karty Technický audit webu	co web zpomaluje a co mu technicky brání – včetně dopadu měřicích skriptů	A	doporučení	Nedokončená formulace: „co mu technicky brání“ – v čem? Chybí doplnění (v indexaci, ve výkonu, v měření).	co web zpomaluje a co mu technicky brání v indexaci a měření – včetně dopadu měřicích skriptů	STŘEDNÍ
stránka	/sluzby/technicky-audit-webu	Jak audit probíhá – krok 01 Audit	Projdeme GA4, GTM, consent a reklamní systémy a porovnáme je s administrací.	A	k posouzení	Sdílený blok postupu popisuje audit měření, ne technický audit: krok 01 mluví o porovnání s administrací, krok 02 o měřicím plánu, krok 04 o porovnání čísel s e-shopem nebo CRM – nic z toho není obsahem technického auditu (CWV, indexace, hlavičky). Úvodní věta „Stejných pět kroků jako u všech našich služeb“ to vysvětluje jen částečně; texty kroků by se měly na této stránce přizpůsobit.	Projdeme rychlost, skripty, indexaci, hlavičky, formuláře a měření na vybraných šablonách a klíčových cestách.	STŘEDNÍ
stránka	/sluzby/technicky-audit-webu	Jak audit probíhá – krok 03 Implementace	Opravy v GTM, nastavení měření a Consent Mode uděláme sami, změny v šablonách, na serveru nebo v CDN převezmou vývojáři jako úkoly s akceptačním kritériem.	A	doporučení	Dvě hlavní věty s dlouhými výčty jsou spojeny jen čárkou, takže výčty splývají („...Consent Mode uděláme sami, změny v šablonách, na serveru...“). Oddělit středníkem nebo tečkou.	Opravy v GTM, nastavení měření a Consent Mode uděláme sami. Změny v šablonách, na serveru nebo v CDN převezmou vývojáři jako úkoly s akceptačním kritériem.	NÍZKÁ
stránka	/sluzby/technicky-audit-webu	Jak audit probíhá – popisek kroku 03	od vás: vývojáři pro změny v šablonách, serveru nebo CDN	A	chyba	Chybná předložková vazba (zeugma): předložka „v“ se nehodí k „serveru“ („v serveru“); v předchozí větě je správně „v šablonách, na serveru nebo v CDN“ (IJP – předložky u souřadně spojených členů s různou vazbou se opakují).	od vás: vývojáři pro změny v šablonách, na serveru nebo v CDN	NÍZKÁ
stránka	/sluzby/technicky-audit-webu	Analýza webu zdarma – nadpis H2 a odstavec	Analýza webu zdarma: co si zkontrolujete sami	B	doporučení	„Zdarma“ je v jednom bloku třikrát (nadtitulek „[ zdarma ]“, H2, odstavec „na úvodní konzultaci zdarma“) – nad limit briefu. Na stránce celkem 10× („konzultace zdarma“ v úvodu, FAQ, kontaktu).	H2: „Co si zkontrolujete sami“ a „zdarma“ nechat jen u konzultace v odstavci.	NÍZKÁ
stránka	/sluzby/technicky-audit-webu	Analýza webu zdarma – odrážka Rich Results Test	Rich Results Test: jestli produkty mají validní data o produktu a ceně	A	doporučení	Opakování „produkty … o produktu“ v jedné větě; míněny jsou produktové stránky a strukturovaná data.	Rich Results Test: jestli produktové stránky mají validní strukturovaná data o produktu a ceně	NÍZKÁ
stránka	/sluzby/technicky-audit-webu	Časté otázky – odpověď Jak dlouho audit trvá	Na konci si dáme šedesát až devadesát minut na prezentaci s vývojáři.	A	doporučení	Hovorová vazba „dáme si … minut“; pro věcný tón stránky lépe neutrálně.	Na konci věnujeme šedesát až devadesát minut prezentaci s vývojáři.	NÍZKÁ
stránka	/sluzby/technicky-audit-webu	Časté otázky – odpověď Zpomalují měřicí kódy web	Každý skript třetí strany stojí síť a čas procesoru	A	doporučení	„Stojí síť“ je nedotažený kalk (costs network) – skript „stojí“ přenos dat, ne síť.	Každý skript třetí strany stojí přenesená data a čas procesoru	NÍZKÁ
stránka	/sluzby/technicky-audit-webu	Časté otázky – odpověď Zpomalují měřicí kódy web	a cookie lišta, kterou vkládá tag manager	A	doporučení	Nejednotné pojmenování nástroje: „GTM“ (většina stránky), „Google Tag Manageru“ (FAQ Opravíte chyby) a zde obecné „tag manager“ malými písmeny. Pokud je míněn obecný správce tagů, uvést česky; jinak sjednotit na GTM.	a cookie lišta, kterou vkládá GTM	NÍZKÁ
stránka	/sluzby/sprava-webu-a-mereni	Hlavička – meta description	monitoring tagů a dataLayeru po každém releasu, kontrola consentu	A	doporučení	Terminologická nejednotnost: v meta description a JSON-LD serviceType skloňované anglicismy „dataLayeru“ a „consentu“, zatímco viditelný text i JSON-LD description používají „datová vrstva“ a „souhlas“ (title navíc „consent“). Sjednotit na české výrazy; „Consent Mode“ jako název funkce ponechat.	monitoring tagů a datové vrstvy po každém releasu, kontrola souhlasu	NÍZKÁ
stránka	/sluzby/sprava-webu-a-mereni	Znáte to? – popis karty Cookie lišta po aktualizaci přestala fungovat	Nová verze lišty nebo šablony a web najednou spouští tagy před souhlasem, nebo naopak vůbec.	A	doporučení	Eliptická stavba: první část nemá sloveso („Nová verze lišty nebo šablony a …“) a závěr „nebo naopak vůbec“ je useknutý (vůbec co?). V lineárním čtení věta drhne.	Po nové verzi lišty nebo šablony web najednou spouští tagy před souhlasem, nebo je naopak nespouští vůbec.	NÍZKÁ
stránka	/sluzby/sprava-webu-a-mereni	Znáte to? – popis karty Web dělá agentura	Vývojáři řeší funkce, marketing kampaně a měření mezi nimi padá pokaždé, když se něco mění.	A	doporučení	Dvojznačné: vypuštěné sloveso ve druhém členu („marketing [řeší] kampaně“) vytváří řetězec „marketing kampaně“, který se čte jako „marketingové kampaně“; čtenář pak nerozumí, kdo co řeší.	Vývojáři řeší funkce, marketing zase kampaně – a měření mezi nimi padá pokaždé, když se něco mění.	STŘEDNÍ
stránka	/sluzby/sprava-webu-a-mereni	Co hlídáme – nadpis H2	Co hlídáme: tři moduly, které lze kombinovat	B	doporučení	Nadpis ve tvaru „Téma: Podtitul“ (vzorec typický pro AI texty podle briefu). Na stránce ×2 (dále H2 „Jak hlídání funguje: od releasu po report“). Vzor celého webu – k systémovému rozhodnutí.	Tři moduly hlídání, které lze kombinovat; „Jak hlídání funguje od releasu po report“	NÍZKÁ
stránka	/sluzby/sprava-webu-a-mereni	Co hlídáme – odrážka modulu B	bezpečnostní hlavičky v souladu s tagy na webu	A	doporučení	„V souladu s tagy“ je nejasné – hlavičky nejsou „v souladu“ s tagy, mají je neblokovat (srov. formulaci na stránce technického auditu).	bezpečnostní hlavičky nastavené tak, aby neblokovaly tagy na webu	NÍZKÁ
stránka	/sluzby/sprava-webu-a-mereni	Co hlídáme – nadpis H3 modulu C	Release partner	A/B	doporučení	Nepřeložený anglický název modulu; „partner“ je navíc prázdná marketingová fráze podle briefu. Ostatní moduly mají české názvy („Hlídání měření“, „Technická správa webu“).	Podpora při releasech	STŘEDNÍ
stránka	/sluzby/sprava-webu-a-mereni	Co hlídáme – odrážka modulu C	release checklist pro vývojáře a kontrola na stagingu	A	k posouzení	„Checklist“ má běžný ekvivalent „kontrolní seznam“; na stránce je „release checklist“ zavedený produktový termín (×8), proto jen k posouzení – případně vysvětlit při prvním výskytu.	kontrolní seznam pro release (release checklist) pro vývojáře a kontrola na stagingu	NÍZKÁ
stránka	/sluzby/sprava-webu-a-mereni	Co hlídáme – odrážka modulu C / Release checklist a SLA	kontrola na stagingu	A	doporučení	Nejednotné pojmenování testovacího prostředí: „staging“ (×3: zde, „test na stagingu“ ve smyčce i ve srovnání) vedle „testovací prostředí“ (×5: modul B, checklist, FAQ). Zvolit jeden výraz, případně při prvním výskytu uvést obě.	kontrola na testovacím prostředí	NÍZKÁ
stránka	/sluzby/sprava-webu-a-mereni	Jak hlídání funguje – schéma, odstavec	když něco chybí, přijde alert	A	doporučení	Tři výrazy pro totéž: „alert“ (×9 včetně „alerty“, „kanál pro alerty“), „upozornění“ (×3: „hranice upozornění“, „nastavení upozornění“, „s upozorněním e-mailem“) a „notifikace z GTM“ (krok 03). „Alert“ je zbytný anglicismus s běžným ekvivalentem; sjednotit.	když něco chybí, přijde upozornění	NÍZKÁ
stránka	/sluzby/sprava-webu-a-mereni	Jak hlídání funguje – odrážky pod schématem	Alert ještě týž den. Přijde e-mailem nebo do Slacku, jakmile test nebo kontrola dat najde chybu.	B	k posouzení	Trojice heslovitých dvojvět (heslo s tečkou + vysvětlení): „Alert ještě týž den.“, „Testy hlídají i souhlas.“, „Každý incident má záznam.“ – vzorec typický pro AI texty podle briefu. Obsah je věcný, proto jen k posouzení.	Upozornění přijde e-mailem nebo do Slacku ještě týž den, jakmile test nebo kontrola dat najde chybu.	NÍZKÁ
stránka	/sluzby/sprava-webu-a-mereni	Čím se lišíme od běžné správy webu – odrážka Typická správa webu u studia	úpravy textů, obrázků a nových stránek	A	doporučení	Zeugma: „úpravy … nových stránek“ nedává smysl – nové stránky se tvoří, neupravují.	úpravy textů a obrázků, tvorba nových stránek	NÍZKÁ
stránka	/sluzby/sprava-webu-a-mereni	Čím se lišíme od běžné správy webu – odrážka / FAQ Co dělá správce webu	aktualizace systému a pluginů, zálohy	A	doporučení	Nejednotnost plugin/doplněk: zde „pluginů“, v FAQ „aktualizuje systém a doplňky“. Zvolit jeden výraz.	aktualizace systému a doplňků, zálohy	NÍZKÁ
stránka	/sluzby/sprava-webu-a-mereni	Jak začínáme – odstavec a krok 01	proto začínáme vstupní kontrolou – pokud jsme vám měření nasazovali my, je kratší	A	k posouzení	Úvod sekce i FAQ mluví o „vstupní kontrole“ (×4), ale první krok postupu hned pod tím se jmenuje „Audit“ a popisuje audit měření. Čtenář neví, zda jde o totéž; sdílený blok postupu by měl na této stránce používat stejný název.	V kroku 01 použít „Vstupní kontrola“ nebo v odstavci napsat „začínáme vstupní kontrolou (auditem)“.	NÍZKÁ
stránka	/sluzby/sprava-webu-a-mereni	Jak začínáme – krok 03 Implementace	Na jedné schůzce domluvíme release proces, kontakty a priority chyb.	A	doporučení	„Release proces“ je anglický řetězec podstatných jmen (release process). Na stránce ×2 (dále: „upravíme na míru platformě a release procesu“).	Na jedné schůzce domluvíme postup při releasech, kontakty a priority chyb.	STŘEDNÍ
stránka	/sluzby/sprava-webu-a-mereni	Release checklist a SLA – odstavec	Priority, reakční doby a cíle řešení sepíšeme do smlouvy.	A	doporučení	„Cíle řešení“ je kalk ze SLA angličtiny (resolution targets); česky „lhůty vyřešení“.	Priority, reakční doby a lhůty vyřešení sepíšeme do smlouvy.	STŘEDNÍ
stránka	/sluzby/sprava-webu-a-mereni	Release checklist a SLA – odstavec pod seznamem	Celý checklist upravíme na míru platformě a release procesu	B	k posouzení	„Na míru“ je podle briefu prázdná marketingová fráze; zde je použita věcně (přizpůsobení platformě), proto jen k posouzení – jde nahradit prostým „přizpůsobíme“.	Celý checklist přizpůsobíme platformě a postupu při releasech	NÍZKÁ
stránka	/sluzby/sprava-webu-a-mereni	Co dostáváte každý měsíc – odstavec	odpovídá na otázku, jestli se můžete na data spolehnout, a co udělat příští měsíc	A	chyba	Čárka před „a co udělat“ je nadbytečná: jde o dvě souřadně spojené vedlejší věty předmětné ve slučovacím poměru, mezi nimiž se před „a“ čárka nepíše (IJP – Psaní čárky v souvětí).	odpovídá na otázku, jestli se můžete na data spolehnout a co udělat příští měsíc	STŘEDNÍ
stránka	/sluzby/sprava-webu-a-mereni	Co dostáváte každý měsíc – ukázková čísla	86,4 %	C	k posouzení	Mezi číslem a znakem % je obyčejná mezera (U+0020), hodnota se tak může rozdělit na konci řádku; ČSN 01 6910 doporučuje nezlomitelnou mezeru. Na stránce ×4 („85 %“, „71 %“, „99,98 %“). Pokud zalomení řeší CSS, lze ponechat.	86,4 % (s nezlomitelnou mezerou &nbsp;)	NÍZKÁ
stránka	/sluzby/sprava-webu-a-mereni	Časté otázky – Technické detaily, odrážka Po nasazení	Release log obsahuje verzi webu a GTM a kdo co změnil.	A	doporučení	Smíšený předmět: podstatné jméno („verzi“) souřadně s vedlejší větou („kdo co změnil“); věta drhne. „Release log“ lze i počeštit.	Záznam o releasu obsahuje verzi webu a GTM a informaci, kdo co změnil.	NÍZKÁ
stránka	/sluzby/sprava-webu-a-mereni	Časté otázky – odpověď Co dělá správce webu	zato hlídáme, že po každé změně webu dál fungují měřicí kódy	A	doporučení	Vazba „hlídat, že“ není ústrojná – hlídá se, „aby“ něco fungovalo, nebo „jestli/zda“ funguje.	zato hlídáme, jestli po každé změně webu dál fungují měřicí kódy	NÍZKÁ
stránka	/sluzby/sprava-webu-a-mereni	Časté otázky – odpověď Kolik stojí správa webu	Ceník neuvádíme, protože weby se liší víc než ceníkové balíčky	A	doporučení	Nedotažené srovnání: „weby se liší víc než balíčky“ nedává smysl (srovnává se různost webů s růzností balíčků); míněno je, že balíčky rozdíly mezi weby nepostihnou.	Ceník neuvádíme, protože weby se liší víc, než dokážou postihnout ceníkové balíčky	STŘEDNÍ
stránka	/sluzby/sprava-webu-a-mereni	Časté otázky – odpověď Kolik stojí správa webu	Rozhoduje počet webů, domén a jazykových verzí, platforma, kolik cest a konverzí hlídáme, jak často vydáváte nové verze, zvolené moduly, úroveň SLA a rozsah drobných úprav měření.	A	doporučení	Výčet míchá jmenné členy („platforma“, „zvolené moduly“) s vedlejšími větami („kolik cest … hlídáme“, „jak často vydáváte“); dlouhý a hůř se čte.	Rozhoduje počet webů, domén a jazykových verzí, platforma, počet hlídaných cest a konverzí, četnost releasů, zvolené moduly, úroveň SLA a rozsah drobných úprav měření.	NÍZKÁ
stránka	/sluzby/sprava-webu-a-mereni	Časté otázky – otázka (summary)	Jak rychle hlídání začne a co od vás potřebujeme?	A	doporučení	Nejednotná perspektiva v FAQ: ostatní otázky jsou psány z pohledu zákazníka („čím se liší vaše správa?“, „Web nám vyvíjí jiná agentura“, „Hlídáte i…?“), tato z pohledu agentury („co od vás potřebujeme“) – zákazník se tak ptá sám sebe. Srov. stránku technického auditu: „co od nás potřebujete?“.	Jak rychle hlídání začne a co od nás potřebujete?	STŘEDNÍ
stránka	/sluzby/sprava-webu-a-mereni	Časté otázky – odpověď Web nám vyvíjí jiná agentura	pošleme přesný popis s reprodukcí a po opravě ji ověříme	A	doporučení	Zájmeno „ji“ odkazuje na „chybu“ – po opravě se ale ověřuje oprava, ne chyba.	pošleme přesný popis s reprodukcí a opravu pak ověříme	NÍZKÁ
stránka	/sluzby/sprava-webu-a-mereni	Časté otázky – odpověď Komu patří účty	Po skončení si přístupy odeberete a dostanete předávací balíček	A	doporučení	Chybná formulace: zvratné „si odeberete“ znamená „odeberete sobě“; míněno je, že zákazník odebere přístupy agentuře.	Po skončení nám přístupy odeberete a dostanete předávací balíček	STŘEDNÍ
stránka	/reseni/e-shopy	hero – odrážka pod tlačítky	Každou implementaci ověříme proti administraci	A	doporučení	Kalk z angličtiny „verify/compare against“: předložka „proti“ ve významu srovnání; česky se ověřuje „podle“ a porovnává „s“ (na stránce ×2, dále Jak postupujeme: „protokol validace s porovnáním proti administraci“)	Každou implementaci porovnáme s administrací / protokol validace s porovnáním s administrací	STŘEDNÍ
stránka	/reseni/e-shopy	hero – úvodní odstavec	přidáme server-side, marži a BigQuery	A	k posouzení	„Server-side“ je zavedený termín, ale jako samostatné podstatné jméno (elipsa „server-side měření“) působí žargonově a laik neví, co se přidává (na stránce ×6, dále: „Provoz server-side platíte“, „marži nebo server-side“, „datovou vrstvu, server-side, české služby“, „podle úrovně i server-side a marži“, „Přístup: server-side“)	přidáme server-side měření, marži a BigQuery	NÍZKÁ
stránka	/reseni/e-shopy	Z čeho se skládá kompletní měření e-shopu – karta Cookie lišta a Consent Mode v2	Rovnocenné odmítnutí a čtyři signály souhlasu dřív, než web spustí první tag, s protokolem z testu.	A	k posouzení	Zhuštěná formulace: není jasné, k čemu se váže „dřív, než…“ ani „s protokolem z testu“; věta nemá přísudek, k němuž by se příslovečné určení vztahovalo	Rovnocenné odmítnutí, čtyři signály souhlasu odeslané dřív, než web spustí první tag, a protokol z testu.	NÍZKÁ
stránka	/reseni/e-shopy	Z čeho se skládá kompletní měření e-shopu – karta Server-side měření	Server-side GTM na subdoméně e-shopu a vašem Google Cloudu	A	doporučení	Zeugma předložky: „na subdoméně“ i „na … Google Cloudu“; jinde na webu je „ve vašem Google Cloudu“	Server-side GTM na subdoméně e-shopu a ve vašem Google Cloudu, vždy v souladu se souhlasem.	NÍZKÁ
stránka	/reseni/e-shopy	Co vaše platforma změří sama – tab Upgates (skryté), odstavec Chybí	události ze seznamů produktů a kroků pokladny a serverové měření	A	doporučení	Terminologická nejednotnost: „Server-side měření“ (H3), „Server-side tracking“ (odkaz), „serverové měření“ (zde), „sGTM“ (schéma), „server-side GTM“; navíc zdvojené „a … a“ ve výčtu	Chybí: události ze seznamů produktů a z kroků pokladny a server-side měření.	NÍZKÁ
stránka	/reseni/e-shopy	Jak data tečou z e-shopu do reportu – úvodní odstavec	Odtud ho Tag Manager pošle do GA4 a přes server do reklamních systémů.	A	doporučení	Terminologická nejednotnost: „GTM“ (většina stránky), „Tag Manager“ (zde, FAQ „GA4, Tag Manager, Google Cloud“, tab PrestaShop „Chybí: Tag Manager“), „Google Tag Manager“ (JSON-LD serviceType)	Odtud ho GTM pošle do GA4 a přes server do reklamních systémů.	NÍZKÁ
stránka	/reseni/e-shopy	Jak data tečou z e-shopu do reportu – schéma, blok reklamní a analytické systémy	GA4 z GTM web	A	k posouzení	„GTM web“ jako nesklonný žargonový název webového kontejneru (na stránce ×4, dále: položka „GTM web“, „Heureka a Seznam Nákupy z GTM web“, popisek „GTM web pošle události“); čtenář z marketingu nemusí rozumět	GA4 z webového GTM (v popisku: Webový kontejner GTM pošle události podle souhlasu…)	NÍZKÁ
stránka	/reseni/e-shopy	Čtyři úrovně měření – nadpis H2	Čtyři úrovně měření podle toho, kde je váš e-shop	A	k posouzení	Dvojznačné „kde je“: míněna fáze rozvoje měření, lze číst jako platformu či umístění	Čtyři úrovně měření podle toho, jak daleko váš e-shop je	NÍZKÁ
stránka	/reseni/e-shopy	Čtyři úrovně měření – blok Proč marži nikdy neposíláme do prohlížeče	Proto do prohlížeče posíláme jen prodejní cenu a marži doplní server-side GTM	A	doporučení	Svodná věta: „jen prodejní cenu a marži“ se čte jako jeden předmět, než čtenář dojde k přísudku „doplní“; dvě hlavní věty s různým podmětem lépe oddělit	Proto do prohlížeče posíláme jen prodejní cenu; marži doplní server-side GTM z feedu nebo ERP těsně před odesláním konverze do Google Ads nebo Mety.	NÍZKÁ
stránka	/reseni/e-shopy	Čtyři úrovně měření – popisek schématu marže	Ukázkový příklad: prohlížeč pošle hodnotu objednávky	A	doporučení	Pleonasmus „ukázkový příklad“ (příklad je sám o sobě ukázka)	Příklad: prohlížeč pošle hodnotu objednávky 2 337 Kč, …	NÍZKÁ
stránka	/reseni/e-shopy	Co vaše platforma změří sama – úvodní odstavec	Co chybí, doplníme: datovou vrstvu, server-side, české služby i marži.	A	k posouzení	„České služby“ je neurčité – čtenář neví, že jde o Sklik, Heureku a Seznam Nákupy (na stránce ×2, dále tab PrestaShop „Consent Mode a české služby“)	Co chybí, doplníme: datovou vrstvu, server-side měření, české reklamní systémy (Sklik, Heureka) i marži.	NÍZKÁ
stránka	/reseni/e-shopy	Co vaše platforma změří sama – tab Shoptet, odstavec Chybí	Nativní události mají stejné názvy jako tagy v GTM, takže hrozí dvojí nákup.	A	doporučení	„Dvojí nákup“ je dvojznačné (zákazník nakoupí dvakrát vs. nákup se započítá dvakrát)	Nativní události mají stejné názvy jako tagy v GTM, takže hrozí, že se nákup započítá dvakrát.	NÍZKÁ
stránka	/reseni/e-shopy	Co vaše platforma změří sama – tab Shopify (skryté), odstavec Chybí	Chybí: GTM v pokladně běží jen jako vlastní pixel v sandboxu	A	doporučení	Za návěštím „Chybí:“ následuje věta o tom, co běží, ne výčet chybějícího jako v ostatních tabech; logicky nesedí	Chybí: plnohodnotný GTM v pokladně – běží jen jako vlastní pixel v sandboxu a Consent Mode v2 k němu musíte přidat ručně.	NÍZKÁ
stránka	/reseni/e-shopy	Co vaše platforma změří sama – tab WooCommerce (skryté), odstavec Umí	plugin Meta přidá Pixel a katalog	A	doporučení	„Pixel“ s velkým písmenem, jinde na stránce obecně malým („vlastní pixel“); velké písmeno patří jen do plného názvu produktu „Meta Pixel“	plugin Meta přidá pixel a katalog (nebo: přidá Meta Pixel a katalog)	NÍZKÁ
stránka	/reseni/e-shopy	Co vaše platforma změří sama – tab Vlastní řešení (skryté), odstavec Umí	i u Magenta, Adobe Commerce nebo Shopsysu	A	k posouzení	Tvar „u Magenta“ je podle IJP správný (Magento – Magenta jako Toronto – Toronta), ale koliduje se značkou Magenta; zvážit opěrné slovo s nesklonným názvem	i u platforem Magento, Adobe Commerce nebo Shopsys	NÍZKÁ
stránka	/reseni/e-shopy	Co vaše platforma změří sama – tab Vlastní řešení (skryté), odstavec Chybí	a automatický test pro každý release, víc u služby Datová vrstva	B	doporučení	Odkaz „víc u služby…“ je k větě volně přivěšen čárkou; „víc“ je hovorové	…a automatický test pro každý release. Více u služby Datová vrstva.	NÍZKÁ
stránka	/reseni/e-shopy	Co vaše platforma změří sama – závěrečná poznámka	Stav podle dokumentace platforem k říjnu 2026, při auditu ověříme aktuální stav.	B	doporučení	Opakování „stav … stav“ v jedné větě; dvě hlavní věty spojené jen čárkou	Stav podle dokumentace platforem k říjnu 2026; při auditu ověříme, co platí dnes.	NÍZKÁ
stránka	/reseni/e-shopy	Časté otázky – Technické detaily, odrážka Shoptet	Shoptet posílá signály ad_user_data a ad_personalization pod souhlasem „Profilace“.	B	doporučení	Nejednotný formát položek: první dvě jsou věty s platformou jako podmětem („Shoptet posílá…“, „Upgates umožní…“), další čtyři mají návěští „Shopify:“, „WooCommerce:“, „PrestaShop:“, „Vlastní řešení:“	Shoptet: posílá signály ad_user_data a ad_personalization pod souhlasem „Profilace“.	NÍZKÁ
stránka	/reseni/e-shopy	Časté otázky – Technické detaily, odrážka Shoptet	Nové parametry nativní integrace v dataLayeru nejsou	A	k posouzení	Nejasný slovosled: není zřejmé, že nativní integrace nové parametry do dataLayeru nezapisuje	Nativní integrace nové parametry do dataLayeru nezapisuje a deduplikaci u Conversions API dokumentace nepopisuje.	NÍZKÁ
stránka	/reseni/e-shopy	Časté otázky – Technické detaily, odrážka Upgates	Upgates umožní nastavit ID kontejneru zvlášť pro každou jazykovou verzi	A	doporučení	Vid: trvalá vlastnost platformy, dokonavé „umožní“ zní jako jednorázový děj (IJP – vid slovesa)	Upgates umožňuje nastavit ID kontejneru zvlášť pro každou jazykovou verzi	NÍZKÁ
stránka	/reseni/e-shopy	Časté otázky – Technické detaily, odrážka Upgates	vlastní konverzní kódy s dynamickými zástupci pro cookies	A	k posouzení	„Zástupce“ jako překlad „placeholder“ není zavedený; čtenář čeká „zástupný symbol“ nebo „proměnnou“	vlastní konverzní kódy se zástupnými symboly (placeholdery) pro cookies	NÍZKÁ
stránka	/reseni/e-shopy	Časté otázky – Technické detaily, odrážka Shopify	vlastní pixel odebírá standardní události Web Pixels od product_viewed po checkout_completed a převede je do datové vrstvy	A	doporučení	Vidová nejednotnost v souřadném přísudku: nedokonavé „odebírá“ + dokonavé „převede“	vlastní pixel odebírá standardní události Web Pixels od product_viewed po checkout_completed a převádí je do datové vrstvy	NÍZKÁ
stránka	/reseni/e-shopy	Časté otázky – Technické detaily, odrážka PrestaShop	chování modulů se liší mezi verzemi 1.7, 8.x a novějšími a moduly pro „one-page checkout“ mění kroky pokladny	A	doporučení	Zdvojené „a … a“ na hranici výčtu a nové hlavní věty ztěžuje čtení	chování modulů se liší mezi verzemi 1.7, 8.x a novějšími; moduly pro „one-page checkout“ navíc mění kroky pokladny	NÍZKÁ
stránka	/reseni/e-shopy	Časté otázky – odpověď Kolik měření e-shopu stojí?	Provoz server-side platíte napřímo Googlu	A	doporučení	„Napřímo“ je hovorové/profesní, spisovně „přímo“ (IJP); „provoz server-side“ je elipsa bez podstatného jména	Provoz server-side GTM platíte přímo Googlu	NÍZKÁ
stránka	/reseni/e-shopy	Časté otázky – odpověď Komu budou patřit účty, kontejnery a data?	nebo pracujeme ve stávajících, a my v nich máme jen uživatelský přístup	A	k posouzení	Čárka před „a“ ve slučovacím poměru hlavních vět se nepíše (PČP); obhajitelná jen jako signál, že věta navazuje na obě alternativy – dlouhé souvětí je lepší rozdělit	…nebo pracujeme ve stávajících. My v nich máme jen uživatelský přístup, který můžete kdykoli odebrat.	NÍZKÁ
stránka	/reseni/e-shopy	Časté otázky – odpověď Je měření v souladu s GDPR a pravidly pro cookies?	odmítnutí je rovnocenné přijetí	A	doporučení	Dvojznačné: dativ „přijetí“ lze číst jako nominativ („rovnocenné přijetí“ = plnohodnotný souhlas)	odmítnutí je stejně snadné jako přijetí	NÍZKÁ
stránka	/reseni/e-shopy	Kontakt – nadpis H2	Ukažte nám svůj e-shop. Řekneme, kde utíkají objednávky	C	doporučení	Nadpis ze dvou vět: první končí tečkou, druhá ne; interpunkce v nadpisu nejednotná	Ukažte nám svůj e-shop – řekneme, kde utíkají objednávky	NÍZKÁ
stránka	/reseni/b2b-a-lead-generation	hlavička – meta description	call tracking, CPL a CPO. Konzultace zdarma.	A	k posouzení	Zkratky CPL a CPO bez vysvětlení; viditelný text je nepoužívá (říká „cena leadu“, „cena zakázky“), uživatel vyhledávače je nemusí znát	…offline a rozšířené konverze, měření telefonátů, cena leadu i zakázky. Konzultace zdarma.	NÍZKÁ
stránka	/reseni/b2b-a-lead-generation	JSON-LD – audienceType	B2B a lead generation firmy	A	doporučení	Řetězec podstatných jmen po anglicku („lead generation firmy“)	B2B firmy a firmy generující poptávky	NÍZKÁ
stránka	/reseni/b2b-a-lead-generation	JSON-LD – description	reporting CPL, CPO a lead-to-deal	A	doporučení	Nepřeložený anglicismus „lead-to-deal“ bez vysvětlení; v serviceType obdobně „reporting pipeline“	reporting ceny leadu, ceny zakázky a poměru leadů k zakázkám	NÍZKÁ
stránka	/reseni/b2b-a-lead-generation	hero – nadtitulek	[ řešení pro B2B a lead generation ]	A	k posouzení	„Lead generation“ má běžný český ekvivalent (generování poptávek); jde však o název sekce použitý v navigaci celého webu, měnit jen hromadně	[ řešení pro B2B a generování poptávek ]	NÍZKÁ
stránka	/reseni/b2b-a-lead-generation	hero – úvodní odstavec	a reklamní systémy, které z výsledku optimalizují	A	doporučení	Neobratná vazba „optimalizovat z výsledku“ bez předmětu; smysl (systémy se podle výsledku učí) čtenář musí domýšlet	a reklamní systémy, které se podle výsledku učí	STŘEDNÍ
stránka	/reseni/b2b-a-lead-generation	hero – úvodní odstavec	Měření leadů propojí web, kde poptávka vznikne	A	doporučení	Terminologická nejednotnost „lead“ / „poptávka“ pro totéž (dále: „z poptávek, které obchod opravdu uzavřel“, „rekordní počet poptávek“, „kolik poptávek tvoří“, „co se s poptávkou stalo potom“); je-li rozdíl záměrný (poptávka = obchodní případ, lead = záznam), vysvětlit, jinak sjednotit	Měření leadů propojí web, kde lead vznikne	NÍZKÁ
stránka	/reseni/b2b-a-lead-generation	hero – odrážka pod tlačítky	Cena leadu i zakázky po kanálech	A	doporučení	„Po kanálech“ je kalk „by channel“; česky „podle kanálů“ (tak to má stránka E-shopy); na stránce ×4 (dále karta Dashboard pipeline, schéma „cena leadu a zakázky po kanálech“, kontrolní seznam)	Cena leadu i zakázky podle kanálů	NÍZKÁ
stránka	/reseni/b2b-a-lead-generation	Poznáváte se? – karta Google Ads optimalizuje na formulář	a přivádějí víc levných a horších	A	doporučení	Elipsa bez podstatného jména působí neúplně; vztah „levných“ a „horších“ je odporovací, ne slučovací	a přivádějí víc levných, ale horších leadů	NÍZKÁ
stránka	/reseni/b2b-a-lead-generation	Co uděláme a co dostanete – úvodní odstavec	Okruh od kliknutí po zakázku stojí na šesti stavebních blocích	A	doporučení	Kalk „building blocks“ (česky stavební kameny, části); „okruh“ jako překlad „closed loop“ je bez vysvětlení nezvyklý (na stránce ×4, dále „tvoří jeden okruh“, „Okruh ověříme“, „projde celým okruhem“)	Uzavřený okruh od kliknutí po zakázku a zpět stojí na šesti částech	STŘEDNÍ
stránka	/reseni/b2b-a-lead-generation	Co uděláme a co dostanete – karta Zdroj a ID kliknutí v CRM	Pole nastavíme sami, nebo je připravíme pro CRM admina.	A	doporučení	Hovorový anglicismus „admin“, navíc nejednotně: „CRM admin“ (krok 03), „CRM admina“ (zde a FAQ Komu patří data), „administrátora CRM“ (FAQ Co od nás budete potřebovat)	Pole nastavíme sami, nebo je připravíme pro správce CRM.	NÍZKÁ
stránka	/reseni/b2b-a-lead-generation	Co uděláme a co dostanete – karta Mapa fází leadu	S obchodem dohodneme fáze, pravidla jejich změny a hodnoty a obchodníky krátce zaškolíme.	A	doporučení	Zdvojené „a … a“: není jasné, zda „hodnoty“ patří k pravidlům, nebo jsou samostatnou položkou	S obchodem dohodneme fáze, jejich hodnoty a pravidla pro změnu fáze; obchodníky krátce zaškolíme.	NÍZKÁ
stránka	/reseni/b2b-a-lead-generation	Co uděláme a co dostanete – karta Dashboard pipeline, nadpis H3	Dashboard pipeline	A	k posouzení	Řetězec podstatných jmen po anglicku a anglicismus „pipeline“ (v JSON-LD i „reporting pipeline“); pro B2B marketing srozumitelné, pro majitele firmy méně	Dashboard obchodní pipeline (nebo: Dashboard od leadu po zakázku)	NÍZKÁ
stránka	/reseni/b2b-a-lead-generation	Od kliknutí na reklamu po zakázku a zpět – schéma, blok reklama	klik nese ID kliknutí	A	doporučení	Nejednotnost „klik“ (hovorové) / „kliknutí“ v jednom řádku i na stránce (dále „od kliku na číslo“, „Klik na reklamu přinese“, „klik na číslo“)	kliknutí nese ID kliknutí	NÍZKÁ
stránka	/reseni/b2b-a-lead-generation	Od kliknutí na reklamu po zakázku a zpět – schéma, blok web a formulář	pošle lead do GA4 a reklam	A	k posouzení	Metonymie „reklamy“ = reklamní systémy se střídá s plným „reklamních systémů“ (dále „Konverze zpět do reklam“, „návrat do reklam“, „zpět v reklamách“, „do reklam neposíláme“; popisek schématu má „do GA4 a reklamních systémů“)	ve schématu lze zkrátit, v běžném textu psát „do reklamních systémů“	NÍZKÁ
stránka	/reseni/b2b-a-lead-generation	Fáze leadu – nadpis H2	Fáze leadu: co kam posíláme	B	doporučení	Nadpisy typu „Téma: podtitul“ (na stránce ×3, dále „Osobní údaje: co posíláme a co nikdy“, „Technické detaily: mapa fází, identifikátory a call tracking“)	Co kam posíláme v jednotlivých fázích leadu	NÍZKÁ
stránka	/reseni/b2b-a-lead-generation	Fáze leadu – časová osa, kvalifikovaný lead	Google Ads – hlavní konverze při dlouhém cyklu	A	doporučení	Nejednotné označení: „hlavní konverze“ (časová osa) vs. „Google Ads primárně“ / „sekundárně“ (tabulka v technických detailech); Google Ads používá „primární / sekundární“	Google Ads – primární konverze při dlouhém cyklu	NÍZKÁ
stránka	/reseni/b2b-a-lead-generation	Běžné měření leadů vs. měření až do CRM – tabulka, řádek Report	cena za lead	A	doporučení	V jednom řádku tabulky dvě podoby téhož: „cena za lead“ / „cena leadu, kvalifikovaného leadu i zakázky“; jinde na stránce vždy „cena leadu“	cena leadu	NÍZKÁ
stránka	/reseni/b2b-a-lead-generation	Běžné měření leadů vs. měření až do CRM – tabulka, řádek Telefonáty	nikdo je neměří	B	doporučení	Absolutní tvrzení o konkurenci bez doložení	obvykle se neměří	NÍZKÁ
stránka	/reseni/b2b-a-lead-generation	Běžné měření leadů vs. měření až do CRM – popisek příkladu	Cena leadu → cena zakázky v ukázkovém příkladu s fiktivními daty	C	doporučení	Šipka „→“ jako spojka uprostřed běžné věty; pleonasmus „ukázkový příklad“	Cena leadu a cena zakázky v příkladu s fiktivními daty za jedno čtvrtletí.	NÍZKÁ
stránka	/reseni/b2b-a-lead-generation	Jak postupujeme – krok 01 Audit	Projdeme GA4, GTM, consent a reklamní systémy a porovnáme je s administrací.	A	k posouzení	Šablonový text převzatý z e-shopů: u B2B není „administrace“ (e-shopu), srovnávacím zdrojem je CRM (na stránce ×2: odrážka i odstavec kroku)	Projdeme GA4, GTM, consent a reklamní systémy a porovnáme je s CRM.	STŘEDNÍ
stránka	/reseni/b2b-a-lead-generation	Jak postupujeme – krok 04 Validace	porovnáme čísla s e-shopem nebo CRM. od vás: testovací objednávka a export z administrace	A	k posouzení	Šablonový text: na stránce o leadech „testovací objednávka a export z administrace“ odporuje kontrolnímu seznamu („Okruh ověříme na testovacích leadech“)	porovnáme čísla s CRM. od vás: testovací lead a export z CRM	STŘEDNÍ
stránka	/reseni/b2b-a-lead-generation	Jak postupujeme – krok 03 Implementace, řádek od vás	a admin přístup do reklamních účtů	A	doporučení	Řetězec „admin přístup“ po anglicku (admin access)	a přístup správce do reklamních účtů	NÍZKÁ
stránka	/reseni/b2b-a-lead-generation	Jak poznáte, že měření leadů funguje – úvodní odstavec	až obchod uzavře první obchody z nového měření	B	doporučení	Opakování „obchod … obchody“; jinde na stránce se uzavírají „zakázky“	až obchodníci uzavřou první zakázky z nového měření	NÍZKÁ
stránka	/reseni/b2b-a-lead-generation	Jak poznáte, že měření leadů funguje – odrážka	každý nový lead má v CRM zdroj, kampaň a ID kliknutí	C	doporučení	Položky kontrolního seznamu jsou celé věty, ale začínají malým písmenem a nemají tečku; seznam Osobní údaje na téže stránce má věty s velkým písmenem a tečkou (ČSN 01 6910 – interpunkce ve výčtech jednotně)	Každý nový lead má v CRM zdroj, kampaň a ID kliknutí.	NÍZKÁ
stránka	/reseni/b2b-a-lead-generation	Časté otázky – Technické detaily, tabulka Ukázka mapy fází leadu	Kvalifikovaný, SQL	A	k posouzení	Zkratka SQL (sales qualified lead) bez vysvětlení; koliduje s databázovým SQL, který se na webu též objevuje	Kvalifikovaný (SQL – sales qualified lead)	NÍZKÁ
stránka	/reseni/b2b-a-lead-generation	Časté otázky – Technické detaily, odstavec o identifikátorech	E-mail a telefon před hashováním SHA-256 převedeme na malá písmena bez mezer a telefon do formátu +420.	A	doporučení	Zeugma: „telefon převedeme na malá písmena“ nedává smysl; „formát +420“ není formát, ale česká předvolba	E-mail před hashováním SHA-256 převedeme na malá písmena bez mezer, telefon do mezinárodního formátu s předvolbou (+420…).	NÍZKÁ
stránka	/reseni/b2b-a-lead-generation	Časté otázky – Technické detaily, odstavec o identifikátorech	kontakty z jedné firmy párujeme na obchodní případ	A	doporučení	Vazba „párovat na“ je žargonový kalk; česky „párovat s“ / „přiřazovat k“	kontakty z jedné firmy přiřazujeme k obchodnímu případu	NÍZKÁ
stránka	/reseni/b2b-a-lead-generation	Časté otázky – Technické detaily, odstavec o Conversions API	Conversions API pro CRM u formulářů Lead Ads vyžaduje podle Mety alespoň 200 leadů měsíčně	A	doporučení	Řetězec přívlastků na začátku věty se obtížně čte (co je podmět, co určení)	U formulářů Lead Ads vyžaduje Conversions API pro CRM podle Mety alespoň 200 leadů měsíčně a denní nahrávání dat.	NÍZKÁ
stránka	/reseni/b2b-a-lead-generation	Časté otázky – otázka 1	Jak dostanete zakázky z CRM zpět do Google Ads?	B	doporučení	Otázka je formulována z pohledu agentury („dostanete“ = vy, klient), ostatní otázky FAQ mluví hlasem tazatele („kdy uvidíme výsledky“, „Co od nás budete potřebovat“)	Jak dostaneme zakázky z CRM zpět do Google Ads?	NÍZKÁ
stránka	/reseni/b2b-a-lead-generation	Časté otázky – odpověď Jak dostanete zakázky z CRM zpět do Google Ads?	U každého leadu uloží formulář do CRM ID kliknutí a hash e-mailu nebo telefonu.	A	doporučení	Slovosled: „do CRM ID kliknutí“ se čte jako „CRM ID“	U každého leadu formulář do CRM uloží ID kliknutí a hash e-mailu nebo telefonu.	NÍZKÁ
stránka	/reseni/b2b-a-lead-generation	Časté otázky – odpověď Jak dostanete zakázky z CRM zpět do Google Ads?	Kombinaci ID kliknutí a hashe Google říká rozšířené konverze pro potenciální zákazníky	C	doporučení	Víceslovný název funkce vložený do věty bez uvozovek; čtenář nepozná, kde název končí	Kombinaci ID kliknutí a hashe Google nazývá „rozšířené konverze pro potenciální zákazníky“ a pro nové implementace ji doporučuje	NÍZKÁ
stránka	/reseni/b2b-a-lead-generation	Časté otázky – odpověď Jak dlouho to trvá a kdy uvidíme výsledky?	Plný efekt počítejte po jednom až dvou obchodních cyklech.	A	chyba	Vazba: „počítat s čím“ = očekávat; bez předložky „počítat něco“ znamená vypočítat (IJP, heslo počítat)	S plným efektem počítejte po jednom až dvou obchodních cyklech.	STŘEDNÍ
stránka	/reseni/b2b-a-lead-generation	Časté otázky – odpověď Komu patří data, účty a nastavení?	Pracujeme přímo ve vašich účtech GA4, GTM, reklamních systémů i CRM	A	doporučení	Zeugma pádů: „účtech GA4, GTM“ (přístavek) a „reklamních systémů“ (genitiv) v jednom výčtu	Pracujeme přímo ve vašich účtech v GA4, GTM, reklamních systémech i CRM	NÍZKÁ
stránka	/reseni/b2b-a-lead-generation	Časté otázky – odpověď Je posílání dat z CRM do Googlu a Mety v souladu s GDPR?	podle Google Ads Data Processing Terms	A	k posouzení	Anglický název smluvního dokumentu; Google má české znění (smluvní podmínky zpracování údajů pro reklamní produkty) – ověřit oficiální český název a uvést ho, anglický v závorce	podle Smluvních podmínek zpracování údajů Google Ads (Google Ads Data Processing Terms)	NÍZKÁ
stránka	/reseni/b2b-a-lead-generation	Časté otázky – odpověď Co od nás budete potřebovat?	Přístupy do GTM, GA4 a reklamních účtů a administrátora CRM	A	doporučení	Zdvojené „a … a“ spojuje přístupy a osobu; čte se jako zeugma („přístupy … administrátora“)	Přístupy do GTM, GA4 a reklamních účtů, součinnost administrátora CRM a případně vývojáře webu pro úpravu formulářů.	NÍZKÁ
stránka	/reseni/b2b-a-lead-generation	Běžné měření leadů vs. měření až do CRM – tabulka, řádek Telefonáty	podle zvolené úrovně call trackingu	A	doporučení	Terminologická nejednotnost: „call tracking“ (zde, štítek karty, krok 03, FAQ) vs. „Měření telefonátů“ (H3) a „Telefonáty měříme“ na téže stránce	podle zvolené úrovně měření telefonátů (anglický termín „call tracking“ uvést jednou v závorce)	NÍZKÁ
stránka	/reseni/b2b-a-lead-generation	Kontakt – nadpis H2	Pojďme zjistit, kolik vás stojí zakázka, ne lead	B	doporučení	Sloveso „Pojďme“ (vzorec z briefu, americký tón výzvy)	Zjistíme, kolik vás stojí zakázka, ne lead	STŘEDNÍ
stránka	/reseni/velke-firmy	hlavička – meta description	BigQuery v EU, DPA a SLA. Úvodní schůzka zdarma.	A	doporučení	Zkratka „DPA“ bez vysvětlení; stránka sama používá „zpracovatelská smlouva“	…BigQuery v EU, zpracovatelská smlouva a SLA. Úvodní schůzka zdarma.	NÍZKÁ
stránka	/reseni/velke-firmy	JSON-LD – serviceType	server-side tagging na Google Cloudu klienta	A	doporučení	Další varianta termínu („server-side tagging“) vedle „server-side měření“ (JSON-LD description), „Server-side tracking“ (odkaz), „server-side GTM“, „sGTM“ (schéma)	server-side měření na Google Cloudu klienta	NÍZKÁ
stránka	/reseni/velke-firmy	hero – úvodní odstavec	release procesu Tag Manageru	A	doporučení	Řetězec podstatných jmen po anglicku „release proces“ (na stránce ×3, dále H3 „Verzování a release proces“, JSON-LD „verzování a release proces Google Tag Manageru“)	procesu vydávání verzí Tag Manageru	STŘEDNÍ
stránka	/reseni/velke-firmy	hero – úvodní odstavec	Měření, které projde bezpečnostním review, přežije release webu a dá stejná čísla na všech trzích.	A	k posouzení	Věta bez hlavního přísudku (podmět s vedlejší větou); následující „Stojí na governance“ na ni navazuje s vypuštěným podmětem – v marketingovém textu přijatelné, ale lze spojit	Měření, které projde bezpečnostním posouzením, přežije release webu a dá stejná čísla na všech trzích, stojí na governance – …	NÍZKÁ
stránka	/reseni/velke-firmy	hero – úvodní odstavec	bezpečnostním review	A	doporučení	Anglicismus „review“ s běžným českým ekvivalentem (posouzení, kontrola); dále Jak zapadneme do vývoje: „každá změna prochází review“	bezpečnostním posouzením / každá změna prochází kontrolou	NÍZKÁ
stránka	/reseni/velke-firmy	hero – úvodní odstavec	názvosloví, release procesu Tag Manageru a řízení přístupů	A	doporučení	Terminologická nejednotnost: „Tag Manager“ (hero) vs. „GTM“ všude jinde na stránce a „Google Tag Manager“ v JSON-LD	názvosloví, release procesu GTM a řízení přístupů	NÍZKÁ
stránka	/reseni/velke-firmy	hero – nadpis H1	Měření pro velké firmy: řízené, auditovatelné, vaše	B	doporučení	Nadpis „Téma: podtitul“ s trojicí hesel (vzorce z briefu); dvojtečkové nadpisy na stránce ×4 (dále „Governance měření: pravidla, která přežijí změny týmů i agentur“, „Bezpečnost a soulad: checklist pro nákup a IT“, „Technické detaily: více trhů, GA4 360 a test datové vrstvy“)	Řízené a auditovatelné měření pro velké firmy, které patří vám	NÍZKÁ
stránka	/reseni/velke-firmy	Poznáváte se? – karta GTM, nadpis H3	V GTM má admin přístup kdekdo	A	doporučení	Řetězec „admin přístup“ po anglicku (admin access)	Přístup správce do GTM má kdekdo	NÍZKÁ
stránka	/reseni/velke-firmy	Poznáváte se? – karta IT a DPO blokují změny	a server-side projekt stojí půl roku	A	doporučení	Řetězec podstatných jmen „server-side projekt“	a projekt server-side měření stojí půl roku	NÍZKÁ
stránka	/reseni/velke-firmy	Governance měření – karta Názvosloví a datový slovník	a slovník, co který parametr znamená	A	doporučení	Hovorová vztažná vazba („slovník, co…“)	a slovník s významem každého parametru	NÍZKÁ
stránka	/reseni/velke-firmy	Governance měření – karta Přístupová práva	Princip nejnižších oprávnění v GA4, GTM i Google Cloudu	A	doporučení	Zavedený český termín pro „least privilege“ je „princip minimálních (nejmenších) oprávnění“	Princip minimálních oprávnění v GA4, GTM i Google Cloudu	NÍZKÁ
stránka	/reseni/velke-firmy	Governance měření – karta Dokumentace pro IT a DPO	runbook pro incidenty píšeme tak, aby v nich mohl pokračovat kdokoli jiný	A	doporučení	Anglicismus „runbook“ v běžném textu (jako název souboru ve štítku v pořádku) a vazba „pokračovat v dokumentech“ (míněno převzít práci podle nich)	a provozní příručku (runbook) pro incidenty píšeme tak, aby podle nich mohl pokračovat kdokoli jiný	NÍZKÁ
stránka	/reseni/velke-firmy	Jak vypadá architektura pro více trhů – schéma, blok domény a aplikace	souhlas z CMP pro každou doménu	A	k posouzení	Zkratka CMP (consent management platform) bez vysvětlení (na stránce ×5, dále popisek schématu, tabulka „sdílení přes CMP“, „kde to CMP a právní posouzení umožní“); marketingový čtenář ji nemusí znát	souhlas z cookie lišty (CMP) pro každou doménu	NÍZKÁ
stránka	/reseni/velke-firmy	Jak vypadá architektura pro více trhů – popisek schématu	Server-side GTM v Google Cloud projektu firmy	A	doporučení	Řetězec „Google Cloud projekt“ po anglicku (na stránce ×3, dále FAQ „Google Cloud projekt i data patří vám“, JSON-LD „v Google Cloud projektu klienta“); správný tvar stránka sama má v kroku 03: „projekt v Google Cloudu“	Server-side GTM v projektu firmy v Google Cloudu	NÍZKÁ
stránka	/reseni/velke-firmy	Jak vypadá architektura pro více trhů – karta Server-side ve vašem Google Cloudu	Billing, IAM, auditní logy i region máte pod kontrolou vy.	A	doporučení	Anglicismus „billing“ s běžným českým ekvivalentem	Fakturaci, IAM, auditní logy i region máte pod kontrolou vy.	NÍZKÁ
stránka	/reseni/velke-firmy	Jak vypadá architektura pro více trhů – karta BigQuery a data v EU	pozdější přesun hrozí mezerou v datech	A	doporučení	Vazba „přesun hrozí mezerou“ je gramaticky možná, ale neobvyklá a čte se ztěžka	při pozdějším přesunu hrozí mezera v datech	NÍZKÁ
stránka	/reseni/velke-firmy	Bezpečnost a soulad – nadpis H2	Bezpečnost a soulad: checklist pro nákup a IT	A	doporučení	„Checklist“ má běžný ekvivalent „kontrolní seznam“; „nákup“ ve významu oddělení je pro laika nejasné	Bezpečnost a soulad: kontrolní seznam pro nákupní oddělení a IT	NÍZKÁ
stránka	/reseni/velke-firmy	Bezpečnost a soulad – odrážka Lokalita dat	Lokalita dat: Cloud Run i BigQuery v regionu, který zvolíte	A	doporučení	„Lokalita“ označuje místo či parcelu; u dat je obvyklé „umístění“	Umístění dat: Cloud Run i BigQuery v regionu, který zvolíte, typicky v EU.	NÍZKÁ
stránka	/reseni/velke-firmy	Jak postupujeme u velkého projektu – krok 01 Audit	Projdeme GA4, GTM, consent a reklamní systémy a porovnáme je s administrací.	A	k posouzení	Šablonový text: u velké firmy není jasné, s jakou „administrací“ se srovnává (e-shop, CRM, ERP); obdobně krok 04 „porovnáme čísla s e-shopem nebo CRM. od vás: testovací objednávka a export z administrace“ předpokládá e-shop	Projdeme GA4, GTM, consent a reklamní systémy a porovnáme je se zdrojovými systémy (e-shop, CRM, ERP).	STŘEDNÍ
stránka	/reseni/velke-firmy	Jak postupujeme u velkého projektu – Jak zapadneme do vývoje, odrážka	exporty kontejnerů GTM ukládáme do vašeho repozitáře v Gitu	C	doporučení	Položky výčtu jsou celé věty malým písmenem bez tečky; totéž seznam v sekci Jak poznáte, že měření funguje; seznam Bezpečnost a soulad má naopak velké písmeno a tečky (ČSN 01 6910 – interpunkce ve výčtech jednotně)	Exporty kontejnerů GTM ukládáme do vašeho repozitáře v Gitu.	NÍZKÁ
stránka	/reseni/velke-firmy	SLA a podpora po spuštění – odstavec pod tabulkou	konzultace s pevným počtem hodin, provoz a provoz s asistencí u každého releasu	A	doporučení	„Provoz a provoz s asistencí“ se čte jako přeřeknutí; tři úrovně oddělit zřetelněji	konzultace s pevným počtem hodin, samotný provoz a provoz s asistencí u každého releasu	NÍZKÁ
stránka	/reseni/velke-firmy	Jak poznáte, že měření funguje – úvodní odstavec	Monitoring patří ke governance: o problému víte do 24 hodin	A	k posouzení	Nesklonné „governance“ ve vazbách „ke governance“, „na governance“ působí cize; jde o klíčový pojem stránky, nahrazovat jen tam, kde to jde	Monitoring patří k pravidlům governance: o problému víte do 24 hodin, ne až z měsíčního reportu.	NÍZKÁ
stránka	/reseni/velke-firmy	Časté otázky – Technické detaily, popisek tabulky	Rozhodnutí pro více trhů, která děláme na začátku	A	doporučení	Kalk „make decisions“ – „dělat rozhodnutí“; česky „rozhodovat“, „přijímat rozhodnutí“	Rozhodnutí pro více trhů, která padnou na začátku	STŘEDNÍ
stránka	/reseni/velke-firmy	Časté otázky – Technické detaily, tabulka Rozhodnutí pro více trhů	Počet GA4 properties	A	k posouzení	Anglické množné číslo „properties“ vedle „property“ (dále „víc properties oddělí práva“, „deset GB na property“, „Roll-up a sub-properties“); české rozhraní GA4 používá „služba“	Počet property GA4 (při prvním výskytu doplnit: v českém rozhraní GA4 „služba“)	NÍZKÁ
stránka	/reseni/velke-firmy	Časté otázky – Technické detaily, tabulka Rozhodnutí pro více trhů	Cross-domain měření	A	doporučení	České rozhraní GA4 používá „měření napříč doménami“; stránka sama má o řádek níž „Souhlas napříč doménami“	Měření napříč doménami	NÍZKÁ
stránka	/reseni/velke-firmy	Časté otázky – Technické detaily, tabulka Rozhodnutí pro více trhů	Interní provoz	A	doporučení	„Provoz“ pro traffic je kalk; GA4 česky „interní návštěvnost“	Interní návštěvnost	NÍZKÁ
stránka	/reseni/velke-firmy	Časté otázky – Technické detaily, tabulka GA4 standard a GA4 360	až čtrnáct měsíců	C	doporučení	V jedné tabulce se střídají číslovky slovy a číslicemi („25“ vs. „sto“, „třicet“ vs. „400“, „200 000 tokenů denně“ vs. „dva miliony tokenů denně“, „deset GB“ vs. „jeden TB“); v tabulkách se píší číslice (ČSN 01 6910)	až 14 měsíců (a obdobně v celé tabulce: 50, 25, 100, 30, 400, 10 mil., 1 mld., 20 000, 2 000 000, 10 GB, 1 TB)	NÍZKÁ
stránka	/reseni/velke-firmy	Časté otázky – Technické detaily, tabulka GA4 standard a GA4 360, řádek SLA	ano, ve smlouvě GA 360	A	doporučení	Nejednotné označení produktu: „GA 360“ (zde) vs. „GA4 360“ (tabulka, FAQ) vs. „Google Analytics 360“ (otázka FAQ)	ano, ve smlouvě GA4 360	NÍZKÁ
stránka	/reseni/velke-firmy	Časté otázky – Technické detaily, odstavec pod tabulkou	Streaming export do BigQuery limit objemu nemá	A	doporučení	Řetězec „streaming export“ po anglicku; FAQ má „se streamingem do BigQuery“	Průběžný (streamovaný) export do BigQuery limit objemu nemá	NÍZKÁ
stránka	/reseni/velke-firmy	Časté otázky – Technické detaily, popisek ukázky testu	běží při každém buildu, a když vývojář omylem odstraní měnu, build neprojde	A	k posouzení	Čárka před „a“, za nímž následuje vložená vedlejší věta, se ve slučovacím poměru nepíše (IJP – Psaní čárky před spojkou a); lze obhájit jen důsledkovým poměrem	běží při každém buildu a když vývojář omylem odstraní měnu, build neprojde	NÍZKÁ
stránka	/reseni/velke-firmy	Časté otázky – odpověď Potřebujeme Google Analytics 360?	Během discovery to spočítáme z reálných dat.	A	doporučení	Nepřeložené „discovery“ jako nesklonné podstatné jméno (na stránce ×5, dále „Discovery a audit nabízíme“, „Po discovery ověříme“, „z výstupů discovery“, „jak by mohl vypadat discovery“ – navíc nejednotný rod); český ekvivalent „úvodní analýza“	Během úvodní analýzy (discovery) to spočítáme z reálných dat.	STŘEDNÍ
stránka	/reseni/velke-firmy	Časté otázky – odpověď Potřebujeme Google Analytics 360?	nevzorkované explorace nebo smluvní SLA	A	k posouzení	„Explorace“ je kalk anglického „explorations“; české rozhraní GA4 používá „průzkumy“ (na stránce ×4, dále tabulka „Uchování dat v exploracích“, „Vzorkování v exploracích“, „Nevzorkované explorace“)	nevzorkované průzkumy (explorations) nebo smluvní SLA	NÍZKÁ
stránka	/reseni/velke-firmy	Časté otázky – odpověď Kde budou naše data fyzicky ležet?	Samotné GA4 sbírá data z EU zařízení přes servery v EU	A	doporučení	Zkratka „EU“ jako nesklonný přívlastek po anglicku („EU devices“)	Samotné GA4 sbírá data ze zařízení v EU přes servery v EU a IP adresy neukládá.	STŘEDNÍ
stránka	/reseni/velke-firmy	Časté otázky – odpověď Kde budou naše data fyzicky ležet?	Další zpracování řídí podmínky Googlu a předání do USA rámec EU–US Data Privacy Framework	A	doporučení	Dvě věty s vypuštěným přísudkem v druhé části; podmět a předmět nelze při čtení rozlišit	Další zpracování se řídí podmínkami Googlu, předání do USA rámcem EU–US Data Privacy Framework – posouzení nechte na DPO.	NÍZKÁ
stránka	/reseni/velke-firmy	Časté otázky – odpověď Jak spolupracujete s naším IT a agenturami?	ať je to Jira, Azure DevOps, nebo ServiceNow	B	doporučení	Vzorec „ať už…, nebo“ (brief); souvětí navíc spojuje dva různé přísudky („přizpůsobíme se … i cyklu releasů a datovou vrstvu zařadíme“)	Přizpůsobíme se vašemu nástroji (Jira, Azure DevOps, ServiceNow) i cyklu releasů. Datovou vrstvu zařadíme do definice hotového.	NÍZKÁ
stránka	/reseni/velke-firmy	Časté otázky – odpověď Jak spolupracujete s naším IT a agenturami?	každá dostane vlastní pracovní prostor v GTM a přístup přes skupinu a publikaci schvaluje určená role	A	doporučení	Tři členy spojené „a … a“ (dva předměty + nová hlavní věta) bez oddělení	každá dostane vlastní pracovní prostor v GTM a přístup přes skupinu; publikaci schvaluje určená role	NÍZKÁ
stránka	/reseni/velke-firmy	Časté otázky – odpověď Komu patří účty a data a co když spolupráci ukončíme?	Dokumentaci píšeme pro předání	A	doporučení	Neobvyklá vazba „psát pro předání“	Dokumentaci píšeme tak, aby šla předat	NÍZKÁ
stránka	/reseni/velke-firmy	Časté otázky – odpověď Jak u velkého projektu vzniká cena?	pilot, rollout a provoz	A	doporučení	Anglicismus „rollout“ s běžným českým ekvivalentem	pilot, nasazení na další trhy a provoz	NÍZKÁ
stránka	/reseni/velke-firmy	Časté otázky – odpověď Jak u velkého projektu vzniká cena?	Cenu ovlivňuje hlavně počet domén a trhů, agentur a kontejnerů, server-side a BigQuery a požadovaná úroveň SLA.	A	doporučení	Zeugma: „počet … server-side a BigQuery“ – server-side a BigQuery nejsou počty	Cenu ovlivňuje hlavně počet domén a trhů, agentur a kontejnerů, dále server-side, BigQuery a požadovaná úroveň SLA.	NÍZKÁ
stránka	/reseni/velke-firmy	Časté otázky – odpověď Jak dlouho velký projekt trvá?	Termíny jednotlivých fází navrhneme z výstupů discovery.	A	doporučení	Vazba „navrhnout z výstupů“; česky „podle výstupů“	Termíny jednotlivých fází navrhneme podle výstupů úvodní analýzy.	NÍZKÁ
stránka	/reseni/velke-firmy	Kontakt – nadpis H2	Domluvme si úvodní schůzku s vaším marketingem i IT	B	k posouzení	Inkluzivní rozkaz 1. os. mn. („Domluvme si“) je obdoba vzorce „Pojďme“; u domlouvání schůzky je v češtině přirozený, lze ale vykat	Domluvte si úvodní schůzku pro svůj marketing i IT	NÍZKÁ
stránka	/sluzby	meta description (i og/twitter description)	Nevíte, co potřebujete? Podle vaší situace doporučíme, čím začít.	B	doporučení	Řečnická otázka v meta description; věcnější je rovnou říct, co stránka nabízí.	Přehled jedenácti služeb webové analytiky: sběr dat, data a reporting, audity a správa. Podle vaší situace doporučíme, čím začít.	NÍZKÁ
stránka	/sluzby	úvod – odstavec pod H1	na webu nic nemění a ukáže chyby s prioritou podle dopadu	B	doporučení	Opakování: sdělení „audit na webu nic nemění“ je na stránce 4× (úvod, situace „Na webu přitom nic nemění.“, FAQ „Audit na webu nic nemění a dostanete z něj seznam chyb…“ a JSON-LD).	V úvodu ponechat, v situaci „GA4 ukazuje jiné tržby než e-shop“ formulovat jinak, např. „Rozdíl má víc příčin a audit je nejdřív oddělí.“ (bez druhé věty).	NÍZKÁ
stránka	/sluzby	Jedenáct služeb ve třech skupinách – úvodní odstavec	Řešení podle typu firmy skládají služby do celku pro e-shopy, B2B a velké firmy.	A	doporučení	Nejasná věta: není zřejmé, že „Řešení“ jsou stránky webu, a spojení „skládají služby do celku“ musí čtenář luštit; v řadě typů firem není „B2B“ paralelní s „e-shopy“ a „velké firmy“ (B2B je způsob prodeje, ne typ firmy).	Začít můžete kteroukoli službou. Na stránkách Řešení skládáme služby do celku podle typu firmy – pro e-shopy, B2B firmy a velké firmy.	STŘEDNÍ
stránka	/sluzby	celá stránka – title, karty, situace, FAQ	GA4 přes Tag Manager s cookie lištou	A	doporučení	Terminologická nejednotnost: v title „GTM“, v kartách a schématu „Google Tag Manager“, v situacích a FAQ „Tag Manager“ („GA4 přes Tag Manager s cookie lištou“, „GA4, Tag Manager, Google Cloud i reklamní účty“).	Sjednotit: při prvním výskytu „Google Tag Manager (GTM)“, dále „GTM“.	NÍZKÁ
stránka	/sluzby	Jak služby navazují – odstavec	správa na konci hlídá, aby se nevrátil	A	k posouzení	Nejednotný popis téhož: odstavec říká „správa na konci“, schéma pod ním a popisek obrázku „průběžně“ / „průběžná správa“.	Audit na začátku řekne, kde je problém, průběžná správa hlídá, aby se nevrátil.	NÍZKÁ
stránka	/sluzby	Jak služby navazují – popisek obrázku (figcaption)	a průběžná správa a monitoring nad celou cestou	A	doporučení	„Nad celou cestou“ je kalk anglického „journey“; o posloupnosti služeb se česky jako o „cestě“ nemluví.	Jak služby navazují: audit na začátku, sběr dat na webu, BigQuery, reporting a průběžná správa a monitoring nad všemi kroky.	NÍZKÁ
stránka	/sluzby	Časté otázky – otázka	Můžu si objednat jen jednu službu?	A	k posouzení	„Můžu“ je hovorový tvar (IJP ho připouští jako spisovný hovorový); na jinak věcném, vykajícím webu působí uvolněně. Jde o hlas zákazníka, lze ponechat záměrně.	Mohu si objednat jen jednu službu?	NÍZKÁ
stránka	/jak-pracujeme	H1 (a title)	Jak pracujeme: od konzultace po předané měření	A/B	k posouzení	Nejednotné znění téhož nadpisu: title „od auditu po předání měření“, H1 „od konzultace po předané měření“, H2 „Pět kroků od auditu po předané měření“, karty na jiných stránkách „od konzultace po předání měření“. Nadpis i title jsou navíc ve vzorci „Téma: podtitul“ (AI stopa).	H1: Pět kroků od úvodní konzultace po předané měření; title sjednotit s H1.	NÍZKÁ
stránka	/jak-pracujeme	úvod – odstavec pod H1	a teprve potom píšeme tagy	A	k posouzení	Tagy se v GTM nastavují (konfigurují), nepíší; „píšeme tagy“ může čtenáře z IT zarazit.	a teprve potom nastavujeme tagy	NÍZKÁ
stránka	/jak-pracujeme	Pět pravidel, podle kterých pracujeme – štítky nad nadpisy pravidel	// plan_first	A	k posouzení	Anglické dekorativní štítky (plan_first, your_accounts, consent_by_default, verify_before_handover, docs_are_output) nejsou názvy souborů ani událostí; pro majitele e-shopu či marketéra jsou nepřeloženým textem bez významu.	Nahradit číslováním 01–05 jako u kroků postupu, nebo štítky vypustit.	NÍZKÁ
stránka	/jak-pracujeme	Pět kroků od auditu po předané měření – krok 01 Audit, řádek „od vás“	návod najdete v Technických detailech u častých otázek	A	chyba	Odkaz na část stránky, která neexistuje: na této stránce žádné „Technické detaily“ nejsou; návod k přístupům je v bloku Časté otázky pod položkou „Přístupy: jaké role potřebujeme a kde je udělíte“. Čtenář hledá marně (chybný odkaz, chyba významu).	od vás: Přístupy pro čtení – jaké role a kde je udělíte, najdete v častých otázkách pod „Přístupy“	KRITICKÁ
stránka	/jak-pracujeme	Pět kroků od auditu po předané měření – krok 02 Měřicí plán, odstavec	Byznysové otázky převedeme na KPI, události a parametry	A	doporučení	Zbytečný anglicismus „byznysový“ (na stránce ×2, dále: „Každý řádek plánu začíná byznysovou otázkou.“); běžný český ekvivalent „obchodní“.	Obchodní otázky převedeme na KPI, události a parametry / Každý řádek plánu začíná obchodní otázkou.	NÍZKÁ
stránka	/jak-pracujeme	Pět kroků od auditu po předané měření – krok 05 Předání a podpora, odstavec	Na předávacím callu se záznamem projdeme dokumentaci a přístupy.	A	doporučení	Zbytečný anglicismus „call“ (na stránce ×4, dále: „předávací call se záznamem“, „záznam callu“); web jinde používá „hovor“ (/kontakt: „před hovorem“) a „schůzka“.	Na předávací schůzce se záznamem projdeme dokumentaci a přístupy. / předávací schůzka se záznamem / záznam schůzky	STŘEDNÍ
stránka	/jak-pracujeme	Jak se postup liší podle typu firmy – karta Velké firmy	Na začátku přibude discovery s rozhovory a pilot.	A	doporučení	Nepřeložený odborný slang „discovery“; marketingový manažer ani majitel e-shopu nemusí vědět, co se tím myslí.	Na začátku přibude úvodní analýza (discovery) s rozhovory a pilotní nasazení.	STŘEDNÍ
stránka	/jak-pracujeme	celá stránka (kroky, FAQ)	zvládneme většinu práce přes administraci a Tag Manager	A	doporučení	Terminologická nejednotnost: „Google Tag Manager“ (krok 01: „Google Tag Manager a GA4: kontejnery…“), „GTM“ (krok 03: „Nastavíme GTM na webu“) a „Tag Manager“ (FAQ).	Sjednotit: poprvé „Google Tag Manager (GTM)“, dále „GTM“.	NÍZKÁ
stránka	/jak-pracujeme	Jak vypadají výstupy, které dostanete – tab Měřicí plán, odrážka	KPI: podíl kvalifikovaných leadů	A	doporučení	Nejednotnost „lead“ / „poptávka“: v téže odrážce „kvalitní poptávky“ i „kvalifikovaných leadů“; dále „testovací objednávky nebo leady“, „Testovací objednávka nebo lead“, ale „Poptávky porovnáváme se záznamy v CRM“.	V textu pro čtenáře používat „poptávka“ (KPI: podíl kvalifikovaných poptávek), „lead“ ponechat v názvech událostí a parametrů (generate_lead, lead_id).	NÍZKÁ
stránka	/jak-pracujeme	Jak vypadají výstupy, které dostanete – tab Měřicí plán, odrážka	Cíl: GA4, Google Ads, Meta CAPI a Sklik.	A	k posouzení	Zkratka „CAPI“ není na stránce vysvětlena (×2, dále v protokolu „Meta CAPI nic neodešle“); /sluzby používá plný název „Conversions API“. Marketingový manažer zkratku znát nemusí.	Cíl: GA4, Google Ads, Meta Conversions API (CAPI) a Sklik.	NÍZKÁ
stránka	/jak-pracujeme	Jak vypadají výstupy, které dostanete – tab Dokumentace, seznam kapitol	Consent: konfigurace a testy	A	doporučení	Nejednotnost „souhlas“ / „consent“: v textu stránky „souhlas“ („test souhlasu“, „Souhlas je vstupní podmínka“), v názvu kapitoly samotné „Consent“.	Souhlas a Consent Mode: konfigurace a testy	NÍZKÁ
stránka	/jak-pracujeme	Časté otázky – tabulka rolí, řádek Google Analytics 4	Editor na úrovni property	A	doporučení	Role GA4 uvedeny anglicky („Viewer“, „Editor“), zatímco u GTM, Google Ads a Skliku česky („Čtení“, „Jen čtení“, „Standardní“, „Úpravy“); web sám jinde používá „roli Čtenář na úrovni property“ (/sluzby/audit-mereni).	Čtenář / Editor na úrovni property	NÍZKÁ
stránka	/jak-pracujeme	Časté otázky – tabulka rolí, řádky Merchant Center a CRM	Admin, jen pokud řešíme produktový feed nebo data z košíku	A	doporučení	Nejednotnost „Admin“ / „Správce“: v cestách tabulky „Správce → …“, v buňkách „Admin“ a „adminem“ (CRM: „Admin pro pole a automatizace, nebo spolupráce s vaším adminem“). Oficiální názvy rolí Google Cloudu (Cloud Run Admin, BigQuery Admin) ponechat.	Správce, jen pokud řešíme produktový feed nebo data z košíku / Správce pro pole a automatizace, nebo spolupráce s vaším správcem CRM	NÍZKÁ
stránka	/jak-pracujeme	Časté otázky – tabulka rolí, řádek Sklik	Sklik / Seznam	C	k posouzení	Lomítko mezi dvěma jednoslovnými výrazy se podle ČSN 01 6910 píše bez mezer; s mezerami jen tehdy, je-li aspoň jeden výraz víceslovný.	Sklik/Seznam	NÍZKÁ
stránka	/jak-pracujeme	Časté otázky – tabulka rolí, řádek CRM	Čtení pipeline	A	k posouzení	Anglicismus „pipeline“ je v prostředí CRM zavedený, pro majitele e-shopu ale nejasný; stačí doplnit, co se tím myslí.	Čtení obchodních případů (pipeline)	NÍZKÁ
stránka	/jak-pracujeme	Časté otázky – odpověď „Jak dlouho trvá typický projekt?“	Samotná naše práce obvykle nezabere nejvíc času.	A	doporučení	Neobratná formulace (zápor + superlativ „nezabere nejvíc času“); čtenář se musí zastavit, co se tím říká. Stejně v JSON-LD.	Naše vlastní práce obvykle není to, co trvá nejdéle.	STŘEDNÍ
stránka	/jak-pracujeme	Časté otázky – odpověď „Kdo bude na projektu pracovat?“	víte jménem, kdo dělá co a s kým mluvíte	A	doporučení	Neobratné spojení „víte jménem, kdo dělá co“ (kalk „you know by name who does what“).	Na začátku projektu znáte jména lidí, kteří na něm pracují, a víte, s kým mluvíte.	NÍZKÁ
stránka	/jak-pracujeme	Časté otázky – odpověď „Kdo bude na projektu pracovat?“	Projekty nepředáváme dalším subdodavatelům bez vašeho souhlasu.	A	k posouzení	„Dalším subdodavatelům“ naznačuje, že nějací subdodavatelé už na projektu jsou; pokud to není záměr, slovo „dalším“ mate.	Projekty nepředáváme subdodavatelům bez vašeho souhlasu.	NÍZKÁ
stránka	/jak-pracujeme	Časté otázky – odpověď „Co když nemáme vlastního vývojáře?“	a většině webů na WordPressu zvládneme většinu práce	A	doporučení	Opakování „většině – většinu“ v jedné větě; v řadě platforem je skloňováno jen „Shoptetu“, „Upgates“ a „Shopify“ zůstávají nesklonné (přijatelné, ale působí nevyrovnaně).	Na Shoptetu, Upgates, Shopify a u většiny webů na WordPressu zvládneme větší část práce přes administraci a Tag Manager.	NÍZKÁ
stránka	/jak-pracujeme	Časté otázky – odpověď „Co když se měření po předání rozbije?“	Prvních třicet dní po spuštění měření hlídáme zdarma	A	doporučení	Dvojznačný slovosled: „po spuštění měření hlídáme“ lze číst jako „po spuštění měření“ i „měření hlídáme“; v kroku 05 je totéž řečeno jednoznačně („po spuštění hlídáme měření zdarma“). Stejně v JSON-LD.	Prvních třicet dní po spuštění hlídáme měření zdarma a chyby, které způsobíme my, opravíme vždy.	NÍZKÁ
stránka	/jak-pracujeme	Časté otázky – odpověď „Co když se měření po předání rozbije?“	upozorní do 24 hodin	C	k posouzení	Číslice, zatímco web čísla jinak důsledně vypisuje slovy („třicet dní“, „třicet minut“, „jednoho pracovního dne“); obojí je přípustné, jde o jednotnost.	upozorní do čtyřiadvaceti hodin	NÍZKÁ
stránka	/jak-pracujeme	Začněme třicetiminutovou konzultací – odstavec	Napište nám e-mail, nebo vyplňte formulář.	A	k posouzení	Čárka před „nebo“: podle IJP se píše jen ve významu vylučovacím; zde jde o libovolnou možnost (lze i obojí), tedy spíš bez čárky. Stejná věta je na /o-nas a v meta description /kontakt.	Napište nám e-mail nebo vyplňte formulář.	NÍZKÁ
stránka	/o-nas	title	O nás: Vít Novotný a tým datalayer.cz	B	k posouzení	Jediný title na webu bez přípony „| datalayer.cz“ (nejednotnost). „A tým“ – na stránce vystupuje jen Vít Novotný a plurál „stavíme / pracujeme“ tým nevysvětluje; čtenář neví, kdo další za webem stojí. Vzorec „Téma: podtitul“.	O nás: kdo stojí za datalayer.cz | datalayer.cz (pokud tým existuje, na stránce jednou větou říct, kdo v něm je)	NÍZKÁ
stránka	/o-nas	meta description (i og/twitter description)	Technický tým pro GA4, GTM, server-side, consent a BigQuery.	A	doporučení	Nejednotnost „consent“ / „souhlas“: v textu stránky důsledně „souhlas“ („souhlasy“, „Souhlas je podmínka“), v meta description „consent“.	Technický tým pro GA4, GTM, server-side, souhlas (Consent Mode) a BigQuery.	NÍZKÁ
stránka	/o-nas	úvod – odstavec pod H1 (a FAQ „Kdo odpoví na moji zprávu?“)	Vít Novotný, tracking & data engineer	A	k posouzení	Anglické pracovní označení s ampersandem (na stránce ×2); pro majitele e-shopu málo srozumitelné a znak „&“ se v českém textu mimo názvy firem nepoužívá (ČSN 01 6910). Má-li anglický titul zůstat, aspoň „tracking a data engineer“.	Vít Novotný, specialista na měření a datový inženýr	STŘEDNÍ
stránka	/o-nas	úvod – odstavec pod H1	Stavíme a ověřujeme měření pro e-shopy, B2B a velké firmy	A	doporučení	V řadě typů firem není „B2B“ paralelní s „e-shopy“ a „velké firmy“ (B2B je způsob prodeje, ne firma).	Stavíme a ověřujeme měření pro e-shopy, B2B firmy a velké firmy	NÍZKÁ
stránka	/o-nas	Proč začínáme u datové vrstvy – poslední odstavec	předáváme ho s dokumentací, podle které může pokračovat kdokoli	B	doporučení	Opakování: totéž sdělení je na krátké stránce 4× (úvod „předáme s dokumentací“, pravidlo 4 „po nás může pokračovat kdokoli“, FAQ „Podle ní může pokračovat interní tým i jiný dodavatel“); podobně 4× „zakládáme na vaši firmu“.	Neprodáváme krabicové nástroje. Měření stavíme ve vašich účtech a předáváme ho s dokumentací.	NÍZKÁ
stránka	/o-nas	Pro koho pracujeme – karta Velké firmy	Více domén, týmů a dodavatelů a každý měří trochu jinak.	A	k posouzení	Dvě spojky „a“ těsně za sebou; druhé „a“ připojuje větu v důsledkovém poměru, kde IJP doporučuje čárku nebo pomlčku (čárka před „a“ v jiném než slučovacím poměru).	Více domén, týmů a dodavatelů – a každý měří trochu jinak.	NÍZKÁ
stránka	/o-nas	Jak zacházíme s daty – pravidlo 4	Stavíme na standardních nástrojích jako GTM, GA4 a BigQuery	A	doporučení	Terminologická nejednotnost: v úvodu a FAQ „Tag Manager“, zde „GTM“.	Sjednotit: poprvé „Google Tag Manager (GTM)“, dále „GTM“.	NÍZKÁ
stránka	/o-nas	Jak zacházíme s daty – závěrečný odstavec	Nejsme advokátní kancelář, právní posouzení konkrétního zpracování zajišťuje váš právník.	A	k posouzení	Dvě hlavní věty spojené jen čárkou (bezespoječně); vztah (důsledek) lépe vyjádří pomlčka nebo spojka, jak to má FAQ („Nejsme ale advokátní kancelář, takže…“).	Nejsme advokátní kancelář – právní posouzení konkrétního zpracování zajišťuje váš právník.	NÍZKÁ
stránka	/o-nas	Chcete nás nejdřív poznat? Napište Vítovi – H2	Chcete nás nejdřív poznat? Napište Vítovi	B	doporučení	Řečnická otázka v nadpisu kontaktního bloku.	Napište Vítovi, odpoví do jednoho pracovního dne	NÍZKÁ
stránka	/o-nas	Chcete nás nejdřív poznat? Napište Vítovi – odstavec	Napište nám e-mail, nebo vyplňte formulář. Odpovídá přímo Vít Novotný.	A	k posouzení	Čárka před „nebo“: podle IJP jen ve významu vylučovacím; zde libovolná možnost (lze i obojí), spíš bez čárky.	Napište nám e-mail nebo vyplňte formulář. Odpovídá přímo Vít Novotný.	NÍZKÁ
stránka	/kontakt	H1 (a title)	Kontakt: napište nám, ozveme se do jednoho pracovního dne	B	doporučení	Nadpis i title („Kontakt: konzultace měření zdarma“) ve vzorci „Téma: podtitul“ (AI stopa); slovo „Kontakt“ je navíc už v drobečkové navigaci i ve štítku nad nadpisem.	Napište nám, ozveme se do jednoho pracovního dne	NÍZKÁ
stránka	/kontakt	meta description (i og/twitter description)	Napište nám, nebo vyplňte formulář.	A	k posouzení	Čárka před „nebo“: podle IJP jen ve významu vylučovacím; zde libovolná možnost (lze i obojí), spíš bez čárky.	Napište nám nebo vyplňte formulář.	NÍZKÁ
stránka	/kontakt	Napište nám, co řešíte – odstavec	Ozveme se do jednoho pracovního dne. Odpovídá přímo Vít Novotný.	B	doporučení	Opakování: „do jednoho pracovního dne“ je na krátké stránce 5× (H1, odrážka v úvodu, tento odstavec, štítek u jména, krok 1) a „Odpovídá přímo Vít Novotný“ 3× (odrážka, odstavec, štítek).	V tomto odstavci nechat jen to, co H1 neříká: „Odpovídá přímo Vít Novotný.“	NÍZKÁ
stránka	/kontakt	Jak se připravit na konzultaci – odrážka	Kdo má na starost web a vývoj	A	chyba	Vazba je „mít (něco) na starosti“ (SSJČ, SSČ, IJP heslo starost); akuzativ „na starost“ patří jen ke spojením „vzít si / dát někomu na starost“.	Kdo má na starosti web a vývoj	STŘEDNÍ
stránka	/kontakt	Jak se připravit na konzultaci – odrážka	Případně screenshot nebo export, který vás znepokojil	A	doporučení	Zbytečný anglicismus „screenshot“, běžný ekvivalent „snímek obrazovky“.	Případně snímek obrazovky nebo export, který vás znepokojil	NÍZKÁ
stránka	/blog	meta description (i og/twitter description)	bez marketingových zkratek	A	k posouzení	Dvojznačné: „zkratka“ je zkrácené slovo i zkrácená cesta; čtenář může číst „bez zkratek typu GA4, GTM“, které přitom meta description sama používá.	S diagramy, kódem a odkazy na dokumentaci, bez marketingového zjednodušování.	STŘEDNÍ
stránka	/blog	seznam článků – H2 a karta druhého článku (i JSON-LD headline)	Server-Side GTM: proč a jak začít	A/C	chyba	Velké písmeno uprostřed víceslovného názvu podle anglického „title case“; v češtině se v názvech píše velké jen první písmeno (PČP, IJP: Velká písmena – názvy děl, článků). Na téže stránce je jinak „server-side trackingu“ a „server-side Google Tag Manager“ malým.	Server-side GTM: proč a jak začít	STŘEDNÍ
stránka	/blog	seznam článků – karta prvního článku (text odkazu)	20. 2. 2025Vít Novotný GA4 → BigQuery: vlastní data bez limitů	C	k posouzení	V textu odkazu karty není mezi datem a jménem autora oddělovač („2025Vít Novotný“); vizuálně to řeší layout, ale čtečky a vyhledávače čtou text slitý (totéž u druhé karty „15. 1. 2025Vít Novotný“).	V HTML oddělit datum a autora mezerou nebo oddělovačem, např. „20. 2. 2025 · Vít Novotný“.	NÍZKÁ
stránka	/blog	seznam článků – H2 prvního článku	GA4 → BigQuery: vlastní data bez limitů	B	k posouzení	Oba nadpisy článků jsou ve vzorci „Téma: podtitul“ (AI stopa); u blogových titulků je to běžné, pro jednotnost s věcným tónem webu zvážit.	Proč napojit GA4 na BigQuery a na co si dát pozor (nebo ponechat)	NÍZKÁ
stránka	/blog	Řešíte totéž u sebe? – H2 kontaktního bloku	Řešíte totéž u sebe?	B	doporučení	Řečnická otázka v nadpisu CTA (stejný blok i na obou článcích /blog/ga4-bigquery-export a /blog/server-side-gtm-uvod).	Napište nám, co řešíte	NÍZKÁ
stránka	/blog/ga4-bigquery-export	úvodní odstavec (perex)	Napojení GA4 na BigQuery vám otevře surová data k pokročilým analýzám.	A	doporučení	„Otevře data“ je kalk („opens up data“); česky se data zpřístupní.	Napojení GA4 na BigQuery vám zpřístupní surová data pro pokročilé analýzy.	NÍZKÁ
stránka	/blog/ga4-bigquery-export	Co získáte – odrážka	Surová eventová data bez samplingu	A	doporučení	Zbytečné anglicismy „eventová“ a „sampling“; meta description téže stránky říká totéž česky („surová data o událostech bez vzorkování“) – nejednotnost na jedné stránce.	Surová data o událostech bez vzorkování	STŘEDNÍ
stránka	/blog/ga4-bigquery-export	Co získáte – odrážka	Základ pro reporting a machine learning	A	doporučení	Zbytečný anglicismus „machine learning“, zavedený český ekvivalent „strojové učení“.	Základ pro reporting a strojové učení	STŘEDNÍ
stránka	/blog/ga4-bigquery-export	Co získáte – box Tip	tabulky v něm po šedesáti dnech vyprší	A	doporučení	Kalk „tables expire“: česky vyprší platnost nebo lhůta, ne tabulka.	tabulkám v něm po šedesáti dnech vyprší platnost	NÍZKÁ
stránka	/blog/ga4-bigquery-export	Co získáte – box Tip	úložiště má limit deset GiB	C	chyba	U značky jednotky se číslo píše číslicemi, ne slovem (IJP: Značky, čísla a číslice; ČSN 01 6910).	úložiště má limit 10 GiB	NÍZKÁ
stránka	/blog/server-side-gtm-uvod	perex (a title, H1, drobečková navigace, JSON-LD)	Server-Side Google Tag Manager posouvá měření z prohlížeče na server.	A/C	chyba	Velké písmeno uprostřed víceslovného názvu podle anglického „title case“ (na stránce ×8: title, H1, drobeček, JSON-LD, perex); v češtině jen první písmeno velké (PČP, IJP: Velká písmena). Meta description téže stránky píše „server-side Google Tag Manager“ malým.	Server-side Google Tag Manager posouvá měření z prohlížeče na server. / title a H1: Server-side GTM: proč a jak začít	STŘEDNÍ
stránka	/blog/server-side-gtm-uvod	perex	Získáte přesnější data, rychlejší web a odolnější first-party měření	B	k posouzení	Slib výsledků bez doložení a trojice heslovitých výhod (AI stopa); v odborném článku působí reklamně.	Cílem je přesnější měření, rychlejší web a odolnější first-party měření – vždy v souladu se souhlasem návštěvníka.	NÍZKÁ
stránka	/blog/server-side-gtm-uvod	Proč server-side – odstavec	Klientské měření naráží na limity prohlížečů	A	doporučení	„Klientské měření“ je doslovný překlad „client-side“; pro českého čtenáře je jasnější „měření v prohlížeči / na straně prohlížeče“.	Měření na straně prohlížeče (client-side) naráží na limity prohlížečů, blokátory reklam a omezení cookies v Safari a Firefoxu.	NÍZKÁ
stránka	/blog/server-side-gtm-uvod	Proč server-side – odstavec	Přesunem zpracování na server získáte kontrolu nad daty.	A/B	k posouzení	„Získáte kontrolu nad daty“ je kalk („gain control over“) a zároveň prázdné tvrzení – neříká, co konkrétně čtenář může.	Přesunem zpracování na server sami rozhodujete, která data a kam odcházejí.	NÍZKÁ
stránka	/blog/server-side-gtm-uvod	Shrnutí – odstavec	Server-side měření je dnes standard pro datově řízené e-shopy.	A/B	doporučení	„Datově řízené“ je kalk „data-driven“; „je dnes standard“ je nedoložené tvrzení.	Server-side měření je dnes běžné u e-shopů, které se rozhodují podle dat.	STŘEDNÍ
stránka	/dekujeme	H1 (a drobečková navigace)	Díky, zpráva dorazila	B	k posouzení	„Díky“ je hovorové; web jinak vyká a drží věcný tón, title téže stránky má „Děkujeme za zprávu“ (nejednotnost).	Děkujeme, zpráva dorazila	NÍZKÁ
stránka	/tato-stranka-neexistuje	title a meta description	datalayer.cz	C	k posouzení	Title obsahuje jen doménu (jinde „Název stránky | datalayer.cz“) a meta description je převzatý z úvodní stránky; v záložce prohlížeče není poznat, že jde o chybovou stránku.	Stránka neexistuje | datalayer.cz	NÍZKÁ
stránka	/tato-stranka-neexistuje	Stránka neexistuje – odstavec	Tuhle stránku jsme nenašli. Možná jsme ji přesunuli.	A	k posouzení	„Tuhle“ je hovorový tvar; na vykajícím, věcném webu je přirozenější neutrální „tuto“.	Tuto stránku jsme nenašli. Možná jsme ji přesunuli.	NÍZKÁ
stránka	/	Hlavička – JSON-LD Organization, knowsAbout	Server-side tagging	A	k posouzení	Termín „server-side tagging“ (název Googlu) vedle „server-side tracking“, které web používá všude jinde (title, menu, H1 služby); čtenář i vyhledávač vidí dva názvy jedné služby.	Server-side tracking	NÍZKÁ
stránka	/	Hero – nadpis H1	Stavíme neprůstřelné datové základy pro váš růst.	B/C	k posouzení	Nadpis končí tečkou (nadpisy se podle zvyklostí píší bez tečky, srov. ostatní H1 webu) a „pro váš růst“ je abstraktní reklamní obrat z angličtiny („for your growth“). Hero je podle zadání beze změny, uvádíme jen pro úplnost.	Ponechat jako záměrný slogan; při případné změně: Stavíme neprůstřelné datové základy pro růst vaší firmy (bez tečky)	NÍZKÁ
stránka	/	Pro koho – karta E-shopy, odrážka	e-commerce měření podle schématu GA4	A	doporučení	Anglická stavba „e-commerce měření“ (nesklonné podstatné jméno v roli přívlastku); česky přívlastek za jménem (na webu ×6, dále: „E-commerce, leady, tři až osm klíčových událostí“ je v pořádku, ale „e-commerce měření“ a „e-commerce data“ ne).	měření e-commerce podle schématu GA4	NÍZKÁ
stránka	/	Pro koho – karta B2B, text	a reklamy to nevědí taky	A	k posouzení	„Taky“ je hovorový tvar (IJP: taky – hovor.); v odlehčeném textu karty přijatelné, zbytek webu drží neutrální rejstřík. „Reklamy“ místo „reklamní systémy“ je metonymie, která se na webu střídá s plným názvem.	a reklamní systémy to nevědí také	NÍZKÁ
stránka	/	Pro koho – karta B2B, odrážka	cena za lead i za zakázku	A	doporučení	Nejednotné pojmenování téhož ukazatele: zde „cena za lead“, na stránce B2B a v menu „cena leadu i zakázky“.	cena leadu i zakázky	NÍZKÁ
stránka	/	Pro koho – karta Velké firmy, štítky	governance	A	k posouzení	Štítek s anglickým slovem bez českého protějšku vedle zkratky „sGTM“, která není na webu nikde vysvětlena; u ostatních karet jsou štítky názvy platforem (Shoptet, HubSpot), tady obecné pojmy.	Ponechat jen názvy nástrojů (GTM, BigQuery, Google Cloud), nebo „governance“ opsat: pravidla a přístupy	NÍZKÁ
stránka	/	Šest situací – text karty GA4 ukazuje o pětinu méně objednávek	Typicky chybí měření u některých plateb	A	doporučení	„Typicky“ ve významu „obvykle“ je kalk z anglického „typically“ (česky „typicky“ = příznačně).	Obvykle chybí měření u některých plateb	NÍZKÁ
stránka	/	Šest situací – nadpis karty	Meta, Google a Sklik hlásí každý jiná čísla	A	doporučení	Neobratná shoda: „Meta, Google a Sklik hlásí každý jiná čísla“ – „každý“ v jednotném čísle za přísudkem v množném; přirozenější je „každý hlásí jiná čísla“.	Meta, Google a Sklik – každý hlásí jiná čísla	NÍZKÁ
stránka	/	Šest situací – mockup konzole karty V Tag Manageru je 140 tagů	GTM tagy 146 aktivní 41 ? verze v212 bez popisu	A	k posouzení	Ukázka říká 146 tagů, nadpis karty 140; čísla jsou ilustrativní, ale rozpor v jedné kartě působí jako chyba. Popisek „Po 8:00“ v sousední ukázce píše zkratku dne velkým písmenem (zkratky dnů se píší malým: po, út…; IJP).	V ukázce 140 tagů; v ukázce reportu „po 8:00“	NÍZKÁ
stránka	/	Šest situací – text karty Poptávky končí v e-mailu	Reklamní systémy pak optimalizují na počet formulářů, ne na zakázky.	A	k posouzení	Žargonový kalk „optimalizovat na něco“ (optimize to/for); v oboru zavedený, pro majitele firmy méně srozumitelný (na webu ×4, dále stránka Měření konverzí a B2B).	Reklamní systémy se pak učí z počtu formulářů, ne ze zakázek.	NÍZKÁ
stránka	/	Služby – úvodní odstavec	Postavíme celou cestu, nebo jen tu část, která vám chybí.	A/B	doporučení	„Cesta“ ve významu „celý řetězec služeb“ je kalk z anglického „journey“ (na webu ×5, dále /sluzby „nad celou cestou“, „klíčové cesty“ u auditů – tam jde o cestu uživatele a je v pořádku).	Postavíme celý řetězec, nebo jen tu část, která vám chybí.	NÍZKÁ
stránka	/	Služby – popisek služby v pipeline (shodně mega menu)	souhlas legálně a bez zbytečné ztráty dat	A	doporučení	Elipsa „souhlas legálně“ (chybí sloveso: souhlas získaný legálně); popisek se čte jako heslo bez smyslu.	souhlas podle zákona a bez zbytečné ztráty dat	NÍZKÁ
stránka	/	Pět kroků – nadpis H2	Pět kroků, po každém dostanete konkrétní výstup	C	doporučení	Dvě věty spojené jen čárkou (bezespoječné připojení hlavní věty); v nadpisu je přirozenější pomlčka nebo dvojtečka.	Pět kroků – po každém dostanete konkrétní výstup	NÍZKÁ
stránka	/	Pět kroků – krok 01 Audit, výstup	report s prioritami A/B/C	C	doporučení	Priority zapsané lomítkem, zatímco stránka Audit měření píše „s prioritou A, B a C“; na webu ×3 (dále meta description auditu „A/B/C“).	report s prioritami A, B a C	NÍZKÁ
stránka	/	S čím pracujeme – štítek	Sklik / Seznam	C	doporučení	Lomítko mezi jednoslovnými výrazy se píše bez mezer (ČSN 01 6910, IJP: lomítko); na webu ×3 (dále /jak-pracujeme tabulka rolí, /sluzby/datova-vrstva „Šablona / SPA“).	Sklik/Seznam	NÍZKÁ
stránka	/	FAQ – odpověď Jak se tvoří cena?	Podle rozsahu: počet webů a domén, platforma e-shopu, kolik reklamních systémů napojujeme a jestli stavíme server-side nebo BigQuery.	A	doporučení	Výčet míchá jmenné členy („počet webů“, „platforma“) s vedlejšími větami („kolik … napojujeme“, „jestli stavíme“); čte se ztěžka.	Podle rozsahu: počet webů a domén, platforma e-shopu, počet napojených reklamních systémů a to, jestli stavíme server-side nebo BigQuery.	NÍZKÁ
stránka	/	FAQ – odpověď Spolupracujete s naším vývojářem nebo agenturou?	Vývojářům dodáme specifikaci datové vrstvy a testovací scénáře, s PPC agenturou se domluvíme na konverzích a jejich hodnotách.	A	doporučení	Dvě hlavní věty s různými podměty spojené jen čárkou; oddělit středníkem nebo spojkou.	Vývojářům dodáme specifikaci datové vrstvy a testovací scénáře; s PPC agenturou se domluvíme na konverzích a jejich hodnotách.	NÍZKÁ
stránka	/	FAQ – odpověď Je server-side tracking v souladu s GDPR?	Právní posouzení konkrétního zpracování patří vašemu právníkovi.	A	doporučení	Vazba „posouzení patří právníkovi“ je neobvyklá (posouzení je věcí/úkolem právníka); stejná myšlenka je jinde na webu formulována lépe („zajišťuje váš právník“).	Právní posouzení konkrétního zpracování je věcí vašeho právníka.	NÍZKÁ
stránka	/	Kontakt – nadpis H2	Pojďme se podívat, kde vám utíkají data	B	doporučení	Výzva „Pojďme…“ je vzorec reklamních a generovaných textů (na webu ×3, dále /sluzby/bigquery „Pojďme spojit vaše data do jednoho místa“, /reseni/b2b „Pojďme zjistit, kolik vás stojí zakázka, ne lead“).	Zjistíme, kde vám utíkají data	STŘEDNÍ
stránka	SPOLEČNÉ	Formulář – chybové hlášení u pole Jméno a příjmení	Napište prosím, jak vám máme říkat.	B	k posouzení	Hlášení neodpovídá poli: pole žádá jméno a příjmení, hláška se ptá, „jak vám máme říkat“ (familiární tón, jako by stačila přezdívka). Na vykajícím, věcném webu působí nesourodě.	Vyplňte prosím jméno a příjmení.	NÍZKÁ
stránka	SPOLEČNÉ	Formulář – ukázkový text v poli zprávy (placeholder na /reseni/b2b-a-lead-generation)	polovina leadů z Google Ads je nekvalitních	A	chyba	Chybná shoda: přísudek se shoduje s podmětem „polovina“, ne s přívlastkem v 2. pádě („polovina leadů je nekvalitní“; IJP – shoda přísudku s podmětem vyjádřeným číslovkou/podílem). Tvar „je nekvalitních“ je hovorový.	polovina leadů z Google Ads je nekvalitní	STŘEDNÍ
stránka	SPOLEČNÉ	Formulář – ukázkový text v poli zprávy (placeholder na /blog)	Napište, na čem jste se zasekli…	B	k posouzení	„Zaseknout se“ je hovorové; v placeholderu snesitelné, ale zbytek formuláře je neutrální.	Napište, s čím si nevíte rady…	NÍZKÁ
stránka	SPOLEČNÉ	Formulář – čip tématu	Cookie lišta a consent	A	doporučení	Anglické „consent“ malým písmem jako obecné slovo vedle českého „souhlas“ jinde ve formuláři a na webu; název funkce „Consent Mode“ je v pořádku, obecné slovo má být česky (na webu „consent“ jako obecné slovo ×20, nejčastěji v kroku 01 postupu „Projdeme GA4, GTM, consent a reklamní systémy“ na 14 stránkách).	Cookie lišta a souhlas	NÍZKÁ
stránka	SPOLEČNÉ	Formulář – hlášení po odeslání (text z JS)	Díky, zpráva dorazila	B	k posouzení	„Díky“ je hovorové (IJP: díky – hovor. za „děkuji“); web jinak vyká a drží věcný tón. Totéž H1 na /dekujeme, zatímco title téže stránky má „Děkujeme za zprávu“.	Děkujeme, zpráva dorazila	NÍZKÁ
stránka	SPOLEČNÉ	Formulář – hlášení po odeslání (text z JS)	Spěchá to? Zavolejte na {phone}.	B	k posouzení	Řečnická otázka v potvrzovacím hlášení; v krátkém UI textu přijatelná, jde o styl.	Pokud to spěchá, zavolejte na {phone}.	NÍZKÁ
stránka	SPOLEČNÉ	Cookie lišta – text	Volbu změníte kdykoli v patičce, podrobnosti najdete v zásadách cookies.	A	doporučení	Dvě hlavní věty spojené jen čárkou (bezespoječně); v krátkém textu lišty lépe dvě věty nebo středník.	Volbu změníte kdykoli v patičce. Podrobnosti najdete v zásadách cookies.	NÍZKÁ
stránka	SPOLEČNÉ	Cookie lišta – panel Nastavení, popis kategorie Marketingové	měření kampaní a remarketing v Google Ads, Meta a Skliku	A	chyba	Nejednotné skloňování ve výčtu: „Skliku“ skloněno, „Meta“ ne; jméno Meta se skloňuje podle vzoru žena (IJP: cizí jména zakončená na -a), web ho jinde skloňuje („v Metě“, „do Mety“). Na webu nesklonná „Meta“ ve výčtech ×9 (meta popisky stránek Audit, BigQuery, Dashboardy, H1 Měření konverzí, cookie lišta).	měření kampaní a remarketing v Google Ads, Metě a Skliku	STŘEDNÍ
stránka	SPOLEČNÉ	Patička – nadpis sloupce	Obsah a firma	A	k posouzení	Nadpis sloupce je neobvyklý (sloupec obsahuje Blog, O nás, Kontakt) a odkaz „Kontakt“ je v patičce dvakrát – jako položka tohoto sloupce i jako nadpis sousedního sloupce.	Sloupec pojmenovat „O nás“ (Blog, O nás, Kontakt) a ve sloupci „Kontakt“ nechat jen e-mail a právní odkazy.	NÍZKÁ
stránka	/cookies	Úvod – odstavec pod H1	Nezbytné cookies drží web v chodu, analytické a marketingové používáme jen se souhlasem.	A	doporučení	Dvě hlavní věty spojené jen čárkou.	Nezbytné cookies drží web v chodu; analytické a marketingové používáme jen se souhlasem.	NÍZKÁ
stránka	/cookies	Jak souhlas funguje – odstavec	Dokud v cookie liště nevyberete, web neukládá žádné analytické ani reklamní cookies.	A	doporučení	Sloveso „vybrat“ bez předmětu (nevyberete co?); čtenář si musí doplnit „možnost“.	Dokud si v cookie liště nic nevyberete, web neukládá žádné analytické ani reklamní cookies.	NÍZKÁ
stránka	/cookies	Jak souhlas funguje – odstavec	volbu můžete kdykoli změnit odkazem Nastavení cookies v patičce	A	k posouzení	„Nastavení cookies“ v patičce je tlačítko, ne odkaz (totéž cookie lišta: „v patičce“). Název prvku by měl odpovídat tomu, co uživatel vidí.	volbu můžete kdykoli změnit tlačítkem Nastavení cookies v patičce	NÍZKÁ
stránka	/cookies	Jak souhlas funguje – odstavec	reklamní cookies	A	doporučení	Nejednotné označení kategorie: v tomto odstavci „reklamní cookies“, v tabulce, cookie liště i v úvodu „marketingové“.	marketingové cookies	NÍZKÁ
stránka	/cookies	Přehled cookies – tabulka, sloupec Platnost	180 dní	C	doporučení	V jednom sloupci se střídají číslice a slova: „180 dní“ vedle „sedm dní“, „dva roky“, „devadesát dní“. V tabulkách se číselné údaje píší číslicemi a jednotně (ČSN 01 6910).	180 dní, 7 dní, 2 roky, 90 dní	NÍZKÁ
stránka	/cookies	Přehled cookies – tabulka, řádek _fbp	Meta pixel měří konverze a publikum pro reklamy na Facebooku a Instagramu.	A	doporučení	Název produktu je „Meta Pixel“ (tak ho web píše na stránkách služeb); malé „p“ je nejednotnost.	Meta Pixel měří konverze a publikum pro reklamy na Facebooku a Instagramu.	NÍZKÁ
stránka	/cookies	Přehled cookies – odstavec pod tabulkou	podle dokumentace Cloudflaru vydává místo cookie jednorázový token	A	k posouzení	Nesklonné „cookie“ v jednotném čísle („místo cookie“) vedle skloňovaného množného „cookies“ v celém textu; IJP připouští obojí, ale v jednom textu působí nejednotně. „Token“ bez vysvětlení.	podle dokumentace Cloudflaru vydává místo cookie jednorázový ověřovací kód (token)	NÍZKÁ
stránka	/zpracovani-osobnich-udaju	Kdo údaje zpracovává – odstavec	Správce osobních údajů je provozovatel webu datalayer.cz.	A	doporučení	Jmenný přísudek v 1. pádě; u identifikace role je v češtině obvyklý 7. pád. Stejně „Právní základ je jednání o smlouvě“ a „Právní základ je náš oprávněný zájem“ (na stránce ×3). Věcně navíc chybí jméno nebo firma správce – viz UX audit.	Správcem osobních údajů je provozovatel webu datalayer.cz. / Právním základem je …	NÍZKÁ
stránka	/zpracovani-osobnich-udaju	Kontaktní formulář – odstavec	Pokud je vyplníte, také telefon, adresu webu a vybraná témata.	A	k posouzení	Věta bez přísudku (elipsa „zpracujeme“) navazující na předchozí větu; v právním textu je bezpečnější věty nevypouštět.	Pokud je vyplníte, zpracujeme také telefon, adresu webu a vybraná témata.	NÍZKÁ
stránka	/zpracovani-osobnich-udaju	Kdo k údajům má přístup – nadpis H2	Kdo k údajům má přístup	A	doporučení	Slovosled: příklonka „má“ patří za první přízvučný člen věty.	Kdo má k údajům přístup	NÍZKÁ
stránka	/zpracovani-osobnich-udaju	Kdo k údajům má přístup – odstavec	rámec EU a USA pro ochranu osobních údajů	C	k posouzení	Název rámce se obvykle uvádí jako „rámec EU–USA pro ochranu údajů“ (EU-US Data Privacy Framework) s pomlčkou mezi stranami; spojení „EU a USA“ není chyba, ale neodpovídá zavedenému překladu (na stránce Velké firmy je „rámec EU–US Data Privacy Framework“ – třetí varianta).	rámec EU–USA pro ochranu údajů (Data Privacy Framework)	NÍZKÁ
stránka	/dekujeme	Úvod – odstavec	Ozveme se vám do jednoho pracovního dne. Spěchá to? Napište na one@datalayer.cz.	B	k posouzení	Řečnická otázka; po odeslání formuláře nabízí jako rychlejší cestu opět e-mail (na rozdíl od hlášení ve formuláři, které nabízí telefon) – obsahově slabé, dokud web nemá telefon.	Ozveme se vám do jednoho pracovního dne. Pokud to spěchá, napište na one@datalayer.cz.	NÍZKÁ
vzorec:ads	/sluzby/implementace-ga4	Hlavička – meta description (×3: description, og, twitter)	e-commerce, leady, Ads, BigQuery	A	doporučení	Zkrácené „Ads“ je bez „Google“ nejednoznačné; všude jinde na stránce „Google Ads“.	e-commerce, leady, Google Ads, BigQuery	NÍZKÁ
vzorec:ads	/sluzby/bigquery	Hlavička – meta description	z Ads, Meta a Skliku	A	k posouzení	Nejednotné skloňování a pojmenování: „Meta“ zůstává po předložce „z“ nesklonné, zatímco „Skliku“ je skloněno, a „Ads“ stojí bez „Google“; ve viditelném textu stránky je „z Google Ads, Mety a Skliku“, ve schématu zase „Meta Ads“. Značku lze nechat nesklonnou, ale pak jednotně na celé stránce.	z Google Ads, Mety a Skliku	NÍZKÁ
vzorec:ads	/sluzby/dashboardy-a-reporting	Hlavička – meta description	Data z GA4, Ads, Meta, Skliku i ERP.	A	k posouzení	Nejednotné skloňování a pojmenování: po předložce „z“ je „Skliku“ skloněno, „Meta“ ne, přestože stránka jinde skloňuje („napojíme na … Metu“, „z GA4, Ads, Mety“); „Ads“ stojí bez „Google“ (na stránce ×3, dále: „čísla z GA4, Ads, Mety“ v kartě Pondělní Excel, „Ads a Search Console přes BigQuery“ v tabulce). Stejný text je v og a twitter description.	Data z GA4, Google Ads, Mety, Skliku i ERP.	NÍZKÁ
vzorec:ads	/sluzby/audit-mereni	Hlavička – meta description	Nevěříte číslům v GA4? Audit měření prověří GA4, GTM, souhlas i konverze v Ads a Meta	A	doporučení	Nejednotné názvy systémů: „Ads“ místo „Google Ads“ a nesklonné „Meta“, zatímco v úvodním odstavci a FAQ je „v Metě a Skliku“ (sklonné). Na stránce ×3 (dále: JSON-LD description „v Google Ads, Meta a Skliku“; úvod „Google Ads, Metě a Skliku“).	Nevěříte číslům v GA4? Audit měření prověří GA4, GTM, souhlas i konverze v Google Ads a Metě a porovná je s e-shopem.	NÍZKÁ
vzorec:ads	/reseni/e-shopy	Čtyři úrovně měření – úroveň 1 Základ	konverze pro Ads, Metu, Sklik i Heureku	A	doporučení	Zkrácené „Ads“ vedle plného „Google Ads“ (hero, schéma, meta description); samotné „Ads“ je dvojznačné (Meta Ads, Lead Ads); dále odkaz „Měření konverzí Ads, Meta, Sklik i Heureka vidí totéž“	konverze pro Google Ads, Metu, Sklik i Heureku	NÍZKÁ
vzorec:ads	/reseni/b2b-a-lead-generation	pokračujte – odkaz	Měření konverzí Ads, Meta, Sklik i Heureka vidí totéž	A	doporučení	Zkrácené „Ads“, zatímco celá stránka píše „Google Ads“; samotné „Ads“ je dvojznačné (Meta Ads, Lead Ads)	Měření konverzí Google Ads, Meta, Sklik i Heureka vidí totéž	NÍZKÁ
vzorec:ads	/sluzby	Jedenáct služeb ve třech skupinách – karta služby (odkaz)	Měření konverzí Ads, Meta, Sklik i Heureka vidí totéž	A	k posouzení	„Ads“ bez „Google“ je samo o sobě dvojznačné (Google Ads, Meta Ads, Lead Ads); jinde na webu důsledně „Google Ads“. Jde o společný text karet, zkrácení může být kvůli délce záměrné.	Měření konverzí Google Ads, Meta, Sklik i Heureka vidí totéž	NÍZKÁ
vzorec:ads	/	Služby – popisek služby v pipeline (shodně mega menu a /sluzby)	Ads, Meta, Sklik i Heureka vidí totéž	A	doporučení	Samotné „Ads“ bez „Google“ je dvojznačné (Google Ads, Meta Ads, Lead Ads); web jinde důsledně píše „Google Ads“ (na webu ×7 v meta popiscích a popiscích služeb).	Google Ads, Meta, Sklik i Heureka vidí totéž	NÍZKÁ
vzorec:poznavate	/sluzby/implementace-ga4	Poznáváte se? – nadpis H2	Poznáváte se?	B	k posouzení	Řečnická otázka v nadpisu (stejný vzorec na stránce GTM „Poznáváte svůj Tag Manager?“); jako uvození symptomů funguje, brief ale řadí řečnické otázky k reklamním efektům – rozhodnout jednotně pro celý web.	Typické příznaky	NÍZKÁ
vzorec:poznavate	/sluzby/google-tag-manager	Poznáváte svůj Tag Manager? – nadpis H2	Poznáváte svůj Tag Manager?	A	doporučení	Tři varianty názvu nástroje na jedné stránce: „Google Tag Manager“, „GTM“ a zkrácené „Tag Manager“ (zde a v kontaktním H2 „Uklidíme váš Tag Manager“); u placené verze „Tag Manager 360“ (FAQ, Oprávnění) vs. „GTM 360“ (tabulka, řádek Náklady na provoz). Nadpis je navíc řečnická otázka (viz stejný vzorec na stránce GA4).	Poznáváte svůj kontejner GTM?	NÍZKÁ
vzorec:poznavate	/sluzby/datova-vrstva	Poznáváte se?, nadpis H2	Poznáváte se?	B	k posouzení	Řečnická otázka jako nadpis sekce (vzorec opakovaný na stránkách služeb); věcnější je pojmenovat obsah sekce.	Typické příznaky	NÍZKÁ
vzorec:poznavate	/sluzby/server-side-tracking	Poznáváte se?, nadpis H2	Poznáváte se?	B	k posouzení	Řečnická otázka jako nadpis sekce (vzorec opakovaný na stránkách služeb); věcnější je pojmenovat obsah sekce.	Typické příznaky	NÍZKÁ
vzorec:poznavate	/sluzby/cookie-lista-consent-mode	Poznáváte se? – nadpis H2	Poznáváte se?	B	doporučení	Rétorická otázka v nadpisu sekce (brief B); táž sekce má na stránce Měření konverzí jiné znění („Které z toho znáte?“), vzor tedy není ani jednotný.	Typické příznaky	NÍZKÁ
vzorec:poznavate	/sluzby/mereni-konverzi	Které z toho znáte? – nadpis H2	Které z toho znáte?	B	doporučení	Rétorická otázka v nadpisu sekce (brief B); táž sekce má na stránce Cookie lišta znění „Poznáváte se?“ – vzor není jednotný.	Typické příznaky	NÍZKÁ
vzorec:poznavate	/sluzby/bigquery	Poznáváte se? – nadpis H2	Poznáváte se?	B	k posouzení	Řečnická otázka v nadpisu; jde o opakující se vzor celého webu, proto spíš k hromadnému posouzení (na stránce ×2, dále: „Nenašli jste odpověď? Napište nám.“ v sekci Časté otázky).	Typické potíže	NÍZKÁ
vzorec:poznavate	/sluzby/dashboardy-a-reporting	Poznáváte se? – nadpis H2	Poznáváte se?	B	k posouzení	Řečnická otázka v nadpisu; opakující se vzor celého webu, proto spíš k hromadnému posouzení (na stránce ×2, dále: „Nenašli jste odpověď? Napište nám.“ v sekci Časté otázky).	Typické potíže	NÍZKÁ
vzorec:poznavate	/sluzby/audit-mereni	Poznáváte se? – nadpis H2	Poznáváte se?	B	k posouzení	Řečnická otázka v nadpisu; na stránce je jich víc (×5, dále: meta „Nevěříte číslům v GA4?“, „Potřebujete jen kontrolu kontejneru?“, „Nevíte, jestli audit potřebujete?“, „Nenašli jste odpověď?“). Jde o vzor celého webu a otázky jsou věcné, proto k posouzení – věcnější alternativa je oznamovací nadpis.	Kdy se audit vyplatí	NÍZKÁ
vzorec:poznavate	/sluzby/technicky-audit-webu	Poznáváte se? – nadpis H2	Poznáváte se?	B	k posouzení	Řečnická otázka v nadpisu; na stránce ×4 (dále: „SEO audit, technický audit, nebo audit měření?“, „Nenašli jste odpověď?“, FAQ „Musíme se jich vzdát?“). Vzor celého webu, otázky jsou věcné – k posouzení.	Kdy dává technický audit smysl	NÍZKÁ
vzorec:poznavate	/sluzby/sprava-webu-a-mereni	Znáte to? – nadpis H2	Znáte to?	B	k posouzení	Řečnická otázka v nadpisu (vzor celého webu); na stránce ×3 (dále: „Chcete nejdřív jen jednorázovou kontrolu?“, „Nenašli jste odpověď?“). Otázky jsou věcné, proto jen k posouzení.	Kdy má správa s hlídáním měření smysl	NÍZKÁ
vzorec:poznavate	/reseni/e-shopy	Poznáváte se? – nadpis H2	Poznáváte se?	B	k posouzení	Řečnická otázka v nadpisu (brief ji řadí k vzorcům); jde o vzor opakovaný na všech stránkách řešení, funkčně uvozuje seznam symptomů – posoudit hromadně	Typické potíže e-shopů	NÍZKÁ
vzorec:poznavate	/reseni/b2b-a-lead-generation	Poznáváte se? – nadpis H2	Poznáváte se?	B	k posouzení	Řečnická otázka v nadpisu (brief ji řadí k vzorcům); vzor opakovaný na všech stránkách řešení, funkčně uvozuje seznam symptomů – posoudit hromadně	Typické potíže B2B firem	NÍZKÁ
vzorec:poznavate	/reseni/velke-firmy	Poznáváte se? – nadpis H2	Poznáváte se?	B	k posouzení	Řečnická otázka v nadpisu (brief ji řadí k vzorcům); vzor opakovaný na všech stránkách řešení, funkčně uvozuje seznam symptomů – posoudit hromadně	Typické potíže velkých firem	NÍZKÁ
vzorec:krok01consent	/sluzby/implementace-ga4	Jak implementace probíhá – krok 01 Audit	Projdeme GA4, GTM, consent a reklamní systémy	A	doporučení	Nejednotná terminologie: „consent“ (krok 01) vs. „souhlas“ ve zbytku stránky (odrážka Souhlas., „odmítnutým souhlasem“, „chybějící souhlas“); název produktu „Consent Mode v2“ ponechat.	Projdeme GA4, GTM, souhlas a reklamní systémy	NÍZKÁ
vzorec:krok01consent	/sluzby/datova-vrstva	Jak spolupráce probíhá, krok 01 Audit	Projdeme GA4, GTM, consent a reklamní systémy	A	k posouzení	Terminologická nejednotnost: zde „consent“, jinde na stránce „souhlas“ („a to až po souhlasu návštěvníka“). Pokud „consent“ označuje nástroj (cookie lištu), je lepší to říct.	Projdeme GA4, GTM, cookie lištu a reklamní systémy	NÍZKÁ
vzorec:krok01consent	/sluzby/server-side-tracking	Jak nasazení probíhá, krok 01 Audit	Projdeme GA4, GTM, consent a reklamní systémy	A	k posouzení	Terminologická nejednotnost: v kroku 01 „consent“, všude jinde na stránce „souhlas“ („Matice souhlasu“, „podle souhlasu návštěvníka“, „v souladu se souhlasem“).	Projdeme GA4, GTM, cookie lištu a reklamní systémy	NÍZKÁ
vzorec:krok01consent	/sluzby/cookie-lista-consent-mode	Jak to probíhá – krok 01 Audit	Projdeme GA4, GTM, consent a reklamní systémy	A	doporučení	Terminologická nejednotnost „consent“ vs. „souhlas“: celá stránka používá „souhlas“, jen zde (a ve štítku „[ consent ]“) stojí anglické „consent“ jako název oblasti.	Projdeme GA4, GTM, cookie lištu a reklamní systémy	NÍZKÁ
vzorec:krok01consent	/sluzby/mereni-konverzi	Jak nastavení probíhá – krok 01 Audit	Projdeme GA4, GTM, consent a reklamní systémy	A	doporučení	Terminologická nejednotnost „consent“ vs. „souhlas“: stránka jinak důsledně používá „souhlas“.	Projdeme GA4, GTM, cookie lištu a reklamní systémy	NÍZKÁ
vzorec:byznys	/sluzby/implementace-ga4	Jak implementace probíhá – krok 02 Měřicí plán	Byznys cíle převedeme na události	A	doporučení	Anglická stavba „business goals“ – nesklonné podstatné jméno v roli přívlastku; česky přídavné jméno.	Obchodní cíle převedeme na události	STŘEDNÍ
vzorec:byznys	/sluzby/google-tag-manager	Jak spolupráce probíhá – krok 02 Měřicí plán	Byznys cíle převedeme na události	A	doporučení	Anglická stavba „business goals“ – nesklonné podstatné jméno v roli přívlastku; česky přídavné jméno.	Obchodní cíle převedeme na události	STŘEDNÍ
vzorec:byznys	/sluzby/datova-vrstva	Jak spolupráce probíhá, krok 02 Měřicí plán	Byznys cíle převedeme na události, parametry a pravidla pojmenování.	A	doporučení	„Byznys cíle“ je anglická stavba (podstatné jméno v roli přívlastku, business goals); česky přídavné jméno.	Obchodní cíle převedeme na události, parametry a pravidla pojmenování.	STŘEDNÍ
vzorec:byznys	/sluzby/server-side-tracking	Jak nasazení probíhá, krok 02 Měřicí plán	Byznys cíle převedeme na události, parametry a pravidla pojmenování.	A	doporučení	„Byznys cíle“ je anglická stavba (podstatné jméno v roli přívlastku, business goals); česky přídavné jméno.	Obchodní cíle převedeme na události, parametry a pravidla pojmenování.	STŘEDNÍ
vzorec:byznys	/sluzby/cookie-lista-consent-mode	Jak to probíhá – krok 02 Měřicí plán	Byznys cíle převedeme na události	A	doporučení	Anglicismus a anglická stavba (podstatné jméno jako nesklonný přívlastek: „byznys cíle“ = business goals); běžný český ekvivalent existuje.	Obchodní cíle převedeme na události, parametry a pravidla pojmenování.	STŘEDNÍ
vzorec:byznys	/sluzby/mereni-konverzi	Jak nastavení probíhá – krok 02 Měřicí plán	Byznys cíle převedeme na události	A	doporučení	Anglicismus a anglická stavba (podstatné jméno jako nesklonný přívlastek: „byznys cíle“ = business goals); běžný český ekvivalent existuje.	Obchodní cíle převedeme na události, parametry a pravidla pojmenování.	STŘEDNÍ
vzorec:byznys	/sluzby/bigquery	Jak postupujeme – krok 02 Měřicí plán	Byznys cíle převedeme na události	A	doporučení	„Byznys cíle“ je anglická stavba (business goals) – nesklonný přívlastek před jménem; česky „obchodní cíle“ nebo „cíle firmy“. (na stránce ×2: karta kroku i odstavec pod H3)	Cíle firmy převedeme na události, parametry a pravidla pojmenování.	STŘEDNÍ
vzorec:byznys	/sluzby/dashboardy-a-reporting	Jak postupujeme – krok 02 Měřicí plán	Byznys cíle převedeme na události	A	doporučení	„Byznys cíle“ je anglická stavba (business goals) – nesklonný přívlastek před jménem; česky „obchodní cíle“ nebo „cíle firmy“. (na stránce ×2: karta kroku i odstavec pod H3)	Cíle firmy převedeme na události, parametry a pravidla pojmenování.	STŘEDNÍ
vzorec:byznys	/sluzby/audit-mereni	Jak audit probíhá – krok 02 Měřicí plán	Byznys cíle převedeme na události, parametry a pravidla pojmenování.	A	doporučení	„Byznys cíle“ je anglická stavba řetězce podstatných jmen (business goals); česky se přívlastek vyjadřuje přídavným jménem. Sdílený blok postupu – stejný text je i na ostatních stránkách služeb.	Obchodní cíle převedeme na události, parametry a pravidla pojmenování.	STŘEDNÍ
vzorec:byznys	/sluzby/technicky-audit-webu	Jak audit probíhá – krok 02 Měřicí plán	Byznys cíle převedeme na události, parametry a pravidla pojmenování.	A	doporučení	„Byznys cíle“ je anglická stavba řetězce podstatných jmen (business goals); česky přídavným jménem. Sdílený blok postupu.	Obchodní cíle převedeme na události, parametry a pravidla pojmenování.	STŘEDNÍ
vzorec:byznys	/sluzby/sprava-webu-a-mereni	Jak začínáme – krok 02 Měřicí plán	Byznys cíle převedeme na události, parametry a pravidla pojmenování.	A	doporučení	„Byznys cíle“ je anglická stavba řetězce podstatných jmen (business goals); česky přídavným jménem. Sdílený blok postupu.	Obchodní cíle převedeme na události, parametry a pravidla pojmenování.	STŘEDNÍ
vzorec:byznys	/reseni/e-shopy	Jak postupujeme – krok 02 Měřicí plán	Byznys cíle převedeme na události, parametry a pravidla pojmenování.	A	doporučení	Anglická stavba „business goals“: dvě podstatná jména vedle sebe místo přídavného jména; česky „obchodní cíle“ (na stránce ×2: odrážka postupu i odstavec kroku)	Obchodní cíle převedeme na události, parametry a pravidla pojmenování.	STŘEDNÍ
vzorec:byznys	/reseni/b2b-a-lead-generation	Jak postupujeme – krok 02 Měřicí plán	Byznys cíle převedeme na události, parametry a pravidla pojmenování.	A	doporučení	Anglická stavba „business goals“: dvě podstatná jména vedle sebe místo přídavného jména; česky „obchodní cíle“ (na stránce ×2: odrážka postupu i odstavec kroku)	Obchodní cíle převedeme na události, parametry a pravidla pojmenování.	STŘEDNÍ
vzorec:byznys	/reseni/velke-firmy	Jak postupujeme u velkého projektu – krok 02 Měřicí plán	Byznys cíle převedeme na události, parametry a pravidla pojmenování.	A	doporučení	Anglická stavba „business goals“: dvě podstatná jména vedle sebe místo přídavného jména; česky „obchodní cíle“ (na stránce ×2: odrážka postupu i odstavec kroku)	Obchodní cíle převedeme na události, parametry a pravidla pojmenování.	STŘEDNÍ
vzorec:techdetaily	/sluzby/implementace-ga4	Časté otázky – rozbalovací blok (summary)	Technické detaily: nastavení property a limity GA4	B	doporučení	Nadpis ve vzorci „Téma: Podtitul“ (AI stopa; na stránce ×2, dále: „Volitelně: školení GA4“).	Technické detaily k nastavení property a limitům GA4	NÍZKÁ
vzorec:techdetaily	/sluzby/datova-vrstva	Časté otázky, rozbalovací blok (summary)	Technické detaily: ukázka purchase a akceptační kritéria	B	k posouzení	Nadpis ve tvaru „Téma: podtitul“ (vzorec AI textů); u rozbalovacího bloku je snesitelný, přímější je věta bez dvojtečky.	Ukázka události purchase s akceptačními kritérii	NÍZKÁ
vzorec:techdetaily	/sluzby/server-side-tracking	Časté otázky, rozbalovací blok (summary)	Technické detaily: co jde přes server a co zůstává v prohlížeči	B	k posouzení	Nadpis ve tvaru „Téma: podtitul“ (vzorec AI textů); přímější je věta bez dvojtečky.	Co jde přes server a co zůstává v prohlížeči	NÍZKÁ
vzorec:techdetaily	/sluzby/mereni-konverzi	Časté otázky – souhrn Technické detaily; title	Technické detaily: deduplikace a parametry po systémech	B	doporučení	Nadpis ve tvaru „Téma: podtitul“ (vzorec AI textů, brief B); stejně title „Měření konverzí: Ads, Meta, Sklik, Heureka“.	Technické detaily – deduplikace a parametry v jednotlivých systémech	NÍZKÁ
vzorec:techdetaily	/sluzby/bigquery	Časté otázky – rozbalovací blok Technické detaily (summary)	Technické detaily: ukázka SQL a poznámky ke zdrojům	B	doporučení	Nadpis ve tvaru „Téma: Podtitul“ – vzorec typický pro AI texty.	Technické detaily k ukázce SQL a ke zdrojům	NÍZKÁ
vzorec:techdetaily	/sluzby/dashboardy-a-reporting	Časté otázky – rozbalovací blok Technické detaily (summary)	Technické detaily: sladění s účetnictvím a srovnání Data Studia s Power BI	B	doporučení	Nadpis ve tvaru „Téma: Podtitul“ – vzorec typický pro AI texty.	Technické detaily ke sladění s účetnictvím a srovnání Data Studia s Power BI	NÍZKÁ
vzorec:techdetaily	/sluzby/audit-mereni	Časté otázky – rozbalovací blok Technické detaily (summary)	Technické detaily: struktura reportu, priority a přístupy k auditu	A	doporučení	„Přístupy k auditu“ je dvojznačné – čte se jako „způsoby, jak k auditu přistupujeme“, míněna jsou ale přístupová oprávnění (tabulka „Přístupy a podklady“).	Technické detaily: struktura reportu, priority a potřebné přístupy a podklady	NÍZKÁ
vzorec:techdetaily	/reseni/e-shopy	Časté otázky – rozbalovací blok Technické detaily, nadpis	Technické detaily: na co si dát pozor u jednotlivých platforem	B	doporučení	Nadpis typu „Téma: podtitul“ (vzorec z briefu)	Na co si dát pozor u jednotlivých platforem	NÍZKÁ
vzorec:tricet	/sluzby/implementace-ga4	Nastavíme GA4 tak, aby čísla seděla s tržbami (kontakt) – odrážka Co se stane po odeslání	Na třicet minut projdeme web a cíle.	A	doporučení	Předložková vazba „na třicet minut“ vyjadřuje trvání stavu (sejít se na 30 minut), ne průběh činnosti; s „projdeme“ zní cize.	Během třiceti minut projdeme web a cíle.	STŘEDNÍ
vzorec:tricet	/sluzby/google-tag-manager	Uklidíme váš Tag Manager (kontakt) – odrážka Co se stane po odeslání	Na třicet minut projdeme web a cíle.	A	doporučení	Předložková vazba „na třicet minut“ vyjadřuje trvání stavu (sejít se na 30 minut), ne průběh činnosti; s „projdeme“ zní cize.	Během třiceti minut projdeme web a cíle.	STŘEDNÍ
vzorec:tricet	/sluzby/datova-vrstva	Připravíme zadání datové vrstvy pro vaše vývojáře, odrážka Co se stane po odeslání	Na třicet minut projdeme web a cíle.	A	doporučení	Předložka „na“ s časovým údajem vyjadřuje, na jak dlouho někam jdeme („odskočit si na třicet minut“); s „projdeme“ nesedí.	Na třicetiminutové schůzce projdeme web a cíle.	NÍZKÁ
vzorec:tricet	/sluzby/server-side-tracking	Probereme, jestli se vám server-side vyplatí, odrážka Co se stane po odeslání	Na třicet minut projdeme web a cíle.	A	doporučení	Předložka „na“ s časovým údajem vyjadřuje, na jak dlouho někam jdeme („odskočit si na třicet minut“); s „projdeme“ nesedí.	Na třicetiminutové schůzce projdeme web a cíle.	NÍZKÁ
vzorec:tricet	/sluzby/bigquery	Kontakt – odrážka Co se stane po odeslání	Na třicet minut projdeme web a cíle.	A	doporučení	Předložka „na“ s časovým údajem vyjadřuje dobu trvání u sloves jako „sejít se“; se slovesem „projdeme“ vazba nesedí, náležité je „za třicet minut“ nebo „během třiceti minut“. Odstavec nad tím navíc slibuje, že konzultace projde „zdroje dat“, ne web.	Během třiceti minut projdeme zdroje dat a cíle.	STŘEDNÍ
vzorec:tricet	/sluzby/dashboardy-a-reporting	Kontakt – odrážka Co se stane po odeslání	Na třicet minut projdeme web a cíle.	A	doporučení	Předložka „na“ s časovým údajem vyjadřuje dobu trvání u sloves jako „sejít se“; se slovesem „projdeme“ vazba nesedí, náležité je „za třicet minut“ nebo „během třiceti minut“. Odstavec nad tím navíc slibuje, že projdeme „co dnes reportujete“, ne web.	Během třiceti minut projdeme, co dnes reportujete, a vaše cíle.	STŘEDNÍ
vzorec:tricet	/sluzby/audit-mereni	Zjistěte, kde utíkají data – seznam Co se stane po odeslání	Na třicet minut projdeme web a cíle.	A	k posouzení	Vazba „na třicet minut projdeme“ je hovorová (příslovečné určení „na + dobu“ se pojí s trváním stavu, ne s dokonavým „projdeme“). Sdílený kontaktní blok všech stránek.	Na třicetiminutovém hovoru projdeme web a cíle.	NÍZKÁ
vzorec:tricet	/sluzby/technicky-audit-webu	Zjistěte, co brzdí váš web – seznam Co se stane po odeslání	Na třicet minut projdeme web a cíle.	A	k posouzení	Vazba „na třicet minut projdeme“ je hovorová (určení „na + dobu“ se pojí s trváním, ne s dokonavým „projdeme“). Sdílený kontaktní blok všech stránek.	Na třicetiminutovém hovoru projdeme web a cíle.	NÍZKÁ
vzorec:tricet	/sluzby/sprava-webu-a-mereni	Ať měření po dalším releasu nepřestane fungovat – seznam Co se stane po odeslání	Na třicet minut projdeme web a cíle.	A	k posouzení	Vazba „na třicet minut projdeme“ je hovorová (určení „na + dobu“ se pojí s trváním, ne s dokonavým „projdeme“). Sdílený kontaktní blok všech stránek.	Na třicetiminutovém hovoru projdeme web a cíle.	NÍZKÁ
vzorec:tricet	/reseni/velke-firmy	Kontakt – seznam Co se stane po odeslání	Na třicet minut projdeme web a cíle.	B	k posouzení	Věcný rozpor v téže sekci: odstavec slibuje „úvodní hodinovou schůzku“ a projití domén, trhů a agentur, šablonový seznam kroků mluví o třiceti minutách a „webu a cílech“ a o „konzultaci“	Na hodinu projdeme domény, trhy, agentury a cíle.	STŘEDNÍ
vzorec:slib	/sluzby/datova-vrstva	Úvod (hero), mikrocopy pod tlačítky	odpovíme do jednoho pracovního dne	B	k posouzení	Nejednotný slib: v hero bez výhrady, v kontaktní sekci „obvykle do jednoho pracovního dne“. Sjednotit, aby jeden text neslíbil víc než druhý.	odpovíme obvykle do jednoho pracovního dne	NÍZKÁ
vzorec:slib	/sluzby/server-side-tracking	Probereme, jestli se vám server-side vyplatí, odstavec pod H2	Odpovídáme do jednoho pracovního dne.	B	k posouzení	O řádek níž stojí „obvykle do jednoho pracovního dne“; jeden text slibuje bez výhrady, druhý s výhradou – sjednotit.	Odpovídáme obvykle do jednoho pracovního dne.	NÍZKÁ
vzorec:slib	/reseni/e-shopy	hero – řádek pod tlačítky	odpovídáme do jednoho pracovního dne	B	k posouzení	Rozpor v závaznosti slibu: hero slibuje bezvýhradně, sekce Kontakt uvádí „obvykle do jednoho pracovního dne“	odpovídáme obvykle do jednoho pracovního dne	NÍZKÁ
vzorec:slib	/reseni/b2b-a-lead-generation	hero – řádek pod tlačítky	odpověď do jednoho pracovního dne	B	k posouzení	Rozpor v závaznosti slibu: hero slibuje bezvýhradně, sekce Kontakt uvádí „obvykle do jednoho pracovního dne“	odpověď obvykle do jednoho pracovního dne	NÍZKÁ
vzorec:slib	/sluzby	Popište problém, služby vybereme spolu – kontaktní blok (štítek u jména)	obvykle do jednoho pracovního dne	B	k posouzení	Nejednotný slib na jedné stránce: úvod slibuje „odpověď do jednoho pracovního dne“ a kroky „Do jednoho pracovního dne navrhneme termín.“, štítek u jména zmírňuje na „obvykle“.	Sjednotit – buď všude „obvykle do jednoho pracovního dne“, nebo ve štítku „do jednoho pracovního dne“.	NÍZKÁ
vzorec:slib	/jak-pracujeme	Začněme třicetiminutovou konzultací – kontaktní blok (štítek u jména)	obvykle do jednoho pracovního dne	B	k posouzení	Nejednotný slib na jedné stránce: úvod slibuje „odpověď do jednoho pracovního dne“, štítek u jména zmírňuje na „obvykle“.	Sjednotit – buď všude „obvykle do jednoho pracovního dne“, nebo ve štítku „do jednoho pracovního dne“.	NÍZKÁ
vzorec:slib	/o-nas	Chcete nás nejdřív poznat? Napište Vítovi – kontaktní blok (štítek u jména)	obvykle do jednoho pracovního dne	B	k posouzení	Nejednotný slib na jedné stránce: úvod „odpověď do jednoho pracovního dne“ a FAQ „Ozve se do jednoho pracovního dne“, štítek u jména zmírňuje na „obvykle“.	Sjednotit – buď všude „obvykle do jednoho pracovního dne“, nebo ve štítku „do jednoho pracovního dne“.	NÍZKÁ
vzorec:slib	/kontakt	Napište nám, co řešíte – kontaktní blok (štítek u jména)	obvykle do jednoho pracovního dne	B	k posouzení	Nejednotný slib: H1 a odrážky slibují „do jednoho pracovního dne“, štítek u jména zmírňuje na „obvykle“.	Sjednotit – buď všude „obvykle do jednoho pracovního dne“, nebo ve štítku „do jednoho pracovního dne“.	NÍZKÁ
vzorec:slib	SPOLEČNÉ	Formulář – poznámka pod tlačítkem (a hero stránek)	Ozveme se do jednoho pracovního dne.	B	doporučení	Slib „do jednoho pracovního dne“ se na webu objevuje bez výhrady (formulář, hero stránek, úspěšné odeslání, /kontakt) i s výhradou „obvykle do jednoho pracovního dne“ (štítek u jména v každém kontaktním bloku). Dvě verze téhož slibu vedle sebe snižují důvěryhodnost; zvolit jednu (na webu „do jednoho pracovního dne“ ×46, z toho „obvykle“ ×17).	Sjednotit: buď všude „do jednoho pracovního dne“, nebo všude „obvykle do jednoho pracovního dne“.	NÍZKÁ
vzorec:davasmysl	/sluzby/server-side-tracking	Poznáváte se?, úvodní odstavec	Server-side dává smysl, když měření funguje	A	k posouzení	„Dávat smysl“ je rozšířený kalk z „make sense“; česky „mít smysl“, „vyplatit se“. (na stránce ×2, dále: H3 „Dává smysl, když…“)	Server-side má smysl, když měření funguje	NÍZKÁ
vzorec:davasmysl	/reseni/b2b-a-lead-generation	Poznáváte se? – úvodní odstavec	Měření do CRM dává smysl, když reklama přivádí poptávky	A	k posouzení	„Dávat smysl“ je kalk z „make sense“, dnes v úzu rozšířený; věcnější je „má smysl“	Měření do CRM má smysl, když reklama přivádí poptávky, ale nikdo neví, které z nich končí zakázkou.	NÍZKÁ
vzorec:davasmysl	/reseni/velke-firmy	Časté otázky – odpověď Potřebujeme Google Analytics 360?	GA4 360 dává smysl, když denně posíláte	A	k posouzení	„Dávat smysl“ je kalk z „make sense“, dnes v úzu rozšířený; věcnější je „má smysl“ / „se vyplatí“	GA4 360 se vyplatí, když denně posíláte víc než milion událostí	NÍZKÁ
vzorec:nenasli	/sluzby/server-side-tracking	Časté otázky, úvodní odstavec	Nenašli jste odpověď? Napište nám.	B	doporučení	Řečnická otázka s výzvou; výzva k napsání se opakuje o pár řádků níž v kontaktní sekci – nadbytečná CTA.	Další otázky zodpovíme e-mailem.	NÍZKÁ
vzorec:odvas	/sluzby/audit-mereni	Jak audit probíhá – popisek kroku 01	od vás: přístupy pro čtení	C	k posouzení	Popisek začíná malým písmenem a navazuje za větou ukončenou tečkou („...s administrací. od vás: ...“). Pokud je v layoutu vizuálně oddělený (samostatný řádek/štítek), je to v pořádku; v lineárním čtení (čtečky, vyhledávače) působí jako chyba. Na stránce ×5 (u všech kroků).	Od vás: přístupy pro čtení	NÍZKÁ
vzorec:odvas	/sluzby/technicky-audit-webu	Jak audit probíhá – popisek kroku 01	od vás: přístupy pro čtení	C	k posouzení	Popisek začíná malým písmenem za větou ukončenou tečkou; pokud je v layoutu vizuálně oddělený, je to v pořádku, v lineárním čtení působí jako chyba. Na stránce ×5 (u všech kroků).	Od vás: přístupy pro čtení	NÍZKÁ
vzorec:odvas	/sluzby/sprava-webu-a-mereni	Jak začínáme – popisek kroku 01	od vás: přístupy pro čtení	C	k posouzení	Popisek začíná malým písmenem za větou ukončenou tečkou; pokud je v layoutu vizuálně oddělený, je to v pořádku, v lineárním čtení působí jako chyba. Na stránce ×5 (u všech kroků).	Od vás: přístupy pro čtení	NÍZKÁ
