znak	url	region	tag	sekce	kontext	celý_text
svislítko | v textu	/	head	title	hlavička	 analytika a měření pro e-shopy a firmy | datalayer.cz	Webová analytika a měření pro e-shopy a firmy | datalayer.cz
pomlčka „–“ (U+2013)	/	head	meta:description	hlavička	t Mode v2. Měření, které sedí s tržbami – s dokumentací. Konzultace zdarma.	Implementace GA4, Google Tag Manager, server-side tracking a Consent Mode v2. Měření, které sedí s tržbami – s dokumentací. Konzultace zdarma.
svislítko | v textu	/	head	meta:og:title	hlavička	 analytika a měření pro e-shopy a firmy | datalayer.cz	Webová analytika a měření pro e-shopy a firmy | datalayer.cz
pomlčka „–“ (U+2013)	/	head	meta:og:description	hlavička	t Mode v2. Měření, které sedí s tržbami – s dokumentací. Konzultace zdarma.	Implementace GA4, Google Tag Manager, server-side tracking a Consent Mode v2. Měření, které sedí s tržbami – s dokumentací. Konzultace zdarma.
svislítko | v textu	/	head	meta:twitter:title	hlavička	 analytika a měření pro e-shopy a firmy | datalayer.cz	Webová analytika a měření pro e-shopy a firmy | datalayer.cz
pomlčka „–“ (U+2013)	/	head	meta:twitter:description	hlavička	t Mode v2. Měření, které sedí s tržbami – s dokumentací. Konzultace zdarma.	Implementace GA4, Google Tag Manager, server-side tracking a Consent Mode v2. Měření, které sedí s tržbami – s dokumentací. Konzultace zdarma.
otazník	/	jsonld	jsonld:mainEntity.name	JSON-LD	šími e-shopy, nebo jen s velkými firmami?	Pracujete i s menšími e-shopy, nebo jen s velkými firmami?
pomlčka „–“ (U+2013)	/	jsonld	jsonld:mainEntity.acceptedAnswer.text	JSON-LD	ery doporučujeme až tam, kde se vyplatí – a řekneme vám to rovnou.	S obojím. U menších e-shopů obvykle začínáme auditem a opravou základního měření: GA4, consentu a konverzí. Server-side a BigQuery doporučujeme až tam, kde se vyplatí – a řekneme vám to rovnou.
otazník	/	jsonld	jsonld:mainEntity.name	JSON-LD	Komu patří účty a data?	Komu patří účty a data?
otazník	/	jsonld	jsonld:mainEntity.name	JSON-LD	Jak se tvoří cena?	Jak se tvoří cena?
otazník	/	jsonld	jsonld:mainEntity.name	JSON-LD	acujete s naším vývojářem nebo agenturou?	Spolupracujete s naším vývojářem nebo agenturou?
otazník	/	jsonld	jsonld:mainEntity.name	JSON-LD	Je server-side tracking v souladu s GDPR?	Je server-side tracking v souladu s GDPR?
šipka →	SPOLEČNÉ/header	header	a	header	Všechny služby →	Všechny služby →
hranaté závorky [ ]	SPOLEČNÉ/header	header	a	header	[ Konzultovat projekt ]	[ Konzultovat projekt ]
hranaté závorky [ ]	SPOLEČNÉ/header	header	a	header	[ Konzultovat projekt ]	[ Konzultovat projekt ]
středová tečka „·“ (U+00B7)	/	main	p	Stavíme neprůstřelné datové základy pro váš růst.	Webová analytika a měření · e-shopy · B2B · velké firmy	Webová analytika a měření · e-shopy · B2B · velké firmy
středová tečka „·“ (U+00B7)	/	main	p	Stavíme neprůstřelné datové základy pro váš růst.	Webová analytika a měření · e-shopy · B2B · velké firmy	Webová analytika a měření · e-shopy · B2B · velké firmy
středová tečka „·“ (U+00B7)	/	main	p	Stavíme neprůstřelné datové základy pro váš růst.	bová analytika a měření · e-shopy · B2B · velké firmy	Webová analytika a měření · e-shopy · B2B · velké firmy
hranaté závorky [ ]	/	main	a	Stavíme neprůstřelné datové základy pro váš růst.	[ Konzultovat projekt ]	[ Konzultovat projekt ]
hranaté závorky [ ]	/	main	a	Stavíme neprůstřelné datové základy pro váš růst.	[ Konzultovat projekt ]	[ Konzultovat projekt ]
hranaté závorky [ ]	/	main	a	Stavíme neprůstřelné datové základy pro váš růst.	[ Jak pracujeme ]	[ Jak pracujeme ]
hranaté závorky [ ]	/	main	a	Stavíme neprůstřelné datové základy pro váš růst.	[ Jak pracujeme ]	[ Jak pracujeme ]
středová tečka „·“ (U+00B7)	/	main	p	Stavíme neprůstřelné datové základy pro váš růst.	vodní třicetiminutová konzultace zdarma · odpověď do jednoho pracovního dne	Úvodní třicetiminutová konzultace zdarma · odpověď do jednoho pracovního dne
rovný apostrof '	/	main	tspan	Stavíme neprůstřelné datové základy pro váš růst.	'event'	'event'
rovný apostrof '	/	main	tspan	Stavíme neprůstřelné datové základy pro váš růst.	'event'	'event'
rovný apostrof '	/	main	tspan	Stavíme neprůstřelné datové základy pro váš růst.	'purchase'	'purchase'
rovný apostrof '	/	main	tspan	Stavíme neprůstřelné datové základy pro váš růst.	'purchase'	'purchase'
hranaté závorky [ ]	/	main	p	Měření podle toho, jak vyděláváte	[ Pro koho ]	[ Pro koho ]
hranaté závorky [ ]	/	main	p	Měření podle toho, jak vyděláváte	[ Pro koho ]	[ Pro koho ]
šipka →	/	main	a	Měření podle toho, jak vyděláváte	Měření pro e-shopy →	Měření pro e-shopy →
pomlčka „–“ (U+2013)	/	main	div	Měření podle toho, jak vyděláváte	víte, které z nich se změnily v zakázku – a reklamy to nevědí taky.	Víte, kolik přišlo poptávek. Nevíte, které z nich se změnily v zakázku – a reklamy to nevědí taky.
šipka →	/	main	a	Měření podle toho, jak vyděláváte	Měření pro B2B →	Měření pro B2B →
šipka →	/	main	a	Měření podle toho, jak vyděláváte	Měření pro velké firmy →	Měření pro velké firmy →
hranaté závorky [ ]	/	main	p	Šest situací, se kterými za námi klienti chodí nej	[ Poznáváte se? ]	[ Poznáváte se? ]
hranaté závorky [ ]	/	main	p	Šest situací, se kterými za námi klienti chodí nej	[ Poznáváte se? ]	[ Poznáváte se? ]
otazník	/	main	p	Šest situací, se kterými za námi klienti chodí nej	[ Poznáváte se? ]	[ Poznáváte se? ]
anglické uvozovky “ ”	/	main	p	Šest situací, se kterými za námi klienti chodí nej	it. Žádnou z nich nevyřeší „lepší report“.	Každá z nich má technickou příčinu, kterou umíme najít a opravit. Žádnou z nich nevyřeší „lepší report“.
české uvozovky „ “	/	main	p	Šest situací, se kterými za námi klienti chodí nej	najít a opravit. Žádnou z nich nevyřeší „lepší report“.	Každá z nich má technickou příčinu, kterou umíme najít a opravit. Žádnou z nich nevyřeší „lepší report“.
emoji	/	main	pre	Šest situací, se kterými za námi klienti chodí nej	A4 purchase 812 e-shop objednávky 1 046 ⚠ rozdíl −22 %	GA4 purchase 812 e-shop objednávky 1 046 ⚠ rozdíl −22 %
šipka →	/	main	a	Šest situací, se kterými za námi klienti chodí nej	Audit měření →	Audit měření →
rovný apostrof '	/	main	pre	Šest situací, se kterými za námi klienti chodí nej	consent default 'denied' google_ads konverze −38 % ⚠ od n	consent default 'denied' google_ads konverze −38 % ⚠ od nasazení lišty
rovný apostrof '	/	main	pre	Šest situací, se kterými za námi klienti chodí nej	consent default 'denied' google_ads konverze −38 % ⚠ od nasazení	consent default 'denied' google_ads konverze −38 % ⚠ od nasazení lišty
emoji	/	main	pre	Šest situací, se kterými za námi klienti chodí nej	ault 'denied' google_ads konverze −38 % ⚠ od nasazení lišty	consent default 'denied' google_ads konverze −38 % ⚠ od nasazení lišty
šipka →	/	main	a	Šest situací, se kterými za námi klienti chodí nej	Cookie lišta a Consent Mode →	Cookie lišta a Consent Mode →
emoji	/	main	pre	Šest situací, se kterými za námi klienti chodí nej	meta Purchase 418 ga4 purchase 633 ⚠ event_id chybí	meta Purchase 418 ga4 purchase 633 ⚠ event_id chybí
šipka →	/	main	a	Šest situací, se kterými za námi klienti chodí nej	Měření konverzí →	Měření konverzí →
mezera před interpunkcí	/	main	pre	Šest situací, se kterými za námi klienti chodí nej	GTM tagy 146 aktivní 41 ? verze v212 bez popisu	GTM tagy 146 aktivní 41 ? verze v212 bez popisu
otazník	/	main	pre	Šest situací, se kterými za námi klienti chodí nej	GTM tagy 146 aktivní 41 ? verze v212 bez popisu	GTM tagy 146 aktivní 41 ? verze v212 bez popisu
šipka →	/	main	a	Šest situací, se kterými za námi klienti chodí nej	Google Tag Manager →	Google Tag Manager →
emoji	/	main	pre	Šest situací, se kterými za námi klienti chodí nej	form odesláno 94 CRM zakázky ? ⚠ CRM gclid neukládá	form odesláno 94 CRM zakázky ? ⚠ CRM gclid neukládá
mezera před interpunkcí	/	main	pre	Šest situací, se kterými za námi klienti chodí nej	form odesláno 94 CRM zakázky ? ⚠ CRM gclid neukládá	form odesláno 94 CRM zakázky ? ⚠ CRM gclid neukládá
otazník	/	main	pre	Šest situací, se kterými za námi klienti chodí nej	form odesláno 94 CRM zakázky ? ⚠ CRM gclid neukládá	form odesláno 94 CRM zakázky ? ⚠ CRM gclid neukládá
šipka →	/	main	a	Šest situací, se kterými za námi klienti chodí nej	Měření pro B2B →	Měření pro B2B →
šipka →	/	main	a	Šest situací, se kterými za námi klienti chodí nej	BigQuery a dashboardy →	BigQuery a dashboardy →
hranaté závorky [ ]	/	main	p	Od sběru dat po report, kterému věří vedení	[ Služby ]	[ Služby ]
hranaté závorky [ ]	/	main	p	Od sběru dat po report, kterému věří vedení	[ Služby ]	[ Služby ]
hranaté závorky [ ]	/	main	p	Pět kroků, po každém dostanete konkrétní výstup	[ Jak pracujeme ]	[ Jak pracujeme ]
hranaté závorky [ ]	/	main	p	Pět kroků, po každém dostanete konkrétní výstup	[ Jak pracujeme ]	[ Jak pracujeme ]
anglické uvozovky “ ”	/	main	p	Pět kroků, po každém dostanete konkrétní výstup	Žádné „nastavíme to“. Každý krok končí dokumentem nebo ověře	Žádné „nastavíme to“. Každý krok končí dokumentem nebo ověřením, které můžete předat vlastnímu týmu.
české uvozovky „ “	/	main	p	Pět kroků, po každém dostanete konkrétní výstup	Žádné „nastavíme to“. Každý krok končí dokument	Žádné „nastavíme to“. Každý krok končí dokumentem nebo ověřením, které můžete předat vlastnímu týmu.
šipka →	/	main	a	Pět kroků, po každém dostanete konkrétní výstup	lý postup a co od vás budeme potřebovat →	Celý postup a co od vás budeme potřebovat →
hranaté závorky [ ]	/	main	p		[ S čím pracujeme ]	[ S čím pracujeme ]
hranaté závorky [ ]	/	main	p		[ S čím pracujeme ]	[ S čím pracujeme ]
hranaté závorky [ ]	/	main	p	Než se ozvete	[ FAQ ]	[ FAQ ]
hranaté závorky [ ]	/	main	p	Než se ozvete	[ FAQ ]	[ FAQ ]
otazník	/	main	p	Než se ozvete	Nenašli jste odpověď? Napište nám.	Nenašli jste odpověď? Napište nám.
otazník	/	main	summary	Než se ozvete	šími e-shopy, nebo jen s velkými firmami?	Pracujete i s menšími e-shopy, nebo jen s velkými firmami?
pomlčka „–“ (U+2013)	/	main	div	Než se ozvete	ery doporučujeme až tam, kde se vyplatí – a řekneme vám to rovnou.	S obojím. U menších e-shopů obvykle začínáme auditem a opravou základního měření: GA4, consentu a konverzí. Server-side a BigQuery doporučujeme až tam, kde se vyplatí – a řekneme vám to rovnou.
otazník	/	main	summary	Než se ozvete	Komu patří účty a data?	Komu patří účty a data?
otazník	/	main	summary	Než se ozvete	Jak se tvoří cena?	Jak se tvoří cena?
otazník	/	main	summary	Než se ozvete	acujete s naším vývojářem nebo agenturou?	Spolupracujete s naším vývojářem nebo agenturou?
otazník	/	main	summary	Než se ozvete	Je server-side tracking v souladu s GDPR?	Je server-side tracking v souladu s GDPR?
hranaté závorky [ ]	/	kontakt	p	Pojďme se podívat, kde vám utíkají data	[ Kontakt ]	[ Kontakt ]
hranaté závorky [ ]	/	kontakt	p	Pojďme se podívat, kde vám utíkají data	[ Kontakt ]	[ Kontakt ]
pomlčka „–“ (U+2013)	/	kontakt	p	Pojďme se podívat, kde vám utíkají data	ní a řekneme vám, co opravit jako první – nezávazně a zdarma.	Napište nám e-mail, nebo vyplňte formulář. Na úvodní třicetiminutové konzultaci projdeme měření a řekneme vám, co opravit jako první – nezávazně a zdarma.
otazník	SPOLEČNÉ/form	form	legend	form	Co řešíte? (nepovinné)	Co řešíte? (nepovinné)
otazník	SPOLEČNÉ/form	form	label	form	S čím vám můžeme pomoci?	S čím vám můžeme pomoci?
hranaté závorky [ ]	SPOLEČNÉ/form	form	button	form	[ Odeslat zprávu ]	[ Odeslat zprávu ]
hranaté závorky [ ]	SPOLEČNÉ/form	form	button	form	[ Odeslat zprávu ]	[ Odeslat zprávu ]
výpustka „…“	SPOLEČNÉ/form	form	textarea@placeholder	form	méně objednávek než e-shop a nevíme proč…	Např. GA4 ukazuje o třicet procent méně objednávek než e-shop a nevíme proč…
pomlčka „–“ (U+2013)	/sluzby/audit-mereni	head	title	hlavička	Audit měření – GA4, GTM, consent a konverze | datalaye	Audit měření – GA4, GTM, consent a konverze | datalayer.cz
svislítko | v textu	/sluzby/audit-mereni	head	title	hlavička	t měření – GA4, GTM, consent a konverze | datalayer.cz	Audit měření – GA4, GTM, consent a konverze | datalayer.cz
otazník	/sluzby/audit-mereni	head	meta:description	hlavička	Nevěříte číslům v GA4? Audit měření prověří GA4, GTM, souhlas 	Nevěříte číslům v GA4? Audit měření prověří GA4, GTM, souhlas i konverze v Ads a Meta a porovná je s e-shopem. Nálezy s prioritou A/B/C. Kontrola zdarma.
pomlčka „–“ (U+2013)	/sluzby/audit-mereni	head	meta:og:title	hlavička	Audit měření – GA4, GTM, consent a konverze | datalaye	Audit měření – GA4, GTM, consent a konverze | datalayer.cz
svislítko | v textu	/sluzby/audit-mereni	head	meta:og:title	hlavička	t měření – GA4, GTM, consent a konverze | datalayer.cz	Audit měření – GA4, GTM, consent a konverze | datalayer.cz
otazník	/sluzby/audit-mereni	head	meta:og:description	hlavička	Nevěříte číslům v GA4? Audit měření prověří GA4, GTM, souhlas 	Nevěříte číslům v GA4? Audit měření prověří GA4, GTM, souhlas i konverze v Ads a Meta a porovná je s e-shopem. Nálezy s prioritou A/B/C. Kontrola zdarma.
pomlčka „–“ (U+2013)	/sluzby/audit-mereni	head	meta:twitter:title	hlavička	Audit měření – GA4, GTM, consent a konverze | datalaye	Audit měření – GA4, GTM, consent a konverze | datalayer.cz
svislítko | v textu	/sluzby/audit-mereni	head	meta:twitter:title	hlavička	t měření – GA4, GTM, consent a konverze | datalayer.cz	Audit měření – GA4, GTM, consent a konverze | datalayer.cz
otazník	/sluzby/audit-mereni	head	meta:twitter:description	hlavička	Nevěříte číslům v GA4? Audit měření prověří GA4, GTM, souhlas 	Nevěříte číslům v GA4? Audit měření prověří GA4, GTM, souhlas i konverze v Ads a Meta a porovná je s e-shopem. Nálezy s prioritou A/B/C. Kontrola zdarma.
otazník	/sluzby/audit-mereni	jsonld	jsonld:mainEntity.name	JSON-LD	Kolik audit měření stojí?	Kolik audit měření stojí?
otazník	/sluzby/audit-mereni	jsonld	jsonld:mainEntity.name	JSON-LD	Jak dlouho audit trvá?	Jak dlouho audit trvá?
otazník	/sluzby/audit-mereni	jsonld	jsonld:mainEntity.name	JSON-LD	ké přístupy potřebujete a je to bezpečné?	Jaké přístupy potřebujete a je to bezpečné?
otazník	/sluzby/audit-mereni	jsonld	jsonld:mainEntity.name	JSON-LD	Posoudíte i právní stránku cookie lišty?	Posoudíte i právní stránku cookie lišty?
pomlčka „–“ (U+2013)	/sluzby/audit-mereni	jsonld	jsonld:mainEntity.name	JSON-LD	Kdo nálezy opraví – vy, nebo naši vývojáři?	Kdo nálezy opraví – vy, nebo naši vývojáři?
otazník	/sluzby/audit-mereni	jsonld	jsonld:mainEntity.name	JSON-LD	o nálezy opraví – vy, nebo naši vývojáři?	Kdo nálezy opraví – vy, nebo naši vývojáři?
otazník	/sluzby/audit-mereni	jsonld	jsonld:mainEntity.name	JSON-LD	ý rozdíl mezi GA4 a e-shopem je normální?	Jak velký rozdíl mezi GA4 a e-shopem je normální?
pomlčka „–“ (U+2013)	/sluzby/audit-mereni	jsonld	jsonld:mainEntity.acceptedAnswer.text	JSON-LD	Pevné číslo neexistuje – záleží na podílu návštěvníků, kteří odm	Pevné číslo neexistuje – záleží na podílu návštěvníků, kteří odmítnou souhlas, na blokování měření v prohlížečích a na stornech. Důležitější než velikost rozdílu je, zda je stabilní a vysvětlitelný. Když se rozdíl liší podle platební metody nebo prohlížeče, jde téměř jistě o chybu, proto v auditu porovnáváme čísla v tomto rozpadu.
středová tečka „·“ (U+00B7)	/sluzby/audit-mereni	main	p		[ audity · audit měření ]	[ audity · audit měření ]
hranaté závorky [ ]	/sluzby/audit-mereni	main	p		[ audity · audit měření ]	[ audity · audit měření ]
hranaté závorky [ ]	/sluzby/audit-mereni	main	p		[ audity · audit měření ]	[ audity · audit měření ]
hranaté závorky [ ]	/sluzby/audit-mereni	main	a		[ Objednat audit měření ]	[ Objednat audit měření ]
hranaté závorky [ ]	/sluzby/audit-mereni	main	a		[ Objednat audit měření ]	[ Objednat audit měření ]
hranaté závorky [ ]	/sluzby/audit-mereni	main	a		[ Rychlá kontrola zdarma ]	[ Rychlá kontrola zdarma ]
hranaté závorky [ ]	/sluzby/audit-mereni	main	a		[ Rychlá kontrola zdarma ]	[ Rychlá kontrola zdarma ]
středová tečka „·“ (U+00B7)	/sluzby/audit-mereni	main	p		Přístupy jen pro čtení · NDA na požádání · report vlastníte vy	Přístupy jen pro čtení · NDA na požádání · report vlastníte vy
středová tečka „·“ (U+00B7)	/sluzby/audit-mereni	main	p		řístupy jen pro čtení · NDA na požádání · report vlastníte vy	Přístupy jen pro čtení · NDA na požádání · report vlastníte vy
hranaté závorky [ ]	/sluzby/audit-mereni	main	p	Poznáváte se?	[ kdy audit ]	[ kdy audit ]
hranaté závorky [ ]	/sluzby/audit-mereni	main	p	Poznáváte se?	[ kdy audit ]	[ kdy audit ]
otazník	/sluzby/audit-mereni	main	h2	Poznáváte se?	Poznáváte se?	Poznáváte se?
hranaté závorky [ ]	/sluzby/audit-mereni	main	p	Co v auditu webové analytiky kontrolujeme	[ rozsah ]	[ rozsah ]
hranaté závorky [ ]	/sluzby/audit-mereni	main	p	Co v auditu webové analytiky kontrolujeme	[ rozsah ]	[ rozsah ]
středová tečka „·“ (U+00B7)	/sluzby/audit-mereni	main	button	Co v auditu webové analytiky kontrolujeme	A · GA4	A · GA4
středová tečka „·“ (U+00B7)	/sluzby/audit-mereni	main	button	Co v auditu webové analytiky kontrolujeme	B · GTM a další kódy	B · GTM a další kódy
středová tečka „·“ (U+00B7)	/sluzby/audit-mereni	main	button	Co v auditu webové analytiky kontrolujeme	C · Souhlas a cookies	C · Souhlas a cookies
středová tečka „·“ (U+00B7)	/sluzby/audit-mereni	main	button	Co v auditu webové analytiky kontrolujeme	D · Reklamní systémy	D · Reklamní systémy
středová tečka „·“ (U+00B7)	/sluzby/audit-mereni	main	button	Co v auditu webové analytiky kontrolujeme	E · Shoda s administrací	E · Shoda s administrací
středová tečka „·“ (U+00B7)	/sluzby/audit-mereni	main	button	Co v auditu webové analytiky kontrolujeme	F · Datová vrstva a technika	F · Datová vrstva a technika
otazník	/sluzby/audit-mereni	main	p	Co v auditu webové analytiky kontrolujeme	Potřebujete jen kontrolu kontejneru? Samostatný audit GTM popisuje stránka G	Potřebujete jen kontrolu kontejneru? Samostatný audit GTM popisuje stránka Google Tag Manager.
pomlčka „–“ (U+2013)	/sluzby/audit-mereni	main	li	Co v auditu webové analytiky kontrolujeme	bní metody, zařízení, prohlížeče a země – tam chyby vyplavou	rozpad podle platební metody, zařízení, prohlížeče a země – tam chyby vyplavou
hranaté závorky [ ]	/sluzby/audit-mereni	main	p	Co od nás dostanete	[ výstupy ]	[ výstupy ]
hranaté závorky [ ]	/sluzby/audit-mereni	main	p	Co od nás dostanete	[ výstupy ]	[ výstupy ]
pomlčka „–“ (U+2013)	/sluzby/audit-mereni	main	div	Co od nás dostanete	í A → B → C, závislosti a kdo co opraví – třeba „nejdřív datová vrstva, pak tagy“	Pořadí A → B → C, závislosti a kdo co opraví – třeba „nejdřív datová vrstva, pak tagy“.
anglické uvozovky “ ”	/sluzby/audit-mereni	main	div	Co od nás dostanete	– třeba „nejdřív datová vrstva, pak tagy“.	Pořadí A → B → C, závislosti a kdo co opraví – třeba „nejdřív datová vrstva, pak tagy“.
české uvozovky „ “	/sluzby/audit-mereni	main	div	Co od nás dostanete	→ C, závislosti a kdo co opraví – třeba „nejdřív datová vrstva, pak tagy“.	Pořadí A → B → C, závislosti a kdo co opraví – třeba „nejdřív datová vrstva, pak tagy“.
šipka →	/sluzby/audit-mereni	main	div	Co od nás dostanete	Pořadí A → B → C, závislosti a kdo co opraví – tře	Pořadí A → B → C, závislosti a kdo co opraví – třeba „nejdřív datová vrstva, pak tagy“.
šipka →	/sluzby/audit-mereni	main	div	Co od nás dostanete	Pořadí A → B → C, závislosti a kdo co opraví – třeba „	Pořadí A → B → C, závislosti a kdo co opraví – třeba „nejdřív datová vrstva, pak tagy“.
středová tečka „·“ (U+00B7)	/sluzby/audit-mereni	main	span	Co od nás dostanete	gtm-inventory.xlsx · qa-protocol.pdf	gtm-inventory.xlsx · qa-protocol.pdf
hranaté závorky [ ]	/sluzby/audit-mereni	main	p	Rychlá kontrola zdarma, nebo celý audit?	[ kontrola zdarma ]	[ kontrola zdarma ]
hranaté závorky [ ]	/sluzby/audit-mereni	main	p	Rychlá kontrola zdarma, nebo celý audit?	[ kontrola zdarma ]	[ kontrola zdarma ]
otazník	/sluzby/audit-mereni	main	h2	Rychlá kontrola zdarma, nebo celý audit?	Rychlá kontrola zdarma, nebo celý audit?	Rychlá kontrola zdarma, nebo celý audit?
pomlčka „–“ (U+2013)	/sluzby/audit-mereni	main	p	Rychlá kontrola zdarma, nebo celý audit?	 potřebujete? Začněte rychlou kontrolou – ve formuláři stačí adresa webu a do zpr	Nevíte, jestli audit potřebujete? Začněte rychlou kontrolou – ve formuláři stačí adresa webu a do zprávy napište „Rychlá kontrola měření“.
anglické uvozovky “ ”	/sluzby/audit-mereni	main	p	Rychlá kontrola zdarma, nebo celý audit?	o zprávy napište „Rychlá kontrola měření“.	Nevíte, jestli audit potřebujete? Začněte rychlou kontrolou – ve formuláři stačí adresa webu a do zprávy napište „Rychlá kontrola měření“.
české uvozovky „ “	/sluzby/audit-mereni	main	p	Rychlá kontrola zdarma, nebo celý audit?	i stačí adresa webu a do zprávy napište „Rychlá kontrola měření“.	Nevíte, jestli audit potřebujete? Začněte rychlou kontrolou – ve formuláři stačí adresa webu a do zprávy napište „Rychlá kontrola měření“.
otazník	/sluzby/audit-mereni	main	p	Rychlá kontrola zdarma, nebo celý audit?	Nevíte, jestli audit potřebujete? Začněte rychlou kontrolou – ve formulář	Nevíte, jestli audit potřebujete? Začněte rychlou kontrolou – ve formuláři stačí adresa webu a do zprávy napište „Rychlá kontrola měření“.
šipka →	/sluzby/audit-mereni	main	a	Rychlá kontrola zdarma, nebo celý audit?	Chci rychlou kontrolu →	Chci rychlou kontrolu →
pomlčka „–“ (U+2013)	/sluzby/audit-mereni	main	div	Rychlá kontrola zdarma, nebo celý audit?	Všech šest oblastí A–F, testovací nákupy a formuláře a porovn	Všech šest oblastí A–F, testovací nákupy a formuláře a porovnání čísel s administrací nebo CRM.
šipka →	/sluzby/audit-mereni	main	a	Rychlá kontrola zdarma, nebo celý audit?	Objednat audit →	Objednat audit →
hranaté závorky [ ]	/sluzby/audit-mereni	main	p	Jak audit probíhá	[ postup ]	[ postup ]
hranaté závorky [ ]	/sluzby/audit-mereni	main	p	Jak audit probíhá	[ postup ]	[ postup ]
pomlčka „–“ (U+2013)	/sluzby/audit-mereni	main	p	Jak vypadá report z auditu	[ ukázka – fiktivní data ]	[ ukázka – fiktivní data ]
hranaté závorky [ ]	/sluzby/audit-mereni	main	p	Jak vypadá report z auditu	[ ukázka – fiktivní data ]	[ ukázka – fiktivní data ]
hranaté závorky [ ]	/sluzby/audit-mereni	main	p	Jak vypadá report z auditu	[ ukázka – fiktivní data ]	[ ukázka – fiktivní data ]
středová tečka „·“ (U+00B7)	/sluzby/audit-mereni	main	span	Jak vypadá report z auditu	A1 · datová vrstva	A1 · datová vrstva
středová tečka „·“ (U+00B7)	/sluzby/audit-mereni	main	span	Jak vypadá report z auditu	A2 · souhlas	A2 · souhlas
středová tečka „·“ (U+00B7)	/sluzby/audit-mereni	main	span	Jak vypadá report z auditu	A3 · Google Ads	A3 · Google Ads
středová tečka „·“ (U+00B7)	/sluzby/audit-mereni	main	span	Jak vypadá report z auditu	B2 · GA4	B2 · GA4
středová tečka „·“ (U+00B7)	/sluzby/audit-mereni	main	span	Jak vypadá report z auditu	C1 · GTM	C1 · GTM
středová tečka „·“ (U+00B7)	/sluzby/audit-mereni	main	p	Jak vypadá report z auditu	data. Priorita A: opravit do dvou týdnů · B: do jednoho až dvou měsíců · C: podle	Fiktivní data. Priorita A: opravit do dvou týdnů · B: do jednoho až dvou měsíců · C: podle kapacity.
středová tečka „·“ (U+00B7)	/sluzby/audit-mereni	main	p	Jak vypadá report z auditu	ou týdnů · B: do jednoho až dvou měsíců · C: podle kapacity.	Fiktivní data. Priorita A: opravit do dvou týdnů · B: do jednoho až dvou měsíců · C: podle kapacity.
hranaté závorky [ ]	/sluzby/audit-mereni	main	p	Časté otázky	[ FAQ ]	[ FAQ ]
hranaté závorky [ ]	/sluzby/audit-mereni	main	p	Časté otázky	[ FAQ ]	[ FAQ ]
otazník	/sluzby/audit-mereni	main	p	Časté otázky	Nenašli jste odpověď? Napište nám.	Nenašli jste odpověď? Napište nám.
pomlčka „–“ (U+2013)	/sluzby/audit-mereni	main	li	Časté otázky	A – kritické: chyby v datech vedou ke špatn	A – kritické: chyby v datech vedou ke špatným rozhodnutím nebo optimalizaci kampaní, případně hrozí právní či smluvní riziko kvůli souhlasu, osobním údajům nebo pravidlům Googlu.
pomlčka „–“ (U+2013)	/sluzby/audit-mereni	main	li	Časté otázky	B – důležité: data mají mezery nebo zkresle	B – důležité: data mají mezery nebo zkreslení a omezují analýzu, hlavní čísla ale zůstávají použitelná.
pomlčka „–“ (U+2013)	/sluzby/audit-mereni	main	li	Časté otázky	C – doporučení: údržba, přehlednost a rozvo	C – doporučení: údržba, přehlednost a rozvoj, třeba názvosloví, BigQuery nebo dokumentace.
otazník	/sluzby/audit-mereni	main	summary	Časté otázky	Kolik audit měření stojí?	Kolik audit měření stojí?
otazník	/sluzby/audit-mereni	main	summary	Časté otázky	Jak dlouho audit trvá?	Jak dlouho audit trvá?
otazník	/sluzby/audit-mereni	main	summary	Časté otázky	ké přístupy potřebujete a je to bezpečné?	Jaké přístupy potřebujete a je to bezpečné?
otazník	/sluzby/audit-mereni	main	summary	Časté otázky	Posoudíte i právní stránku cookie lišty?	Posoudíte i právní stránku cookie lišty?
pomlčka „–“ (U+2013)	/sluzby/audit-mereni	main	summary	Časté otázky	Kdo nálezy opraví – vy, nebo naši vývojáři?	Kdo nálezy opraví – vy, nebo naši vývojáři?
otazník	/sluzby/audit-mereni	main	summary	Časté otázky	o nálezy opraví – vy, nebo naši vývojáři?	Kdo nálezy opraví – vy, nebo naši vývojáři?
otazník	/sluzby/audit-mereni	main	summary	Časté otázky	ý rozdíl mezi GA4 a e-shopem je normální?	Jak velký rozdíl mezi GA4 a e-shopem je normální?
pomlčka „–“ (U+2013)	/sluzby/audit-mereni	main	div	Časté otázky	Pevné číslo neexistuje – záleží na podílu návštěvníků, kteří odm	Pevné číslo neexistuje – záleží na podílu návštěvníků, kteří odmítnou souhlas, na blokování měření v prohlížečích a na stornech. Důležitější než velikost rozdílu je, zda je stabilní a vysvětlitelný. Když se rozdíl liší podle platební metody nebo prohlížeče, jde téměř jistě o chybu, proto v auditu porovnáváme čísla v tomto rozpadu.
hranaté závorky [ ]	/sluzby/audit-mereni	main	p		[ pokračujte ]	[ pokračujte ]
hranaté závorky [ ]	/sluzby/audit-mereni	main	p		[ pokračujte ]	[ pokračujte ]
hranaté závorky [ ]	/sluzby/audit-mereni	kontakt	p	Zjistěte, kde utíkají data	[ Kontakt ]	[ Kontakt ]
hranaté závorky [ ]	/sluzby/audit-mereni	kontakt	p	Zjistěte, kde utíkají data	[ Kontakt ]	[ Kontakt ]
výpustka „…“	SPOLEČNÉ/form	form	textarea@placeholder	form	íslům v GA4 a chceme vědět, kde je chyba…	Např. nevěříme číslům v GA4 a chceme vědět, kde je chyba…
svislítko | v textu	/sluzby/bigquery	head	title	hlavička	BigQuery a datový sklad pro marketing | datalayer.cz	BigQuery a datový sklad pro marketing | datalayer.cz
svislítko | v textu	/sluzby/bigquery	head	meta:og:title	hlavička	BigQuery a datový sklad pro marketing | datalayer.cz	BigQuery a datový sklad pro marketing | datalayer.cz
svislítko | v textu	/sluzby/bigquery	head	meta:twitter:title	hlavička	BigQuery a datový sklad pro marketing | datalayer.cz	BigQuery a datový sklad pro marketing | datalayer.cz
otazník	/sluzby/bigquery	jsonld	jsonld:mainEntity.name	JSON-LD	Kolik stojí projekt a provoz BigQuery?	Kolik stojí projekt a provoz BigQuery?
pomlčka „–“ (U+2013)	/sluzby/bigquery	jsonld	jsonld:mainEntity.acceptedAnswer.text	JSON-LD	po úvodní konzultaci jako pevnou částku – rozhoduje počet a typ zdrojů, rozsah mo	Cenu projektu stanovíme po úvodní konzultaci jako pevnou částku – rozhoduje počet a typ zdrojů, rozsah modelu, stav měření a počet dashboardů. Provoz platíte přímo Googlu: první TiB dotazů a deset GiB úložiště měsíčně jsou zdarma a v našem modelovém výpočtu pro e-shop se 100 000 událostmi denně vychází na jednotky dolarů měsíčně. Na začátku ho spočítáme podle objemu dat a nastavíme limity, aby vás faktura nepřekvapila.
otazník	/sluzby/bigquery	jsonld	jsonld:mainEntity.name	JSON-LD	ho to trvá a co od nás budete potřebovat?	Jak dlouho to trvá a co od nás budete potřebovat?
pomlčka „–“ (U+2013)	/sluzby/bigquery	jsonld	jsonld:mainEntity.acceptedAnswer.text	JSON-LD	ka závisí hlavně na počtu a typu zdrojů – GA4 a Google Ads napojíme rychle, vlast	Délka závisí hlavně na počtu a typu zdrojů – GA4 a Google Ads napojíme rychle, vlastní ERP bez API dá víc práce. Potřebujeme projekt v Google Cloudu s platebním účtem nebo souhlas ho založit, roli Editor v GA4, přístupy pro čtení do reklamních systémů, export nebo API k e-shopu, ERP či CRM a kontakt na vývojáře nebo IT. Od týmu pak jednu až dvě hodiny na úvodní workshop a kontrolní čísla z účetnictví.
otazník	/sluzby/bigquery	jsonld	jsonld:mainEntity.name	JSON-LD	Získáme i historická data z GA4?	Získáme i historická data z GA4?
pomlčka „–“ (U+2013)	/sluzby/bigquery	jsonld	jsonld:mainEntity.acceptedAnswer.text	JSON-LD	do BigQuery proudit až po propojení GA4 – zpětně je export nedoplní, proto ho zap	Surová data na úrovni událostí začnou do BigQuery proudit až po propojení GA4 – zpětně je export nedoplní, proto ho zapínáme hned na začátku. Starší agregované reporty umí dodatečně načíst konektor Data Transfer Service pro GA4, a to tak daleko, jak dovolí uchovávání dat v GA4 property. Pro meziroční srovnání to obvykle stačí, pro analýzy jednotlivých relací ne.
otazník	/sluzby/bigquery	jsonld	jsonld:mainEntity.name	JSON-LD	Musíme umět SQL?	Musíme umět SQL?
otazník	/sluzby/bigquery	jsonld	jsonld:mainEntity.name	JSON-LD	Komu budou patřit data a účty?	Komu budou patřit data a účty?
otazník	/sluzby/bigquery	jsonld	jsonld:mainEntity.name	JSON-LD	je to s GDPR a osobními údaji v BigQuery?	Jak je to s GDPR a osobními údaji v BigQuery?
pomlčka „–“ (U+2013)	/sluzby/bigquery	jsonld	jsonld:mainEntity.acceptedAnswer.text	JSON-LD	zení zajistí váš právník nebo pověřenec – nejsme advokátní kancelář.	Přímé identifikátory jako e-mail, telefon nebo jméno do skladu v čitelné podobě neposíláme. Pseudonymní identifikátory jako user_pseudo_id ale mohou patřit mezi osobní údaje, proto volíme umístění dat v EU, omezujeme přístupy rolemi a nastavujeme expiraci starých dat. Právní posouzení zajistí váš právník nebo pověřenec – nejsme advokátní kancelář.
středová tečka „·“ (U+00B7)	/sluzby/bigquery	main	p		[ bq · data a reporting ]	[ bq · data a reporting ]
hranaté závorky [ ]	/sluzby/bigquery	main	p		[ bq · data a reporting ]	[ bq · data a reporting ]
hranaté závorky [ ]	/sluzby/bigquery	main	p		[ bq · data a reporting ]	[ bq · data a reporting ]
hranaté závorky [ ]	/sluzby/bigquery	main	a		[ Konzultovat BigQuery ]	[ Konzultovat BigQuery ]
hranaté závorky [ ]	/sluzby/bigquery	main	a		[ Konzultovat BigQuery ]	[ Konzultovat BigQuery ]
hranaté závorky [ ]	/sluzby/bigquery	main	a		[ Ukázka datového modelu ]	[ Ukázka datového modelu ]
hranaté závorky [ ]	/sluzby/bigquery	main	a		[ Ukázka datového modelu ]	[ Ukázka datového modelu ]
středová tečka „·“ (U+00B7)	/sluzby/bigquery	main	p		vodní třicetiminutová konzultace zdarma · provoz BigQuery platíte přímo Googlu	Úvodní třicetiminutová konzultace zdarma · provoz BigQuery platíte přímo Googlu
hranaté závorky [ ]	/sluzby/bigquery	main	p	Poznáváte se?	[ symptomy ]	[ symptomy ]
hranaté závorky [ ]	/sluzby/bigquery	main	p	Poznáváte se?	[ symptomy ]	[ symptomy ]
otazník	/sluzby/bigquery	main	h2	Poznáváte se?	Poznáváte se?	Poznáváte se?
anglické uvozovky “ ”	/sluzby/bigquery	main	div	Poznáváte se?	orna ani vratky. Kampaň, která „vydělává“, může po odečtení vratek prodělávat.	GA4 nezná nákupní ceny, storna ani vratky. Kampaň, která „vydělává“, může po odečtení vratek prodělávat.
české uvozovky „ “	/sluzby/bigquery	main	div	Poznáváte se?	 ceny, storna ani vratky. Kampaň, která „vydělává“, může po odečtení vratek prodě	GA4 nezná nákupní ceny, storna ani vratky. Kampaň, která „vydělává“, může po odečtení vratek prodělávat.
hranaté závorky [ ]	/sluzby/bigquery	main	p	Co uděláme a co dostanete	[ výstupy ]	[ výstupy ]
hranaté závorky [ ]	/sluzby/bigquery	main	p	Co uděláme a co dostanete	[ výstupy ]	[ výstupy ]
hvězdička *	/sluzby/bigquery	main	span	Co uděláme a co dostanete	events_*	events_*
středová tečka „·“ (U+00B7)	/sluzby/bigquery	main	span	Co uděláme a co dostanete	ads · meta · sklik	ads · meta · sklik
středová tečka „·“ (U+00B7)	/sluzby/bigquery	main	span	Co uděláme a co dostanete	ads · meta · sklik	ads · meta · sklik
středová tečka „·“ (U+00B7)	/sluzby/bigquery	main	span	Co uděláme a co dostanete	raw · staging · marts	raw · staging · marts
středová tečka „·“ (U+00B7)	/sluzby/bigquery	main	span	Co uděláme a co dostanete	raw · staging · marts	raw · staging · marts
pomlčka „–“ (U+2013)	/sluzby/bigquery	main	div	Co uděláme a co dostanete	ázky a zdrojový kód transformací v Gitu – v Dataformu, dbt nebo plánovaných dotaz	Reportovací tabulky pro konkrétní otázky a zdrojový kód transformací v Gitu – v Dataformu, dbt nebo plánovaných dotazech.
hranaté závorky [ ]	/sluzby/bigquery	main	p	Jak data tečou z webu a firemních systémů do repor	[ architektura ]	[ architektura ]
hranaté závorky [ ]	/sluzby/bigquery	main	p	Jak data tečou z webu a firemních systémů do repor	[ architektura ]	[ architektura ]
středová tečka „·“ (U+00B7)	/sluzby/bigquery	main	span	Jak data tečou z webu a firemních systémů do repor	BigQuery · raw	BigQuery · raw
středová tečka „·“ (U+00B7)	/sluzby/bigquery	main	li	Jak data tečou z webu a firemních systémů do repor	ads_* · meta_* · sklik_*	ads_* · meta_* · sklik_*
středová tečka „·“ (U+00B7)	/sluzby/bigquery	main	li	Jak data tečou z webu a firemních systémů do repor	ads_* · meta_* · sklik_*	ads_* · meta_* · sklik_*
hvězdička *	/sluzby/bigquery	main	li	Jak data tečou z webu a firemních systémů do repor	ads_* · meta_* · sklik_*	ads_* · meta_* · sklik_*
hvězdička *	/sluzby/bigquery	main	li	Jak data tečou z webu a firemních systémů do repor	ads_* · meta_* · sklik_*	ads_* · meta_* · sklik_*
hvězdička *	/sluzby/bigquery	main	li	Jak data tečou z webu a firemních systémů do repor	ads_* · meta_* · sklik_*	ads_* · meta_* · sklik_*
středová tečka „·“ (U+00B7)	/sluzby/bigquery	main	li	Jak data tečou z webu a firemních systémů do repor	erp_orders · crm_deals	erp_orders · crm_deals
středová tečka „·“ (U+00B7)	/sluzby/bigquery	main	span	Jak data tečou z webu a firemních systémů do repor	BigQuery · staging	BigQuery · staging
středová tečka „·“ (U+00B7)	/sluzby/bigquery	main	span	Jak data tečou z webu a firemních systémů do repor	BigQuery · marts	BigQuery · marts
hranaté závorky [ ]	/sluzby/bigquery	main	p	Co v rozhraní GA4 nejde – a kdy BigQuery zatím nep	[ rozhodnutí ]	[ rozhodnutí ]
hranaté závorky [ ]	/sluzby/bigquery	main	p	Co v rozhraní GA4 nejde – a kdy BigQuery zatím nep	[ rozhodnutí ]	[ rozhodnutí ]
pomlčka „–“ (U+2013)	/sluzby/bigquery	main	h2	Co v rozhraní GA4 nejde – a kdy BigQuery zatím nep	Co v rozhraní GA4 nejde – a kdy BigQuery zatím nepotřebujete	Co v rozhraní GA4 nejde – a kdy BigQuery zatím nepotřebujete
anglické uvozovky “ ”	/sluzby/bigquery	main	li	Co v rozhraní GA4 nejde – a kdy BigQuery zatím nep	surové události bez „(other)“ a přesné počty uživatelů a relací	surové události bez „(other)“ a přesné počty uživatelů a relací
české uvozovky „ “	/sluzby/bigquery	main	li	Co v rozhraní GA4 nejde – a kdy BigQuery zatím nep	surové události bez „(other)“ a přesné počty uživatelů a rela	surové události bez „(other)“ a přesné počty uživatelů a relací
výpustka „…“	/sluzby/bigquery	main	h3	Co v rozhraní GA4 nejde – a kdy BigQuery zatím nep	Doporučíme počkat, když…	Doporučíme počkat, když…
šipka →	/sluzby/bigquery	main	li	Co v rozhraní GA4 nejde – a kdy BigQuery zatím nep	zké desítky objednávek nebo leadů týdně → stačí GA4 a dashboard nad přímými konek	máte jednotky až nízké desítky objednávek nebo leadů týdně → stačí GA4 a dashboard nad přímými konektory
šipka →	/sluzby/bigquery	main	li	Co v rozhraní GA4 nejde – a kdy BigQuery zatím nep	GA4 nesedí s e-shopem o desítky procent → nejdřív audit měření	GA4 nesedí s e-shopem o desítky procent → nejdřív audit měření
šipka →	/sluzby/bigquery	main	li	Co v rozhraní GA4 nejde – a kdy BigQuery zatím nep	le dat ve firmě nikdo nebude rozhodovat → začneme jedním reportem pro vedení	podle dat ve firmě nikdo nebude rozhodovat → začneme jedním reportem pro vedení
pomlčka „–“ (U+2013)	/sluzby/bigquery	main	p	Co v rozhraní GA4 nejde – a kdy BigQuery zatím nep	 DPH. Fakturu dostáváte přímo od Googlu – na začátku spočítáme odhad podle objemu	Ceny podle ceníku Google Cloudu k říjnu 2026, bez DPH. Fakturu dostáváte přímo od Googlu – na začátku spočítáme odhad podle objemu dat a nastavíme limity.
hranaté závorky [ ]	/sluzby/bigquery	main	p	Jak postupujeme	[ postup ]	[ postup ]
hranaté závorky [ ]	/sluzby/bigquery	main	p	Jak postupujeme	[ postup ]	[ postup ]
pomlčka „–“ (U+2013)	/sluzby/bigquery	main	p	Jak postupujeme	átku, protože zpětně ho Google nedoplní – každý den navíc znamená den dat navíc.	Stejných pět kroků jako u všech našich služeb. Export GA4 zapínáme hned na začátku, protože zpětně ho Google nedoplní – každý den navíc znamená den dat navíc.
hranaté závorky [ ]	/sluzby/bigquery	main	p	Jak poznáte, že sklad funguje	[ kontrola ]	[ kontrola ]
hranaté závorky [ ]	/sluzby/bigquery	main	p	Jak poznáte, že sklad funguje	[ kontrola ]	[ kontrola ]
hranaté závorky [ ]	/sluzby/bigquery	main	p	Časté otázky	[ FAQ ]	[ FAQ ]
hranaté závorky [ ]	/sluzby/bigquery	main	p	Časté otázky	[ FAQ ]	[ FAQ ]
otazník	/sluzby/bigquery	main	p	Časté otázky	Nenašli jste odpověď? Napište nám.	Nenašli jste odpověď? Napište nám.
pomlčka „–“ (U+2013)	/sluzby/bigquery	main	p	Časté otázky	sedm denních tabulek, ne celou historii – i tak držíme náklady na uzdě.	Pro představu: dotaz spočítá z exportu GA4 relace a tržby podle zdroje za posledních sedm dní. Filtr na _TABLE_SUFFIX zajistí, že BigQuery přečte jen sedm denních tabulek, ne celou historii – i tak držíme náklady na uzdě.
rovný apostrof '	/sluzby/bigquery	main	pre	Časté otázky	, COUNT(DISTINCT CONCAT(user_pseudo_id, '.', CAST((SELECT value.int_value FROM UN	-- Relace a tržby podle zdroje za posledních sedm dní (GA4 export) SELECT session_traffic_source_last_click.cross_channel_campaign.source AS zdroj, session_traffic_source_last_click.cross_channel_campaign.medium AS medium, COUNT(DISTINCT CONCAT(user_pseudo_id, '.', CAST((SELECT value.int_value FROM UNNEST(event_params) WHERE key = 'ga_session_id') AS STRING))) AS relace, ROUND(SUM(IF(event_name = 'purchase', ecommerce.purchase_revenue, 0)), 0) AS trzby FROM `vas-projekt.analytics_123456789.events_*` WHERE _TABLE_SUFFIX BETWEEN FORMAT_DATE('%Y%m%d', DATE_SUB(CURRENT_DATE('Europe/Prague'), INTERVAL 7 DAY)) AND FORMAT_DATE('%Y%m%d', DATE_SUB(CURRENT_DATE('Europe/Prague'), INTERVAL 1 DAY)) GROUP BY zdroj, medium ORDER BY trzby DESC;
rovný apostrof '	/sluzby/bigquery	main	pre	Časté otázky	COUNT(DISTINCT CONCAT(user_pseudo_id, '.', CAST((SELECT value.int_value FROM UNNE	-- Relace a tržby podle zdroje za posledních sedm dní (GA4 export) SELECT session_traffic_source_last_click.cross_channel_campaign.source AS zdroj, session_traffic_source_last_click.cross_channel_campaign.medium AS medium, COUNT(DISTINCT CONCAT(user_pseudo_id, '.', CAST((SELECT value.int_value FROM UNNEST(event_params) WHERE key = 'ga_session_id') AS STRING))) AS relace, ROUND(SUM(IF(event_name = 'purchase', ecommerce.purchase_revenue, 0)), 0) AS trzby FROM `vas-projekt.analytics_123456789.events_*` WHERE _TABLE_SUFFIX BETWEEN FORMAT_DATE('%Y%m%d', DATE_SUB(CURRENT_DATE('Europe/Prague'), INTERVAL 7 DAY)) AND FORMAT_DATE('%Y%m%d', DATE_SUB(CURRENT_DATE('Europe/Prague'), INTERVAL 1 DAY)) GROUP BY zdroj, medium ORDER BY trzby DESC;
rovný apostrof '	/sluzby/bigquery	main	pre	Časté otázky	e FROM UNNEST(event_params) WHERE key = 'ga_session_id') AS STRING))) AS relace, 	-- Relace a tržby podle zdroje za posledních sedm dní (GA4 export) SELECT session_traffic_source_last_click.cross_channel_campaign.source AS zdroj, session_traffic_source_last_click.cross_channel_campaign.medium AS medium, COUNT(DISTINCT CONCAT(user_pseudo_id, '.', CAST((SELECT value.int_value FROM UNNEST(event_params) WHERE key = 'ga_session_id') AS STRING))) AS relace, ROUND(SUM(IF(event_name = 'purchase', ecommerce.purchase_revenue, 0)), 0) AS trzby FROM `vas-projekt.analytics_123456789.events_*` WHERE _TABLE_SUFFIX BETWEEN FORMAT_DATE('%Y%m%d', DATE_SUB(CURRENT_DATE('Europe/Prague'), INTERVAL 7 DAY)) AND FORMAT_DATE('%Y%m%d', DATE_SUB(CURRENT_DATE('Europe/Prague'), INTERVAL 1 DAY)) GROUP BY zdroj, medium ORDER BY trzby DESC;
rovný apostrof '	/sluzby/bigquery	main	pre	Časté otázky	event_params) WHERE key = 'ga_session_id') AS STRING))) AS relace, ROUND(SUM(IF(e	-- Relace a tržby podle zdroje za posledních sedm dní (GA4 export) SELECT session_traffic_source_last_click.cross_channel_campaign.source AS zdroj, session_traffic_source_last_click.cross_channel_campaign.medium AS medium, COUNT(DISTINCT CONCAT(user_pseudo_id, '.', CAST((SELECT value.int_value FROM UNNEST(event_params) WHERE key = 'ga_session_id') AS STRING))) AS relace, ROUND(SUM(IF(event_name = 'purchase', ecommerce.purchase_revenue, 0)), 0) AS trzby FROM `vas-projekt.analytics_123456789.events_*` WHERE _TABLE_SUFFIX BETWEEN FORMAT_DATE('%Y%m%d', DATE_SUB(CURRENT_DATE('Europe/Prague'), INTERVAL 7 DAY)) AND FORMAT_DATE('%Y%m%d', DATE_SUB(CURRENT_DATE('Europe/Prague'), INTERVAL 1 DAY)) GROUP BY zdroj, medium ORDER BY trzby DESC;
rovný apostrof '	/sluzby/bigquery	main	pre	Časté otázky	)) AS relace, ROUND(SUM(IF(event_name = 'purchase', ecommerce.purchase_revenue, 0	-- Relace a tržby podle zdroje za posledních sedm dní (GA4 export) SELECT session_traffic_source_last_click.cross_channel_campaign.source AS zdroj, session_traffic_source_last_click.cross_channel_campaign.medium AS medium, COUNT(DISTINCT CONCAT(user_pseudo_id, '.', CAST((SELECT value.int_value FROM UNNEST(event_params) WHERE key = 'ga_session_id') AS STRING))) AS relace, ROUND(SUM(IF(event_name = 'purchase', ecommerce.purchase_revenue, 0)), 0) AS trzby FROM `vas-projekt.analytics_123456789.events_*` WHERE _TABLE_SUFFIX BETWEEN FORMAT_DATE('%Y%m%d', DATE_SUB(CURRENT_DATE('Europe/Prague'), INTERVAL 7 DAY)) AND FORMAT_DATE('%Y%m%d', DATE_SUB(CURRENT_DATE('Europe/Prague'), INTERVAL 1 DAY)) GROUP BY zdroj, medium ORDER BY trzby DESC;
rovný apostrof '	/sluzby/bigquery	main	pre	Časté otázky	ace, ROUND(SUM(IF(event_name = 'purchase', ecommerce.purchase_revenue, 0)), 0) AS	-- Relace a tržby podle zdroje za posledních sedm dní (GA4 export) SELECT session_traffic_source_last_click.cross_channel_campaign.source AS zdroj, session_traffic_source_last_click.cross_channel_campaign.medium AS medium, COUNT(DISTINCT CONCAT(user_pseudo_id, '.', CAST((SELECT value.int_value FROM UNNEST(event_params) WHERE key = 'ga_session_id') AS STRING))) AS relace, ROUND(SUM(IF(event_name = 'purchase', ecommerce.purchase_revenue, 0)), 0) AS trzby FROM `vas-projekt.analytics_123456789.events_*` WHERE _TABLE_SUFFIX BETWEEN FORMAT_DATE('%Y%m%d', DATE_SUB(CURRENT_DATE('Europe/Prague'), INTERVAL 7 DAY)) AND FORMAT_DATE('%Y%m%d', DATE_SUB(CURRENT_DATE('Europe/Prague'), INTERVAL 1 DAY)) GROUP BY zdroj, medium ORDER BY trzby DESC;
rovný apostrof '	/sluzby/bigquery	main	pre	Časté otázky	WHERE _TABLE_SUFFIX BETWEEN FORMAT_DATE('%Y%m%d', DATE_SUB(CURRENT_DATE('Europe/P	-- Relace a tržby podle zdroje za posledních sedm dní (GA4 export) SELECT session_traffic_source_last_click.cross_channel_campaign.source AS zdroj, session_traffic_source_last_click.cross_channel_campaign.medium AS medium, COUNT(DISTINCT CONCAT(user_pseudo_id, '.', CAST((SELECT value.int_value FROM UNNEST(event_params) WHERE key = 'ga_session_id') AS STRING))) AS relace, ROUND(SUM(IF(event_name = 'purchase', ecommerce.purchase_revenue, 0)), 0) AS trzby FROM `vas-projekt.analytics_123456789.events_*` WHERE _TABLE_SUFFIX BETWEEN FORMAT_DATE('%Y%m%d', DATE_SUB(CURRENT_DATE('Europe/Prague'), INTERVAL 7 DAY)) AND FORMAT_DATE('%Y%m%d', DATE_SUB(CURRENT_DATE('Europe/Prague'), INTERVAL 1 DAY)) GROUP BY zdroj, medium ORDER BY trzby DESC;
rovný apostrof '	/sluzby/bigquery	main	pre	Časté otázky	TABLE_SUFFIX BETWEEN FORMAT_DATE('%Y%m%d', DATE_SUB(CURRENT_DATE('Europe/Prague')	-- Relace a tržby podle zdroje za posledních sedm dní (GA4 export) SELECT session_traffic_source_last_click.cross_channel_campaign.source AS zdroj, session_traffic_source_last_click.cross_channel_campaign.medium AS medium, COUNT(DISTINCT CONCAT(user_pseudo_id, '.', CAST((SELECT value.int_value FROM UNNEST(event_params) WHERE key = 'ga_session_id') AS STRING))) AS relace, ROUND(SUM(IF(event_name = 'purchase', ecommerce.purchase_revenue, 0)), 0) AS trzby FROM `vas-projekt.analytics_123456789.events_*` WHERE _TABLE_SUFFIX BETWEEN FORMAT_DATE('%Y%m%d', DATE_SUB(CURRENT_DATE('Europe/Prague'), INTERVAL 7 DAY)) AND FORMAT_DATE('%Y%m%d', DATE_SUB(CURRENT_DATE('Europe/Prague'), INTERVAL 1 DAY)) GROUP BY zdroj, medium ORDER BY trzby DESC;
rovný apostrof '	/sluzby/bigquery	main	pre	Časté otázky	AT_DATE('%Y%m%d', DATE_SUB(CURRENT_DATE('Europe/Prague'), INTERVAL 7 DAY)) AND FO	-- Relace a tržby podle zdroje za posledních sedm dní (GA4 export) SELECT session_traffic_source_last_click.cross_channel_campaign.source AS zdroj, session_traffic_source_last_click.cross_channel_campaign.medium AS medium, COUNT(DISTINCT CONCAT(user_pseudo_id, '.', CAST((SELECT value.int_value FROM UNNEST(event_params) WHERE key = 'ga_session_id') AS STRING))) AS relace, ROUND(SUM(IF(event_name = 'purchase', ecommerce.purchase_revenue, 0)), 0) AS trzby FROM `vas-projekt.analytics_123456789.events_*` WHERE _TABLE_SUFFIX BETWEEN FORMAT_DATE('%Y%m%d', DATE_SUB(CURRENT_DATE('Europe/Prague'), INTERVAL 7 DAY)) AND FORMAT_DATE('%Y%m%d', DATE_SUB(CURRENT_DATE('Europe/Prague'), INTERVAL 1 DAY)) GROUP BY zdroj, medium ORDER BY trzby DESC;
rovný apostrof '	/sluzby/bigquery	main	pre	Časté otázky	d', DATE_SUB(CURRENT_DATE('Europe/Prague'), INTERVAL 7 DAY)) AND FORMAT_DATE('%Y%	-- Relace a tržby podle zdroje za posledních sedm dní (GA4 export) SELECT session_traffic_source_last_click.cross_channel_campaign.source AS zdroj, session_traffic_source_last_click.cross_channel_campaign.medium AS medium, COUNT(DISTINCT CONCAT(user_pseudo_id, '.', CAST((SELECT value.int_value FROM UNNEST(event_params) WHERE key = 'ga_session_id') AS STRING))) AS relace, ROUND(SUM(IF(event_name = 'purchase', ecommerce.purchase_revenue, 0)), 0) AS trzby FROM `vas-projekt.analytics_123456789.events_*` WHERE _TABLE_SUFFIX BETWEEN FORMAT_DATE('%Y%m%d', DATE_SUB(CURRENT_DATE('Europe/Prague'), INTERVAL 7 DAY)) AND FORMAT_DATE('%Y%m%d', DATE_SUB(CURRENT_DATE('Europe/Prague'), INTERVAL 1 DAY)) GROUP BY zdroj, medium ORDER BY trzby DESC;
rovný apostrof '	/sluzby/bigquery	main	pre	Časté otázky	gue'), INTERVAL 7 DAY)) AND FORMAT_DATE('%Y%m%d', DATE_SUB(CURRENT_DATE('Europe/P	-- Relace a tržby podle zdroje za posledních sedm dní (GA4 export) SELECT session_traffic_source_last_click.cross_channel_campaign.source AS zdroj, session_traffic_source_last_click.cross_channel_campaign.medium AS medium, COUNT(DISTINCT CONCAT(user_pseudo_id, '.', CAST((SELECT value.int_value FROM UNNEST(event_params) WHERE key = 'ga_session_id') AS STRING))) AS relace, ROUND(SUM(IF(event_name = 'purchase', ecommerce.purchase_revenue, 0)), 0) AS trzby FROM `vas-projekt.analytics_123456789.events_*` WHERE _TABLE_SUFFIX BETWEEN FORMAT_DATE('%Y%m%d', DATE_SUB(CURRENT_DATE('Europe/Prague'), INTERVAL 7 DAY)) AND FORMAT_DATE('%Y%m%d', DATE_SUB(CURRENT_DATE('Europe/Prague'), INTERVAL 1 DAY)) GROUP BY zdroj, medium ORDER BY trzby DESC;
rovný apostrof '	/sluzby/bigquery	main	pre	Časté otázky	INTERVAL 7 DAY)) AND FORMAT_DATE('%Y%m%d', DATE_SUB(CURRENT_DATE('Europe/Prague')	-- Relace a tržby podle zdroje za posledních sedm dní (GA4 export) SELECT session_traffic_source_last_click.cross_channel_campaign.source AS zdroj, session_traffic_source_last_click.cross_channel_campaign.medium AS medium, COUNT(DISTINCT CONCAT(user_pseudo_id, '.', CAST((SELECT value.int_value FROM UNNEST(event_params) WHERE key = 'ga_session_id') AS STRING))) AS relace, ROUND(SUM(IF(event_name = 'purchase', ecommerce.purchase_revenue, 0)), 0) AS trzby FROM `vas-projekt.analytics_123456789.events_*` WHERE _TABLE_SUFFIX BETWEEN FORMAT_DATE('%Y%m%d', DATE_SUB(CURRENT_DATE('Europe/Prague'), INTERVAL 7 DAY)) AND FORMAT_DATE('%Y%m%d', DATE_SUB(CURRENT_DATE('Europe/Prague'), INTERVAL 1 DAY)) GROUP BY zdroj, medium ORDER BY trzby DESC;
rovný apostrof '	/sluzby/bigquery	main	pre	Časté otázky	AT_DATE('%Y%m%d', DATE_SUB(CURRENT_DATE('Europe/Prague'), INTERVAL 1 DAY)) GROUP 	-- Relace a tržby podle zdroje za posledních sedm dní (GA4 export) SELECT session_traffic_source_last_click.cross_channel_campaign.source AS zdroj, session_traffic_source_last_click.cross_channel_campaign.medium AS medium, COUNT(DISTINCT CONCAT(user_pseudo_id, '.', CAST((SELECT value.int_value FROM UNNEST(event_params) WHERE key = 'ga_session_id') AS STRING))) AS relace, ROUND(SUM(IF(event_name = 'purchase', ecommerce.purchase_revenue, 0)), 0) AS trzby FROM `vas-projekt.analytics_123456789.events_*` WHERE _TABLE_SUFFIX BETWEEN FORMAT_DATE('%Y%m%d', DATE_SUB(CURRENT_DATE('Europe/Prague'), INTERVAL 7 DAY)) AND FORMAT_DATE('%Y%m%d', DATE_SUB(CURRENT_DATE('Europe/Prague'), INTERVAL 1 DAY)) GROUP BY zdroj, medium ORDER BY trzby DESC;
rovný apostrof '	/sluzby/bigquery	main	pre	Časté otázky	d', DATE_SUB(CURRENT_DATE('Europe/Prague'), INTERVAL 1 DAY)) GROUP BY zdroj, medi	-- Relace a tržby podle zdroje za posledních sedm dní (GA4 export) SELECT session_traffic_source_last_click.cross_channel_campaign.source AS zdroj, session_traffic_source_last_click.cross_channel_campaign.medium AS medium, COUNT(DISTINCT CONCAT(user_pseudo_id, '.', CAST((SELECT value.int_value FROM UNNEST(event_params) WHERE key = 'ga_session_id') AS STRING))) AS relace, ROUND(SUM(IF(event_name = 'purchase', ecommerce.purchase_revenue, 0)), 0) AS trzby FROM `vas-projekt.analytics_123456789.events_*` WHERE _TABLE_SUFFIX BETWEEN FORMAT_DATE('%Y%m%d', DATE_SUB(CURRENT_DATE('Europe/Prague'), INTERVAL 7 DAY)) AND FORMAT_DATE('%Y%m%d', DATE_SUB(CURRENT_DATE('Europe/Prague'), INTERVAL 1 DAY)) GROUP BY zdroj, medium ORDER BY trzby DESC;
hvězdička *	/sluzby/bigquery	main	pre	Časté otázky	`vas-projekt.analytics_123456789.events_*` WHERE _TABLE_SUFFIX BETWEEN FORMAT_DAT	-- Relace a tržby podle zdroje za posledních sedm dní (GA4 export) SELECT session_traffic_source_last_click.cross_channel_campaign.source AS zdroj, session_traffic_source_last_click.cross_channel_campaign.medium AS medium, COUNT(DISTINCT CONCAT(user_pseudo_id, '.', CAST((SELECT value.int_value FROM UNNEST(event_params) WHERE key = 'ga_session_id') AS STRING))) AS relace, ROUND(SUM(IF(event_name = 'purchase', ecommerce.purchase_revenue, 0)), 0) AS trzby FROM `vas-projekt.analytics_123456789.events_*` WHERE _TABLE_SUFFIX BETWEEN FORMAT_DATE('%Y%m%d', DATE_SUB(CURRENT_DATE('Europe/Prague'), INTERVAL 7 DAY)) AND FORMAT_DATE('%Y%m%d', DATE_SUB(CURRENT_DATE('Europe/Prague'), INTERVAL 1 DAY)) GROUP BY zdroj, medium ORDER BY trzby DESC;
pomlčka „–“ (U+2013)	/sluzby/bigquery	main	li	Časté otázky	řekročení může Google export pozastavit – proto zbytečné události vyřazujeme, neb	GA4: denní export obsahuje všechny události za předchozí den, průběžný export plní během dne tabulku events_intraday. Standardní property má limit denního exportu milion událostí a při výrazném překročení může Google export pozastavit – proto zbytečné události vyřazujeme, nebo přejdeme na průběžný export, který limit nemá.
otazník	/sluzby/bigquery	main	summary	Časté otázky	Kolik stojí projekt a provoz BigQuery?	Kolik stojí projekt a provoz BigQuery?
pomlčka „–“ (U+2013)	/sluzby/bigquery	main	div	Časté otázky	po úvodní konzultaci jako pevnou částku – rozhoduje počet a typ zdrojů, rozsah mo	Cenu projektu stanovíme po úvodní konzultaci jako pevnou částku – rozhoduje počet a typ zdrojů, rozsah modelu, stav měření a počet dashboardů. Provoz platíte přímo Googlu: první TiB dotazů a deset GiB úložiště měsíčně jsou zdarma a v našem modelovém výpočtu pro e-shop se 100 000 událostmi denně vychází na jednotky dolarů měsíčně. Na začátku ho spočítáme podle objemu dat a nastavíme limity, aby vás faktura nepřekvapila.
otazník	/sluzby/bigquery	main	summary	Časté otázky	ho to trvá a co od nás budete potřebovat?	Jak dlouho to trvá a co od nás budete potřebovat?
pomlčka „–“ (U+2013)	/sluzby/bigquery	main	div	Časté otázky	ka závisí hlavně na počtu a typu zdrojů – GA4 a Google Ads napojíme rychle, vlast	Délka závisí hlavně na počtu a typu zdrojů – GA4 a Google Ads napojíme rychle, vlastní ERP bez API dá víc práce. Potřebujeme projekt v Google Cloudu s platebním účtem nebo souhlas ho založit, roli Editor v GA4, přístupy pro čtení do reklamních systémů, export nebo API k e-shopu, ERP či CRM a kontakt na vývojáře nebo IT. Od týmu pak jednu až dvě hodiny na úvodní workshop a kontrolní čísla z účetnictví.
otazník	/sluzby/bigquery	main	summary	Časté otázky	Získáme i historická data z GA4?	Získáme i historická data z GA4?
pomlčka „–“ (U+2013)	/sluzby/bigquery	main	div	Časté otázky	do BigQuery proudit až po propojení GA4 – zpětně je export nedoplní, proto ho zap	Surová data na úrovni událostí začnou do BigQuery proudit až po propojení GA4 – zpětně je export nedoplní, proto ho zapínáme hned na začátku. Starší agregované reporty umí dodatečně načíst konektor Data Transfer Service pro GA4, a to tak daleko, jak dovolí uchovávání dat v GA4 property. Pro meziroční srovnání to obvykle stačí, pro analýzy jednotlivých relací ne.
otazník	/sluzby/bigquery	main	summary	Časté otázky	Musíme umět SQL?	Musíme umět SQL?
otazník	/sluzby/bigquery	main	summary	Časté otázky	Komu budou patřit data a účty?	Komu budou patřit data a účty?
otazník	/sluzby/bigquery	main	summary	Časté otázky	je to s GDPR a osobními údaji v BigQuery?	Jak je to s GDPR a osobními údaji v BigQuery?
pomlčka „–“ (U+2013)	/sluzby/bigquery	main	div	Časté otázky	zení zajistí váš právník nebo pověřenec – nejsme advokátní kancelář.	Přímé identifikátory jako e-mail, telefon nebo jméno do skladu v čitelné podobě neposíláme. Pseudonymní identifikátory jako user_pseudo_id ale mohou patřit mezi osobní údaje, proto volíme umístění dat v EU, omezujeme přístupy rolemi a nastavujeme expiraci starých dat. Právní posouzení zajistí váš právník nebo pověřenec – nejsme advokátní kancelář.
hranaté závorky [ ]	/sluzby/bigquery	main	p		[ pokračujte ]	[ pokračujte ]
hranaté závorky [ ]	/sluzby/bigquery	main	p		[ pokračujte ]	[ pokračujte ]
šipka →	/sluzby/bigquery	main	a		GA4 → BigQuery export: nastavení, limity a ce	GA4 → BigQuery export: nastavení, limity a cena článek
hranaté závorky [ ]	/sluzby/bigquery	kontakt	p	Pojďme spojit vaše data do jednoho místa	[ Kontakt ]	[ Kontakt ]
hranaté závorky [ ]	/sluzby/bigquery	kontakt	p	Pojďme spojit vaše data do jednoho místa	[ Kontakt ]	[ Kontakt ]
pomlčka „–“ (U+2013)	/sluzby/bigquery	kontakt	p	Pojďme spojit vaše data do jednoho místa	eme, jestli BigQuery potřebujete už teď – a kolik by provoz stál u Googlu.	Na úvodní třicetiminutové konzultaci zdarma projdeme zdroje dat a řekneme, jestli BigQuery potřebujete už teď – a kolik by provoz stál u Googlu.
výpustka „…“	SPOLEČNÉ/form	form	textarea@placeholder	form	ojit GA4, náklady z reklam a marže z ERP…	Např. chceme spojit GA4, náklady z reklam a marže z ERP…
pomlčka „–“ (U+2013)	/sluzby/cookie-lista-consent-mode	head	title	hlavička	Cookie lišta a Consent Mode v2 – nastavení | datalayer.cz	Cookie lišta a Consent Mode v2 – nastavení | datalayer.cz
svislítko | v textu	/sluzby/cookie-lista-consent-mode	head	title	hlavička	kie lišta a Consent Mode v2 – nastavení | datalayer.cz	Cookie lišta a Consent Mode v2 – nastavení | datalayer.cz
pomlčka „–“ (U+2013)	/sluzby/cookie-lista-consent-mode	head	meta:og:title	hlavička	Cookie lišta a Consent Mode v2 – nastavení | datalayer.cz	Cookie lišta a Consent Mode v2 – nastavení | datalayer.cz
svislítko | v textu	/sluzby/cookie-lista-consent-mode	head	meta:og:title	hlavička	kie lišta a Consent Mode v2 – nastavení | datalayer.cz	Cookie lišta a Consent Mode v2 – nastavení | datalayer.cz
pomlčka „–“ (U+2013)	/sluzby/cookie-lista-consent-mode	head	meta:twitter:title	hlavička	Cookie lišta a Consent Mode v2 – nastavení | datalayer.cz	Cookie lišta a Consent Mode v2 – nastavení | datalayer.cz
svislítko | v textu	/sluzby/cookie-lista-consent-mode	head	meta:twitter:title	hlavička	kie lišta a Consent Mode v2 – nastavení | datalayer.cz	Cookie lišta a Consent Mode v2 – nastavení | datalayer.cz
otazník	/sluzby/cookie-lista-consent-mode	jsonld	jsonld:mainEntity.name	JSON-LD	Je cookie lišta povinná?	Je cookie lišta povinná?
pomlčka „–“ (U+2013)	/sluzby/cookie-lista-consent-mode	jsonld	jsonld:mainEntity.acceptedAnswer.text	JSON-LD	hlášení, lištu se souhlasem nepotřebuje – informační povinnost ale trvá. Jakmile 	Pokud web používá jen technicky nezbytné cookies, třeba pro košík nebo přihlášení, lištu se souhlasem nepotřebuje – informační povinnost ale trvá. Jakmile používáte analytiku, reklamní pixely nebo remarketing, potřebujete podle § 89 odst. 3 zákona o elektronických komunikacích předchozí prokazatelný souhlas, a to i pro GA4. Výjimka pro malé weby neexistuje.
otazník	/sluzby/cookie-lista-consent-mode	jsonld	jsonld:mainEntity.name	JSON-LD	Je Google Consent Mode v2 povinný?	Je Google Consent Mode v2 povinný?
pomlčka „–“ (U+2013)	/sluzby/cookie-lista-consent-mode	jsonld	jsonld:mainEntity.acceptedAnswer.text	JSON-LD	měřit konverze a personalizovat reklamu – bez signálů souhlasu přicházíte o remar	Zákon vyžaduje souhlas, ne Consent Mode. Google ale Consent Mode fakticky vyžaduje po inzerentech, kteří chtějí u uživatelů z EHP měřit konverze a personalizovat reklamu – bez signálů souhlasu přicházíte o remarketingová publika. Od 15. června 2026 navíc Google Analytics u účtů propojených s Google Ads řídí reklamní data jen přes Consent Mode.
otazník	/sluzby/cookie-lista-consent-mode	jsonld	jsonld:mainEntity.name	JSON-LD	Proč po nasazení lišty klesly konverze?	Proč po nasazení lišty klesly konverze?
otazník	/sluzby/cookie-lista-consent-mode	jsonld	jsonld:mainEntity.name	JSON-LD	Kolik to stojí a jak dlouho to trvá?	Kolik to stojí a jak dlouho to trvá?
otazník	/sluzby/cookie-lista-consent-mode	jsonld	jsonld:mainEntity.name	JSON-LD	Jste právníci? Kdo připraví texty lišty?	Jste právníci? Kdo připraví texty lišty?
otazník	/sluzby/cookie-lista-consent-mode	jsonld	jsonld:mainEntity.name	JSON-LD	Jste právníci? Kdo připraví texty lišty?	Jste právníci? Kdo připraví texty lišty?
otazník	/sluzby/cookie-lista-consent-mode	jsonld	jsonld:mainEntity.name	JSON-LD	Komu patří lišta, účet CMP a přístupy?	Komu patří lišta, účet CMP a přístupy?
hranaté závorky [ ]	/sluzby/cookie-lista-consent-mode	main	p		[ consent ]	[ consent ]
hranaté závorky [ ]	/sluzby/cookie-lista-consent-mode	main	p		[ consent ]	[ consent ]
hranaté závorky [ ]	/sluzby/cookie-lista-consent-mode	main	a		[ Zkontrolovat můj web ]	[ Zkontrolovat můj web ]
hranaté závorky [ ]	/sluzby/cookie-lista-consent-mode	main	a		[ Zkontrolovat můj web ]	[ Zkontrolovat můj web ]
hranaté závorky [ ]	/sluzby/cookie-lista-consent-mode	main	a		[ Co web posílá před souhlasem ]	[ Co web posílá před souhlasem ]
hranaté závorky [ ]	/sluzby/cookie-lista-consent-mode	main	a		[ Co web posílá před souhlasem ]	[ Co web posílá před souhlasem ]
středová tečka „·“ (U+00B7)	/sluzby/cookie-lista-consent-mode	main	p		Úvodní konzultace zdarma · nejsme advokátní kancelář, s právníkem 	Úvodní konzultace zdarma · nejsme advokátní kancelář, s právníkem rádi spolupracujeme
hranaté závorky [ ]	/sluzby/cookie-lista-consent-mode	main	p	Poznáváte se?	[ symptomy ]	[ symptomy ]
hranaté závorky [ ]	/sluzby/cookie-lista-consent-mode	main	p	Poznáváte se?	[ symptomy ]	[ symptomy ]
otazník	/sluzby/cookie-lista-consent-mode	main	h2	Poznáváte se?	Poznáváte se?	Poznáváte se?
pomlčka „–“ (U+2013)	/sluzby/cookie-lista-consent-mode	main	p	Poznáváte se?	á CMP podle Googlu sama soulad nezaručí – rozhoduje, jak ji nasadíte.	„Cookie lištu přece máme.“ To, že web lištu zobrazí, ale ještě neznamená, že tagy souhlas respektují. Ani certifikovaná CMP podle Googlu sama soulad nezaručí – rozhoduje, jak ji nasadíte.
anglické uvozovky “ ”	/sluzby/cookie-lista-consent-mode	main	p	Poznáváte se?	„Cookie lištu přece máme.“ To, že web lištu zobrazí, ale ještě nez	„Cookie lištu přece máme.“ To, že web lištu zobrazí, ale ještě neznamená, že tagy souhlas respektují. Ani certifikovaná CMP podle Googlu sama soulad nezaručí – rozhoduje, jak ji nasadíte.
české uvozovky „ “	/sluzby/cookie-lista-consent-mode	main	p	Poznáváte se?	„Cookie lištu přece máme.“ To, že web liš	„Cookie lištu přece máme.“ To, že web lištu zobrazí, ale ještě neznamená, že tagy souhlas respektují. Ani certifikovaná CMP podle Googlu sama soulad nezaručí – rozhoduje, jak ji nasadíte.
anglické uvozovky “ ”	/sluzby/cookie-lista-consent-mode	main	div	Poznáváte se?	 signály a v GA4 roste podíl „Unassigned“.	Výchozí stav přichází až po načtení GTM, chybí nové reklamní signály a v GA4 roste podíl „Unassigned“.
české uvozovky „ “	/sluzby/cookie-lista-consent-mode	main	div	Poznáváte se?	vé reklamní signály a v GA4 roste podíl „Unassigned“.	Výchozí stav přichází až po načtení GTM, chybí nové reklamní signály a v GA4 roste podíl „Unassigned“.
anglické uvozovky “ ”	/sluzby/cookie-lista-consent-mode	main	div	Poznáváte se?	Chybí „Odmítnout“ v první vrstvě, tlačítka nejsou rovnoce	Chybí „Odmítnout“ v první vrstvě, tlačítka nejsou rovnocenná, nebo lišta jen informuje tlačítkem „Rozumím“.
anglické uvozovky “ ”	/sluzby/cookie-lista-consent-mode	main	div	Poznáváte se?	o lišta jen informuje tlačítkem „Rozumím“.	Chybí „Odmítnout“ v první vrstvě, tlačítka nejsou rovnocenná, nebo lišta jen informuje tlačítkem „Rozumím“.
české uvozovky „ “	/sluzby/cookie-lista-consent-mode	main	div	Poznáváte se?	Chybí „Odmítnout“ v první vrstvě, tlačítka nejs	Chybí „Odmítnout“ v první vrstvě, tlačítka nejsou rovnocenná, nebo lišta jen informuje tlačítkem „Rozumím“.
české uvozovky „ “	/sluzby/cookie-lista-consent-mode	main	div	Poznáváte se?	nná, nebo lišta jen informuje tlačítkem „Rozumím“.	Chybí „Odmítnout“ v první vrstvě, tlačítka nejsou rovnocenná, nebo lišta jen informuje tlačítkem „Rozumím“.
hranaté závorky [ ]	/sluzby/cookie-lista-consent-mode	main	p	Co uděláme a co dostanete	[ výstupy ]	[ výstupy ]
hranaté závorky [ ]	/sluzby/cookie-lista-consent-mode	main	p	Co uděláme a co dostanete	[ výstupy ]	[ výstupy ]
pomlčka „–“ (U+2013)	/sluzby/cookie-lista-consent-mode	main	div	Co uděláme a co dostanete	es, tagy a skripty včetně kódů mimo GTM – v šabloně, pluginech, chatu nebo videu.	Všechny cookies, tagy a skripty včetně kódů mimo GTM – v šabloně, pluginech, chatu nebo videu.
středová tečka „·“ (U+00B7)	/sluzby/cookie-lista-consent-mode	main	span	Co uděláme a co dostanete	gtm · sgtm	gtm · sgtm
pomlčka „–“ (U+2013)	/sluzby/cookie-lista-consent-mode	main	div	Co uděláme a co dostanete	Souhlas předáme i novému měření Seznamu – přes IAB TCF, nebo ve formátu Google Co	Souhlas předáme i novému měření Seznamu – přes IAB TCF, nebo ve formátu Google Consent Mode.
hranaté závorky [ ]	/sluzby/cookie-lista-consent-mode	main	p	Jak souhlas putuje od lišty k tagům	[ tok souhlasu ]	[ tok souhlasu ]
hranaté závorky [ ]	/sluzby/cookie-lista-consent-mode	main	p	Jak souhlas putuje od lišty k tagům	[ tok souhlasu ]	[ tok souhlasu ]
pomlčka „–“ (U+2013)	/sluzby/cookie-lista-consent-mode	main	p	Jak souhlas putuje od lišty k tagům	v, než prohlížeč načte jakoukoli značku – jinak se značky Googlu chovají, jako by	Pořadí je klíčové. Výchozí stav souhlasu musí platit dřív, než prohlížeč načte jakoukoli značku – jinak se značky Googlu chovají, jako by Consent Mode neexistoval.
hranaté závorky [ ]	/sluzby/cookie-lista-consent-mode	main	p	Basic, nebo advanced? A jakou lištu?	[ rozhodnutí ]	[ rozhodnutí ]
hranaté závorky [ ]	/sluzby/cookie-lista-consent-mode	main	p	Basic, nebo advanced? A jakou lištu?	[ rozhodnutí ]	[ rozhodnutí ]
otazník	/sluzby/cookie-lista-consent-mode	main	h2	Basic, nebo advanced? A jakou lištu?	Basic, nebo advanced? A jakou lištu?	Basic, nebo advanced? A jakou lištu?
otazník	/sluzby/cookie-lista-consent-mode	main	h2	Basic, nebo advanced? A jakou lištu?	Basic, nebo advanced? A jakou lištu?	Basic, nebo advanced? A jakou lištu?
hranaté závorky [ ]	/sluzby/cookie-lista-consent-mode	main	p	Tři věci, které říká zákon, ÚOOÚ a Google	[ právní rámec ]	[ právní rámec ]
hranaté závorky [ ]	/sluzby/cookie-lista-consent-mode	main	p	Tři věci, které říká zákon, ÚOOÚ a Google	[ právní rámec ]	[ právní rámec ]
ampersand &	/sluzby/cookie-lista-consent-mode	main	span	Tři věci, které říká zákon, ÚOOÚ a Google	Q&A ÚOOÚ	Q&A ÚOOÚ
anglické uvozovky “ ”	/sluzby/cookie-lista-consent-mode	main	div	Tři věci, které říká zákon, ÚOOÚ a Google	„Odmítnout“ patří do první vrstvy, tlačítka musí bý	„Odmítnout“ patří do první vrstvy, tlačítka musí být rovnocenná a zavření lišty souhlas není. Odvolat souhlas musí jít stejně snadno jako ho udělit.
české uvozovky „ “	/sluzby/cookie-lista-consent-mode	main	div	Tři věci, které říká zákon, ÚOOÚ a Google	„Odmítnout“ patří do první vrstvy, tlačít	„Odmítnout“ patří do první vrstvy, tlačítka musí být rovnocenná a zavření lišty souhlas není. Odvolat souhlas musí jít stejně snadno jako ho udělit.
hranaté závorky [ ]	/sluzby/cookie-lista-consent-mode	main	p	Jak to probíhá	[ postup ]	[ postup ]
hranaté závorky [ ]	/sluzby/cookie-lista-consent-mode	main	p	Jak to probíhá	[ postup ]	[ postup ]
hranaté závorky [ ]	/sluzby/cookie-lista-consent-mode	main	p	Co web posílá před souhlasem a po něm	[ ověření ]	[ ověření ]
hranaté závorky [ ]	/sluzby/cookie-lista-consent-mode	main	p	Co web posílá před souhlasem a po něm	[ ověření ]	[ ověření ]
pomlčka „–“ (U+2013)	/sluzby/cookie-lista-consent-mode	main	p	Co web posílá před souhlasem a po něm	h požadavků z vašeho webu a screenshoty – ne jen jako „máte to dobře“.	Ověření je jádro naší práce. Výsledek dostanete jako záznam síťových požadavků z vašeho webu a screenshoty – ne jen jako „máte to dobře“.
anglické uvozovky “ ”	/sluzby/cookie-lista-consent-mode	main	p	Co web posílá před souhlasem a po něm	screenshoty – ne jen jako „máte to dobře“.	Ověření je jádro naší práce. Výsledek dostanete jako záznam síťových požadavků z vašeho webu a screenshoty – ne jen jako „máte to dobře“.
české uvozovky „ “	/sluzby/cookie-lista-consent-mode	main	p	Co web posílá před souhlasem a po něm	vašeho webu a screenshoty – ne jen jako „máte to dobře“.	Ověření je jádro naší práce. Výsledek dostanete jako záznam síťových požadavků z vašeho webu a screenshoty – ne jen jako „máte to dobře“.
fajfka ✓ ✔	/sluzby/cookie-lista-consent-mode	main	pre	Co web posílá před souhlasem a po něm	✓ googletagmanager.com/gtm.js 200 ◐ …/g/c	✓ googletagmanager.com/gtm.js 200 ◐ …/g/collect?en=page_view&gcs=G100 ping bez cookies ✕ connect.facebook.net/…/fbevents.js čeká na souhlas ✕ sul.js čeká na souhlas
křížek ✕ ✗ ×	/sluzby/cookie-lista-consent-mode	main	pre	Co web posílá před souhlasem a po něm	?en=page_view&gcs=G100 ping bez cookies ✕ connect.facebook.net/…/fbevents.js čeká	✓ googletagmanager.com/gtm.js 200 ◐ …/g/collect?en=page_view&gcs=G100 ping bez cookies ✕ connect.facebook.net/…/fbevents.js čeká na souhlas ✕ sul.js čeká na souhlas
křížek ✕ ✗ ×	/sluzby/cookie-lista-consent-mode	main	pre	Co web posílá před souhlasem a po něm	ebook.net/…/fbevents.js čeká na souhlas ✕ sul.js čeká na souhlas	✓ googletagmanager.com/gtm.js 200 ◐ …/g/collect?en=page_view&gcs=G100 ping bez cookies ✕ connect.facebook.net/…/fbevents.js čeká na souhlas ✕ sul.js čeká na souhlas
ampersand &	/sluzby/cookie-lista-consent-mode	main	pre	Co web posílá před souhlasem a po něm	om/gtm.js 200 ◐ …/g/collect?en=page_view&gcs=G100 ping bez cookies ✕ connect.face	✓ googletagmanager.com/gtm.js 200 ◐ …/g/collect?en=page_view&gcs=G100 ping bez cookies ✕ connect.facebook.net/…/fbevents.js čeká na souhlas ✕ sul.js čeká na souhlas
emoji	/sluzby/cookie-lista-consent-mode	main	pre	Co web posílá před souhlasem a po něm	✓ googletagmanager.com/gtm.js 200 ◐ …/g/c	✓ googletagmanager.com/gtm.js 200 ◐ …/g/collect?en=page_view&gcs=G100 ping bez cookies ✕ connect.facebook.net/…/fbevents.js čeká na souhlas ✕ sul.js čeká na souhlas
emoji	/sluzby/cookie-lista-consent-mode	main	pre	Co web posílá před souhlasem a po něm	?en=page_view&gcs=G100 ping bez cookies ✕ connect.facebook.net/…/fbevents.js čeká	✓ googletagmanager.com/gtm.js 200 ◐ …/g/collect?en=page_view&gcs=G100 ping bez cookies ✕ connect.facebook.net/…/fbevents.js čeká na souhlas ✕ sul.js čeká na souhlas
emoji	/sluzby/cookie-lista-consent-mode	main	pre	Co web posílá před souhlasem a po něm	ebook.net/…/fbevents.js čeká na souhlas ✕ sul.js čeká na souhlas	✓ googletagmanager.com/gtm.js 200 ◐ …/g/collect?en=page_view&gcs=G100 ping bez cookies ✕ connect.facebook.net/…/fbevents.js čeká na souhlas ✕ sul.js čeká na souhlas
výpustka „…“	/sluzby/cookie-lista-consent-mode	main	pre	Co web posílá před souhlasem a po něm	✓ googletagmanager.com/gtm.js 200 ◐ …/g/collect?en=page_view&gcs=G100 ping be	✓ googletagmanager.com/gtm.js 200 ◐ …/g/collect?en=page_view&gcs=G100 ping bez cookies ✕ connect.facebook.net/…/fbevents.js čeká na souhlas ✕ sul.js čeká na souhlas
výpustka „…“	/sluzby/cookie-lista-consent-mode	main	pre	Co web posílá před souhlasem a po něm	ping bez cookies ✕ connect.facebook.net/…/fbevents.js čeká na souhlas ✕ sul.js če	✓ googletagmanager.com/gtm.js 200 ◐ …/g/collect?en=page_view&gcs=G100 ping bez cookies ✕ connect.facebook.net/…/fbevents.js čeká na souhlas ✕ sul.js čeká na souhlas
otazník	/sluzby/cookie-lista-consent-mode	main	pre	Co web posílá před souhlasem a po něm	etagmanager.com/gtm.js 200 ◐ …/g/collect?en=page_view&gcs=G100 ping bez cookies ✕	✓ googletagmanager.com/gtm.js 200 ◐ …/g/collect?en=page_view&gcs=G100 ping bez cookies ✕ connect.facebook.net/…/fbevents.js čeká na souhlas ✕ sul.js čeká na souhlas
fajfka ✓ ✔	/sluzby/cookie-lista-consent-mode	main	pre	Co web posílá před souhlasem a po něm	✓ …/g/collect?en=page_view&gcs=G111 200 ✓	✓ …/g/collect?en=page_view&gcs=G111 200 ✓ connect.facebook.net/…/fbevents.js 200 ✓ sul.js 200 ✓ analytics.tiktok.com 200
fajfka ✓ ✔	/sluzby/cookie-lista-consent-mode	main	pre	Co web posílá před souhlasem a po něm	✓ …/g/collect?en=page_view&gcs=G111 200 ✓ connect.facebook.net/…/fbevents.js 200 	✓ …/g/collect?en=page_view&gcs=G111 200 ✓ connect.facebook.net/…/fbevents.js 200 ✓ sul.js 200 ✓ analytics.tiktok.com 200
fajfka ✓ ✔	/sluzby/cookie-lista-consent-mode	main	pre	Co web posílá před souhlasem a po něm	 connect.facebook.net/…/fbevents.js 200 ✓ sul.js 200 ✓ analytics.tiktok.com 200	✓ …/g/collect?en=page_view&gcs=G111 200 ✓ connect.facebook.net/…/fbevents.js 200 ✓ sul.js 200 ✓ analytics.tiktok.com 200
fajfka ✓ ✔	/sluzby/cookie-lista-consent-mode	main	pre	Co web posílá před souhlasem a po něm	book.net/…/fbevents.js 200 ✓ sul.js 200 ✓ analytics.tiktok.com 200	✓ …/g/collect?en=page_view&gcs=G111 200 ✓ connect.facebook.net/…/fbevents.js 200 ✓ sul.js 200 ✓ analytics.tiktok.com 200
ampersand &	/sluzby/cookie-lista-consent-mode	main	pre	Co web posílá před souhlasem a po něm	✓ …/g/collect?en=page_view&gcs=G111 200 ✓ connect.facebook.net/…/fb	✓ …/g/collect?en=page_view&gcs=G111 200 ✓ connect.facebook.net/…/fbevents.js 200 ✓ sul.js 200 ✓ analytics.tiktok.com 200
emoji	/sluzby/cookie-lista-consent-mode	main	pre	Co web posílá před souhlasem a po něm	✓ …/g/collect?en=page_view&gcs=G111 200 ✓	✓ …/g/collect?en=page_view&gcs=G111 200 ✓ connect.facebook.net/…/fbevents.js 200 ✓ sul.js 200 ✓ analytics.tiktok.com 200
emoji	/sluzby/cookie-lista-consent-mode	main	pre	Co web posílá před souhlasem a po něm	✓ …/g/collect?en=page_view&gcs=G111 200 ✓ connect.facebook.net/…/fbevents.js 200 	✓ …/g/collect?en=page_view&gcs=G111 200 ✓ connect.facebook.net/…/fbevents.js 200 ✓ sul.js 200 ✓ analytics.tiktok.com 200
emoji	/sluzby/cookie-lista-consent-mode	main	pre	Co web posílá před souhlasem a po něm	 connect.facebook.net/…/fbevents.js 200 ✓ sul.js 200 ✓ analytics.tiktok.com 200	✓ …/g/collect?en=page_view&gcs=G111 200 ✓ connect.facebook.net/…/fbevents.js 200 ✓ sul.js 200 ✓ analytics.tiktok.com 200
emoji	/sluzby/cookie-lista-consent-mode	main	pre	Co web posílá před souhlasem a po něm	book.net/…/fbevents.js 200 ✓ sul.js 200 ✓ analytics.tiktok.com 200	✓ …/g/collect?en=page_view&gcs=G111 200 ✓ connect.facebook.net/…/fbevents.js 200 ✓ sul.js 200 ✓ analytics.tiktok.com 200
výpustka „…“	/sluzby/cookie-lista-consent-mode	main	pre	Co web posílá před souhlasem a po něm	✓ …/g/collect?en=page_view&gcs=G111 200 ✓ c	✓ …/g/collect?en=page_view&gcs=G111 200 ✓ connect.facebook.net/…/fbevents.js 200 ✓ sul.js 200 ✓ analytics.tiktok.com 200
výpustka „…“	/sluzby/cookie-lista-consent-mode	main	pre	Co web posílá před souhlasem a po něm	iew&gcs=G111 200 ✓ connect.facebook.net/…/fbevents.js 200 ✓ sul.js 200 ✓ analytic	✓ …/g/collect?en=page_view&gcs=G111 200 ✓ connect.facebook.net/…/fbevents.js 200 ✓ sul.js 200 ✓ analytics.tiktok.com 200
otazník	/sluzby/cookie-lista-consent-mode	main	pre	Co web posílá před souhlasem a po něm	✓ …/g/collect?en=page_view&gcs=G111 200 ✓ connect.face	✓ …/g/collect?en=page_view&gcs=G111 200 ✓ connect.facebook.net/…/fbevents.js 200 ✓ sul.js 200 ✓ analytics.tiktok.com 200
hranaté závorky [ ]	/sluzby/cookie-lista-consent-mode	main	p	Časté otázky	[ FAQ ]	[ FAQ ]
hranaté závorky [ ]	/sluzby/cookie-lista-consent-mode	main	p	Časté otázky	[ FAQ ]	[ FAQ ]
otazník	/sluzby/cookie-lista-consent-mode	main	p	Časté otázky	Nenašli jste odpověď? Napište nám.	Nenašli jste odpověď? Napište nám.
pomlčka „–“ (U+2013)	/sluzby/cookie-lista-consent-mode	main	li	Časté otázky	 nebo spouštěčem Consent Initialization – All Pages, který běží před všemi ostatn	Výchozí stav nastavujeme před načtením GTM, nebo spouštěčem Consent Initialization – All Pages, který běží před všemi ostatními tagy.
pomlčka „–“ (U+2013)	/sluzby/cookie-lista-consent-mode	main	li	Časté otázky	 Hotjar ani Clarity Consent Mode nečtou – dostanou dodatečný požadavek na souhlas	Značky Googlu mají vestavěné kontroly souhlasu. Meta, Sklik, TikTok, LinkedIn, Hotjar ani Clarity Consent Mode nečtou – dostanou dodatečný požadavek na souhlas a spouštění na aktualizaci souhlasu.
rovný apostrof '	/sluzby/cookie-lista-consent-mode	main	li	Časté otázky	las z IAB TCF, nebo ho dostane přes SEM('updateConsent', …). Cookies sid a udid v	Seznam Event Measurement čte souhlas z IAB TCF, nebo ho dostane přes SEM('updateConsent', …). Cookies sid a udid vytvoří až po souhlasu s ad_storage.
rovný apostrof '	/sluzby/cookie-lista-consent-mode	main	li	Časté otázky	 nebo ho dostane přes SEM('updateConsent', …). Cookies sid a udid vytvoří až po s	Seznam Event Measurement čte souhlas z IAB TCF, nebo ho dostane přes SEM('updateConsent', …). Cookies sid a udid vytvoří až po souhlasu s ad_storage.
výpustka „…“	/sluzby/cookie-lista-consent-mode	main	li	Časté otázky	bo ho dostane přes SEM('updateConsent', …). Cookies sid a udid vytvoří až po souh	Seznam Event Measurement čte souhlas z IAB TCF, nebo ho dostane přes SEM('updateConsent', …). Cookies sid a udid vytvoří až po souhlasu s ad_storage.
rovný apostrof '	/sluzby/cookie-lista-consent-mode	main	pre	Časté otázky	ag(){ dataLayer.push(arguments); } gtag('consent', 'default', { ad_storage: 'deni	<script> window.dataLayer = window.dataLayer || []; function gtag(){ dataLayer.push(arguments); } gtag('consent', 'default', { ad_storage: 'denied', ad_user_data: 'denied', ad_personalization: 'denied', analytics_storage: 'denied', personalization_storage: 'denied', functionality_storage: 'granted', // jen pokud je skutečně nezbytné security_storage: 'granted', wait_for_update: 500 }); gtag('set', 'ads_data_redaction', true); gtag('set', 'url_passthrough', true); // posoudit s právníkem </script> <!-- až teď Google Tag Manager -->
rovný apostrof '	/sluzby/cookie-lista-consent-mode	main	pre	Časté otázky	taLayer.push(arguments); } gtag('consent', 'default', { ad_storage: 'denied', ad_	<script> window.dataLayer = window.dataLayer || []; function gtag(){ dataLayer.push(arguments); } gtag('consent', 'default', { ad_storage: 'denied', ad_user_data: 'denied', ad_personalization: 'denied', analytics_storage: 'denied', personalization_storage: 'denied', functionality_storage: 'granted', // jen pokud je skutečně nezbytné security_storage: 'granted', wait_for_update: 500 }); gtag('set', 'ads_data_redaction', true); gtag('set', 'url_passthrough', true); // posoudit s právníkem </script> <!-- až teď Google Tag Manager -->
rovný apostrof '	/sluzby/cookie-lista-consent-mode	main	pre	Časté otázky	ayer.push(arguments); } gtag('consent', 'default', { ad_storage: 'denied', ad_use	<script> window.dataLayer = window.dataLayer || []; function gtag(){ dataLayer.push(arguments); } gtag('consent', 'default', { ad_storage: 'denied', ad_user_data: 'denied', ad_personalization: 'denied', analytics_storage: 'denied', personalization_storage: 'denied', functionality_storage: 'granted', // jen pokud je skutečně nezbytné security_storage: 'granted', wait_for_update: 500 }); gtag('set', 'ads_data_redaction', true); gtag('set', 'url_passthrough', true); // posoudit s právníkem </script> <!-- až teď Google Tag Manager -->
rovný apostrof '	/sluzby/cookie-lista-consent-mode	main	pre	Časté otázky	h(arguments); } gtag('consent', 'default', { ad_storage: 'denied', ad_user_data: 	<script> window.dataLayer = window.dataLayer || []; function gtag(){ dataLayer.push(arguments); } gtag('consent', 'default', { ad_storage: 'denied', ad_user_data: 'denied', ad_personalization: 'denied', analytics_storage: 'denied', personalization_storage: 'denied', functionality_storage: 'granted', // jen pokud je skutečně nezbytné security_storage: 'granted', wait_for_update: 500 }); gtag('set', 'ads_data_redaction', true); gtag('set', 'url_passthrough', true); // posoudit s právníkem </script> <!-- až teď Google Tag Manager -->
rovný apostrof '	/sluzby/cookie-lista-consent-mode	main	pre	Časté otázky	tag('consent', 'default', { ad_storage: 'denied', ad_user_data: 'denied', ad_pers	<script> window.dataLayer = window.dataLayer || []; function gtag(){ dataLayer.push(arguments); } gtag('consent', 'default', { ad_storage: 'denied', ad_user_data: 'denied', ad_personalization: 'denied', analytics_storage: 'denied', personalization_storage: 'denied', functionality_storage: 'granted', // jen pokud je skutečně nezbytné security_storage: 'granted', wait_for_update: 500 }); gtag('set', 'ads_data_redaction', true); gtag('set', 'url_passthrough', true); // posoudit s právníkem </script> <!-- až teď Google Tag Manager -->
rovný apostrof '	/sluzby/cookie-lista-consent-mode	main	pre	Časté otázky	nsent', 'default', { ad_storage: 'denied', ad_user_data: 'denied', ad_personaliza	<script> window.dataLayer = window.dataLayer || []; function gtag(){ dataLayer.push(arguments); } gtag('consent', 'default', { ad_storage: 'denied', ad_user_data: 'denied', ad_personalization: 'denied', analytics_storage: 'denied', personalization_storage: 'denied', functionality_storage: 'granted', // jen pokud je skutečně nezbytné security_storage: 'granted', wait_for_update: 500 }); gtag('set', 'ads_data_redaction', true); gtag('set', 'url_passthrough', true); // posoudit s právníkem </script> <!-- až teď Google Tag Manager -->
rovný apostrof '	/sluzby/cookie-lista-consent-mode	main	pre	Časté otázky	, { ad_storage: 'denied', ad_user_data: 'denied', ad_personalization: 'denied', a	<script> window.dataLayer = window.dataLayer || []; function gtag(){ dataLayer.push(arguments); } gtag('consent', 'default', { ad_storage: 'denied', ad_user_data: 'denied', ad_personalization: 'denied', analytics_storage: 'denied', personalization_storage: 'denied', functionality_storage: 'granted', // jen pokud je skutečně nezbytné security_storage: 'granted', wait_for_update: 500 }); gtag('set', 'ads_data_redaction', true); gtag('set', 'url_passthrough', true); // posoudit s právníkem </script> <!-- až teď Google Tag Manager -->
rovný apostrof '	/sluzby/cookie-lista-consent-mode	main	pre	Časté otázky	storage: 'denied', ad_user_data: 'denied', ad_personalization: 'denied', analytic	<script> window.dataLayer = window.dataLayer || []; function gtag(){ dataLayer.push(arguments); } gtag('consent', 'default', { ad_storage: 'denied', ad_user_data: 'denied', ad_personalization: 'denied', analytics_storage: 'denied', personalization_storage: 'denied', functionality_storage: 'granted', // jen pokud je skutečně nezbytné security_storage: 'granted', wait_for_update: 500 }); gtag('set', 'ads_data_redaction', true); gtag('set', 'url_passthrough', true); // posoudit s právníkem </script> <!-- až teď Google Tag Manager -->
rovný apostrof '	/sluzby/cookie-lista-consent-mode	main	pre	Časté otázky	ser_data: 'denied', ad_personalization: 'denied', analytics_storage: 'denied', pe	<script> window.dataLayer = window.dataLayer || []; function gtag(){ dataLayer.push(arguments); } gtag('consent', 'default', { ad_storage: 'denied', ad_user_data: 'denied', ad_personalization: 'denied', analytics_storage: 'denied', personalization_storage: 'denied', functionality_storage: 'granted', // jen pokud je skutečně nezbytné security_storage: 'granted', wait_for_update: 500 }); gtag('set', 'ads_data_redaction', true); gtag('set', 'url_passthrough', true); // posoudit s právníkem </script> <!-- až teď Google Tag Manager -->
rovný apostrof '	/sluzby/cookie-lista-consent-mode	main	pre	Časté otázky	a: 'denied', ad_personalization: 'denied', analytics_storage: 'denied', personali	<script> window.dataLayer = window.dataLayer || []; function gtag(){ dataLayer.push(arguments); } gtag('consent', 'default', { ad_storage: 'denied', ad_user_data: 'denied', ad_personalization: 'denied', analytics_storage: 'denied', personalization_storage: 'denied', functionality_storage: 'granted', // jen pokud je skutečně nezbytné security_storage: 'granted', wait_for_update: 500 }); gtag('set', 'ads_data_redaction', true); gtag('set', 'url_passthrough', true); // posoudit s právníkem </script> <!-- až teď Google Tag Manager -->
rovný apostrof '	/sluzby/cookie-lista-consent-mode	main	pre	Časté otázky	alization: 'denied', analytics_storage: 'denied', personalization_storage: 'denie	<script> window.dataLayer = window.dataLayer || []; function gtag(){ dataLayer.push(arguments); } gtag('consent', 'default', { ad_storage: 'denied', ad_user_data: 'denied', ad_personalization: 'denied', analytics_storage: 'denied', personalization_storage: 'denied', functionality_storage: 'granted', // jen pokud je skutečně nezbytné security_storage: 'granted', wait_for_update: 500 }); gtag('set', 'ads_data_redaction', true); gtag('set', 'url_passthrough', true); // posoudit s právníkem </script> <!-- až teď Google Tag Manager -->
rovný apostrof '	/sluzby/cookie-lista-consent-mode	main	pre	Časté otázky	on: 'denied', analytics_storage: 'denied', personalization_storage: 'denied', fun	<script> window.dataLayer = window.dataLayer || []; function gtag(){ dataLayer.push(arguments); } gtag('consent', 'default', { ad_storage: 'denied', ad_user_data: 'denied', ad_personalization: 'denied', analytics_storage: 'denied', personalization_storage: 'denied', functionality_storage: 'granted', // jen pokud je skutečně nezbytné security_storage: 'granted', wait_for_update: 500 }); gtag('set', 'ads_data_redaction', true); gtag('set', 'url_passthrough', true); // posoudit s právníkem </script> <!-- až teď Google Tag Manager -->
rovný apostrof '	/sluzby/cookie-lista-consent-mode	main	pre	Časté otázky	age: 'denied', personalization_storage: 'denied', functionality_storage: 'granted	<script> window.dataLayer = window.dataLayer || []; function gtag(){ dataLayer.push(arguments); } gtag('consent', 'default', { ad_storage: 'denied', ad_user_data: 'denied', ad_personalization: 'denied', analytics_storage: 'denied', personalization_storage: 'denied', functionality_storage: 'granted', // jen pokud je skutečně nezbytné security_storage: 'granted', wait_for_update: 500 }); gtag('set', 'ads_data_redaction', true); gtag('set', 'url_passthrough', true); // posoudit s právníkem </script> <!-- až teď Google Tag Manager -->
rovný apostrof '	/sluzby/cookie-lista-consent-mode	main	pre	Časté otázky	enied', personalization_storage: 'denied', functionality_storage: 'granted', // j	<script> window.dataLayer = window.dataLayer || []; function gtag(){ dataLayer.push(arguments); } gtag('consent', 'default', { ad_storage: 'denied', ad_user_data: 'denied', ad_personalization: 'denied', analytics_storage: 'denied', personalization_storage: 'denied', functionality_storage: 'granted', // jen pokud je skutečně nezbytné security_storage: 'granted', wait_for_update: 500 }); gtag('set', 'ads_data_redaction', true); gtag('set', 'url_passthrough', true); // posoudit s právníkem </script> <!-- až teď Google Tag Manager -->
rovný apostrof '	/sluzby/cookie-lista-consent-mode	main	pre	Časté otázky	orage: 'denied', functionality_storage: 'granted', // jen pokud je skutečně nezby	<script> window.dataLayer = window.dataLayer || []; function gtag(){ dataLayer.push(arguments); } gtag('consent', 'default', { ad_storage: 'denied', ad_user_data: 'denied', ad_personalization: 'denied', analytics_storage: 'denied', personalization_storage: 'denied', functionality_storage: 'granted', // jen pokud je skutečně nezbytné security_storage: 'granted', wait_for_update: 500 }); gtag('set', 'ads_data_redaction', true); gtag('set', 'url_passthrough', true); // posoudit s právníkem </script> <!-- až teď Google Tag Manager -->
rovný apostrof '	/sluzby/cookie-lista-consent-mode	main	pre	Časté otázky	denied', functionality_storage: 'granted', // jen pokud je skutečně nezbytné secu	<script> window.dataLayer = window.dataLayer || []; function gtag(){ dataLayer.push(arguments); } gtag('consent', 'default', { ad_storage: 'denied', ad_user_data: 'denied', ad_personalization: 'denied', analytics_storage: 'denied', personalization_storage: 'denied', functionality_storage: 'granted', // jen pokud je skutečně nezbytné security_storage: 'granted', wait_for_update: 500 }); gtag('set', 'ads_data_redaction', true); gtag('set', 'url_passthrough', true); // posoudit s právníkem </script> <!-- až teď Google Tag Manager -->
rovný apostrof '	/sluzby/cookie-lista-consent-mode	main	pre	Časté otázky	 je skutečně nezbytné security_storage: 'granted', wait_for_update: 500 }); gtag(	<script> window.dataLayer = window.dataLayer || []; function gtag(){ dataLayer.push(arguments); } gtag('consent', 'default', { ad_storage: 'denied', ad_user_data: 'denied', ad_personalization: 'denied', analytics_storage: 'denied', personalization_storage: 'denied', functionality_storage: 'granted', // jen pokud je skutečně nezbytné security_storage: 'granted', wait_for_update: 500 }); gtag('set', 'ads_data_redaction', true); gtag('set', 'url_passthrough', true); // posoudit s právníkem </script> <!-- až teď Google Tag Manager -->
rovný apostrof '	/sluzby/cookie-lista-consent-mode	main	pre	Časté otázky	ečně nezbytné security_storage: 'granted', wait_for_update: 500 }); gtag('set', '	<script> window.dataLayer = window.dataLayer || []; function gtag(){ dataLayer.push(arguments); } gtag('consent', 'default', { ad_storage: 'denied', ad_user_data: 'denied', ad_personalization: 'denied', analytics_storage: 'denied', personalization_storage: 'denied', functionality_storage: 'granted', // jen pokud je skutečně nezbytné security_storage: 'granted', wait_for_update: 500 }); gtag('set', 'ads_data_redaction', true); gtag('set', 'url_passthrough', true); // posoudit s právníkem </script> <!-- až teď Google Tag Manager -->
rovný apostrof '	/sluzby/cookie-lista-consent-mode	main	pre	Časté otázky	granted', wait_for_update: 500 }); gtag('set', 'ads_data_redaction', true); gtag(	<script> window.dataLayer = window.dataLayer || []; function gtag(){ dataLayer.push(arguments); } gtag('consent', 'default', { ad_storage: 'denied', ad_user_data: 'denied', ad_personalization: 'denied', analytics_storage: 'denied', personalization_storage: 'denied', functionality_storage: 'granted', // jen pokud je skutečně nezbytné security_storage: 'granted', wait_for_update: 500 }); gtag('set', 'ads_data_redaction', true); gtag('set', 'url_passthrough', true); // posoudit s právníkem </script> <!-- až teď Google Tag Manager -->
rovný apostrof '	/sluzby/cookie-lista-consent-mode	main	pre	Časté otázky	ted', wait_for_update: 500 }); gtag('set', 'ads_data_redaction', true); gtag('set	<script> window.dataLayer = window.dataLayer || []; function gtag(){ dataLayer.push(arguments); } gtag('consent', 'default', { ad_storage: 'denied', ad_user_data: 'denied', ad_personalization: 'denied', analytics_storage: 'denied', personalization_storage: 'denied', functionality_storage: 'granted', // jen pokud je skutečně nezbytné security_storage: 'granted', wait_for_update: 500 }); gtag('set', 'ads_data_redaction', true); gtag('set', 'url_passthrough', true); // posoudit s právníkem </script> <!-- až teď Google Tag Manager -->
rovný apostrof '	/sluzby/cookie-lista-consent-mode	main	pre	Časté otázky	', wait_for_update: 500 }); gtag('set', 'ads_data_redaction', true); gtag('set', 	<script> window.dataLayer = window.dataLayer || []; function gtag(){ dataLayer.push(arguments); } gtag('consent', 'default', { ad_storage: 'denied', ad_user_data: 'denied', ad_personalization: 'denied', analytics_storage: 'denied', personalization_storage: 'denied', functionality_storage: 'granted', // jen pokud je skutečně nezbytné security_storage: 'granted', wait_for_update: 500 }); gtag('set', 'ads_data_redaction', true); gtag('set', 'url_passthrough', true); // posoudit s právníkem </script> <!-- až teď Google Tag Manager -->
rovný apostrof '	/sluzby/cookie-lista-consent-mode	main	pre	Časté otázky	 500 }); gtag('set', 'ads_data_redaction', true); gtag('set', 'url_passthrough', 	<script> window.dataLayer = window.dataLayer || []; function gtag(){ dataLayer.push(arguments); } gtag('consent', 'default', { ad_storage: 'denied', ad_user_data: 'denied', ad_personalization: 'denied', analytics_storage: 'denied', personalization_storage: 'denied', functionality_storage: 'granted', // jen pokud je skutečně nezbytné security_storage: 'granted', wait_for_update: 500 }); gtag('set', 'ads_data_redaction', true); gtag('set', 'url_passthrough', true); // posoudit s právníkem </script> <!-- až teď Google Tag Manager -->
rovný apostrof '	/sluzby/cookie-lista-consent-mode	main	pre	Časté otázky	set', 'ads_data_redaction', true); gtag('set', 'url_passthrough', true); // posou	<script> window.dataLayer = window.dataLayer || []; function gtag(){ dataLayer.push(arguments); } gtag('consent', 'default', { ad_storage: 'denied', ad_user_data: 'denied', ad_personalization: 'denied', analytics_storage: 'denied', personalization_storage: 'denied', functionality_storage: 'granted', // jen pokud je skutečně nezbytné security_storage: 'granted', wait_for_update: 500 }); gtag('set', 'ads_data_redaction', true); gtag('set', 'url_passthrough', true); // posoudit s právníkem </script> <!-- až teď Google Tag Manager -->
rovný apostrof '	/sluzby/cookie-lista-consent-mode	main	pre	Časté otázky	, 'ads_data_redaction', true); gtag('set', 'url_passthrough', true); // posoudit 	<script> window.dataLayer = window.dataLayer || []; function gtag(){ dataLayer.push(arguments); } gtag('consent', 'default', { ad_storage: 'denied', ad_user_data: 'denied', ad_personalization: 'denied', analytics_storage: 'denied', personalization_storage: 'denied', functionality_storage: 'granted', // jen pokud je skutečně nezbytné security_storage: 'granted', wait_for_update: 500 }); gtag('set', 'ads_data_redaction', true); gtag('set', 'url_passthrough', true); // posoudit s právníkem </script> <!-- až teď Google Tag Manager -->
rovný apostrof '	/sluzby/cookie-lista-consent-mode	main	pre	Časté otázky	ads_data_redaction', true); gtag('set', 'url_passthrough', true); // posoudit s p	<script> window.dataLayer = window.dataLayer || []; function gtag(){ dataLayer.push(arguments); } gtag('consent', 'default', { ad_storage: 'denied', ad_user_data: 'denied', ad_personalization: 'denied', analytics_storage: 'denied', personalization_storage: 'denied', functionality_storage: 'granted', // jen pokud je skutečně nezbytné security_storage: 'granted', wait_for_update: 500 }); gtag('set', 'ads_data_redaction', true); gtag('set', 'url_passthrough', true); // posoudit s právníkem </script> <!-- až teď Google Tag Manager -->
rovný apostrof '	/sluzby/cookie-lista-consent-mode	main	pre	Časté otázky	on', true); gtag('set', 'url_passthrough', true); // posoudit s právníkem </scrip	<script> window.dataLayer = window.dataLayer || []; function gtag(){ dataLayer.push(arguments); } gtag('consent', 'default', { ad_storage: 'denied', ad_user_data: 'denied', ad_personalization: 'denied', analytics_storage: 'denied', personalization_storage: 'denied', functionality_storage: 'granted', // jen pokud je skutečně nezbytné security_storage: 'granted', wait_for_update: 500 }); gtag('set', 'ads_data_redaction', true); gtag('set', 'url_passthrough', true); // posoudit s právníkem </script> <!-- až teď Google Tag Manager -->
svislítko | v textu	/sluzby/cookie-lista-consent-mode	main	pre	Časté otázky	pt> window.dataLayer = window.dataLayer || []; function gtag(){ dataLayer.push(ar	<script> window.dataLayer = window.dataLayer || []; function gtag(){ dataLayer.push(arguments); } gtag('consent', 'default', { ad_storage: 'denied', ad_user_data: 'denied', ad_personalization: 'denied', analytics_storage: 'denied', personalization_storage: 'denied', functionality_storage: 'granted', // jen pokud je skutečně nezbytné security_storage: 'granted', wait_for_update: 500 }); gtag('set', 'ads_data_redaction', true); gtag('set', 'url_passthrough', true); // posoudit s právníkem </script> <!-- až teď Google Tag Manager -->
svislítko | v textu	/sluzby/cookie-lista-consent-mode	main	pre	Časté otázky	t> window.dataLayer = window.dataLayer || []; function gtag(){ dataLayer.push(arg	<script> window.dataLayer = window.dataLayer || []; function gtag(){ dataLayer.push(arguments); } gtag('consent', 'default', { ad_storage: 'denied', ad_user_data: 'denied', ad_personalization: 'denied', analytics_storage: 'denied', personalization_storage: 'denied', functionality_storage: 'granted', // jen pokud je skutečně nezbytné security_storage: 'granted', wait_for_update: 500 }); gtag('set', 'ads_data_redaction', true); gtag('set', 'url_passthrough', true); // posoudit s právníkem </script> <!-- až teď Google Tag Manager -->
hranaté závorky [ ]	/sluzby/cookie-lista-consent-mode	main	pre	Časté otázky	 window.dataLayer = window.dataLayer || []; function gtag(){ dataLayer.push(argum	<script> window.dataLayer = window.dataLayer || []; function gtag(){ dataLayer.push(arguments); } gtag('consent', 'default', { ad_storage: 'denied', ad_user_data: 'denied', ad_personalization: 'denied', analytics_storage: 'denied', personalization_storage: 'denied', functionality_storage: 'granted', // jen pokud je skutečně nezbytné security_storage: 'granted', wait_for_update: 500 }); gtag('set', 'ads_data_redaction', true); gtag('set', 'url_passthrough', true); // posoudit s právníkem </script> <!-- až teď Google Tag Manager -->
hranaté závorky [ ]	/sluzby/cookie-lista-consent-mode	main	pre	Časté otázky	window.dataLayer = window.dataLayer || []; function gtag(){ dataLayer.push(argume	<script> window.dataLayer = window.dataLayer || []; function gtag(){ dataLayer.push(arguments); } gtag('consent', 'default', { ad_storage: 'denied', ad_user_data: 'denied', ad_personalization: 'denied', analytics_storage: 'denied', personalization_storage: 'denied', functionality_storage: 'granted', // jen pokud je skutečně nezbytné security_storage: 'granted', wait_for_update: 500 }); gtag('set', 'ads_data_redaction', true); gtag('set', 'url_passthrough', true); // posoudit s právníkem </script> <!-- až teď Google Tag Manager -->
vykřičník	/sluzby/cookie-lista-consent-mode	main	pre	Časté otázky	ue); // posoudit s právníkem </script> <!-- až teď Google Tag Manager -->	<script> window.dataLayer = window.dataLayer || []; function gtag(){ dataLayer.push(arguments); } gtag('consent', 'default', { ad_storage: 'denied', ad_user_data: 'denied', ad_personalization: 'denied', analytics_storage: 'denied', personalization_storage: 'denied', functionality_storage: 'granted', // jen pokud je skutečně nezbytné security_storage: 'granted', wait_for_update: 500 }); gtag('set', 'ads_data_redaction', true); gtag('set', 'url_passthrough', true); // posoudit s právníkem </script> <!-- až teď Google Tag Manager -->
pomlčka „–“ (U+2013)	/sluzby/cookie-lista-consent-mode	main	p	Časté otázky	nformace o prokliku v URL i bez cookies – i to doporučujeme probrat s právníkem.	wait_for_update dává liště čas poslat uloženou volbu dřív, než značky odešlou data. ads_data_redaction při odmítnutí reklamních cookies redukuje identifikátory prokliku a url_passthrough přenáší informace o prokliku v URL i bez cookies – i to doporučujeme probrat s právníkem.
otazník	/sluzby/cookie-lista-consent-mode	main	summary	Časté otázky	Je cookie lišta povinná?	Je cookie lišta povinná?
pomlčka „–“ (U+2013)	/sluzby/cookie-lista-consent-mode	main	div	Časté otázky	hlášení, lištu se souhlasem nepotřebuje – informační povinnost ale trvá. Jakmile 	Pokud web používá jen technicky nezbytné cookies, třeba pro košík nebo přihlášení, lištu se souhlasem nepotřebuje – informační povinnost ale trvá. Jakmile používáte analytiku, reklamní pixely nebo remarketing, potřebujete podle § 89 odst. 3 zákona o elektronických komunikacích předchozí prokazatelný souhlas, a to i pro GA4. Výjimka pro malé weby neexistuje.
otazník	/sluzby/cookie-lista-consent-mode	main	summary	Časté otázky	Je Google Consent Mode v2 povinný?	Je Google Consent Mode v2 povinný?
pomlčka „–“ (U+2013)	/sluzby/cookie-lista-consent-mode	main	div	Časté otázky	měřit konverze a personalizovat reklamu – bez signálů souhlasu přicházíte o remar	Zákon vyžaduje souhlas, ne Consent Mode. Google ale Consent Mode fakticky vyžaduje po inzerentech, kteří chtějí u uživatelů z EHP měřit konverze a personalizovat reklamu – bez signálů souhlasu přicházíte o remarketingová publika. Od 15. června 2026 navíc Google Analytics u účtů propojených s Google Ads řídí reklamní data jen přes Consent Mode.
otazník	/sluzby/cookie-lista-consent-mode	main	summary	Časté otázky	Proč po nasazení lišty klesly konverze?	Proč po nasazení lišty klesly konverze?
otazník	/sluzby/cookie-lista-consent-mode	main	summary	Časté otázky	Kolik to stojí a jak dlouho to trvá?	Kolik to stojí a jak dlouho to trvá?
otazník	/sluzby/cookie-lista-consent-mode	main	summary	Časté otázky	Jste právníci? Kdo připraví texty lišty?	Jste právníci? Kdo připraví texty lišty?
otazník	/sluzby/cookie-lista-consent-mode	main	summary	Časté otázky	Jste právníci? Kdo připraví texty lišty?	Jste právníci? Kdo připraví texty lišty?
otazník	/sluzby/cookie-lista-consent-mode	main	summary	Časté otázky	Komu patří lišta, účet CMP a přístupy?	Komu patří lišta, účet CMP a přístupy?
hranaté závorky [ ]	/sluzby/cookie-lista-consent-mode	main	p		[ pokračujte ]	[ pokračujte ]
hranaté závorky [ ]	/sluzby/cookie-lista-consent-mode	main	p		[ pokračujte ]	[ pokračujte ]
hranaté závorky [ ]	/sluzby/cookie-lista-consent-mode	kontakt	p	Nastavíme souhlas podle pravidel – a bez zbytečné 	[ Kontakt ]	[ Kontakt ]
hranaté závorky [ ]	/sluzby/cookie-lista-consent-mode	kontakt	p	Nastavíme souhlas podle pravidel – a bez zbytečné 	[ Kontakt ]	[ Kontakt ]
pomlčka „–“ (U+2013)	/sluzby/cookie-lista-consent-mode	kontakt	h2	Nastavíme souhlas podle pravidel – a bez zbytečné 	Nastavíme souhlas podle pravidel – a bez zbytečné ztráty dat	Nastavíme souhlas podle pravidel – a bez zbytečné ztráty dat
výpustka „…“	SPOLEČNÉ/form	form	textarea@placeholder	form	í lišty nám spadly konverze v Google Ads…	Např. po nasazení lišty nám spadly konverze v Google Ads…
svislítko | v textu	/sluzby/dashboardy-a-reporting	head	title	hlavička	ketingový dashboard a reporting na míru | datalayer.cz	Marketingový dashboard a reporting na míru | datalayer.cz
svislítko | v textu	/sluzby/dashboardy-a-reporting	head	meta:og:title	hlavička	ketingový dashboard a reporting na míru | datalayer.cz	Marketingový dashboard a reporting na míru | datalayer.cz
svislítko | v textu	/sluzby/dashboardy-a-reporting	head	meta:twitter:title	hlavička	ketingový dashboard a reporting na míru | datalayer.cz	Marketingový dashboard a reporting na míru | datalayer.cz
otazník	/sluzby/dashboardy-a-reporting	jsonld	jsonld:mainEntity.name	JSON-LD	Kolik stojí dashboard na míru?	Kolik stojí dashboard na míru?
pomlčka „–“ (U+2013)	/sluzby/dashboardy-a-reporting	jsonld	jsonld:mainEntity.acceptedAnswer.text	JSON-LD	Rozhoduje počet dashboardů a typ zdrojů – zdroje Googlu napojíme rychle, ERP bez 	Cenu stanovíme po úvodní konzultaci jako pevnou částku. Rozhoduje počet dashboardů a typ zdrojů – zdroje Googlu napojíme rychle, ERP bez API dá víc práce – a to, jestli potřebujete BigQuery a sladění s účetnictvím. Licence Data Studia Pro nebo Power BI a provoz BigQuery platíte přímo Googlu nebo Microsoftu.
pomlčka „–“ (U+2013)	/sluzby/dashboardy-a-reporting	jsonld	jsonld:mainEntity.acceptedAnswer.text	JSON-LD	pojíme rychle, ERP bez API dá víc práce – a to, jestli potřebujete BigQuery a sla	Cenu stanovíme po úvodní konzultaci jako pevnou částku. Rozhoduje počet dashboardů a typ zdrojů – zdroje Googlu napojíme rychle, ERP bez API dá víc práce – a to, jestli potřebujete BigQuery a sladění s účetnictvím. Licence Data Studia Pro nebo Power BI a provoz BigQuery platíte přímo Googlu nebo Microsoftu.
otazník	/sluzby/dashboardy-a-reporting	jsonld	jsonld:mainEntity.name	JSON-LD	k dlouho to trvá a co od nás potřebujete?	Jak dlouho to trvá a co od nás potřebujete?
otazník	/sluzby/dashboardy-a-reporting	jsonld	jsonld:mainEntity.name	JSON-LD	Komu bude dashboard patřit?	Komu bude dashboard patřit?
pomlčka „–“ (U+2013)	/sluzby/dashboardy-a-reporting	jsonld	jsonld:mainEntity.acceptedAnswer.text	JSON-LD	projektu Google Cloudu, který patří vám – nikdy pod osobním účtem zaměstnance ani	Vám. Reporty zakládáme na firemních účtech v Google Workspace nebo Microsoft 365 a datové zdroje v projektu Google Cloudu, který patří vám – nikdy pod osobním účtem zaměstnance ani pod naším. My si necháme přístup jen po dobu spolupráce a při předání dostanete seznam všech přístupů.
otazník	/sluzby/dashboardy-a-reporting	jsonld	jsonld:mainEntity.name	JSON-LD	v dashboardu liší od GA4 nebo Google Ads?	Proč se čísla v dashboardu liší od GA4 nebo Google Ads?
otazník	/sluzby/dashboardy-a-reporting	jsonld	jsonld:mainEntity.name	JSON-LD	eme BigQuery, nebo stačí přímé konektory?	Potřebujeme BigQuery, nebo stačí přímé konektory?
otazník	/sluzby/dashboardy-a-reporting	jsonld	jsonld:mainEntity.name	JSON-LD	it Sklik, Heureku, Shoptet nebo naše CRM?	Umíte napojit Sklik, Heureku, Shoptet nebo naše CRM?
pomlčka „–“ (U+2013)	/sluzby/dashboardy-a-reporting	jsonld	jsonld:mainEntity.acceptedAnswer.text	JSON-LD	arma a jejich spolehlivost vždy ověříme – konkrétní zdroje probereme na úvodní ko	Ano, pokud mají API nebo export. Pro Sklik Google vlastní konektor nenabízí, proto náklady stahujeme přes Sklik API do BigQuery, Heureku a Zboží.cz napojujeme přes exporty nebo rozhraní účtu a e-shopové platformy a CRM přes export nebo API. Konektory třetích stran většinou nejsou zdarma a jejich spolehlivost vždy ověříme – konkrétní zdroje probereme na úvodní konzultaci.
středová tečka „·“ (U+00B7)	/sluzby/dashboardy-a-reporting	main	p		[ report · data a reporting ]	[ report · data a reporting ]
hranaté závorky [ ]	/sluzby/dashboardy-a-reporting	main	p		[ report · data a reporting ]	[ report · data a reporting ]
hranaté závorky [ ]	/sluzby/dashboardy-a-reporting	main	p		[ report · data a reporting ]	[ report · data a reporting ]
hranaté závorky [ ]	/sluzby/dashboardy-a-reporting	main	a		[ Konzultovat dashboard ]	[ Konzultovat dashboard ]
hranaté závorky [ ]	/sluzby/dashboardy-a-reporting	main	a		[ Konzultovat dashboard ]	[ Konzultovat dashboard ]
hranaté závorky [ ]	/sluzby/dashboardy-a-reporting	main	a		[ Typy dashboardů ]	[ Typy dashboardů ]
hranaté závorky [ ]	/sluzby/dashboardy-a-reporting	main	a		[ Typy dashboardů ]	[ Typy dashboardů ]
středová tečka „·“ (U+00B7)	/sluzby/dashboardy-a-reporting	main	p		vodní třicetiminutová konzultace zdarma · reporty i data zůstávají na vašich účte	Úvodní třicetiminutová konzultace zdarma · reporty i data zůstávají na vašich účtech
hranaté závorky [ ]	/sluzby/dashboardy-a-reporting	main	p	Poznáváte se?	[ symptomy ]	[ symptomy ]
hranaté závorky [ ]	/sluzby/dashboardy-a-reporting	main	p	Poznáváte se?	[ symptomy ]	[ symptomy ]
otazník	/sluzby/dashboardy-a-reporting	main	h2	Poznáváte se?	Poznáváte se?	Poznáváte se?
pomlčka „–“ (U+2013)	/sluzby/dashboardy-a-reporting	main	div	Poznáváte se?	A4, Ads, Mety a administrace do tabulky – a když onemocní, report nevyjde.	Každý týden někdo hodiny kopíruje čísla z GA4, Ads, Mety a administrace do tabulky – a když onemocní, report nevyjde.
pomlčka „–“ (U+2013)	/sluzby/dashboardy-a-reporting	main	div	Poznáváte se?	 PNO bez vratek, storen a nákupních cen – a kampaň s nejvyšším obratem může mít n	Reporty ukazují ROAS a PNO bez vratek, storen a nákupních cen – a kampaň s nejvyšším obratem může mít nejnižší marži.
hranaté závorky [ ]	/sluzby/dashboardy-a-reporting	main	p	Čtyři typy dashboardů, které stavíme nejčastěji	[ typy dashboardů ]	[ typy dashboardů ]
hranaté závorky [ ]	/sluzby/dashboardy-a-reporting	main	p	Čtyři typy dashboardů, které stavíme nejčastěji	[ typy dashboardů ]	[ typy dashboardů ]
středová tečka „·“ (U+00B7)	/sluzby/dashboardy-a-reporting	main	span	Čtyři typy dashboardů, které stavíme nejčastěji	vedení · týdně	vedení · týdně
středová tečka „·“ (U+00B7)	/sluzby/dashboardy-a-reporting	main	span	Čtyři typy dashboardů, které stavíme nejčastěji	marketing · denně	marketing · denně
středová tečka „·“ (U+00B7)	/sluzby/dashboardy-a-reporting	main	span	Čtyři typy dashboardů, které stavíme nejčastěji	e-commerce · měsíčně	e-commerce · měsíčně
středová tečka „·“ (U+00B7)	/sluzby/dashboardy-a-reporting	main	span	Čtyři typy dashboardů, které stavíme nejčastěji	b2b · týdně	b2b · týdně
hranaté závorky [ ]	/sluzby/dashboardy-a-reporting	main	p	Co uděláme a co dostanete	[ výstupy ]	[ výstupy ]
hranaté závorky [ ]	/sluzby/dashboardy-a-reporting	main	p	Co uděláme a co dostanete	[ výstupy ]	[ výstupy ]
pomlčka „–“ (U+2013)	/sluzby/dashboardy-a-reporting	main	div	Co uděláme a co dostanete	pod nimi metriky pro marketing a obchod – u každého definice, výpočet, zdroj a vl	Nahoře tři až pět čísel pro vedení, pod nimi metriky pro marketing a obchod – u každého definice, výpočet, zdroj a vlastník.
středová tečka „·“ (U+00B7)	/sluzby/dashboardy-a-reporting	main	span	Co uděláme a co dostanete	data studio · power bi	data studio · power bi
pomlčka „–“ (U+2013)	/sluzby/dashboardy-a-reporting	main	div	Co uděláme a co dostanete	firemních barvách a pro desktop i mobil – nejdřív jako klikací prototyp na vašich	Počet a typ podle zadání, ve firemních barvách a pro desktop i mobil – nejdřív jako klikací prototyp na vašich datech.
hranaté závorky [ ]	/sluzby/dashboardy-a-reporting	main	p	Odkud čísla v dashboardu pocházejí	[ tok dat ]	[ tok dat ]
hranaté závorky [ ]	/sluzby/dashboardy-a-reporting	main	p	Odkud čísla v dashboardu pocházejí	[ tok dat ]	[ tok dat ]
pomlčka „–“ (U+2013)	/sluzby/dashboardy-a-reporting	main	p	Odkud čísla v dashboardu pocházejí	GA4 nikdy neuvidí všechny objednávky – část lidí odmítne cookies nebo používá 	GA4 nikdy neuvidí všechny objednávky – část lidí odmítne cookies nebo používá blokátory a některé objednávky vzniknou po telefonu. Peníze proto bereme z účetnictví nebo ERP a GA4 s reklamními systémy jen rozdělí tržby podle kanálů a kampaní.
pomlčka „–“ (U+2013)	/sluzby/dashboardy-a-reporting	main	li	Odkud čísla v dashboardu pocházejí	vedení – týdně	vedení – týdně
pomlčka „–“ (U+2013)	/sluzby/dashboardy-a-reporting	main	li	Odkud čísla v dashboardu pocházejí	marketing – denně	marketing – denně
pomlčka „–“ (U+2013)	/sluzby/dashboardy-a-reporting	main	li	Odkud čísla v dashboardu pocházejí	e-commerce – měsíčně	e-commerce – měsíčně
pomlčka „–“ (U+2013)	/sluzby/dashboardy-a-reporting	main	li	Odkud čísla v dashboardu pocházejí	B2B pipeline – týdně	B2B pipeline – týdně
pomlčka „–“ (U+2013)	/sluzby/dashboardy-a-reporting	main	li	Odkud čísla v dashboardu pocházejí	z DPH, po stornech, s dopravou nebo bez – jak to má účetnictví.	Jedna definice tržby. Bez DPH, po stornech, s dopravou nebo bez – jak to má účetnictví.
anglické uvozovky “ ”	/sluzby/dashboardy-a-reporting	main	li	Odkud čísla v dashboardu pocházejí	ůstává vidět. Když dlaždice „shoda s ERP“ náhle skočí, selhalo měření, ne marketi	Rozdíl zůstává vidět. Když dlaždice „shoda s ERP“ náhle skočí, selhalo měření, ne marketing.
české uvozovky „ “	/sluzby/dashboardy-a-reporting	main	li	Odkud čísla v dashboardu pocházejí	Rozdíl zůstává vidět. Když dlaždice „shoda s ERP“ náhle skočí, selhalo měření	Rozdíl zůstává vidět. Když dlaždice „shoda s ERP“ náhle skočí, selhalo měření, ne marketing.
hranaté závorky [ ]	/sluzby/dashboardy-a-reporting	main	p	Data Studio, nebo Power BI?	[ srovnání ]	[ srovnání ]
hranaté závorky [ ]	/sluzby/dashboardy-a-reporting	main	p	Data Studio, nebo Power BI?	[ srovnání ]	[ srovnání ]
otazník	/sluzby/dashboardy-a-reporting	main	h2	Data Studio, nebo Power BI?	Data Studio, nebo Power BI?	Data Studio, nebo Power BI?
hranaté závorky [ ]	/sluzby/dashboardy-a-reporting	main	p	Jak postupujeme a co od vás potřebujeme	[ postup ]	[ postup ]
hranaté závorky [ ]	/sluzby/dashboardy-a-reporting	main	p	Jak postupujeme a co od vás potřebujeme	[ postup ]	[ postup ]
pomlčka „–“ (U+2013)	/sluzby/dashboardy-a-reporting	main	p	Jak postupujeme a co od vás potřebujeme	rd čte a jaká rozhodnutí podle něj dělá – grafy přijdou na řadu až potom.	Stejných pět kroků jako u všech našich služeb. Na úvodním workshopu sepíšeme, kdo dashboard čte a jaká rozhodnutí podle něj dělá – grafy přijdou na řadu až potom.
hranaté závorky [ ]	/sluzby/dashboardy-a-reporting	main	p	Jak poznáte, že čísla sedí	[ kontrola ]	[ kontrola ]
hranaté závorky [ ]	/sluzby/dashboardy-a-reporting	main	p	Jak poznáte, že čísla sedí	[ kontrola ]	[ kontrola ]
anglické uvozovky “ ”	/sluzby/dashboardy-a-reporting	main	li	Jak poznáte, že čísla sedí	dlaždice „shoda s ERP“ a „zdraví měření“ přímo v dashboardu	dlaždice „shoda s ERP“ a „zdraví měření“ přímo v dashboardu
anglické uvozovky “ ”	/sluzby/dashboardy-a-reporting	main	li	Jak poznáte, že čísla sedí	dlaždice „shoda s ERP“ a „zdraví měření“ přímo v dashboardu	dlaždice „shoda s ERP“ a „zdraví měření“ přímo v dashboardu
české uvozovky „ “	/sluzby/dashboardy-a-reporting	main	li	Jak poznáte, že čísla sedí	dlaždice „shoda s ERP“ a „zdraví měření“ přímo v d	dlaždice „shoda s ERP“ a „zdraví měření“ přímo v dashboardu
české uvozovky „ “	/sluzby/dashboardy-a-reporting	main	li	Jak poznáte, že čísla sedí	dlaždice „shoda s ERP“ a „zdraví měření“ přímo v dashboardu	dlaždice „shoda s ERP“ a „zdraví měření“ přímo v dashboardu
hranaté závorky [ ]	/sluzby/dashboardy-a-reporting	main	p	Časté otázky	[ FAQ ]	[ FAQ ]
hranaté závorky [ ]	/sluzby/dashboardy-a-reporting	main	p	Časté otázky	[ FAQ ]	[ FAQ ]
otazník	/sluzby/dashboardy-a-reporting	main	p	Časté otázky	Nenašli jste odpověď? Napište nám.	Nenašli jste odpověď? Napište nám.
pomlčka „–“ (U+2013)	/sluzby/dashboardy-a-reporting	main	caption	Časté otázky	Data Studio a Power BI – ceny k říjnu 2026 bez DPH, Microsoft je	Data Studio a Power BI – ceny k říjnu 2026 bez DPH, Microsoft je na webu uvádí jako orientační
pomlčka „–“ (U+2013)	/sluzby/dashboardy-a-reporting	main	p	Časté otázky	je na novou a reporty fungují bez úprav – jen když firma omezuje přístup na exter	Data Studio běží od dubna 2026 na adrese datastudio.google.com. Stará adresa přesměruje na novou a reporty fungují bez úprav – jen když firma omezuje přístup na externí weby přes proxy, musí IT povolit novou doménu.
otazník	/sluzby/dashboardy-a-reporting	main	summary	Časté otázky	Kolik stojí dashboard na míru?	Kolik stojí dashboard na míru?
pomlčka „–“ (U+2013)	/sluzby/dashboardy-a-reporting	main	div	Časté otázky	Rozhoduje počet dashboardů a typ zdrojů – zdroje Googlu napojíme rychle, ERP bez 	Cenu stanovíme po úvodní konzultaci jako pevnou částku. Rozhoduje počet dashboardů a typ zdrojů – zdroje Googlu napojíme rychle, ERP bez API dá víc práce – a to, jestli potřebujete BigQuery a sladění s účetnictvím. Licence Data Studia Pro nebo Power BI a provoz BigQuery platíte přímo Googlu nebo Microsoftu.
pomlčka „–“ (U+2013)	/sluzby/dashboardy-a-reporting	main	div	Časté otázky	pojíme rychle, ERP bez API dá víc práce – a to, jestli potřebujete BigQuery a sla	Cenu stanovíme po úvodní konzultaci jako pevnou částku. Rozhoduje počet dashboardů a typ zdrojů – zdroje Googlu napojíme rychle, ERP bez API dá víc práce – a to, jestli potřebujete BigQuery a sladění s účetnictvím. Licence Data Studia Pro nebo Power BI a provoz BigQuery platíte přímo Googlu nebo Microsoftu.
otazník	/sluzby/dashboardy-a-reporting	main	summary	Časté otázky	k dlouho to trvá a co od nás potřebujete?	Jak dlouho to trvá a co od nás potřebujete?
otazník	/sluzby/dashboardy-a-reporting	main	summary	Časté otázky	Komu bude dashboard patřit?	Komu bude dashboard patřit?
pomlčka „–“ (U+2013)	/sluzby/dashboardy-a-reporting	main	div	Časté otázky	projektu Google Cloudu, který patří vám – nikdy pod osobním účtem zaměstnance ani	Vám. Reporty zakládáme na firemních účtech v Google Workspace nebo Microsoft 365 a datové zdroje v projektu Google Cloudu, který patří vám – nikdy pod osobním účtem zaměstnance ani pod naším. My si necháme přístup jen po dobu spolupráce a při předání dostanete seznam všech přístupů.
otazník	/sluzby/dashboardy-a-reporting	main	summary	Časté otázky	v dashboardu liší od GA4 nebo Google Ads?	Proč se čísla v dashboardu liší od GA4 nebo Google Ads?
otazník	/sluzby/dashboardy-a-reporting	main	summary	Časté otázky	eme BigQuery, nebo stačí přímé konektory?	Potřebujeme BigQuery, nebo stačí přímé konektory?
otazník	/sluzby/dashboardy-a-reporting	main	summary	Časté otázky	it Sklik, Heureku, Shoptet nebo naše CRM?	Umíte napojit Sklik, Heureku, Shoptet nebo naše CRM?
pomlčka „–“ (U+2013)	/sluzby/dashboardy-a-reporting	main	div	Časté otázky	arma a jejich spolehlivost vždy ověříme – konkrétní zdroje probereme na úvodní ko	Ano, pokud mají API nebo export. Pro Sklik Google vlastní konektor nenabízí, proto náklady stahujeme přes Sklik API do BigQuery, Heureku a Zboží.cz napojujeme přes exporty nebo rozhraní účtu a e-shopové platformy a CRM přes export nebo API. Konektory třetích stran většinou nejsou zdarma a jejich spolehlivost vždy ověříme – konkrétní zdroje probereme na úvodní konzultaci.
hranaté závorky [ ]	/sluzby/dashboardy-a-reporting	main	p		[ pokračujte ]	[ pokračujte ]
hranaté závorky [ ]	/sluzby/dashboardy-a-reporting	main	p		[ pokračujte ]	[ pokračujte ]
hranaté závorky [ ]	/sluzby/dashboardy-a-reporting	kontakt	p	Propojíme data do jednoho dashboardu	[ Kontakt ]	[ Kontakt ]
hranaté závorky [ ]	/sluzby/dashboardy-a-reporting	kontakt	p	Propojíme data do jednoho dashboardu	[ Kontakt ]	[ Kontakt ]
pomlčka „–“ (U+2013)	/sluzby/dashboardy-a-reporting	main	div@aria-label	Časté otázky	Data Studio a Power BI – ceny k říjnu 2026 bez DPH, Microsoft je	Data Studio a Power BI – ceny k říjnu 2026 bez DPH, Microsoft je na webu uvádí jako orientační
výpustka „…“	SPOLEČNÉ/form	form	textarea@placeholder	form	e Ads a ERP dnes skládáme ručně v Excelu…	Např. report z GA4, Google Ads a ERP dnes skládáme ručně v Excelu…
pomlčka „–“ (U+2013)	/sluzby/datova-vrstva	head	title	hlavička	Datová vrstva dataLayer – zadání pro vývojáře | datalayer.cz	Datová vrstva dataLayer – zadání pro vývojáře | datalayer.cz
svislítko | v textu	/sluzby/datova-vrstva	head	title	hlavička	 vrstva dataLayer – zadání pro vývojáře | datalayer.cz	Datová vrstva dataLayer – zadání pro vývojáře | datalayer.cz
pomlčka „–“ (U+2013)	/sluzby/datova-vrstva	head	meta:og:title	hlavička	Datová vrstva dataLayer – zadání pro vývojáře | datalayer.cz	Datová vrstva dataLayer – zadání pro vývojáře | datalayer.cz
svislítko | v textu	/sluzby/datova-vrstva	head	meta:og:title	hlavička	 vrstva dataLayer – zadání pro vývojáře | datalayer.cz	Datová vrstva dataLayer – zadání pro vývojáře | datalayer.cz
pomlčka „–“ (U+2013)	/sluzby/datova-vrstva	head	meta:twitter:title	hlavička	Datová vrstva dataLayer – zadání pro vývojáře | datalayer.cz	Datová vrstva dataLayer – zadání pro vývojáře | datalayer.cz
svislítko | v textu	/sluzby/datova-vrstva	head	meta:twitter:title	hlavička	 vrstva dataLayer – zadání pro vývojáře | datalayer.cz	Datová vrstva dataLayer – zadání pro vývojáře | datalayer.cz
otazník	/sluzby/datova-vrstva	jsonld	jsonld:mainEntity.name	JSON-LD	Kolik stojí návrh datové vrstvy?	Kolik stojí návrh datové vrstvy?
otazník	/sluzby/datova-vrstva	jsonld	jsonld:mainEntity.name	JSON-LD	Jak dlouho to trvá?	Jak dlouho to trvá?
otazník	/sluzby/datova-vrstva	jsonld	jsonld:mainEntity.name	JSON-LD	Kdo datovou vrstvu naprogramuje?	Kdo datovou vrstvu naprogramuje?
otazník	/sluzby/datova-vrstva	jsonld	jsonld:mainEntity.name	JSON-LD	Neposílá datová vrstva osobní údaje?	Neposílá datová vrstva osobní údaje?
pomlčka „–“ (U+2013)	/sluzby/datova-vrstva	jsonld	jsonld:mainEntity.acceptedAnswer.text	JSON-LD	no, telefon ani adresa v čitelné podobě – uživatele identifikujeme interním ID a 	Nesmí. Do datové vrstvy a GA4 nepatří e-mail, jméno, telefon ani adresa v čitelné podobě – uživatele identifikujeme interním ID a pro rozšířené konverze v Google Ads a Meta posíláme jen hash SHA-256, a to až po souhlasu návštěvníka. Marže do prohlížeče neposíláme vůbec, protože jsou vidět ve zdrojovém kódu. Právní posouzení zpracování by měl udělat váš právník.
otazník	/sluzby/datova-vrstva	jsonld	jsonld:mainEntity.name	JSON-LD	Komu patří specifikace?	Komu patří specifikace?
otazník	/sluzby/datova-vrstva	jsonld	jsonld:mainEntity.name	JSON-LD	Jak poznáme, že datová vrstva funguje?	Jak poznáme, že datová vrstva funguje?
středová tečka „·“ (U+00B7)	/sluzby/datova-vrstva	main	p		[ dataLayer · sběr dat ]	[ dataLayer · sběr dat ]
hranaté závorky [ ]	/sluzby/datova-vrstva	main	p		[ dataLayer · sběr dat ]	[ dataLayer · sběr dat ]
hranaté závorky [ ]	/sluzby/datova-vrstva	main	p		[ dataLayer · sběr dat ]	[ dataLayer · sběr dat ]
hranaté závorky [ ]	/sluzby/datova-vrstva	main	a		[ Konzultovat datovou vrstvu ]	[ Konzultovat datovou vrstvu ]
hranaté závorky [ ]	/sluzby/datova-vrstva	main	a		[ Konzultovat datovou vrstvu ]	[ Konzultovat datovou vrstvu ]
hranaté závorky [ ]	/sluzby/datova-vrstva	main	a		[ Ukázka specifikace ]	[ Ukázka specifikace ]
hranaté závorky [ ]	/sluzby/datova-vrstva	main	a		[ Ukázka specifikace ]	[ Ukázka specifikace ]
středová tečka „·“ (U+00B7)	/sluzby/datova-vrstva	main	p		Úvodní konzultace zdarma · píšeme pro vývojáře, ne pro marketing ·	Úvodní konzultace zdarma · píšeme pro vývojáře, ne pro marketing · odpovíme do jednoho pracovního dne
středová tečka „·“ (U+00B7)	/sluzby/datova-vrstva	main	p		· píšeme pro vývojáře, ne pro marketing · odpovíme do jednoho pracovního dne	Úvodní konzultace zdarma · píšeme pro vývojáře, ne pro marketing · odpovíme do jednoho pracovního dne
hranaté závorky [ ]	/sluzby/datova-vrstva	main	p	Poznáváte se?	[ symptomy ]	[ symptomy ]
hranaté závorky [ ]	/sluzby/datova-vrstva	main	p	Poznáváte se?	[ symptomy ]	[ symptomy ]
otazník	/sluzby/datova-vrstva	main	h2	Poznáváte se?	Poznáváte se?	Poznáváte se?
anglické uvozovky “ ”	/sluzby/datova-vrstva	main	p	Poznáváte se?	asto nefunguje, i když ho někdo „nasadil“.	Měření často nefunguje, i když ho někdo „nasadil“.
české uvozovky „ “	/sluzby/datova-vrstva	main	p	Poznáváte se?	Měření často nefunguje, i když ho někdo „nasadil“.	Měření často nefunguje, i když ho někdo „nasadil“.
otazník	/sluzby/datova-vrstva	main	span	Poznáváte se?	?spec	?spec
anglické uvozovky “ ”	/sluzby/datova-vrstva	main	div	Poznáváte se?	Zadání „přidejte GA4 e-commerce“ nestačí, protože si ho každý vyloží jin	Zadání „přidejte GA4 e-commerce“ nestačí, protože si ho každý vyloží jinak.
české uvozovky „ “	/sluzby/datova-vrstva	main	div	Poznáváte se?	Zadání „přidejte GA4 e-commerce“ nestačí, protož	Zadání „přidejte GA4 e-commerce“ nestačí, protože si ho každý vyloží jinak.
anglické uvozovky “ ”	/sluzby/datova-vrstva	main	h3	Poznáváte se?	GTM „škrábe“ data ze stránky	GTM „škrábe“ data ze stránky
české uvozovky „ “	/sluzby/datova-vrstva	main	h3	Poznáváte se?	GTM „škrábe“ data ze stránky	GTM „škrábe“ data ze stránky
hranaté závorky [ ]	/sluzby/datova-vrstva	main	p	Kde datová vrstva v měření sedí	[ diagram ]	[ diagram ]
hranaté závorky [ ]	/sluzby/datova-vrstva	main	p	Kde datová vrstva v měření sedí	[ diagram ]	[ diagram ]
středová tečka „·“ (U+00B7)	/sluzby/datova-vrstva	main	li	Kde datová vrstva v měření sedí	page · user	page · user
středová tečka „·“ (U+00B7)	/sluzby/datova-vrstva	main	li	Kde datová vrstva v měření sedí	purchase · generate_lead	purchase · generate_lead
šipka →	/sluzby/datova-vrstva	main	li	Kde datová vrstva v měření sedí	server-side GTM → Meta CAPI, Sklik…	server-side GTM → Meta CAPI, Sklik…
výpustka „…“	/sluzby/datova-vrstva	main	li	Kde datová vrstva v měření sedí	server-side GTM → Meta CAPI, Sklik…	server-side GTM → Meta CAPI, Sklik…
hranaté závorky [ ]	/sluzby/datova-vrstva	main	p	Co uděláme a co dostanete	[ výstupy ]	[ výstupy ]
hranaté závorky [ ]	/sluzby/datova-vrstva	main	p	Co uděláme a co dostanete	[ výstupy ]	[ výstupy ]
hvězdička *	/sluzby/datova-vrstva	main	span	Co uděláme a co dostanete	schema/*.json	schema/*.json
středová tečka „·“ (U+00B7)	/sluzby/datova-vrstva	main	span	Co uděláme a co dostanete	qa-protocol.pdf · gtm	qa-protocol.pdf · gtm
hranaté závorky [ ]	/sluzby/datova-vrstva	main	p	Jak vypadá specifikace datové vrstvy	[ ukázka ]	[ ukázka ]
hranaté závorky [ ]	/sluzby/datova-vrstva	main	p	Jak vypadá specifikace datové vrstvy	[ ukázka ]	[ ukázka ]
hranaté závorky [ ]	/sluzby/datova-vrstva	main	td	Jak vypadá specifikace datové vrstvy	currency, value, items[]	currency, value, items[]
hranaté závorky [ ]	/sluzby/datova-vrstva	main	td	Jak vypadá specifikace datové vrstvy	currency, value, items[]	currency, value, items[]
hranaté závorky [ ]	/sluzby/datova-vrstva	main	td	Jak vypadá specifikace datové vrstvy	currency, value, items[]	currency, value, items[]
hranaté závorky [ ]	/sluzby/datova-vrstva	main	td	Jak vypadá specifikace datové vrstvy	currency, value, items[]	currency, value, items[]
hranaté závorky [ ]	/sluzby/datova-vrstva	main	td	Jak vypadá specifikace datové vrstvy	nsaction_id, value, tax, shipping, items[]	transaction_id, value, tax, shipping, items[]
hranaté závorky [ ]	/sluzby/datova-vrstva	main	td	Jak vypadá specifikace datové vrstvy	saction_id, value, tax, shipping, items[]	transaction_id, value, tax, shipping, items[]
otazník	/sluzby/datova-vrstva	main	p	Jak vypadá specifikace datové vrstvy	Chcete takovou specifikaci pro svůj web? Napište nám.	Chcete takovou specifikaci pro svůj web? Napište nám.
hranaté závorky [ ]	/sluzby/datova-vrstva	main	p	Scraping, integrace platformy, nebo vlastní datová	[ rozhodnutí ]	[ rozhodnutí ]
hranaté závorky [ ]	/sluzby/datova-vrstva	main	p	Scraping, integrace platformy, nebo vlastní datová	[ rozhodnutí ]	[ rozhodnutí ]
otazník	/sluzby/datova-vrstva	main	h2	Scraping, integrace platformy, nebo vlastní datová	ce platformy, nebo vlastní datová vrstva?	Scraping, integrace platformy, nebo vlastní datová vrstva?
otazník	/sluzby/datova-vrstva	main	p	Scraping, integrace platformy, nebo vlastní datová	Na čem je váš web? U hotových platforem vycházíme z jejich	Na čem je váš web? U hotových platforem vycházíme z jejich datové vrstvy a doplníme, co chybí, u vlastních řešení a SPA navrhujeme vše od začátku.
hranaté závorky [ ]	/sluzby/datova-vrstva	main	p	Jak spolupráce probíhá	[ postup ]	[ postup ]
hranaté závorky [ ]	/sluzby/datova-vrstva	main	p	Jak spolupráce probíhá	[ postup ]	[ postup ]
pomlčka „–“ (U+2013)	/sluzby/datova-vrstva	main	p	Jak spolupráce probíhá	 služeb. Předáním specifikace nekončíme – s vývojáři pracujeme až do akceptace, a	Stejných pět kroků jako u všech našich služeb. Předáním specifikace nekončíme – s vývojáři pracujeme až do akceptace, ať jde o interní tým, nebo externího dodavatele.
hranaté závorky [ ]	/sluzby/datova-vrstva	main	p	Časté otázky	[ FAQ ]	[ FAQ ]
hranaté závorky [ ]	/sluzby/datova-vrstva	main	p	Časté otázky	[ FAQ ]	[ FAQ ]
otazník	/sluzby/datova-vrstva	main	p	Časté otázky	Nenašli jste odpověď? Napište nám.	Nenašli jste odpověď? Napište nám.
rovný apostrof '	/sluzby/datova-vrstva	main	pre	Časté otázky	e objekt window.dataLayer.push({ event: 'purchase', ecommerce: { transaction_id: 	window.dataLayer.push({ ecommerce: null }); // vyčistí předchozí ecommerce objekt window.dataLayer.push({ event: 'purchase', ecommerce: { transaction_id: '2026-104882', // číslo objednávky z administrace value: 2058.67, // Σ price × quantity, bez dopravy (dohoda: bez DPH) tax: 432.32, shipping: 99.00, currency: 'CZK', coupon: 'PODZIM10', customer_type: 'returning', // 'new' | 'returning' | neuvádět, když nevíme items: [ { item_id: 'SKU-1042', item_name: 'Trekové boty Alpina', item_brand: 'Alpina', item_category: 'Obuv', item_category2: 'Trekové', item_variant: '42', price: 1652.89, discount: 183.65, quantity: 1 }, { item_id: 'SKU-2210', item_name: 'Merino ponožky', item_brand: 'Alpina', item_category: 'Doplňky', price: 202.89, quantity: 2 } ] } });
rovný apostrof '	/sluzby/datova-vrstva	main	pre	Časté otázky	window.dataLayer.push({ event: 'purchase', ecommerce: { transaction_id: '2026-104	window.dataLayer.push({ ecommerce: null }); // vyčistí předchozí ecommerce objekt window.dataLayer.push({ event: 'purchase', ecommerce: { transaction_id: '2026-104882', // číslo objednávky z administrace value: 2058.67, // Σ price × quantity, bez dopravy (dohoda: bez DPH) tax: 432.32, shipping: 99.00, currency: 'CZK', coupon: 'PODZIM10', customer_type: 'returning', // 'new' | 'returning' | neuvádět, když nevíme items: [ { item_id: 'SKU-1042', item_name: 'Trekové boty Alpina', item_brand: 'Alpina', item_category: 'Obuv', item_category2: 'Trekové', item_variant: '42', price: 1652.89, discount: 183.65, quantity: 1 }, { item_id: 'SKU-2210', item_name: 'Merino ponožky', item_brand: 'Alpina', item_category: 'Doplňky', price: 202.89, quantity: 2 } ] } });
rovný apostrof '	/sluzby/datova-vrstva	main	pre	Časté otázky	purchase', ecommerce: { transaction_id: '2026-104882', // číslo objednávky z admi	window.dataLayer.push({ ecommerce: null }); // vyčistí předchozí ecommerce objekt window.dataLayer.push({ event: 'purchase', ecommerce: { transaction_id: '2026-104882', // číslo objednávky z administrace value: 2058.67, // Σ price × quantity, bez dopravy (dohoda: bez DPH) tax: 432.32, shipping: 99.00, currency: 'CZK', coupon: 'PODZIM10', customer_type: 'returning', // 'new' | 'returning' | neuvádět, když nevíme items: [ { item_id: 'SKU-1042', item_name: 'Trekové boty Alpina', item_brand: 'Alpina', item_category: 'Obuv', item_category2: 'Trekové', item_variant: '42', price: 1652.89, discount: 183.65, quantity: 1 }, { item_id: 'SKU-2210', item_name: 'Merino ponožky', item_brand: 'Alpina', item_category: 'Doplňky', price: 202.89, quantity: 2 } ] } });
rovný apostrof '	/sluzby/datova-vrstva	main	pre	Časté otázky	commerce: { transaction_id: '2026-104882', // číslo objednávky z administrace val	window.dataLayer.push({ ecommerce: null }); // vyčistí předchozí ecommerce objekt window.dataLayer.push({ event: 'purchase', ecommerce: { transaction_id: '2026-104882', // číslo objednávky z administrace value: 2058.67, // Σ price × quantity, bez dopravy (dohoda: bez DPH) tax: 432.32, shipping: 99.00, currency: 'CZK', coupon: 'PODZIM10', customer_type: 'returning', // 'new' | 'returning' | neuvádět, když nevíme items: [ { item_id: 'SKU-1042', item_name: 'Trekové boty Alpina', item_brand: 'Alpina', item_category: 'Obuv', item_category2: 'Trekové', item_variant: '42', price: 1652.89, discount: 183.65, quantity: 1 }, { item_id: 'SKU-2210', item_name: 'Merino ponožky', item_brand: 'Alpina', item_category: 'Doplňky', price: 202.89, quantity: 2 } ] } });
rovný apostrof '	/sluzby/datova-vrstva	main	pre	Časté otázky	tax: 432.32, shipping: 99.00, currency: 'CZK', coupon: 'PODZIM10', customer_type:	window.dataLayer.push({ ecommerce: null }); // vyčistí předchozí ecommerce objekt window.dataLayer.push({ event: 'purchase', ecommerce: { transaction_id: '2026-104882', // číslo objednávky z administrace value: 2058.67, // Σ price × quantity, bez dopravy (dohoda: bez DPH) tax: 432.32, shipping: 99.00, currency: 'CZK', coupon: 'PODZIM10', customer_type: 'returning', // 'new' | 'returning' | neuvádět, když nevíme items: [ { item_id: 'SKU-1042', item_name: 'Trekové boty Alpina', item_brand: 'Alpina', item_category: 'Obuv', item_category2: 'Trekové', item_variant: '42', price: 1652.89, discount: 183.65, quantity: 1 }, { item_id: 'SKU-2210', item_name: 'Merino ponožky', item_brand: 'Alpina', item_category: 'Doplňky', price: 202.89, quantity: 2 } ] } });
rovný apostrof '	/sluzby/datova-vrstva	main	pre	Časté otázky	 432.32, shipping: 99.00, currency: 'CZK', coupon: 'PODZIM10', customer_type: 're	window.dataLayer.push({ ecommerce: null }); // vyčistí předchozí ecommerce objekt window.dataLayer.push({ event: 'purchase', ecommerce: { transaction_id: '2026-104882', // číslo objednávky z administrace value: 2058.67, // Σ price × quantity, bez dopravy (dohoda: bez DPH) tax: 432.32, shipping: 99.00, currency: 'CZK', coupon: 'PODZIM10', customer_type: 'returning', // 'new' | 'returning' | neuvádět, když nevíme items: [ { item_id: 'SKU-1042', item_name: 'Trekové boty Alpina', item_brand: 'Alpina', item_category: 'Obuv', item_category2: 'Trekové', item_variant: '42', price: 1652.89, discount: 183.65, quantity: 1 }, { item_id: 'SKU-2210', item_name: 'Merino ponožky', item_brand: 'Alpina', item_category: 'Doplňky', price: 202.89, quantity: 2 } ] } });
rovný apostrof '	/sluzby/datova-vrstva	main	pre	Časté otázky	ipping: 99.00, currency: 'CZK', coupon: 'PODZIM10', customer_type: 'returning', /	window.dataLayer.push({ ecommerce: null }); // vyčistí předchozí ecommerce objekt window.dataLayer.push({ event: 'purchase', ecommerce: { transaction_id: '2026-104882', // číslo objednávky z administrace value: 2058.67, // Σ price × quantity, bez dopravy (dohoda: bez DPH) tax: 432.32, shipping: 99.00, currency: 'CZK', coupon: 'PODZIM10', customer_type: 'returning', // 'new' | 'returning' | neuvádět, když nevíme items: [ { item_id: 'SKU-1042', item_name: 'Trekové boty Alpina', item_brand: 'Alpina', item_category: 'Obuv', item_category2: 'Trekové', item_variant: '42', price: 1652.89, discount: 183.65, quantity: 1 }, { item_id: 'SKU-2210', item_name: 'Merino ponožky', item_brand: 'Alpina', item_category: 'Doplňky', price: 202.89, quantity: 2 } ] } });
rovný apostrof '	/sluzby/datova-vrstva	main	pre	Časté otázky	9.00, currency: 'CZK', coupon: 'PODZIM10', customer_type: 'returning', // 'new' |	window.dataLayer.push({ ecommerce: null }); // vyčistí předchozí ecommerce objekt window.dataLayer.push({ event: 'purchase', ecommerce: { transaction_id: '2026-104882', // číslo objednávky z administrace value: 2058.67, // Σ price × quantity, bez dopravy (dohoda: bez DPH) tax: 432.32, shipping: 99.00, currency: 'CZK', coupon: 'PODZIM10', customer_type: 'returning', // 'new' | 'returning' | neuvádět, když nevíme items: [ { item_id: 'SKU-1042', item_name: 'Trekové boty Alpina', item_brand: 'Alpina', item_category: 'Obuv', item_category2: 'Trekové', item_variant: '42', price: 1652.89, discount: 183.65, quantity: 1 }, { item_id: 'SKU-2210', item_name: 'Merino ponožky', item_brand: 'Alpina', item_category: 'Doplňky', price: 202.89, quantity: 2 } ] } });
rovný apostrof '	/sluzby/datova-vrstva	main	pre	Časté otázky	ZK', coupon: 'PODZIM10', customer_type: 'returning', // 'new' | 'returning' | neu	window.dataLayer.push({ ecommerce: null }); // vyčistí předchozí ecommerce objekt window.dataLayer.push({ event: 'purchase', ecommerce: { transaction_id: '2026-104882', // číslo objednávky z administrace value: 2058.67, // Σ price × quantity, bez dopravy (dohoda: bez DPH) tax: 432.32, shipping: 99.00, currency: 'CZK', coupon: 'PODZIM10', customer_type: 'returning', // 'new' | 'returning' | neuvádět, když nevíme items: [ { item_id: 'SKU-1042', item_name: 'Trekové boty Alpina', item_brand: 'Alpina', item_category: 'Obuv', item_category2: 'Trekové', item_variant: '42', price: 1652.89, discount: 183.65, quantity: 1 }, { item_id: 'SKU-2210', item_name: 'Merino ponožky', item_brand: 'Alpina', item_category: 'Doplňky', price: 202.89, quantity: 2 } ] } });
rovný apostrof '	/sluzby/datova-vrstva	main	pre	Časté otázky	n: 'PODZIM10', customer_type: 'returning', // 'new' | 'returning' | neuvádět, kdy	window.dataLayer.push({ ecommerce: null }); // vyčistí předchozí ecommerce objekt window.dataLayer.push({ event: 'purchase', ecommerce: { transaction_id: '2026-104882', // číslo objednávky z administrace value: 2058.67, // Σ price × quantity, bez dopravy (dohoda: bez DPH) tax: 432.32, shipping: 99.00, currency: 'CZK', coupon: 'PODZIM10', customer_type: 'returning', // 'new' | 'returning' | neuvádět, když nevíme items: [ { item_id: 'SKU-1042', item_name: 'Trekové boty Alpina', item_brand: 'Alpina', item_category: 'Obuv', item_category2: 'Trekové', item_variant: '42', price: 1652.89, discount: 183.65, quantity: 1 }, { item_id: 'SKU-2210', item_name: 'Merino ponožky', item_brand: 'Alpina', item_category: 'Doplňky', price: 202.89, quantity: 2 } ] } });
rovný apostrof '	/sluzby/datova-vrstva	main	pre	Časté otázky	DZIM10', customer_type: 'returning', // 'new' | 'returning' | neuvádět, když neví	window.dataLayer.push({ ecommerce: null }); // vyčistí předchozí ecommerce objekt window.dataLayer.push({ event: 'purchase', ecommerce: { transaction_id: '2026-104882', // číslo objednávky z administrace value: 2058.67, // Σ price × quantity, bez dopravy (dohoda: bez DPH) tax: 432.32, shipping: 99.00, currency: 'CZK', coupon: 'PODZIM10', customer_type: 'returning', // 'new' | 'returning' | neuvádět, když nevíme items: [ { item_id: 'SKU-1042', item_name: 'Trekové boty Alpina', item_brand: 'Alpina', item_category: 'Obuv', item_category2: 'Trekové', item_variant: '42', price: 1652.89, discount: 183.65, quantity: 1 }, { item_id: 'SKU-2210', item_name: 'Merino ponožky', item_brand: 'Alpina', item_category: 'Doplňky', price: 202.89, quantity: 2 } ] } });
rovný apostrof '	/sluzby/datova-vrstva	main	pre	Časté otázky	10', customer_type: 'returning', // 'new' | 'returning' | neuvádět, když nevíme i	window.dataLayer.push({ ecommerce: null }); // vyčistí předchozí ecommerce objekt window.dataLayer.push({ event: 'purchase', ecommerce: { transaction_id: '2026-104882', // číslo objednávky z administrace value: 2058.67, // Σ price × quantity, bez dopravy (dohoda: bez DPH) tax: 432.32, shipping: 99.00, currency: 'CZK', coupon: 'PODZIM10', customer_type: 'returning', // 'new' | 'returning' | neuvádět, když nevíme items: [ { item_id: 'SKU-1042', item_name: 'Trekové boty Alpina', item_brand: 'Alpina', item_category: 'Obuv', item_category2: 'Trekové', item_variant: '42', price: 1652.89, discount: 183.65, quantity: 1 }, { item_id: 'SKU-2210', item_name: 'Merino ponožky', item_brand: 'Alpina', item_category: 'Doplňky', price: 202.89, quantity: 2 } ] } });
rovný apostrof '	/sluzby/datova-vrstva	main	pre	Časté otázky	 customer_type: 'returning', // 'new' | 'returning' | neuvádět, když nevíme items	window.dataLayer.push({ ecommerce: null }); // vyčistí předchozí ecommerce objekt window.dataLayer.push({ event: 'purchase', ecommerce: { transaction_id: '2026-104882', // číslo objednávky z administrace value: 2058.67, // Σ price × quantity, bez dopravy (dohoda: bez DPH) tax: 432.32, shipping: 99.00, currency: 'CZK', coupon: 'PODZIM10', customer_type: 'returning', // 'new' | 'returning' | neuvádět, když nevíme items: [ { item_id: 'SKU-1042', item_name: 'Trekové boty Alpina', item_brand: 'Alpina', item_category: 'Obuv', item_category2: 'Trekové', item_variant: '42', price: 1652.89, discount: 183.65, quantity: 1 }, { item_id: 'SKU-2210', item_name: 'Merino ponožky', item_brand: 'Alpina', item_category: 'Doplňky', price: 202.89, quantity: 2 } ] } });
rovný apostrof '	/sluzby/datova-vrstva	main	pre	Časté otázky	type: 'returning', // 'new' | 'returning' | neuvádět, když nevíme items: [ { item	window.dataLayer.push({ ecommerce: null }); // vyčistí předchozí ecommerce objekt window.dataLayer.push({ event: 'purchase', ecommerce: { transaction_id: '2026-104882', // číslo objednávky z administrace value: 2058.67, // Σ price × quantity, bez dopravy (dohoda: bez DPH) tax: 432.32, shipping: 99.00, currency: 'CZK', coupon: 'PODZIM10', customer_type: 'returning', // 'new' | 'returning' | neuvádět, když nevíme items: [ { item_id: 'SKU-1042', item_name: 'Trekové boty Alpina', item_brand: 'Alpina', item_category: 'Obuv', item_category2: 'Trekové', item_variant: '42', price: 1652.89, discount: 183.65, quantity: 1 }, { item_id: 'SKU-2210', item_name: 'Merino ponožky', item_brand: 'Alpina', item_category: 'Doplňky', price: 202.89, quantity: 2 } ] } });
rovný apostrof '	/sluzby/datova-vrstva	main	pre	Časté otázky	uvádět, když nevíme items: [ { item_id: 'SKU-1042', item_name: 'Trekové boty Alpi	window.dataLayer.push({ ecommerce: null }); // vyčistí předchozí ecommerce objekt window.dataLayer.push({ event: 'purchase', ecommerce: { transaction_id: '2026-104882', // číslo objednávky z administrace value: 2058.67, // Σ price × quantity, bez dopravy (dohoda: bez DPH) tax: 432.32, shipping: 99.00, currency: 'CZK', coupon: 'PODZIM10', customer_type: 'returning', // 'new' | 'returning' | neuvádět, když nevíme items: [ { item_id: 'SKU-1042', item_name: 'Trekové boty Alpina', item_brand: 'Alpina', item_category: 'Obuv', item_category2: 'Trekové', item_variant: '42', price: 1652.89, discount: 183.65, quantity: 1 }, { item_id: 'SKU-2210', item_name: 'Merino ponožky', item_brand: 'Alpina', item_category: 'Doplňky', price: 202.89, quantity: 2 } ] } });
rovný apostrof '	/sluzby/datova-vrstva	main	pre	Časté otázky	dyž nevíme items: [ { item_id: 'SKU-1042', item_name: 'Trekové boty Alpina', item	window.dataLayer.push({ ecommerce: null }); // vyčistí předchozí ecommerce objekt window.dataLayer.push({ event: 'purchase', ecommerce: { transaction_id: '2026-104882', // číslo objednávky z administrace value: 2058.67, // Σ price × quantity, bez dopravy (dohoda: bez DPH) tax: 432.32, shipping: 99.00, currency: 'CZK', coupon: 'PODZIM10', customer_type: 'returning', // 'new' | 'returning' | neuvádět, když nevíme items: [ { item_id: 'SKU-1042', item_name: 'Trekové boty Alpina', item_brand: 'Alpina', item_category: 'Obuv', item_category2: 'Trekové', item_variant: '42', price: 1652.89, discount: 183.65, quantity: 1 }, { item_id: 'SKU-2210', item_name: 'Merino ponožky', item_brand: 'Alpina', item_category: 'Doplňky', price: 202.89, quantity: 2 } ] } });
rovný apostrof '	/sluzby/datova-vrstva	main	pre	Časté otázky	ms: [ { item_id: 'SKU-1042', item_name: 'Trekové boty Alpina', item_brand: 'Alpin	window.dataLayer.push({ ecommerce: null }); // vyčistí předchozí ecommerce objekt window.dataLayer.push({ event: 'purchase', ecommerce: { transaction_id: '2026-104882', // číslo objednávky z administrace value: 2058.67, // Σ price × quantity, bez dopravy (dohoda: bez DPH) tax: 432.32, shipping: 99.00, currency: 'CZK', coupon: 'PODZIM10', customer_type: 'returning', // 'new' | 'returning' | neuvádět, když nevíme items: [ { item_id: 'SKU-1042', item_name: 'Trekové boty Alpina', item_brand: 'Alpina', item_category: 'Obuv', item_category2: 'Trekové', item_variant: '42', price: 1652.89, discount: 183.65, quantity: 1 }, { item_id: 'SKU-2210', item_name: 'Merino ponožky', item_brand: 'Alpina', item_category: 'Doplňky', price: 202.89, quantity: 2 } ] } });
rovný apostrof '	/sluzby/datova-vrstva	main	pre	Časté otázky	U-1042', item_name: 'Trekové boty Alpina', item_brand: 'Alpina', item_category: '	window.dataLayer.push({ ecommerce: null }); // vyčistí předchozí ecommerce objekt window.dataLayer.push({ event: 'purchase', ecommerce: { transaction_id: '2026-104882', // číslo objednávky z administrace value: 2058.67, // Σ price × quantity, bez dopravy (dohoda: bez DPH) tax: 432.32, shipping: 99.00, currency: 'CZK', coupon: 'PODZIM10', customer_type: 'returning', // 'new' | 'returning' | neuvádět, když nevíme items: [ { item_id: 'SKU-1042', item_name: 'Trekové boty Alpina', item_brand: 'Alpina', item_category: 'Obuv', item_category2: 'Trekové', item_variant: '42', price: 1652.89, discount: 183.65, quantity: 1 }, { item_id: 'SKU-2210', item_name: 'Merino ponožky', item_brand: 'Alpina', item_category: 'Doplňky', price: 202.89, quantity: 2 } ] } });
rovný apostrof '	/sluzby/datova-vrstva	main	pre	Časté otázky	ame: 'Trekové boty Alpina', item_brand: 'Alpina', item_category: 'Obuv', item_cat	window.dataLayer.push({ ecommerce: null }); // vyčistí předchozí ecommerce objekt window.dataLayer.push({ event: 'purchase', ecommerce: { transaction_id: '2026-104882', // číslo objednávky z administrace value: 2058.67, // Σ price × quantity, bez dopravy (dohoda: bez DPH) tax: 432.32, shipping: 99.00, currency: 'CZK', coupon: 'PODZIM10', customer_type: 'returning', // 'new' | 'returning' | neuvádět, když nevíme items: [ { item_id: 'SKU-1042', item_name: 'Trekové boty Alpina', item_brand: 'Alpina', item_category: 'Obuv', item_category2: 'Trekové', item_variant: '42', price: 1652.89, discount: 183.65, quantity: 1 }, { item_id: 'SKU-2210', item_name: 'Merino ponožky', item_brand: 'Alpina', item_category: 'Doplňky', price: 202.89, quantity: 2 } ] } });
rovný apostrof '	/sluzby/datova-vrstva	main	pre	Časté otázky	rekové boty Alpina', item_brand: 'Alpina', item_category: 'Obuv', item_category2:	window.dataLayer.push({ ecommerce: null }); // vyčistí předchozí ecommerce objekt window.dataLayer.push({ event: 'purchase', ecommerce: { transaction_id: '2026-104882', // číslo objednávky z administrace value: 2058.67, // Σ price × quantity, bez dopravy (dohoda: bez DPH) tax: 432.32, shipping: 99.00, currency: 'CZK', coupon: 'PODZIM10', customer_type: 'returning', // 'new' | 'returning' | neuvádět, když nevíme items: [ { item_id: 'SKU-1042', item_name: 'Trekové boty Alpina', item_brand: 'Alpina', item_category: 'Obuv', item_category2: 'Trekové', item_variant: '42', price: 1652.89, discount: 183.65, quantity: 1 }, { item_id: 'SKU-2210', item_name: 'Merino ponožky', item_brand: 'Alpina', item_category: 'Doplňky', price: 202.89, quantity: 2 } ] } });
rovný apostrof '	/sluzby/datova-vrstva	main	pre	Časté otázky	', item_brand: 'Alpina', item_category: 'Obuv', item_category2: 'Trekové', item_v	window.dataLayer.push({ ecommerce: null }); // vyčistí předchozí ecommerce objekt window.dataLayer.push({ event: 'purchase', ecommerce: { transaction_id: '2026-104882', // číslo objednávky z administrace value: 2058.67, // Σ price × quantity, bez dopravy (dohoda: bez DPH) tax: 432.32, shipping: 99.00, currency: 'CZK', coupon: 'PODZIM10', customer_type: 'returning', // 'new' | 'returning' | neuvádět, když nevíme items: [ { item_id: 'SKU-1042', item_name: 'Trekové boty Alpina', item_brand: 'Alpina', item_category: 'Obuv', item_category2: 'Trekové', item_variant: '42', price: 1652.89, discount: 183.65, quantity: 1 }, { item_id: 'SKU-2210', item_name: 'Merino ponožky', item_brand: 'Alpina', item_category: 'Doplňky', price: 202.89, quantity: 2 } ] } });
rovný apostrof '	/sluzby/datova-vrstva	main	pre	Časté otázky	em_brand: 'Alpina', item_category: 'Obuv', item_category2: 'Trekové', item_varian	window.dataLayer.push({ ecommerce: null }); // vyčistí předchozí ecommerce objekt window.dataLayer.push({ event: 'purchase', ecommerce: { transaction_id: '2026-104882', // číslo objednávky z administrace value: 2058.67, // Σ price × quantity, bez dopravy (dohoda: bez DPH) tax: 432.32, shipping: 99.00, currency: 'CZK', coupon: 'PODZIM10', customer_type: 'returning', // 'new' | 'returning' | neuvádět, když nevíme items: [ { item_id: 'SKU-1042', item_name: 'Trekové boty Alpina', item_brand: 'Alpina', item_category: 'Obuv', item_category2: 'Trekové', item_variant: '42', price: 1652.89, discount: 183.65, quantity: 1 }, { item_id: 'SKU-2210', item_name: 'Merino ponožky', item_brand: 'Alpina', item_category: 'Doplňky', price: 202.89, quantity: 2 } ] } });
rovný apostrof '	/sluzby/datova-vrstva	main	pre	Časté otázky	 item_category: 'Obuv', item_category2: 'Trekové', item_variant: '42', price: 165	window.dataLayer.push({ ecommerce: null }); // vyčistí předchozí ecommerce objekt window.dataLayer.push({ event: 'purchase', ecommerce: { transaction_id: '2026-104882', // číslo objednávky z administrace value: 2058.67, // Σ price × quantity, bez dopravy (dohoda: bez DPH) tax: 432.32, shipping: 99.00, currency: 'CZK', coupon: 'PODZIM10', customer_type: 'returning', // 'new' | 'returning' | neuvádět, když nevíme items: [ { item_id: 'SKU-1042', item_name: 'Trekové boty Alpina', item_brand: 'Alpina', item_category: 'Obuv', item_category2: 'Trekové', item_variant: '42', price: 1652.89, discount: 183.65, quantity: 1 }, { item_id: 'SKU-2210', item_name: 'Merino ponožky', item_brand: 'Alpina', item_category: 'Doplňky', price: 202.89, quantity: 2 } ] } });
rovný apostrof '	/sluzby/datova-vrstva	main	pre	Časté otázky	tegory: 'Obuv', item_category2: 'Trekové', item_variant: '42', price: 1652.89, di	window.dataLayer.push({ ecommerce: null }); // vyčistí předchozí ecommerce objekt window.dataLayer.push({ event: 'purchase', ecommerce: { transaction_id: '2026-104882', // číslo objednávky z administrace value: 2058.67, // Σ price × quantity, bez dopravy (dohoda: bez DPH) tax: 432.32, shipping: 99.00, currency: 'CZK', coupon: 'PODZIM10', customer_type: 'returning', // 'new' | 'returning' | neuvádět, když nevíme items: [ { item_id: 'SKU-1042', item_name: 'Trekové boty Alpina', item_brand: 'Alpina', item_category: 'Obuv', item_category2: 'Trekové', item_variant: '42', price: 1652.89, discount: 183.65, quantity: 1 }, { item_id: 'SKU-2210', item_name: 'Merino ponožky', item_brand: 'Alpina', item_category: 'Doplňky', price: 202.89, quantity: 2 } ] } });
rovný apostrof '	/sluzby/datova-vrstva	main	pre	Časté otázky	tem_category2: 'Trekové', item_variant: '42', price: 1652.89, discount: 183.65, q	window.dataLayer.push({ ecommerce: null }); // vyčistí předchozí ecommerce objekt window.dataLayer.push({ event: 'purchase', ecommerce: { transaction_id: '2026-104882', // číslo objednávky z administrace value: 2058.67, // Σ price × quantity, bez dopravy (dohoda: bez DPH) tax: 432.32, shipping: 99.00, currency: 'CZK', coupon: 'PODZIM10', customer_type: 'returning', // 'new' | 'returning' | neuvádět, když nevíme items: [ { item_id: 'SKU-1042', item_name: 'Trekové boty Alpina', item_brand: 'Alpina', item_category: 'Obuv', item_category2: 'Trekové', item_variant: '42', price: 1652.89, discount: 183.65, quantity: 1 }, { item_id: 'SKU-2210', item_name: 'Merino ponožky', item_brand: 'Alpina', item_category: 'Doplňky', price: 202.89, quantity: 2 } ] } });
rovný apostrof '	/sluzby/datova-vrstva	main	pre	Časté otázky	_category2: 'Trekové', item_variant: '42', price: 1652.89, discount: 183.65, quan	window.dataLayer.push({ ecommerce: null }); // vyčistí předchozí ecommerce objekt window.dataLayer.push({ event: 'purchase', ecommerce: { transaction_id: '2026-104882', // číslo objednávky z administrace value: 2058.67, // Σ price × quantity, bez dopravy (dohoda: bez DPH) tax: 432.32, shipping: 99.00, currency: 'CZK', coupon: 'PODZIM10', customer_type: 'returning', // 'new' | 'returning' | neuvádět, když nevíme items: [ { item_id: 'SKU-1042', item_name: 'Trekové boty Alpina', item_brand: 'Alpina', item_category: 'Obuv', item_category2: 'Trekové', item_variant: '42', price: 1652.89, discount: 183.65, quantity: 1 }, { item_id: 'SKU-2210', item_name: 'Merino ponožky', item_brand: 'Alpina', item_category: 'Doplňky', price: 202.89, quantity: 2 } ] } });
rovný apostrof '	/sluzby/datova-vrstva	main	pre	Časté otázky	ount: 183.65, quantity: 1 }, { item_id: 'SKU-2210', item_name: 'Merino ponožky', 	window.dataLayer.push({ ecommerce: null }); // vyčistí předchozí ecommerce objekt window.dataLayer.push({ event: 'purchase', ecommerce: { transaction_id: '2026-104882', // číslo objednávky z administrace value: 2058.67, // Σ price × quantity, bez dopravy (dohoda: bez DPH) tax: 432.32, shipping: 99.00, currency: 'CZK', coupon: 'PODZIM10', customer_type: 'returning', // 'new' | 'returning' | neuvádět, když nevíme items: [ { item_id: 'SKU-1042', item_name: 'Trekové boty Alpina', item_brand: 'Alpina', item_category: 'Obuv', item_category2: 'Trekové', item_variant: '42', price: 1652.89, discount: 183.65, quantity: 1 }, { item_id: 'SKU-2210', item_name: 'Merino ponožky', item_brand: 'Alpina', item_category: 'Doplňky', price: 202.89, quantity: 2 } ] } });
rovný apostrof '	/sluzby/datova-vrstva	main	pre	Časté otázky	.65, quantity: 1 }, { item_id: 'SKU-2210', item_name: 'Merino ponožky', item_bran	window.dataLayer.push({ ecommerce: null }); // vyčistí předchozí ecommerce objekt window.dataLayer.push({ event: 'purchase', ecommerce: { transaction_id: '2026-104882', // číslo objednávky z administrace value: 2058.67, // Σ price × quantity, bez dopravy (dohoda: bez DPH) tax: 432.32, shipping: 99.00, currency: 'CZK', coupon: 'PODZIM10', customer_type: 'returning', // 'new' | 'returning' | neuvádět, když nevíme items: [ { item_id: 'SKU-1042', item_name: 'Trekové boty Alpina', item_brand: 'Alpina', item_category: 'Obuv', item_category2: 'Trekové', item_variant: '42', price: 1652.89, discount: 183.65, quantity: 1 }, { item_id: 'SKU-2210', item_name: 'Merino ponožky', item_brand: 'Alpina', item_category: 'Doplňky', price: 202.89, quantity: 2 } ] } });
rovný apostrof '	/sluzby/datova-vrstva	main	pre	Časté otázky	 1 }, { item_id: 'SKU-2210', item_name: 'Merino ponožky', item_brand: 'Alpina', i	window.dataLayer.push({ ecommerce: null }); // vyčistí předchozí ecommerce objekt window.dataLayer.push({ event: 'purchase', ecommerce: { transaction_id: '2026-104882', // číslo objednávky z administrace value: 2058.67, // Σ price × quantity, bez dopravy (dohoda: bez DPH) tax: 432.32, shipping: 99.00, currency: 'CZK', coupon: 'PODZIM10', customer_type: 'returning', // 'new' | 'returning' | neuvádět, když nevíme items: [ { item_id: 'SKU-1042', item_name: 'Trekové boty Alpina', item_brand: 'Alpina', item_category: 'Obuv', item_category2: 'Trekové', item_variant: '42', price: 1652.89, discount: 183.65, quantity: 1 }, { item_id: 'SKU-2210', item_name: 'Merino ponožky', item_brand: 'Alpina', item_category: 'Doplňky', price: 202.89, quantity: 2 } ] } });
rovný apostrof '	/sluzby/datova-vrstva	main	pre	Časté otázky	: 'SKU-2210', item_name: 'Merino ponožky', item_brand: 'Alpina', item_category: '	window.dataLayer.push({ ecommerce: null }); // vyčistí předchozí ecommerce objekt window.dataLayer.push({ event: 'purchase', ecommerce: { transaction_id: '2026-104882', // číslo objednávky z administrace value: 2058.67, // Σ price × quantity, bez dopravy (dohoda: bez DPH) tax: 432.32, shipping: 99.00, currency: 'CZK', coupon: 'PODZIM10', customer_type: 'returning', // 'new' | 'returning' | neuvádět, když nevíme items: [ { item_id: 'SKU-1042', item_name: 'Trekové boty Alpina', item_brand: 'Alpina', item_category: 'Obuv', item_category2: 'Trekové', item_variant: '42', price: 1652.89, discount: 183.65, quantity: 1 }, { item_id: 'SKU-2210', item_name: 'Merino ponožky', item_brand: 'Alpina', item_category: 'Doplňky', price: 202.89, quantity: 2 } ] } });
rovný apostrof '	/sluzby/datova-vrstva	main	pre	Časté otázky	tem_name: 'Merino ponožky', item_brand: 'Alpina', item_category: 'Doplňky', price	window.dataLayer.push({ ecommerce: null }); // vyčistí předchozí ecommerce objekt window.dataLayer.push({ event: 'purchase', ecommerce: { transaction_id: '2026-104882', // číslo objednávky z administrace value: 2058.67, // Σ price × quantity, bez dopravy (dohoda: bez DPH) tax: 432.32, shipping: 99.00, currency: 'CZK', coupon: 'PODZIM10', customer_type: 'returning', // 'new' | 'returning' | neuvádět, když nevíme items: [ { item_id: 'SKU-1042', item_name: 'Trekové boty Alpina', item_brand: 'Alpina', item_category: 'Obuv', item_category2: 'Trekové', item_variant: '42', price: 1652.89, discount: 183.65, quantity: 1 }, { item_id: 'SKU-2210', item_name: 'Merino ponožky', item_brand: 'Alpina', item_category: 'Doplňky', price: 202.89, quantity: 2 } ] } });
rovný apostrof '	/sluzby/datova-vrstva	main	pre	Časté otázky	e: 'Merino ponožky', item_brand: 'Alpina', item_category: 'Doplňky', price: 202.8	window.dataLayer.push({ ecommerce: null }); // vyčistí předchozí ecommerce objekt window.dataLayer.push({ event: 'purchase', ecommerce: { transaction_id: '2026-104882', // číslo objednávky z administrace value: 2058.67, // Σ price × quantity, bez dopravy (dohoda: bez DPH) tax: 432.32, shipping: 99.00, currency: 'CZK', coupon: 'PODZIM10', customer_type: 'returning', // 'new' | 'returning' | neuvádět, když nevíme items: [ { item_id: 'SKU-1042', item_name: 'Trekové boty Alpina', item_brand: 'Alpina', item_category: 'Obuv', item_category2: 'Trekové', item_variant: '42', price: 1652.89, discount: 183.65, quantity: 1 }, { item_id: 'SKU-2210', item_name: 'Merino ponožky', item_brand: 'Alpina', item_category: 'Doplňky', price: 202.89, quantity: 2 } ] } });
rovný apostrof '	/sluzby/datova-vrstva	main	pre	Časté otázky	', item_brand: 'Alpina', item_category: 'Doplňky', price: 202.89, quantity: 2 } ]	window.dataLayer.push({ ecommerce: null }); // vyčistí předchozí ecommerce objekt window.dataLayer.push({ event: 'purchase', ecommerce: { transaction_id: '2026-104882', // číslo objednávky z administrace value: 2058.67, // Σ price × quantity, bez dopravy (dohoda: bez DPH) tax: 432.32, shipping: 99.00, currency: 'CZK', coupon: 'PODZIM10', customer_type: 'returning', // 'new' | 'returning' | neuvádět, když nevíme items: [ { item_id: 'SKU-1042', item_name: 'Trekové boty Alpina', item_brand: 'Alpina', item_category: 'Obuv', item_category2: 'Trekové', item_variant: '42', price: 1652.89, discount: 183.65, quantity: 1 }, { item_id: 'SKU-2210', item_name: 'Merino ponožky', item_brand: 'Alpina', item_category: 'Doplňky', price: 202.89, quantity: 2 } ] } });
rovný apostrof '	/sluzby/datova-vrstva	main	pre	Časté otázky	brand: 'Alpina', item_category: 'Doplňky', price: 202.89, quantity: 2 } ] } });	window.dataLayer.push({ ecommerce: null }); // vyčistí předchozí ecommerce objekt window.dataLayer.push({ event: 'purchase', ecommerce: { transaction_id: '2026-104882', // číslo objednávky z administrace value: 2058.67, // Σ price × quantity, bez dopravy (dohoda: bez DPH) tax: 432.32, shipping: 99.00, currency: 'CZK', coupon: 'PODZIM10', customer_type: 'returning', // 'new' | 'returning' | neuvádět, když nevíme items: [ { item_id: 'SKU-1042', item_name: 'Trekové boty Alpina', item_brand: 'Alpina', item_category: 'Obuv', item_category2: 'Trekové', item_variant: '42', price: 1652.89, discount: 183.65, quantity: 1 }, { item_id: 'SKU-2210', item_name: 'Merino ponožky', item_brand: 'Alpina', item_category: 'Doplňky', price: 202.89, quantity: 2 } ] } });
svislítko | v textu	/sluzby/datova-vrstva	main	pre	Časté otázky	', customer_type: 'returning', // 'new' | 'returning' | neuvádět, když nevíme ite	window.dataLayer.push({ ecommerce: null }); // vyčistí předchozí ecommerce objekt window.dataLayer.push({ event: 'purchase', ecommerce: { transaction_id: '2026-104882', // číslo objednávky z administrace value: 2058.67, // Σ price × quantity, bez dopravy (dohoda: bez DPH) tax: 432.32, shipping: 99.00, currency: 'CZK', coupon: 'PODZIM10', customer_type: 'returning', // 'new' | 'returning' | neuvádět, když nevíme items: [ { item_id: 'SKU-1042', item_name: 'Trekové boty Alpina', item_brand: 'Alpina', item_category: 'Obuv', item_category2: 'Trekové', item_variant: '42', price: 1652.89, discount: 183.65, quantity: 1 }, { item_id: 'SKU-2210', item_name: 'Merino ponožky', item_brand: 'Alpina', item_category: 'Doplňky', price: 202.89, quantity: 2 } ] } });
svislítko | v textu	/sluzby/datova-vrstva	main	pre	Časté otázky	pe: 'returning', // 'new' | 'returning' | neuvádět, když nevíme items: [ { item_i	window.dataLayer.push({ ecommerce: null }); // vyčistí předchozí ecommerce objekt window.dataLayer.push({ event: 'purchase', ecommerce: { transaction_id: '2026-104882', // číslo objednávky z administrace value: 2058.67, // Σ price × quantity, bez dopravy (dohoda: bez DPH) tax: 432.32, shipping: 99.00, currency: 'CZK', coupon: 'PODZIM10', customer_type: 'returning', // 'new' | 'returning' | neuvádět, když nevíme items: [ { item_id: 'SKU-1042', item_name: 'Trekové boty Alpina', item_brand: 'Alpina', item_category: 'Obuv', item_category2: 'Trekové', item_variant: '42', price: 1652.89, discount: 183.65, quantity: 1 }, { item_id: 'SKU-2210', item_name: 'Merino ponožky', item_brand: 'Alpina', item_category: 'Doplňky', price: 202.89, quantity: 2 } ] } });
znak násobení ×	/sluzby/datova-vrstva	main	pre	Časté otázky	administrace value: 2058.67, // Σ price × quantity, bez dopravy (dohoda: bez DPH)	window.dataLayer.push({ ecommerce: null }); // vyčistí předchozí ecommerce objekt window.dataLayer.push({ event: 'purchase', ecommerce: { transaction_id: '2026-104882', // číslo objednávky z administrace value: 2058.67, // Σ price × quantity, bez dopravy (dohoda: bez DPH) tax: 432.32, shipping: 99.00, currency: 'CZK', coupon: 'PODZIM10', customer_type: 'returning', // 'new' | 'returning' | neuvádět, když nevíme items: [ { item_id: 'SKU-1042', item_name: 'Trekové boty Alpina', item_brand: 'Alpina', item_category: 'Obuv', item_category2: 'Trekové', item_variant: '42', price: 1652.89, discount: 183.65, quantity: 1 }, { item_id: 'SKU-2210', item_name: 'Merino ponožky', item_brand: 'Alpina', item_category: 'Doplňky', price: 202.89, quantity: 2 } ] } });
hranaté závorky [ ]	/sluzby/datova-vrstva	main	pre	Časté otázky	turning' | neuvádět, když nevíme items: [ { item_id: 'SKU-1042', item_name: 'Trek	window.dataLayer.push({ ecommerce: null }); // vyčistí předchozí ecommerce objekt window.dataLayer.push({ event: 'purchase', ecommerce: { transaction_id: '2026-104882', // číslo objednávky z administrace value: 2058.67, // Σ price × quantity, bez dopravy (dohoda: bez DPH) tax: 432.32, shipping: 99.00, currency: 'CZK', coupon: 'PODZIM10', customer_type: 'returning', // 'new' | 'returning' | neuvádět, když nevíme items: [ { item_id: 'SKU-1042', item_name: 'Trekové boty Alpina', item_brand: 'Alpina', item_category: 'Obuv', item_category2: 'Trekové', item_variant: '42', price: 1652.89, discount: 183.65, quantity: 1 }, { item_id: 'SKU-2210', item_name: 'Merino ponožky', item_brand: 'Alpina', item_category: 'Doplňky', price: 202.89, quantity: 2 } ] } });
hranaté závorky [ ]	/sluzby/datova-vrstva	main	pre	Časté otázky	'Doplňky', price: 202.89, quantity: 2 } ] } });	window.dataLayer.push({ ecommerce: null }); // vyčistí předchozí ecommerce objekt window.dataLayer.push({ event: 'purchase', ecommerce: { transaction_id: '2026-104882', // číslo objednávky z administrace value: 2058.67, // Σ price × quantity, bez dopravy (dohoda: bez DPH) tax: 432.32, shipping: 99.00, currency: 'CZK', coupon: 'PODZIM10', customer_type: 'returning', // 'new' | 'returning' | neuvádět, když nevíme items: [ { item_id: 'SKU-1042', item_name: 'Trekové boty Alpina', item_brand: 'Alpina', item_category: 'Obuv', item_category2: 'Trekové', item_variant: '42', price: 1652.89, discount: 183.65, quantity: 1 }, { item_id: 'SKU-2210', item_name: 'Merino ponožky', item_brand: 'Alpina', item_category: 'Doplňky', price: 202.89, quantity: 2 } ] } });
desetinná tečka (3.5)	/sluzby/datova-vrstva	main	pre	Časté otázky	slo objednávky z administrace value: 2058.67, // Σ price × quantity, bez dopravy (d	window.dataLayer.push({ ecommerce: null }); // vyčistí předchozí ecommerce objekt window.dataLayer.push({ event: 'purchase', ecommerce: { transaction_id: '2026-104882', // číslo objednávky z administrace value: 2058.67, // Σ price × quantity, bez dopravy (dohoda: bez DPH) tax: 432.32, shipping: 99.00, currency: 'CZK', coupon: 'PODZIM10', customer_type: 'returning', // 'new' | 'returning' | neuvádět, když nevíme items: [ { item_id: 'SKU-1042', item_name: 'Trekové boty Alpina', item_brand: 'Alpina', item_category: 'Obuv', item_category2: 'Trekové', item_variant: '42', price: 1652.89, discount: 183.65, quantity: 1 }, { item_id: 'SKU-2210', item_name: 'Merino ponožky', item_brand: 'Alpina', item_category: 'Doplňky', price: 202.89, quantity: 2 } ] } });
desetinná tečka (3.5)	/sluzby/datova-vrstva	main	pre	Časté otázky	y, bez dopravy (dohoda: bez DPH) tax: 432.32, shipping: 99.00, currency: 'CZK', cou	window.dataLayer.push({ ecommerce: null }); // vyčistí předchozí ecommerce objekt window.dataLayer.push({ event: 'purchase', ecommerce: { transaction_id: '2026-104882', // číslo objednávky z administrace value: 2058.67, // Σ price × quantity, bez dopravy (dohoda: bez DPH) tax: 432.32, shipping: 99.00, currency: 'CZK', coupon: 'PODZIM10', customer_type: 'returning', // 'new' | 'returning' | neuvádět, když nevíme items: [ { item_id: 'SKU-1042', item_name: 'Trekové boty Alpina', item_brand: 'Alpina', item_category: 'Obuv', item_category2: 'Trekové', item_variant: '42', price: 1652.89, discount: 183.65, quantity: 1 }, { item_id: 'SKU-2210', item_name: 'Merino ponožky', item_brand: 'Alpina', item_category: 'Doplňky', price: 202.89, quantity: 2 } ] } });
desetinná tečka (3.5)	/sluzby/datova-vrstva	main	pre	Časté otázky	ohoda: bez DPH) tax: 432.32, shipping: 99.00, currency: 'CZK', coupon: 'PODZIM10', 	window.dataLayer.push({ ecommerce: null }); // vyčistí předchozí ecommerce objekt window.dataLayer.push({ event: 'purchase', ecommerce: { transaction_id: '2026-104882', // číslo objednávky z administrace value: 2058.67, // Σ price × quantity, bez dopravy (dohoda: bez DPH) tax: 432.32, shipping: 99.00, currency: 'CZK', coupon: 'PODZIM10', customer_type: 'returning', // 'new' | 'returning' | neuvádět, když nevíme items: [ { item_id: 'SKU-1042', item_name: 'Trekové boty Alpina', item_brand: 'Alpina', item_category: 'Obuv', item_category2: 'Trekové', item_variant: '42', price: 1652.89, discount: 183.65, quantity: 1 }, { item_id: 'SKU-2210', item_name: 'Merino ponožky', item_brand: 'Alpina', item_category: 'Doplňky', price: 202.89, quantity: 2 } ] } });
desetinná tečka (3.5)	/sluzby/datova-vrstva	main	pre	Časté otázky	Trekové', item_variant: '42', price: 1652.89, discount: 183.65, quantity: 1 }, { it	window.dataLayer.push({ ecommerce: null }); // vyčistí předchozí ecommerce objekt window.dataLayer.push({ event: 'purchase', ecommerce: { transaction_id: '2026-104882', // číslo objednávky z administrace value: 2058.67, // Σ price × quantity, bez dopravy (dohoda: bez DPH) tax: 432.32, shipping: 99.00, currency: 'CZK', coupon: 'PODZIM10', customer_type: 'returning', // 'new' | 'returning' | neuvádět, když nevíme items: [ { item_id: 'SKU-1042', item_name: 'Trekové boty Alpina', item_brand: 'Alpina', item_category: 'Obuv', item_category2: 'Trekové', item_variant: '42', price: 1652.89, discount: 183.65, quantity: 1 }, { item_id: 'SKU-2210', item_name: 'Merino ponožky', item_brand: 'Alpina', item_category: 'Doplňky', price: 202.89, quantity: 2 } ] } });
desetinná tečka (3.5)	/sluzby/datova-vrstva	main	pre	Časté otázky	iant: '42', price: 1652.89, discount: 183.65, quantity: 1 }, { item_id: 'SKU-2210',	window.dataLayer.push({ ecommerce: null }); // vyčistí předchozí ecommerce objekt window.dataLayer.push({ event: 'purchase', ecommerce: { transaction_id: '2026-104882', // číslo objednávky z administrace value: 2058.67, // Σ price × quantity, bez dopravy (dohoda: bez DPH) tax: 432.32, shipping: 99.00, currency: 'CZK', coupon: 'PODZIM10', customer_type: 'returning', // 'new' | 'returning' | neuvádět, když nevíme items: [ { item_id: 'SKU-1042', item_name: 'Trekové boty Alpina', item_brand: 'Alpina', item_category: 'Obuv', item_category2: 'Trekové', item_variant: '42', price: 1652.89, discount: 183.65, quantity: 1 }, { item_id: 'SKU-2210', item_name: 'Merino ponožky', item_brand: 'Alpina', item_category: 'Doplňky', price: 202.89, quantity: 2 } ] } });
desetinná tečka (3.5)	/sluzby/datova-vrstva	main	pre	Časté otázky	na', item_category: 'Doplňky', price: 202.89, quantity: 2 } ] } });	window.dataLayer.push({ ecommerce: null }); // vyčistí předchozí ecommerce objekt window.dataLayer.push({ event: 'purchase', ecommerce: { transaction_id: '2026-104882', // číslo objednávky z administrace value: 2058.67, // Σ price × quantity, bez dopravy (dohoda: bez DPH) tax: 432.32, shipping: 99.00, currency: 'CZK', coupon: 'PODZIM10', customer_type: 'returning', // 'new' | 'returning' | neuvádět, když nevíme items: [ { item_id: 'SKU-1042', item_name: 'Trekové boty Alpina', item_brand: 'Alpina', item_category: 'Obuv', item_category2: 'Trekové', item_variant: '42', price: 1652.89, discount: 183.65, quantity: 1 }, { item_id: 'SKU-2210', item_name: 'Merino ponožky', item_brand: 'Alpina', item_category: 'Doplňky', price: 202.89, quantity: 2 } ] } });
pomlčka „–“ (U+2013)	/sluzby/datova-vrstva	main	figcaption	Časté otázky	Nákup – purchase	Nákup – purchase
znak násobení ×	/sluzby/datova-vrstva	main	li	Časté otázky	value = Σ price × quantity, bez dopravy, s DPH, nebo bez 	value = Σ price × quantity, bez dopravy, s DPH, nebo bez podle dohody.
otazník	/sluzby/datova-vrstva	main	summary	Časté otázky	Kolik stojí návrh datové vrstvy?	Kolik stojí návrh datové vrstvy?
otazník	/sluzby/datova-vrstva	main	summary	Časté otázky	Jak dlouho to trvá?	Jak dlouho to trvá?
otazník	/sluzby/datova-vrstva	main	summary	Časté otázky	Kdo datovou vrstvu naprogramuje?	Kdo datovou vrstvu naprogramuje?
otazník	/sluzby/datova-vrstva	main	summary	Časté otázky	Neposílá datová vrstva osobní údaje?	Neposílá datová vrstva osobní údaje?
pomlčka „–“ (U+2013)	/sluzby/datova-vrstva	main	div	Časté otázky	no, telefon ani adresa v čitelné podobě – uživatele identifikujeme interním ID a 	Nesmí. Do datové vrstvy a GA4 nepatří e-mail, jméno, telefon ani adresa v čitelné podobě – uživatele identifikujeme interním ID a pro rozšířené konverze v Google Ads a Meta posíláme jen hash SHA-256, a to až po souhlasu návštěvníka. Marže do prohlížeče neposíláme vůbec, protože jsou vidět ve zdrojovém kódu. Právní posouzení zpracování by měl udělat váš právník.
otazník	/sluzby/datova-vrstva	main	summary	Časté otázky	Komu patří specifikace?	Komu patří specifikace?
otazník	/sluzby/datova-vrstva	main	summary	Časté otázky	Jak poznáme, že datová vrstva funguje?	Jak poznáme, že datová vrstva funguje?
hranaté závorky [ ]	/sluzby/datova-vrstva	main	p		[ pokračujte ]	[ pokračujte ]
hranaté závorky [ ]	/sluzby/datova-vrstva	main	p		[ pokračujte ]	[ pokračujte ]
hranaté závorky [ ]	/sluzby/datova-vrstva	kontakt	p	Připravíme zadání datové vrstvy pro vaše vývojáře	[ Kontakt ]	[ Kontakt ]
hranaté závorky [ ]	/sluzby/datova-vrstva	kontakt	p	Připravíme zadání datové vrstvy pro vaše vývojáře	[ Kontakt ]	[ Kontakt ]
výpustka „…“	SPOLEČNÉ/form	form	textarea@placeholder	form	shop a potřebujeme specifikaci dataLayer…	Např. vyvíjíme nový e-shop a potřebujeme specifikaci dataLayer…
pomlčka „–“ (U+2013)	/sluzby/google-tag-manager	head	title	hlavička	Google Tag Manager – nastavení, audit, správa | datalayer.cz	Google Tag Manager – nastavení, audit, správa | datalayer.cz
svislítko | v textu	/sluzby/google-tag-manager	head	title	hlavička	 Tag Manager – nastavení, audit, správa | datalayer.cz	Google Tag Manager – nastavení, audit, správa | datalayer.cz
otazník	/sluzby/google-tag-manager	head	meta:description	hlavička	Desítky tagů, které nikdo nezná? Nastavíme, zaudítujeme a spravujeme Goo	Desítky tagů, které nikdo nezná? Nastavíme, zaudítujeme a spravujeme Google Tag Manager: názvosloví, verze, práva, consent i výkon. Konzultace zdarma.
pomlčka „–“ (U+2013)	/sluzby/google-tag-manager	head	meta:og:title	hlavička	Google Tag Manager – nastavení, audit, správa | datalayer.cz	Google Tag Manager – nastavení, audit, správa | datalayer.cz
svislítko | v textu	/sluzby/google-tag-manager	head	meta:og:title	hlavička	 Tag Manager – nastavení, audit, správa | datalayer.cz	Google Tag Manager – nastavení, audit, správa | datalayer.cz
otazník	/sluzby/google-tag-manager	head	meta:og:description	hlavička	Desítky tagů, které nikdo nezná? Nastavíme, zaudítujeme a spravujeme Goo	Desítky tagů, které nikdo nezná? Nastavíme, zaudítujeme a spravujeme Google Tag Manager: názvosloví, verze, práva, consent i výkon. Konzultace zdarma.
pomlčka „–“ (U+2013)	/sluzby/google-tag-manager	head	meta:twitter:title	hlavička	Google Tag Manager – nastavení, audit, správa | datalayer.cz	Google Tag Manager – nastavení, audit, správa | datalayer.cz
svislítko | v textu	/sluzby/google-tag-manager	head	meta:twitter:title	hlavička	 Tag Manager – nastavení, audit, správa | datalayer.cz	Google Tag Manager – nastavení, audit, správa | datalayer.cz
otazník	/sluzby/google-tag-manager	head	meta:twitter:description	hlavička	Desítky tagů, které nikdo nezná? Nastavíme, zaudítujeme a spravujeme Goo	Desítky tagů, které nikdo nezná? Nastavíme, zaudítujeme a spravujeme Google Tag Manager: názvosloví, verze, práva, consent i výkon. Konzultace zdarma.
pomlčka „–“ (U+2013)	/sluzby/google-tag-manager	jsonld	jsonld:name	JSON-LD	Google Tag Manager – nastavení, audit a správa	Google Tag Manager – nastavení, audit a správa
otazník	/sluzby/google-tag-manager	jsonld	jsonld:mainEntity.name	JSON-LD	Kolik stojí nastavení nebo audit GTM?	Kolik stojí nastavení nebo audit GTM?
otazník	/sluzby/google-tag-manager	jsonld	jsonld:mainEntity.name	JSON-LD	Jak dlouho trvá nastavení nebo audit?	Jak dlouho trvá nastavení nebo audit?
otazník	/sluzby/google-tag-manager	jsonld	jsonld:mainEntity.name	JSON-LD	 kontejner a kdo k němu bude mít přístup?	Komu patří kontejner a kdo k němu bude mít přístup?
otazník	/sluzby/google-tag-manager	jsonld	jsonld:mainEntity.name	JSON-LD	Jak v GTM řešíte souhlas s cookies?	Jak v GTM řešíte souhlas s cookies?
otazník	/sluzby/google-tag-manager	jsonld	jsonld:mainEntity.name	JSON-LD	Musí do toho zasahovat náš vývojář?	Musí do toho zasahovat náš vývojář?
otazník	/sluzby/google-tag-manager	jsonld	jsonld:mainEntity.name	JSON-LD	Zpomalí Google Tag Manager web?	Zpomalí Google Tag Manager web?
středová tečka „·“ (U+00B7)	/sluzby/google-tag-manager	main	p		[ gtm · sběr dat ]	[ gtm · sběr dat ]
hranaté závorky [ ]	/sluzby/google-tag-manager	main	p		[ gtm · sběr dat ]	[ gtm · sběr dat ]
hranaté závorky [ ]	/sluzby/google-tag-manager	main	p		[ gtm · sběr dat ]	[ gtm · sběr dat ]
pomlčka „–“ (U+2013)	/sluzby/google-tag-manager	main	p		me, nebo ho budeme dlouhodobě spravovat – vždy s pravidly pro názvy, verze, opráv	Google Tag Manager je bezplatný nástroj Googlu, přes který vložíte na web měřicí a marketingové kódy, tedy tagy, bez zásahu do zdrojového kódu. Nový kontejner nastavíme, stávající zkontrolujeme a uklidíme, nebo ho budeme dlouhodobě spravovat – vždy s pravidly pro názvy, verze, oprávnění a Consent Mode v2, aby se v něm vyznal i další člověk.
hranaté závorky [ ]	/sluzby/google-tag-manager	main	a		[ Konzultovat GTM ]	[ Konzultovat GTM ]
hranaté závorky [ ]	/sluzby/google-tag-manager	main	a		[ Konzultovat GTM ]	[ Konzultovat GTM ]
hranaté závorky [ ]	/sluzby/google-tag-manager	main	a		[ Chci audit kontejneru ]	[ Chci audit kontejneru ]
hranaté závorky [ ]	/sluzby/google-tag-manager	main	a		[ Chci audit kontejneru ]	[ Chci audit kontejneru ]
středová tečka „·“ (U+00B7)	/sluzby/google-tag-manager	main	p		vodní třicetiminutová konzultace zdarma · odpovíme do jednoho pracovního dne	Úvodní třicetiminutová konzultace zdarma · odpovíme do jednoho pracovního dne
hranaté závorky [ ]	/sluzby/google-tag-manager	main	p	Poznáváte svůj Tag Manager?	[ symptomy ]	[ symptomy ]
hranaté závorky [ ]	/sluzby/google-tag-manager	main	p	Poznáváte svůj Tag Manager?	[ symptomy ]	[ symptomy ]
otazník	/sluzby/google-tag-manager	main	h2	Poznáváte svůj Tag Manager?	Poznáváte svůj Tag Manager?	Poznáváte svůj Tag Manager?
anglické uvozovky “ ”	/sluzby/google-tag-manager	main	div	Poznáváte svůj Tag Manager?	střídaly, tagy s názvy jako „New Tag (3)“ zůstaly a nikdo neví, které z nich jsou	Agentury se střídaly, tagy s názvy jako „New Tag (3)“ zůstaly a nikdo neví, které z nich jsou potřeba.
české uvozovky „ “	/sluzby/google-tag-manager	main	div	Poznáváte svůj Tag Manager?	Agentury se střídaly, tagy s názvy jako „New Tag (3)“ zůstaly a nikdo neví, které	Agentury se střídaly, tagy s názvy jako „New Tag (3)“ zůstaly a nikdo neví, které z nich jsou potřeba.
mezera před interpunkcí	/sluzby/google-tag-manager	main	span	Poznáváte svůj Tag Manager?	v87 ?	v87 ?
otazník	/sluzby/google-tag-manager	main	span	Poznáváte svůj Tag Manager?	v87 ?	v87 ?
hranaté závorky [ ]	/sluzby/google-tag-manager	main	p	Nastavení, audit, nebo správa?	[ služby ]	[ služby ]
hranaté závorky [ ]	/sluzby/google-tag-manager	main	p	Nastavení, audit, nebo správa?	[ služby ]	[ služby ]
otazník	/sluzby/google-tag-manager	main	h2	Nastavení, audit, nebo správa?	Nastavení, audit, nebo správa?	Nastavení, audit, nebo správa?
anglické uvozovky “ ”	/sluzby/google-tag-manager	main	p	Nastavení, audit, nebo správa?	nebo velká firma chce externího „strážce“ pravidel. Navazuje služba Správa webu a	Kdy se hodí: marketing průběžně potřebuje nové tagy a GTM interně nikdo nespravuje, nebo velká firma chce externího „strážce“ pravidel. Navazuje služba Správa webu a měření.
české uvozovky „ “	/sluzby/google-tag-manager	main	p	Nastavení, audit, nebo správa?	ravuje, nebo velká firma chce externího „strážce“ pravidel. Navazuje služba Správ	Kdy se hodí: marketing průběžně potřebuje nové tagy a GTM interně nikdo nespravuje, nebo velká firma chce externího „strážce“ pravidel. Navazuje služba Správa webu a měření.
hranaté závorky [ ]	/sluzby/google-tag-manager	main	p	Co uděláme a co dostanete	[ výstupy ]	[ výstupy ]
hranaté závorky [ ]	/sluzby/google-tag-manager	main	p	Co uděláme a co dostanete	[ výstupy ]	[ výstupy ]
středová tečka „·“ (U+00B7)	/sluzby/google-tag-manager	main	span	Co uděláme a co dostanete	inventory · A/B/C	inventory · A/B/C
pomlčka „–“ (U+2013)	/sluzby/google-tag-manager	main	pre	Co uděláme a co dostanete	GA4 – Event – purchase CE – purchase DLV – ec	GA4 – Event – purchase CE – purchase DLV – ecommerce.transaction_id
pomlčka „–“ (U+2013)	/sluzby/google-tag-manager	main	pre	Co uděláme a co dostanete	GA4 – Event – purchase CE – purchase DLV – ecommerce.	GA4 – Event – purchase CE – purchase DLV – ecommerce.transaction_id
pomlčka „–“ (U+2013)	/sluzby/google-tag-manager	main	pre	Co uděláme a co dostanete	GA4 – Event – purchase CE – purchase DLV – ecommerce.transaction_id	GA4 – Event – purchase CE – purchase DLV – ecommerce.transaction_id
pomlčka „–“ (U+2013)	/sluzby/google-tag-manager	main	pre	Co uděláme a co dostanete	A4 – Event – purchase CE – purchase DLV – ecommerce.transaction_id	GA4 – Event – purchase CE – purchase DLV – ecommerce.transaction_id
středová tečka „·“ (U+00B7)	/sluzby/google-tag-manager	main	span	Co uděláme a co dostanete	qa · changelog	qa · changelog
hranaté závorky [ ]	/sluzby/google-tag-manager	main	p	Co se děje uvnitř kontejneru	[ diagram ]	[ diagram ]
hranaté závorky [ ]	/sluzby/google-tag-manager	main	p	Co se děje uvnitř kontejneru	[ diagram ]	[ diagram ]
pomlčka „–“ (U+2013)	/sluzby/google-tag-manager	main	li	Co se děje uvnitř kontejneru	CE – purchase	CE – purchase
pomlčka „–“ (U+2013)	/sluzby/google-tag-manager	main	li	Co se děje uvnitř kontejneru	GA4 – Event – purchase: analytics_storage	GA4 – Event – purchase: analytics_storage
pomlčka „–“ (U+2013)	/sluzby/google-tag-manager	main	li	Co se děje uvnitř kontejneru	GA4 – Event – purchase: analytics_storage	GA4 – Event – purchase: analytics_storage
pomlčka „–“ (U+2013)	/sluzby/google-tag-manager	main	li	Co se děje uvnitř kontejneru	Google Ads – Conversion: ad_storage + ad_user_data	Google Ads – Conversion: ad_storage + ad_user_data
pomlčka „–“ (U+2013)	/sluzby/google-tag-manager	main	li	Co se děje uvnitř kontejneru	Meta – Event – Purchase: ad_storage	Meta – Event – Purchase: ad_storage
pomlčka „–“ (U+2013)	/sluzby/google-tag-manager	main	li	Co se děje uvnitř kontejneru	Meta – Event – Purchase: ad_storage	Meta – Event – Purchase: ad_storage
šipka →	/sluzby/google-tag-manager	main	figcaption	Co se děje uvnitř kontejneru	Schéma GTM: událost z datové vrstvy → spouštěč → kontrola souhlasu z cookie l	Schéma GTM: událost z datové vrstvy → spouštěč → kontrola souhlasu z cookie lišty → tagy GA4, Google Ads a Meta, volitelně server-side GTM. Celé nastavení drží verze s popisem, workspaces a oprávnění.
šipka →	/sluzby/google-tag-manager	main	figcaption	Co se děje uvnitř kontejneru	GTM: událost z datové vrstvy → spouštěč → kontrola souhlasu z cookie lišty → tagy	Schéma GTM: událost z datové vrstvy → spouštěč → kontrola souhlasu z cookie lišty → tagy GA4, Google Ads a Meta, volitelně server-side GTM. Celé nastavení drží verze s popisem, workspaces a oprávnění.
šipka →	/sluzby/google-tag-manager	main	figcaption	Co se děje uvnitř kontejneru	štěč → kontrola souhlasu z cookie lišty → tagy GA4, Google Ads a Meta, volitelně 	Schéma GTM: událost z datové vrstvy → spouštěč → kontrola souhlasu z cookie lišty → tagy GA4, Google Ads a Meta, volitelně server-side GTM. Celé nastavení drží verze s popisem, workspaces a oprávnění.
hranaté závorky [ ]	/sluzby/google-tag-manager	main	p	Kde mají měřicí kódy žít?	[ rozhodnutí ]	[ rozhodnutí ]
hranaté závorky [ ]	/sluzby/google-tag-manager	main	p	Kde mají měřicí kódy žít?	[ rozhodnutí ]	[ rozhodnutí ]
otazník	/sluzby/google-tag-manager	main	h2	Kde mají měřicí kódy žít?	Kde mají měřicí kódy žít?	Kde mají měřicí kódy žít?
hranaté závorky [ ]	/sluzby/google-tag-manager	main	p	Jak spolupráce probíhá	[ postup ]	[ postup ]
hranaté závorky [ ]	/sluzby/google-tag-manager	main	p	Jak spolupráce probíhá	[ postup ]	[ postup ]
hranaté závorky [ ]	/sluzby/google-tag-manager	main	p	Časté otázky	[ FAQ ]	[ FAQ ]
hranaté závorky [ ]	/sluzby/google-tag-manager	main	p	Časté otázky	[ FAQ ]	[ FAQ ]
otazník	/sluzby/google-tag-manager	main	p	Časté otázky	Nenašli jste odpověď? Napište nám.	Nenašli jste odpověď? Napište nám.
pomlčka „–“ (U+2013)	/sluzby/google-tag-manager	main	caption	Časté otázky	Názvosloví – ukázka konvence	Názvosloví – ukázka konvence
pomlčka „–“ (U+2013)	/sluzby/google-tag-manager	main	td	Časté otázky	{Platforma} – {Typ} – {Událost}	{Platforma} – {Typ} – {Událost}
pomlčka „–“ (U+2013)	/sluzby/google-tag-manager	main	td	Časté otázky	{Platforma} – {Typ} – {Událost}	{Platforma} – {Typ} – {Událost}
středová tečka „·“ (U+00B7)	/sluzby/google-tag-manager	main	td	Časté otázky	GA4 – Event – purchase · Google Ads – Conversion – Nákup · Sklik	GA4 – Event – purchase · Google Ads – Conversion – Nákup · Sklik – SEM – purchase
středová tečka „·“ (U+00B7)	/sluzby/google-tag-manager	main	td	Časté otázky	chase · Google Ads – Conversion – Nákup · Sklik – SEM – purchase	GA4 – Event – purchase · Google Ads – Conversion – Nákup · Sklik – SEM – purchase
pomlčka „–“ (U+2013)	/sluzby/google-tag-manager	main	td	Časté otázky	GA4 – Event – purchase · Google Ads – Convers	GA4 – Event – purchase · Google Ads – Conversion – Nákup · Sklik – SEM – purchase
pomlčka „–“ (U+2013)	/sluzby/google-tag-manager	main	td	Časté otázky	GA4 – Event – purchase · Google Ads – Conversion – Ná	GA4 – Event – purchase · Google Ads – Conversion – Nákup · Sklik – SEM – purchase
pomlčka „–“ (U+2013)	/sluzby/google-tag-manager	main	td	Časté otázky	GA4 – Event – purchase · Google Ads – Conversion – Nákup · Sklik – SEM – purc	GA4 – Event – purchase · Google Ads – Conversion – Nákup · Sklik – SEM – purchase
pomlčka „–“ (U+2013)	/sluzby/google-tag-manager	main	td	Časté otázky	nt – purchase · Google Ads – Conversion – Nákup · Sklik – SEM – purchase	GA4 – Event – purchase · Google Ads – Conversion – Nákup · Sklik – SEM – purchase
pomlčka „–“ (U+2013)	/sluzby/google-tag-manager	main	td	Časté otázky	Google Ads – Conversion – Nákup · Sklik – SEM – purchase	GA4 – Event – purchase · Google Ads – Conversion – Nákup · Sklik – SEM – purchase
pomlčka „–“ (U+2013)	/sluzby/google-tag-manager	main	td	Časté otázky	 Ads – Conversion – Nákup · Sklik – SEM – purchase	GA4 – Event – purchase · Google Ads – Conversion – Nákup · Sklik – SEM – purchase
pomlčka „–“ (U+2013)	/sluzby/google-tag-manager	main	td	Časté otázky	{Typ} – {Podmínka}	{Typ} – {Podmínka}
středová tečka „·“ (U+00B7)	/sluzby/google-tag-manager	main	td	Časté otázky	CE – purchase · Click – Link – tel: · Consent Init – Al	CE – purchase · Click – Link – tel: · Consent Init – All Pages
středová tečka „·“ (U+00B7)	/sluzby/google-tag-manager	main	td	Časté otázky	CE – purchase · Click – Link – tel: · Consent Init – All Pages	CE – purchase · Click – Link – tel: · Consent Init – All Pages
pomlčka „–“ (U+2013)	/sluzby/google-tag-manager	main	td	Časté otázky	CE – purchase · Click – Link – tel: · Consen	CE – purchase · Click – Link – tel: · Consent Init – All Pages
pomlčka „–“ (U+2013)	/sluzby/google-tag-manager	main	td	Časté otázky	CE – purchase · Click – Link – tel: · Consent Init – All Pages	CE – purchase · Click – Link – tel: · Consent Init – All Pages
pomlčka „–“ (U+2013)	/sluzby/google-tag-manager	main	td	Časté otázky	CE – purchase · Click – Link – tel: · Consent Init – All Pages	CE – purchase · Click – Link – tel: · Consent Init – All Pages
pomlčka „–“ (U+2013)	/sluzby/google-tag-manager	main	td	Časté otázky	se · Click – Link – tel: · Consent Init – All Pages	CE – purchase · Click – Link – tel: · Consent Init – All Pages
pomlčka „–“ (U+2013)	/sluzby/google-tag-manager	main	td	Časté otázky	{Typ} – {Název}	{Typ} – {Název}
středová tečka „·“ (U+00B7)	/sluzby/google-tag-manager	main	td	Časté otázky	DLV – ecommerce.transaction_id · Const – GA4 ID	DLV – ecommerce.transaction_id · Const – GA4 ID
pomlčka „–“ (U+2013)	/sluzby/google-tag-manager	main	td	Časté otázky	DLV – ecommerce.transaction_id · Const – GA4 	DLV – ecommerce.transaction_id · Const – GA4 ID
pomlčka „–“ (U+2013)	/sluzby/google-tag-manager	main	td	Časté otázky	DLV – ecommerce.transaction_id · Const – GA4 ID	DLV – ecommerce.transaction_id · Const – GA4 ID
středová tečka „·“ (U+00B7)	/sluzby/google-tag-manager	main	td	Časté otázky	01 GA4 · 02 Google Ads · 90 Consent · 99 Utility	01 GA4 · 02 Google Ads · 90 Consent · 99 Utility
středová tečka „·“ (U+00B7)	/sluzby/google-tag-manager	main	td	Časté otázky	01 GA4 · 02 Google Ads · 90 Consent · 99 Utility	01 GA4 · 02 Google Ads · 90 Consent · 99 Utility
středová tečka „·“ (U+00B7)	/sluzby/google-tag-manager	main	td	Časté otázky	01 GA4 · 02 Google Ads · 90 Consent · 99 Utility	01 GA4 · 02 Google Ads · 90 Consent · 99 Utility
pomlčka „–“ (U+2013)	/sluzby/google-tag-manager	main	td	Časté otázky	RRRR-MM-DD – změna	RRRR-MM-DD – změna
pomlčka „–“ (U+2013)	/sluzby/google-tag-manager	main	td	Časté otázky	2026-10-08 – deduplikace purchase podle transaction_	2026-10-08 – deduplikace purchase podle transaction_id
otazník	/sluzby/google-tag-manager	main	summary	Časté otázky	Kolik stojí nastavení nebo audit GTM?	Kolik stojí nastavení nebo audit GTM?
otazník	/sluzby/google-tag-manager	main	summary	Časté otázky	Jak dlouho trvá nastavení nebo audit?	Jak dlouho trvá nastavení nebo audit?
otazník	/sluzby/google-tag-manager	main	summary	Časté otázky	 kontejner a kdo k němu bude mít přístup?	Komu patří kontejner a kdo k němu bude mít přístup?
otazník	/sluzby/google-tag-manager	main	summary	Časté otázky	Jak v GTM řešíte souhlas s cookies?	Jak v GTM řešíte souhlas s cookies?
otazník	/sluzby/google-tag-manager	main	summary	Časté otázky	Musí do toho zasahovat náš vývojář?	Musí do toho zasahovat náš vývojář?
otazník	/sluzby/google-tag-manager	main	summary	Časté otázky	Zpomalí Google Tag Manager web?	Zpomalí Google Tag Manager web?
hranaté závorky [ ]	/sluzby/google-tag-manager	main	p		[ pokračujte ]	[ pokračujte ]
hranaté závorky [ ]	/sluzby/google-tag-manager	main	p		[ pokračujte ]	[ pokračujte ]
hranaté závorky [ ]	/sluzby/google-tag-manager	kontakt	p	Uklidíme váš Tag Manager	[ Kontakt ]	[ Kontakt ]
hranaté závorky [ ]	/sluzby/google-tag-manager	kontakt	p	Uklidíme váš Tag Manager	[ Kontakt ]	[ Kontakt ]
otazník	/sluzby/google-tag-manager	main	div@aria-label	Kde mají měřicí kódy žít?	Kde mají měřicí kódy žít?	Kde mají měřicí kódy žít?
pomlčka „–“ (U+2013)	/sluzby/google-tag-manager	main	div@aria-label	Časté otázky	Názvosloví – ukázka konvence	Názvosloví – ukázka konvence
výpustka „…“	SPOLEČNÉ/form	form	textarea@placeholder	form	TM máme 120 tagů a nikdo neví, co dělají…	Např. v GTM máme 120 tagů a nikdo neví, co dělají…
svislítko | v textu	/sluzby/implementace-ga4	head	title	hlavička	entace GA4 a nastavení Google Analytics | datalayer.cz	Implementace GA4 a nastavení Google Analytics | datalayer.cz
otazník	/sluzby/implementace-ga4	head	meta:description	hlavička	GA4 ukazuje jiná čísla než e-shop? Nastavíme Google Analytics 4 od nuly i 	GA4 ukazuje jiná čísla než e-shop? Nastavíme Google Analytics 4 od nuly i opravíme stávající: e-commerce, leady, Ads, BigQuery. Konzultace zdarma.
svislítko | v textu	/sluzby/implementace-ga4	head	meta:og:title	hlavička	entace GA4 a nastavení Google Analytics | datalayer.cz	Implementace GA4 a nastavení Google Analytics | datalayer.cz
otazník	/sluzby/implementace-ga4	head	meta:og:description	hlavička	GA4 ukazuje jiná čísla než e-shop? Nastavíme Google Analytics 4 od nuly i 	GA4 ukazuje jiná čísla než e-shop? Nastavíme Google Analytics 4 od nuly i opravíme stávající: e-commerce, leady, Ads, BigQuery. Konzultace zdarma.
svislítko | v textu	/sluzby/implementace-ga4	head	meta:twitter:title	hlavička	entace GA4 a nastavení Google Analytics | datalayer.cz	Implementace GA4 a nastavení Google Analytics | datalayer.cz
otazník	/sluzby/implementace-ga4	head	meta:twitter:description	hlavička	GA4 ukazuje jiná čísla než e-shop? Nastavíme Google Analytics 4 od nuly i 	GA4 ukazuje jiná čísla než e-shop? Nastavíme Google Analytics 4 od nuly i opravíme stávající: e-commerce, leady, Ads, BigQuery. Konzultace zdarma.
otazník	/sluzby/implementace-ga4	jsonld	jsonld:mainEntity.name	JSON-LD	Kolik stojí implementace GA4?	Kolik stojí implementace GA4?
otazník	/sluzby/implementace-ga4	jsonld	jsonld:mainEntity.name	JSON-LD	Jak dlouho implementace GA4 trvá?	Jak dlouho implementace GA4 trvá?
otazník	/sluzby/implementace-ga4	jsonld	jsonld:mainEntity.name	JSON-LD	Komu budou patřit účty a data?	Komu budou patřit účty a data?
otazník	/sluzby/implementace-ga4	jsonld	jsonld:mainEntity.name	JSON-LD	Je GA4 v souladu s GDPR? Potřebujeme cookie lištu?	Je GA4 v souladu s GDPR? Potřebujeme cookie lištu?
otazník	/sluzby/implementace-ga4	jsonld	jsonld:mainEntity.name	JSON-LD	souladu s GDPR? Potřebujeme cookie lištu?	Je GA4 v souladu s GDPR? Potřebujeme cookie lištu?
pomlčka „–“ (U+2013)	/sluzby/implementace-ga4	jsonld	jsonld:mainEntity.acceptedAnswer.text	JSON-LD	texty lišty by měl posoudit váš právník – technickou část řeší služba Cookie lišt	GA4 ukládá do prohlížeče analytické cookies a k tomu podle § 89 odst. 3 zákona o elektronických komunikacích potřebujete předchozí souhlas. Měření proto napojujeme na cookie lištu a Consent Mode v2 a do GA4 neposíláme osobní údaje, ani v URL. Nejsme advokátní kancelář, zásady a texty lišty by měl posoudit váš právník – technickou část řeší služba Cookie lišta a Consent Mode v2.
otazník	/sluzby/implementace-ga4	jsonld	jsonld:mainEntity.name	JSON-LD	Budeme potřebovat vývojáře?	Budeme potřebovat vývojáře?
otazník	/sluzby/implementace-ga4	jsonld	jsonld:mainEntity.name	JSON-LD	je jiná čísla než e-shop nebo Google Ads?	Proč GA4 ukazuje jiná čísla než e-shop nebo Google Ads?
středová tečka „·“ (U+00B7)	/sluzby/implementace-ga4	main	p		[ ga4 · sběr dat ]	[ ga4 · sběr dat ]
hranaté závorky [ ]	/sluzby/implementace-ga4	main	p		[ ga4 · sběr dat ]	[ ga4 · sběr dat ]
hranaté závorky [ ]	/sluzby/implementace-ga4	main	p		[ ga4 · sběr dat ]	[ ga4 · sběr dat ]
hranaté závorky [ ]	/sluzby/implementace-ga4	main	a		[ Konzultovat nastavení GA4 ]	[ Konzultovat nastavení GA4 ]
hranaté závorky [ ]	/sluzby/implementace-ga4	main	a		[ Konzultovat nastavení GA4 ]	[ Konzultovat nastavení GA4 ]
hranaté závorky [ ]	/sluzby/implementace-ga4	main	a		[ Co přesně nastavíme ]	[ Co přesně nastavíme ]
hranaté závorky [ ]	/sluzby/implementace-ga4	main	a		[ Co přesně nastavíme ]	[ Co přesně nastavíme ]
středová tečka „·“ (U+00B7)	/sluzby/implementace-ga4	main	p		vodní třicetiminutová konzultace zdarma · odpovíme do jednoho pracovního dne	Úvodní třicetiminutová konzultace zdarma · odpovíme do jednoho pracovního dne
hranaté závorky [ ]	/sluzby/implementace-ga4	main	p	Poznáváte se?	[ symptomy ]	[ symptomy ]
hranaté závorky [ ]	/sluzby/implementace-ga4	main	p	Poznáváte se?	[ symptomy ]	[ symptomy ]
otazník	/sluzby/implementace-ga4	main	h2	Poznáváte se?	Poznáváte se?	Poznáváte se?
anglické uvozovky “ ”	/sluzby/implementace-ga4	main	p	Poznáváte se?	Když někdo GA4 jen „vloží“ do webu, čísla obvykle během prvních mě	Když někdo GA4 jen „vloží“ do webu, čísla obvykle během prvních měsíců přestanou dávat smysl. Nevíte, co z toho platí u vás? Začněte auditem měření.
české uvozovky „ “	/sluzby/implementace-ga4	main	p	Poznáváte se?	Když někdo GA4 jen „vloží“ do webu, čísla obvykle během prvn	Když někdo GA4 jen „vloží“ do webu, čísla obvykle během prvních měsíců přestanou dávat smysl. Nevíte, co z toho platí u vás? Začněte auditem měření.
otazník	/sluzby/implementace-ga4	main	p	Poznáváte se?	vat smysl. Nevíte, co z toho platí u vás? Začněte auditem měření.	Když někdo GA4 jen „vloží“ do webu, čísla obvykle během prvních měsíců přestanou dávat smysl. Nevíte, co z toho platí u vás? Začněte auditem měření.
znak násobení ×	/sluzby/implementace-ga4	main	span	Poznáváte se?	purchase ×2	purchase ×2
anglické uvozovky “ ”	/sluzby/implementace-ga4	main	h3	Poznáváte se?	Poptávky jen jako „děkovací stránka“	Poptávky jen jako „děkovací stránka“
české uvozovky „ “	/sluzby/implementace-ga4	main	h3	Poznáváte se?	Poptávky jen jako „děkovací stránka“	Poptávky jen jako „děkovací stránka“
hranaté závorky [ ]	/sluzby/implementace-ga4	main	p	Co uděláme a co dostanete	[ výstupy ]	[ výstupy ]
hranaté závorky [ ]	/sluzby/implementace-ga4	main	p	Co uděláme a co dostanete	[ výstupy ]	[ výstupy ]
anglické uvozovky “ ”	/sluzby/implementace-ga4	main	p	Co uděláme a co dostanete	Ne jen „hotové GA4“, ale i dokumenty, podle kterých může mě	Ne jen „hotové GA4“, ale i dokumenty, podle kterých může měření převzít kdokoli jiný.
české uvozovky „ “	/sluzby/implementace-ga4	main	p	Co uděláme a co dostanete	Ne jen „hotové GA4“, ale i dokumenty, podle kter	Ne jen „hotové GA4“, ale i dokumenty, podle kterých může měření převzít kdokoli jiný.
středová tečka „·“ (U+00B7)	/sluzby/implementace-ga4	main	span	Co uděláme a co dostanete	gtm · ga4-config.pdf	gtm · ga4-config.pdf
hranaté závorky [ ]	/sluzby/implementace-ga4	main	p	Jak data tečou z webu do GA4 a dál	[ diagram ]	[ diagram ]
hranaté závorky [ ]	/sluzby/implementace-ga4	main	p	Jak data tečou z webu do GA4 a dál	[ diagram ]	[ diagram ]
středová tečka „·“ (U+00B7)	/sluzby/implementace-ga4	main	li	Jak data tečou z webu do GA4 a dál	view_item · add_to_cart	view_item · add_to_cart
středová tečka „·“ (U+00B7)	/sluzby/implementace-ga4	main	li	Jak data tečou z webu do GA4 a dál	purchase · generate_lead	purchase · generate_lead
pomlčka „–“ (U+2013)	/sluzby/implementace-ga4	main	li	Jak data tečou z webu do GA4 a dál	Google Ads – klíčové události a publika	Google Ads – klíčové události a publika
pomlčka „–“ (U+2013)	/sluzby/implementace-ga4	main	li	Jak data tečou z webu do GA4 a dál	Search Console – organické dotazy	Search Console – organické dotazy
pomlčka „–“ (U+2013)	/sluzby/implementace-ga4	main	li	Jak data tečou z webu do GA4 a dál	BigQuery – surová data bez limitů rozhraní	BigQuery – surová data bez limitů rozhraní
šipka →	/sluzby/implementace-ga4	main	figcaption	Jak data tečou z webu do GA4 a dál	Schéma toku dat: web → Google Tag Manager se souhlasem z cooki	Schéma toku dat: web → Google Tag Manager se souhlasem z cookie lišty → GA4 → propojení a reporting. Na konci porovnáme čísla v GA4 s administrací e-shopu nebo CRM.
šipka →	/sluzby/implementace-ga4	main	figcaption	Jak data tečou z webu do GA4 a dál	Tag Manager se souhlasem z cookie lišty → GA4 → propojení a reporting. Na konci p	Schéma toku dat: web → Google Tag Manager se souhlasem z cookie lišty → GA4 → propojení a reporting. Na konci porovnáme čísla v GA4 s administrací e-shopu nebo CRM.
šipka →	/sluzby/implementace-ga4	main	figcaption	Jak data tečou z webu do GA4 a dál	nager se souhlasem z cookie lišty → GA4 → propojení a reporting. Na konci porovná	Schéma toku dat: web → Google Tag Manager se souhlasem z cookie lišty → GA4 → propojení a reporting. Na konci porovnáme čísla v GA4 s administrací e-shopu nebo CRM.
hranaté závorky [ ]	/sluzby/implementace-ga4	main	p	Opravit stávající GA4, nebo založit novou property	[ rozhodnutí ]	[ rozhodnutí ]
hranaté závorky [ ]	/sluzby/implementace-ga4	main	p	Opravit stávající GA4, nebo založit novou property	[ rozhodnutí ]	[ rozhodnutí ]
otazník	/sluzby/implementace-ga4	main	h2	Opravit stávající GA4, nebo založit novou property	ávající GA4, nebo založit novou property?	Opravit stávající GA4, nebo založit novou property?
výpustka „…“	/sluzby/implementace-ga4	main	h3	Opravit stávající GA4, nebo založit novou property	Opravíme stávající, když…	Opravíme stávající, když…
výpustka „…“	/sluzby/implementace-ga4	main	h3	Opravit stávající GA4, nebo založit novou property	Založíme novou, když…	Založíme novou, když…
hranaté závorky [ ]	/sluzby/implementace-ga4	main	p	Jak implementace probíhá	[ postup ]	[ postup ]
hranaté závorky [ ]	/sluzby/implementace-ga4	main	p	Jak implementace probíhá	[ postup ]	[ postup ]
hranaté závorky [ ]	/sluzby/implementace-ga4	main	p	Jak poznáte, že GA4 funguje	[ kontrola ]	[ kontrola ]
hranaté závorky [ ]	/sluzby/implementace-ga4	main	p	Jak poznáte, že GA4 funguje	[ kontrola ]	[ kontrola ]
hranaté závorky [ ]	/sluzby/implementace-ga4	main	p	Časté otázky	[ FAQ ]	[ FAQ ]
hranaté závorky [ ]	/sluzby/implementace-ga4	main	p	Časté otázky	[ FAQ ]	[ FAQ ]
otazník	/sluzby/implementace-ga4	main	p	Časté otázky	Nenašli jste odpověď? Napište nám.	Nenašli jste odpověď? Napište nám.
otazník	/sluzby/implementace-ga4	main	summary	Časté otázky	Kolik stojí implementace GA4?	Kolik stojí implementace GA4?
otazník	/sluzby/implementace-ga4	main	summary	Časté otázky	Jak dlouho implementace GA4 trvá?	Jak dlouho implementace GA4 trvá?
otazník	/sluzby/implementace-ga4	main	summary	Časté otázky	Komu budou patřit účty a data?	Komu budou patřit účty a data?
otazník	/sluzby/implementace-ga4	main	summary	Časté otázky	Je GA4 v souladu s GDPR? Potřebujeme cookie lištu?	Je GA4 v souladu s GDPR? Potřebujeme cookie lištu?
otazník	/sluzby/implementace-ga4	main	summary	Časté otázky	souladu s GDPR? Potřebujeme cookie lištu?	Je GA4 v souladu s GDPR? Potřebujeme cookie lištu?
pomlčka „–“ (U+2013)	/sluzby/implementace-ga4	main	div	Časté otázky	texty lišty by měl posoudit váš právník – technickou část řeší služba Cookie lišt	GA4 ukládá do prohlížeče analytické cookies a k tomu podle § 89 odst. 3 zákona o elektronických komunikacích potřebujete předchozí souhlas. Měření proto napojujeme na cookie lištu a Consent Mode v2 a do GA4 neposíláme osobní údaje, ani v URL. Nejsme advokátní kancelář, zásady a texty lišty by měl posoudit váš právník – technickou část řeší služba Cookie lišta a Consent Mode v2.
otazník	/sluzby/implementace-ga4	main	summary	Časté otázky	Budeme potřebovat vývojáře?	Budeme potřebovat vývojáře?
otazník	/sluzby/implementace-ga4	main	summary	Časté otázky	je jiná čísla než e-shop nebo Google Ads?	Proč GA4 ukazuje jiná čísla než e-shop nebo Google Ads?
hranaté závorky [ ]	/sluzby/implementace-ga4	main	p		[ pokračujte ]	[ pokračujte ]
hranaté závorky [ ]	/sluzby/implementace-ga4	main	p		[ pokračujte ]	[ pokračujte ]
hranaté závorky [ ]	/sluzby/implementace-ga4	kontakt	p	Nastavíme GA4 tak, aby čísla seděla s tržbami	[ Kontakt ]	[ Kontakt ]
hranaté závorky [ ]	/sluzby/implementace-ga4	kontakt	p	Nastavíme GA4 tak, aby čísla seděla s tržbami	[ Kontakt ]	[ Kontakt ]
výpustka „…“	SPOLEČNÉ/form	form	textarea@placeholder	form	data v GA4 nesedí s administrací e-shopu…	Např. e-commerce data v GA4 nesedí s administrací e-shopu…
svislítko | v textu	/sluzby/mereni-konverzi	head	title	hlavička	ení konverzí: Ads, Meta, Sklik, Heureka | datalayer.cz	Měření konverzí: Ads, Meta, Sklik, Heureka | datalayer.cz
svislítko | v textu	/sluzby/mereni-konverzi	head	meta:og:title	hlavička	ení konverzí: Ads, Meta, Sklik, Heureka | datalayer.cz	Měření konverzí: Ads, Meta, Sklik, Heureka | datalayer.cz
svislítko | v textu	/sluzby/mereni-konverzi	head	meta:twitter:title	hlavička	ení konverzí: Ads, Meta, Sklik, Heureka | datalayer.cz	Měření konverzí: Ads, Meta, Sklik, Heureka | datalayer.cz
otazník	/sluzby/mereni-konverzi	jsonld	jsonld:mainEntity.name	JSON-LD	uju Meta Pixel, když mám Conversions API?	Potřebuju Meta Pixel, když mám Conversions API?
otazník	/sluzby/mereni-konverzi	jsonld	jsonld:mainEntity.name	JSON-LD	 Seznam Event Measurement a musím přejít?	Co je Seznam Event Measurement a musím přejít?
otazník	/sluzby/mereni-konverzi	jsonld	jsonld:mainEntity.name	JSON-LD	Jde měřit konverze bez souhlasu?	Jde měřit konverze bez souhlasu?
pomlčka „–“ (U+2013)	/sluzby/mereni-konverzi	jsonld	jsonld:mainEntity.acceptedAnswer.text	JSON-LD	Ne tak, že bychom souhlas ignorovali – bez něj web nesmí ukládat ani číst nete	Ne tak, že bychom souhlas ignorovali – bez něj web nesmí ukládat ani číst netechnické údaje v zařízení návštěvníka. Google v advanced režimu Consent Mode dostává pingy bez cookies a část konverzí modeluje, ostatní systémy návštěvníka bez souhlasu nevidí. Naše práce je, aby u lidí se souhlasem konverze dorazily spolehlivě – víc u služby Cookie lišta a Consent Mode v2.
pomlčka „–“ (U+2013)	/sluzby/mereni-konverzi	jsonld	jsonld:mainEntity.acceptedAnswer.text	JSON-LD	 souhlasem konverze dorazily spolehlivě – víc u služby Cookie lišta a Consent Mod	Ne tak, že bychom souhlas ignorovali – bez něj web nesmí ukládat ani číst netechnické údaje v zařízení návštěvníka. Google v advanced režimu Consent Mode dostává pingy bez cookies a část konverzí modeluje, ostatní systémy návštěvníka bez souhlasu nevidí. Naše práce je, aby u lidí se souhlasem konverze dorazily spolehlivě – víc u služby Cookie lišta a Consent Mode v2.
otazník	/sluzby/mereni-konverzi	jsonld	jsonld:mainEntity.name	JSON-LD	Co budete potřebovat od našich vývojářů?	Co budete potřebovat od našich vývojářů?
pomlčka „–“ (U+2013)	/sluzby/mereni-konverzi	jsonld	jsonld:mainEntity.acceptedAnswer.text	JSON-LD	pové platformy. Pro backendová napojení – Ověřeno zákazníky, Seznam Nákupy a offl	Záleží na stavu datové vrstvy a platformě. Pokud datová vrstva chybí nebo je neúplná, připravíme vývojářům zadání s událostmi nákupu a leadu, nebo upravíme nastavení e-shopové platformy. Pro backendová napojení – Ověřeno zákazníky, Seznam Nákupy a offline konverze – dostanou vývojáři zadání od nás.
pomlčka „–“ (U+2013)	/sluzby/mereni-konverzi	jsonld	jsonld:mainEntity.acceptedAnswer.text	JSON-LD	zníky, Seznam Nákupy a offline konverze – dostanou vývojáři zadání od nás.	Záleží na stavu datové vrstvy a platformě. Pokud datová vrstva chybí nebo je neúplná, připravíme vývojářům zadání s událostmi nákupu a leadu, nebo upravíme nastavení e-shopové platformy. Pro backendová napojení – Ověřeno zákazníky, Seznam Nákupy a offline konverze – dostanou vývojáři zadání od nás.
otazník	/sluzby/mereni-konverzi	jsonld	jsonld:mainEntity.name	JSON-LD	u patří účty a jaké přístupy potřebujete?	Komu patří účty a jaké přístupy potřebujete?
pomlčka „–“ (U+2013)	/sluzby/mereni-konverzi	jsonld	jsonld:mainEntity.acceptedAnswer.text	JSON-LD	Všechny účty – Google Ads, Meta Business, Sklik, Heure	Všechny účty – Google Ads, Meta Business, Sklik, Heureka i GTM – zůstávají vaše. Potřebujeme role s oprávněním k úpravám konverzí a značek, nikdy hesla, a nový token nebo datový zdroj vznikne vždy ve vašem účtu. Seznam přístupů dostanete při předání, abyste je mohli kdykoli odebrat.
pomlčka „–“ (U+2013)	/sluzby/mereni-konverzi	jsonld	jsonld:mainEntity.acceptedAnswer.text	JSON-LD	ds, Meta Business, Sklik, Heureka i GTM – zůstávají vaše. Potřebujeme role s oprá	Všechny účty – Google Ads, Meta Business, Sklik, Heureka i GTM – zůstávají vaše. Potřebujeme role s oprávněním k úpravám konverzí a značek, nikdy hesla, a nový token nebo datový zdroj vznikne vždy ve vašem účtu. Seznam přístupů dostanete při předání, abyste je mohli kdykoli odebrat.
otazník	/sluzby/mereni-konverzi	jsonld	jsonld:mainEntity.name	JSON-LD	čeho se skládá cena a jak dlouho to trvá?	Z čeho se skládá cena a jak dlouho to trvá?
hranaté závorky [ ]	/sluzby/mereni-konverzi	main	p		[ conversion ]	[ conversion ]
hranaté závorky [ ]	/sluzby/mereni-konverzi	main	p		[ conversion ]	[ conversion ]
pomlčka „–“ (U+2013)	/sluzby/mereni-konverzi	main	p		eureky jednou, se stejným ID a hodnotou – a jen podle souhlasu návštěvníka. Rekla	Měření konverzí předává reklamním systémům informaci, že návštěvník z reklamy nakoupil nebo poslal poptávku. Stavíme ho z jedné datové vrstvy, aby každá objednávka dorazila do Google Ads, Mety, Skliku i Heureky jednou, se stejným ID a hodnotou – a jen podle souhlasu návštěvníka. Reklamy pak optimalizují na čísla, která sedí s administrací.
hranaté závorky [ ]	/sluzby/mereni-konverzi	main	a		[ Zkontrolovat moje konverze ]	[ Zkontrolovat moje konverze ]
hranaté závorky [ ]	/sluzby/mereni-konverzi	main	a		[ Zkontrolovat moje konverze ]	[ Zkontrolovat moje konverze ]
hranaté závorky [ ]	/sluzby/mereni-konverzi	main	a		[ Proč se čísla liší ]	[ Proč se čísla liší ]
hranaté závorky [ ]	/sluzby/mereni-konverzi	main	a		[ Proč se čísla liší ]	[ Proč se čísla liší ]
středová tečka „·“ (U+00B7)	/sluzby/mereni-konverzi	main	p		Úvodní konzultace zdarma · účty a data zůstávají vaše, pracujeme p	Úvodní konzultace zdarma · účty a data zůstávají vaše, pracujeme přes role, ne přes hesla
hranaté závorky [ ]	/sluzby/mereni-konverzi	main	p	Které z toho znáte?	[ symptomy ]	[ symptomy ]
hranaté závorky [ ]	/sluzby/mereni-konverzi	main	p	Které z toho znáte?	[ symptomy ]	[ symptomy ]
otazník	/sluzby/mereni-konverzi	main	h2	Které z toho znáte?	Které z toho znáte?	Které z toho znáte?
pomlčka „–“ (U+2013)	/sluzby/mereni-konverzi	main	div	Které z toho znáte?	káže 412 objednávek, GA4 371 a Meta 388 – a nevíte, který rozdíl je chyba.	Administrace třeba ukáže 412 objednávek, GA4 371 a Meta 388 – a nevíte, který rozdíl je chyba.
znak násobení ×	/sluzby/mereni-konverzi	main	span	Které z toho znáte?	×2	×2
pomlčka „–“ (U+2013)	/sluzby/mereni-konverzi	main	div	Které z toho znáte?	ebo import z GA4 vedle konverzní značky – a k tomu jednou cena s DPH, jednou bez.	Pixel i Conversions API bez společného ID nebo import z GA4 vedle konverzní značky – a k tomu jednou cena s DPH, jednou bez.
šipka →	/sluzby/mereni-konverzi	main	span	Které z toho znáte?	rc.js → sul.js	rc.js → sul.js
pomlčka „–“ (U+2013)	/sluzby/mereni-konverzi	main	div	Které z toho znáte?	ez předání souhlasu, retargeting zvlášť – a Seznam mezitím spouští nové měření SE	Starý konverzní kód bez předání souhlasu, retargeting zvlášť – a Seznam mezitím spouští nové měření SEM.
hranaté závorky [ ]	/sluzby/mereni-konverzi	main	p	Co uděláme a co dostanete	[ výstupy ]	[ výstupy ]
hranaté závorky [ ]	/sluzby/mereni-konverzi	main	p	Co uděláme a co dostanete	[ výstupy ]	[ výstupy ]
pomlčka „–“ (U+2013)	/sluzby/mereni-konverzi	main	div	Co uděláme a co dostanete	í a sekundární akce, hodnoty, ID a okna – pro každý systém.	Které akce jsou konverze, primární a sekundární akce, hodnoty, ID a okna – pro každý systém.
středová tečka „·“ (U+00B7)	/sluzby/mereni-konverzi	main	span	Co uděláme a co dostanete	gtm-web · gtm-server	gtm-web · gtm-server
hranaté závorky [ ]	/sluzby/mereni-konverzi	main	p	Jedna objednávka, jeden zdroj, všechny systémy	[ architektura ]	[ architektura ]
hranaté závorky [ ]	/sluzby/mereni-konverzi	main	p	Jedna objednávka, jeden zdroj, všechny systémy	[ architektura ]	[ architektura ]
pomlčka „–“ (U+2013)	/sluzby/mereni-konverzi	main	li	Jedna objednávka, jeden zdroj, všechny systémy	naběhnou jen podle souhlasu návštěvníka – základ pro většinu platforem.	Prohlížeč: tagy v GTM naběhnou jen podle souhlasu návštěvníka – základ pro většinu platforem.
hranaté závorky [ ]	/sluzby/mereni-konverzi	main	p	Co nastavíme v jednotlivých systémech	[ platformy ]	[ platformy ]
hranaté závorky [ ]	/sluzby/mereni-konverzi	main	p	Co nastavíme v jednotlivých systémech	[ platformy ]	[ platformy ]
pomlčka „–“ (U+2013)	/sluzby/mereni-konverzi	main	p	Co nastavíme v jednotlivých systémech	tu párování ukazuje Event Match Quality – zvedají ji hashovaný e-mail a telefon a	Pixel doplníme o Conversions API ze serveru a oba posílají stejný název události i event_id, takže Meta duplicitu do 48 hodin zahodí. Kvalitu párování ukazuje Event Match Quality – zvedají ji hashovaný e-mail a telefon a další parametry zákazníka, vždy jen se souhlasem.
rovný apostrof '	/sluzby/mereni-konverzi	main	li	Co nastavíme v jednotlivých systémech	souhlas přes IAB TCF nebo SEM('updateConsent'), server jen pro události	souhlas přes IAB TCF nebo SEM('updateConsent'), server jen pro události mimo web
rovný apostrof '	/sluzby/mereni-konverzi	main	li	Co nastavíme v jednotlivých systémech	las přes IAB TCF nebo SEM('updateConsent'), server jen pro události mimo web	souhlas přes IAB TCF nebo SEM('updateConsent'), server jen pro události mimo web
pomlčka „–“ (U+2013)	/sluzby/mereni-konverzi	main	li	Co nastavíme v jednotlivých systémech	skripty v šabloně nebo modulu platformy – GTM Heureka kvůli blokátorům nedoporuču	měření konverzí dvěma skripty v šabloně nebo modulu platformy – GTM Heureka kvůli blokátorům nedoporučuje
hranaté závorky [ ]	/sluzby/mereni-konverzi	main	p	Stejné ID, jedna konverze – a proč se čísla přesto	[ deduplikace a rozdíly ]	[ deduplikace a rozdíly ]
hranaté závorky [ ]	/sluzby/mereni-konverzi	main	p	Stejné ID, jedna konverze – a proč se čísla přesto	[ deduplikace a rozdíly ]	[ deduplikace a rozdíly ]
pomlčka „–“ (U+2013)	/sluzby/mereni-konverzi	main	h2	Stejné ID, jedna konverze – a proč se čísla přesto	Stejné ID, jedna konverze – a proč se čísla přesto liší	Stejné ID, jedna konverze – a proč se čísla přesto liší
pomlčka „–“ (U+2013)	/sluzby/mereni-konverzi	main	p	Stejné ID, jedna konverze – a proč se čísla přesto	 Cíl je vysvětlitelný a stabilní rozdíl – jeho náhlá změna pak spustí kontrolu.	Každá objednávka má jedno ID z backendu a hodnotu podle jednoho pravidla, takže ji každý systém započítá jednou. Stejné číslo ale všechny systémy ukazovat nebudou, protože každý počítá jinak. Cíl je vysvětlitelný a stabilní rozdíl – jeho náhlá změna pak spustí kontrolu.
středová tečka „·“ (U+00B7)	/sluzby/mereni-konverzi	main	span	Stejné ID, jedna konverze – a proč se čísla přesto	transaction_id · event_id	transaction_id · event_id
hranaté závorky [ ]	/sluzby/mereni-konverzi	main	p	Jak nastavení probíhá	[ postup ]	[ postup ]
hranaté závorky [ ]	/sluzby/mereni-konverzi	main	p	Jak nastavení probíhá	[ postup ]	[ postup ]
pomlčka „–“ (U+2013)	/sluzby/mereni-konverzi	main	li	Jak nastavení probíhá	 konverze, SEM, Heureku a další systémy – všude se stejným ID a hodnotou. od vás:	03 Implementace Podle konverzní mapy nastavíme GTM, Conversions API, rozšířené konverze, SEM, Heureku a další systémy – všude se stejným ID a hodnotou. od vás: přístupy pro úpravy a tokeny API, vývojář nebo přístup do administrace e-shopu
pomlčka „–“ (U+2013)	/sluzby/mereni-konverzi	main	p	Jak nastavení probíhá	 konverze, SEM, Heureku a další systémy – všude se stejným ID a hodnotou.	Podle konverzní mapy nastavíme GTM, Conversions API, rozšířené konverze, SEM, Heureku a další systémy – všude se stejným ID a hodnotou.
hranaté závorky [ ]	/sluzby/mereni-konverzi	main	p	Jak poznáte, že měření konverzí funguje	[ ověření ]	[ ověření ]
hranaté závorky [ ]	/sluzby/mereni-konverzi	main	p	Jak poznáte, že měření konverzí funguje	[ ověření ]	[ ověření ]
hranaté závorky [ ]	/sluzby/mereni-konverzi	main	p	Časté otázky	[ FAQ ]	[ FAQ ]
hranaté závorky [ ]	/sluzby/mereni-konverzi	main	p	Časté otázky	[ FAQ ]	[ FAQ ]
otazník	/sluzby/mereni-konverzi	main	p	Časté otázky	Nenašli jste odpověď? Napište nám.	Nenašli jste odpověď? Napište nám.
otazník	/sluzby/mereni-konverzi	main	summary	Časté otázky	uju Meta Pixel, když mám Conversions API?	Potřebuju Meta Pixel, když mám Conversions API?
otazník	/sluzby/mereni-konverzi	main	summary	Časté otázky	 Seznam Event Measurement a musím přejít?	Co je Seznam Event Measurement a musím přejít?
otazník	/sluzby/mereni-konverzi	main	summary	Časté otázky	Jde měřit konverze bez souhlasu?	Jde měřit konverze bez souhlasu?
pomlčka „–“ (U+2013)	/sluzby/mereni-konverzi	main	div	Časté otázky	Ne tak, že bychom souhlas ignorovali – bez něj web nesmí ukládat ani číst nete	Ne tak, že bychom souhlas ignorovali – bez něj web nesmí ukládat ani číst netechnické údaje v zařízení návštěvníka. Google v advanced režimu Consent Mode dostává pingy bez cookies a část konverzí modeluje, ostatní systémy návštěvníka bez souhlasu nevidí. Naše práce je, aby u lidí se souhlasem konverze dorazily spolehlivě – víc u služby Cookie lišta a Consent Mode v2.
pomlčka „–“ (U+2013)	/sluzby/mereni-konverzi	main	div	Časté otázky	 souhlasem konverze dorazily spolehlivě – víc u služby Cookie lišta a Consent Mod	Ne tak, že bychom souhlas ignorovali – bez něj web nesmí ukládat ani číst netechnické údaje v zařízení návštěvníka. Google v advanced režimu Consent Mode dostává pingy bez cookies a část konverzí modeluje, ostatní systémy návštěvníka bez souhlasu nevidí. Naše práce je, aby u lidí se souhlasem konverze dorazily spolehlivě – víc u služby Cookie lišta a Consent Mode v2.
otazník	/sluzby/mereni-konverzi	main	summary	Časté otázky	Co budete potřebovat od našich vývojářů?	Co budete potřebovat od našich vývojářů?
pomlčka „–“ (U+2013)	/sluzby/mereni-konverzi	main	div	Časté otázky	pové platformy. Pro backendová napojení – Ověřeno zákazníky, Seznam Nákupy a offl	Záleží na stavu datové vrstvy a platformě. Pokud datová vrstva chybí nebo je neúplná, připravíme vývojářům zadání s událostmi nákupu a leadu, nebo upravíme nastavení e-shopové platformy. Pro backendová napojení – Ověřeno zákazníky, Seznam Nákupy a offline konverze – dostanou vývojáři zadání od nás.
pomlčka „–“ (U+2013)	/sluzby/mereni-konverzi	main	div	Časté otázky	zníky, Seznam Nákupy a offline konverze – dostanou vývojáři zadání od nás.	Záleží na stavu datové vrstvy a platformě. Pokud datová vrstva chybí nebo je neúplná, připravíme vývojářům zadání s událostmi nákupu a leadu, nebo upravíme nastavení e-shopové platformy. Pro backendová napojení – Ověřeno zákazníky, Seznam Nákupy a offline konverze – dostanou vývojáři zadání od nás.
otazník	/sluzby/mereni-konverzi	main	summary	Časté otázky	u patří účty a jaké přístupy potřebujete?	Komu patří účty a jaké přístupy potřebujete?
pomlčka „–“ (U+2013)	/sluzby/mereni-konverzi	main	div	Časté otázky	Všechny účty – Google Ads, Meta Business, Sklik, Heure	Všechny účty – Google Ads, Meta Business, Sklik, Heureka i GTM – zůstávají vaše. Potřebujeme role s oprávněním k úpravám konverzí a značek, nikdy hesla, a nový token nebo datový zdroj vznikne vždy ve vašem účtu. Seznam přístupů dostanete při předání, abyste je mohli kdykoli odebrat.
pomlčka „–“ (U+2013)	/sluzby/mereni-konverzi	main	div	Časté otázky	ds, Meta Business, Sklik, Heureka i GTM – zůstávají vaše. Potřebujeme role s oprá	Všechny účty – Google Ads, Meta Business, Sklik, Heureka i GTM – zůstávají vaše. Potřebujeme role s oprávněním k úpravám konverzí a značek, nikdy hesla, a nový token nebo datový zdroj vznikne vždy ve vašem účtu. Seznam přístupů dostanete při předání, abyste je mohli kdykoli odebrat.
otazník	/sluzby/mereni-konverzi	main	summary	Časté otázky	čeho se skládá cena a jak dlouho to trvá?	Z čeho se skládá cena a jak dlouho to trvá?
hranaté závorky [ ]	/sluzby/mereni-konverzi	main	p		[ pokračujte ]	[ pokračujte ]
hranaté závorky [ ]	/sluzby/mereni-konverzi	main	p		[ pokračujte ]	[ pokračujte ]
hranaté závorky [ ]	/sluzby/mereni-konverzi	kontakt	p	Ať reklamní systémy vidí stejné konverze jako vy	[ Kontakt ]	[ Kontakt ]
hranaté závorky [ ]	/sluzby/mereni-konverzi	kontakt	p	Ať reklamní systémy vidí stejné konverze jako vy	[ Kontakt ]	[ Kontakt ]
výpustka „…“	SPOLEČNÉ/form	form	textarea@placeholder	form	víc nákupů, než jich máme v administraci…	Např. Meta hlásí víc nákupů, než jich máme v administraci…
pomlčka „–“ (U+2013)	/sluzby/server-side-tracking	head	title	hlavička	Server-side tracking – měření na vaší doméně | datalayer.cz	Server-side tracking – měření na vaší doméně | datalayer.cz
svislítko | v textu	/sluzby/server-side-tracking	head	title	hlavička	r-side tracking – měření na vaší doméně | datalayer.cz	Server-side tracking – měření na vaší doméně | datalayer.cz
pomlčka „–“ (U+2013)	/sluzby/server-side-tracking	head	meta:og:title	hlavička	Server-side tracking – měření na vaší doméně | datalayer.cz	Server-side tracking – měření na vaší doméně | datalayer.cz
svislítko | v textu	/sluzby/server-side-tracking	head	meta:og:title	hlavička	r-side tracking – měření na vaší doméně | datalayer.cz	Server-side tracking – měření na vaší doméně | datalayer.cz
pomlčka „–“ (U+2013)	/sluzby/server-side-tracking	head	meta:twitter:title	hlavička	Server-side tracking – měření na vaší doméně | datalayer.cz	Server-side tracking – měření na vaší doméně | datalayer.cz
svislítko | v textu	/sluzby/server-side-tracking	head	meta:twitter:title	hlavička	r-side tracking – měření na vaší doméně | datalayer.cz	Server-side tracking – měření na vaší doméně | datalayer.cz
otazník	/sluzby/server-side-tracking	jsonld	jsonld:mainEntity.name	JSON-LD	Je server-side legální? Potřebuju pořád cookie lištu?	Je server-side legální? Potřebuju pořád cookie lištu?
otazník	/sluzby/server-side-tracking	jsonld	jsonld:mainEntity.name	JSON-LD	de legální? Potřebuju pořád cookie lištu?	Je server-side legální? Potřebuju pořád cookie lištu?
pomlčka „–“ (U+2013)	/sluzby/server-side-tracking	jsonld	jsonld:mainEntity.acceptedAnswer.text	JSON-LD	Server-side je jen jiná technická cesta – k ukládání a čtení netechnických údajů 	Ano, lištu potřebujete dál. Server-side je jen jiná technická cesta – k ukládání a čtení netechnických údajů potřebujete předchozí souhlas podle § 89 odst. 3 zákona o elektronických komunikacích. Server proto s každou událostí dostane stav souhlasu a podle něj data pošle, nebo ne. Nejsme advokátní kancelář – právní posouzení zajistí váš právník.
pomlčka „–“ (U+2013)	/sluzby/server-side-tracking	jsonld	jsonld:mainEntity.acceptedAnswer.text	JSON-LD	šle, nebo ne. Nejsme advokátní kancelář – právní posouzení zajistí váš právník.	Ano, lištu potřebujete dál. Server-side je jen jiná technická cesta – k ukládání a čtení netechnických údajů potřebujete předchozí souhlas podle § 89 odst. 3 zákona o elektronických komunikacích. Server proto s každou událostí dostane stav souhlasu a podle něj data pošle, nebo ne. Nejsme advokátní kancelář – právní posouzení zajistí váš právník.
otazník	/sluzby/server-side-tracking	jsonld	jsonld:mainEntity.name	JSON-LD	server-side proti adblockům a Safari ITP?	Pomůže server-side proti adblockům a Safari ITP?
otazník	/sluzby/server-side-tracking	jsonld	jsonld:mainEntity.name	JSON-LD	olik stojí implementace a provoz serveru?	Kolik stojí implementace a provoz serveru?
pomlčka „–“ (U+2013)	/sluzby/server-side-tracking	jsonld	jsonld:mainEntity.acceptedAnswer.text	JSON-LD	enu implementace skládáme podle rozsahu – rozhoduje počet platforem a domén, stav	Cenu implementace skládáme podle rozsahu – rozhoduje počet platforem a domén, stav datové vrstvy a požadavky IT. Provoz platíte přímo Googlu nebo hostingu: u Cloud Run realisticky 110–150 dolarů měsíčně, spravovaný hosting od stovek korun. Před spuštěním spočítáme odhad pro vaši návštěvnost a nastavíme rozpočtový alert.
pomlčka „–“ (U+2013)	/sluzby/server-side-tracking	jsonld	jsonld:mainEntity.acceptedAnswer.text	JSON-LD	bo hostingu: u Cloud Run realisticky 110–150 dolarů měsíčně, spravovaný hosting o	Cenu implementace skládáme podle rozsahu – rozhoduje počet platforem a domén, stav datové vrstvy a požadavky IT. Provoz platíte přímo Googlu nebo hostingu: u Cloud Run realisticky 110–150 dolarů měsíčně, spravovaný hosting od stovek korun. Před spuštěním spočítáme odhad pro vaši návštěvnost a nastavíme rozpočtový alert.
otazník	/sluzby/server-side-tracking	jsonld	jsonld:mainEntity.name	JSON-LD	ho trvá nasazení a co od vás potřebujeme?	Jak dlouho trvá nasazení a co od vás potřebujeme?
otazník	/sluzby/server-side-tracking	jsonld	jsonld:mainEntity.name	JSON-LD	Google Tag Gateway, nebo server-side GTM?	Google Tag Gateway, nebo server-side GTM?
otazník	/sluzby/server-side-tracking	jsonld	jsonld:mainEntity.name	JSON-LD	Komu patří data, účty a kontejnery?	Komu patří data, účty a kontejnery?
hranaté závorky [ ]	/sluzby/server-side-tracking	main	p		[ server-side GTM ]	[ server-side GTM ]
hranaté závorky [ ]	/sluzby/server-side-tracking	main	p		[ server-side GTM ]	[ server-side GTM ]
pomlčka „–“ (U+2013)	/sluzby/server-side-tracking	main	p		ohlížeč pošle každou událost jen jednou – na server-side Google Tag Manager na va	Prohlížeč pošle každou událost jen jednou – na server-side Google Tag Manager na vaší doméně. Ten ji podle souhlasu návštěvníka předá do GA4, Google Ads, Meta Conversions API nebo Skliku. Získáte kontrolu nad tím, co a komu odchází, povinnost souhlasu ale zůstává stejná.
hranaté závorky [ ]	/sluzby/server-side-tracking	main	a		[ Konzultovat architekturu ]	[ Konzultovat architekturu ]
hranaté závorky [ ]	/sluzby/server-side-tracking	main	a		[ Konzultovat architekturu ]	[ Konzultovat architekturu ]
hranaté závorky [ ]	/sluzby/server-side-tracking	main	a		[ Jak to funguje ]	[ Jak to funguje ]
hranaté závorky [ ]	/sluzby/server-side-tracking	main	a		[ Jak to funguje ]	[ Jak to funguje ]
středová tečka „·“ (U+00B7)	/sluzby/server-side-tracking	main	p		Úvodní konzultace zdarma · provoz serveru platíte napřímo Googlu n	Úvodní konzultace zdarma · provoz serveru platíte napřímo Googlu nebo hostingu
hranaté závorky [ ]	/sluzby/server-side-tracking	main	p	Poznáváte se?	[ symptomy ]	[ symptomy ]
hranaté závorky [ ]	/sluzby/server-side-tracking	main	p	Poznáváte se?	[ symptomy ]	[ symptomy ]
otazník	/sluzby/server-side-tracking	main	h2	Poznáváte se?	Poznáváte se?	Poznáváte se?
anglické uvozovky “ ”	/sluzby/server-side-tracking	main	h3	Poznáváte se?	Zákazníci ze Safari se „rozpadají“	Zákazníci ze Safari se „rozpadají“
české uvozovky „ “	/sluzby/server-side-tracking	main	h3	Poznáváte se?	Zákazníci ze Safari se „rozpadají“	Zákazníci ze Safari se „rozpadají“
hranaté závorky [ ]	/sluzby/server-side-tracking	main	p	Co uděláme a co dostanete	[ výstupy ]	[ výstupy ]
hranaté závorky [ ]	/sluzby/server-side-tracking	main	p	Co uděláme a co dostanete	[ výstupy ]	[ výstupy ]
anglické uvozovky “ ”	/sluzby/server-side-tracking	main	p	Co uděláme a co dostanete	Ne „zapnutý server“, ale zdokumentovanou architekturu, kter	Ne „zapnutý server“, ale zdokumentovanou architekturu, kterou převezme váš tým nebo kdokoli jiný.
české uvozovky „ “	/sluzby/server-side-tracking	main	p	Co uděláme a co dostanete	Ne „zapnutý server“, ale zdokumentovanou arc	Ne „zapnutý server“, ale zdokumentovanou architekturu, kterou převezme váš tým nebo kdokoli jiný.
středová tečka „·“ (U+00B7)	/sluzby/server-side-tracking	main	span	Co uděláme a co dostanete	gtm-web · gtm-server	gtm-web · gtm-server
pomlčka „–“ (U+2013)	/sluzby/server-side-tracking	main	div	Co uděláme a co dostanete	Který tag smí běžet při jakém souhlasu – podklad pro DPO.	Který tag smí běžet při jakém souhlasu – podklad pro DPO.
hranaté závorky [ ]	/sluzby/server-side-tracking	main	p	Jak server-side funguje	[ architektura ]	[ architektura ]
hranaté závorky [ ]	/sluzby/server-side-tracking	main	p	Jak server-side funguje	[ architektura ]	[ architektura ]
hranaté závorky [ ]	/sluzby/server-side-tracking	main	p	Vyplatí se vám server-side?	[ rozhodnutí ]	[ rozhodnutí ]
hranaté závorky [ ]	/sluzby/server-side-tracking	main	p	Vyplatí se vám server-side?	[ rozhodnutí ]	[ rozhodnutí ]
otazník	/sluzby/server-side-tracking	main	h2	Vyplatí se vám server-side?	Vyplatí se vám server-side?	Vyplatí se vám server-side?
výpustka „…“	/sluzby/server-side-tracking	main	h3	Vyplatí se vám server-side?	Dává smysl, když…	Dává smysl, když…
pomlčka „–“ (U+2013)	/sluzby/server-side-tracking	main	li	Vyplatí se vám server-side?	chcete posílat události z backendu – platby, storna, CRM	chcete posílat události z backendu – platby, storna, CRM
výpustka „…“	/sluzby/server-side-tracking	main	h3	Vyplatí se vám server-side?	Doporučíme počkat, když…	Doporučíme počkat, když…
šipka →	/sluzby/server-side-tracking	main	li	Vyplatí se vám server-side?	nesedí základní měření → nejdřív audit měření	nesedí základní měření → nejdřív audit měření
šipka →	/sluzby/server-side-tracking	main	li	Vyplatí se vám server-side?	chybí funkční cookie lišta → Consent Mode v2	chybí funkční cookie lišta → Consent Mode v2
šipka →	/sluzby/server-side-tracking	main	li	Vyplatí se vám server-side?	inzerujete jen v Google Ads → často stačí Google Tag Gateway	inzerujete jen v Google Ads → často stačí Google Tag Gateway
pomlčka „–“ (U+2013)	/sluzby/server-side-tracking	main	li	Vyplatí se vám server-side?	čekáte měření bez souhlasu – to server-side nedělá	čekáte měření bez souhlasu – to server-side nedělá
pomlčka „–“ (U+2013)	/sluzby/server-side-tracking	main	th	Vyplatí se vám server-side?	Spravovaný hosting – Stape, DataNostro	Spravovaný hosting – Stape, DataNostro
pomlčka „–“ (U+2013)	/sluzby/server-side-tracking	main	b	Vyplatí se vám server-side?	110–150 dolarů	110–150 dolarů
hranaté závorky [ ]	/sluzby/server-side-tracking	main	p	Jak nasazení probíhá	[ postup ]	[ postup ]
hranaté závorky [ ]	/sluzby/server-side-tracking	main	p	Jak nasazení probíhá	[ postup ]	[ postup ]
pomlčka „–“ (U+2013)	/sluzby/server-side-tracking	main	li	Jak nasazení probíhá	Google Cloudu, napojíme web a platformy – GA4, Google Ads, Meta CAPI a Sklik – a 	03 Implementace Nasadíme server do vašeho Google Cloudu, napojíme web a platformy – GA4, Google Ads, Meta CAPI a Sklik – a nastavíme deduplikaci. od vás: fakturační účet Google Cloud, úprava DNS, role v reklamních účtech
pomlčka „–“ (U+2013)	/sluzby/server-side-tracking	main	li	Jak nasazení probíhá	my – GA4, Google Ads, Meta CAPI a Sklik – a nastavíme deduplikaci. od vás: faktur	03 Implementace Nasadíme server do vašeho Google Cloudu, napojíme web a platformy – GA4, Google Ads, Meta CAPI a Sklik – a nastavíme deduplikaci. od vás: fakturační účet Google Cloud, úprava DNS, role v reklamních účtech
pomlčka „–“ (U+2013)	/sluzby/server-side-tracking	main	p	Jak nasazení probíhá	Google Cloudu, napojíme web a platformy – GA4, Google Ads, Meta CAPI a Sklik – a 	Nasadíme server do vašeho Google Cloudu, napojíme web a platformy – GA4, Google Ads, Meta CAPI a Sklik – a nastavíme deduplikaci.
pomlčka „–“ (U+2013)	/sluzby/server-side-tracking	main	p	Jak nasazení probíhá	my – GA4, Google Ads, Meta CAPI a Sklik – a nastavíme deduplikaci.	Nasadíme server do vašeho Google Cloudu, napojíme web a platformy – GA4, Google Ads, Meta CAPI a Sklik – a nastavíme deduplikaci.
hranaté závorky [ ]	/sluzby/server-side-tracking	main	p	Jak poznáte, že server-side funguje	[ monitoring ]	[ monitoring ]
hranaté závorky [ ]	/sluzby/server-side-tracking	main	p	Jak poznáte, že server-side funguje	[ monitoring ]	[ monitoring ]
hranaté závorky [ ]	/sluzby/server-side-tracking	main	p	Časté otázky	[ FAQ ]	[ FAQ ]
hranaté závorky [ ]	/sluzby/server-side-tracking	main	p	Časté otázky	[ FAQ ]	[ FAQ ]
otazník	/sluzby/server-side-tracking	main	p	Časté otázky	Nenašli jste odpověď? Napište nám.	Nenašli jste odpověď? Napište nám.
otazník	/sluzby/server-side-tracking	main	summary	Časté otázky	Je server-side legální? Potřebuju pořád cookie lištu?	Je server-side legální? Potřebuju pořád cookie lištu?
otazník	/sluzby/server-side-tracking	main	summary	Časté otázky	de legální? Potřebuju pořád cookie lištu?	Je server-side legální? Potřebuju pořád cookie lištu?
pomlčka „–“ (U+2013)	/sluzby/server-side-tracking	main	div	Časté otázky	Server-side je jen jiná technická cesta – k ukládání a čtení netechnických údajů 	Ano, lištu potřebujete dál. Server-side je jen jiná technická cesta – k ukládání a čtení netechnických údajů potřebujete předchozí souhlas podle § 89 odst. 3 zákona o elektronických komunikacích. Server proto s každou událostí dostane stav souhlasu a podle něj data pošle, nebo ne. Nejsme advokátní kancelář – právní posouzení zajistí váš právník.
pomlčka „–“ (U+2013)	/sluzby/server-side-tracking	main	div	Časté otázky	šle, nebo ne. Nejsme advokátní kancelář – právní posouzení zajistí váš právník.	Ano, lištu potřebujete dál. Server-side je jen jiná technická cesta – k ukládání a čtení netechnických údajů potřebujete předchozí souhlas podle § 89 odst. 3 zákona o elektronických komunikacích. Server proto s každou událostí dostane stav souhlasu a podle něj data pošle, nebo ne. Nejsme advokátní kancelář – právní posouzení zajistí váš právník.
otazník	/sluzby/server-side-tracking	main	summary	Časté otázky	server-side proti adblockům a Safari ITP?	Pomůže server-side proti adblockům a Safari ITP?
otazník	/sluzby/server-side-tracking	main	summary	Časté otázky	olik stojí implementace a provoz serveru?	Kolik stojí implementace a provoz serveru?
pomlčka „–“ (U+2013)	/sluzby/server-side-tracking	main	div	Časté otázky	enu implementace skládáme podle rozsahu – rozhoduje počet platforem a domén, stav	Cenu implementace skládáme podle rozsahu – rozhoduje počet platforem a domén, stav datové vrstvy a požadavky IT. Provoz platíte přímo Googlu nebo hostingu: u Cloud Run realisticky 110–150 dolarů měsíčně, spravovaný hosting od stovek korun. Před spuštěním spočítáme odhad pro vaši návštěvnost a nastavíme rozpočtový alert.
pomlčka „–“ (U+2013)	/sluzby/server-side-tracking	main	div	Časté otázky	bo hostingu: u Cloud Run realisticky 110–150 dolarů měsíčně, spravovaný hosting o	Cenu implementace skládáme podle rozsahu – rozhoduje počet platforem a domén, stav datové vrstvy a požadavky IT. Provoz platíte přímo Googlu nebo hostingu: u Cloud Run realisticky 110–150 dolarů měsíčně, spravovaný hosting od stovek korun. Před spuštěním spočítáme odhad pro vaši návštěvnost a nastavíme rozpočtový alert.
otazník	/sluzby/server-side-tracking	main	summary	Časté otázky	ho trvá nasazení a co od vás potřebujeme?	Jak dlouho trvá nasazení a co od vás potřebujeme?
otazník	/sluzby/server-side-tracking	main	summary	Časté otázky	Google Tag Gateway, nebo server-side GTM?	Google Tag Gateway, nebo server-side GTM?
otazník	/sluzby/server-side-tracking	main	summary	Časté otázky	Komu patří data, účty a kontejnery?	Komu patří data, účty a kontejnery?
hranaté závorky [ ]	/sluzby/server-side-tracking	main	p		[ pokračujte ]	[ pokračujte ]
hranaté závorky [ ]	/sluzby/server-side-tracking	main	p		[ pokračujte ]	[ pokračujte ]
hranaté závorky [ ]	/sluzby/server-side-tracking	kontakt	p	Probereme, jestli se vám server-side vyplatí	[ Kontakt ]	[ Kontakt ]
hranaté závorky [ ]	/sluzby/server-side-tracking	kontakt	p	Probereme, jestli se vám server-side vyplatí	[ Kontakt ]	[ Kontakt ]
pomlčka „–“ (U+2013)	/sluzby/server-side-tracking	main	td@data-label	Vyplatí se vám server-side?	Spravovaný hosting – Stape, DataNostro	Spravovaný hosting – Stape, DataNostro
pomlčka „–“ (U+2013)	/sluzby/server-side-tracking	main	td@data-label	Vyplatí se vám server-side?	Spravovaný hosting – Stape, DataNostro	Spravovaný hosting – Stape, DataNostro
pomlčka „–“ (U+2013)	/sluzby/server-side-tracking	main	td@data-label	Vyplatí se vám server-side?	Spravovaný hosting – Stape, DataNostro	Spravovaný hosting – Stape, DataNostro
pomlčka „–“ (U+2013)	/sluzby/server-side-tracking	main	td@data-label	Vyplatí se vám server-side?	Spravovaný hosting – Stape, DataNostro	Spravovaný hosting – Stape, DataNostro
pomlčka „–“ (U+2013)	/sluzby/server-side-tracking	main	td@data-label	Vyplatí se vám server-side?	Spravovaný hosting – Stape, DataNostro	Spravovaný hosting – Stape, DataNostro
výpustka „…“	SPOLEČNÉ/form	form	textarea@placeholder	form	ta vidí o třetinu méně nákupů než e-shop…	Např. Meta vidí o třetinu méně nákupů než e-shop…
pomlčka „–“ (U+2013)	/sluzby/sprava-webu-a-mereni	head	title	hlavička	Správa webu a měření – tagy, consent, SLA | datalayer.cz	Správa webu a měření – tagy, consent, SLA | datalayer.cz
svislítko | v textu	/sluzby/sprava-webu-a-mereni	head	title	hlavička	ráva webu a měření – tagy, consent, SLA | datalayer.cz	Správa webu a měření – tagy, consent, SLA | datalayer.cz
pomlčka „–“ (U+2013)	/sluzby/sprava-webu-a-mereni	head	meta:og:title	hlavička	Správa webu a měření – tagy, consent, SLA | datalayer.cz	Správa webu a měření – tagy, consent, SLA | datalayer.cz
svislítko | v textu	/sluzby/sprava-webu-a-mereni	head	meta:og:title	hlavička	ráva webu a měření – tagy, consent, SLA | datalayer.cz	Správa webu a měření – tagy, consent, SLA | datalayer.cz
pomlčka „–“ (U+2013)	/sluzby/sprava-webu-a-mereni	head	meta:twitter:title	hlavička	Správa webu a měření – tagy, consent, SLA | datalayer.cz	Správa webu a měření – tagy, consent, SLA | datalayer.cz
svislítko | v textu	/sluzby/sprava-webu-a-mereni	head	meta:twitter:title	hlavička	ráva webu a měření – tagy, consent, SLA | datalayer.cz	Správa webu a měření – tagy, consent, SLA | datalayer.cz
otazník	/sluzby/sprava-webu-a-mereni	jsonld	jsonld:mainEntity.name	JSON-LD	á správce webu a čím se liší vaše správa?	Co dělá správce webu a čím se liší vaše správa?
pomlčka „–“ (U+2013)	/sluzby/sprava-webu-a-mereni	jsonld	jsonld:mainEntity.acceptedAnswer.text	JSON-LD	pravuje i obsah. Naše správa míří jinam – obsah a grafiku neděláme, zato hlídáme,	Správce webu se stará, aby web technicky fungoval: aktualizuje systém a doplňky, zálohuje, hlídá dostupnost a bezpečnost a často upravuje i obsah. Naše správa míří jinam – obsah a grafiku neděláme, zato hlídáme, že po každé změně webu dál fungují měřicí kódy, datová vrstva a souhlas s cookies. Nové stránky a funkce zkontrolujeme před nasazením i po něm, aby správně měřily.
otazník	/sluzby/sprava-webu-a-mereni	jsonld	jsonld:mainEntity.name	JSON-LD	tojí správa webu a z čeho se skládá cena?	Kolik stojí správa webu a z čeho se skládá cena?
pomlčka „–“ (U+2013)	/sluzby/sprava-webu-a-mereni	jsonld	jsonld:mainEntity.acceptedAnswer.text	JSON-LD	e weby se liší víc než ceníkové balíčky – po vstupní kontrole dostanete pevnou mě	Ceník neuvádíme, protože weby se liší víc než ceníkové balíčky – po vstupní kontrole dostanete pevnou měsíční částku. Rozhoduje počet webů, domén a jazykových verzí, platforma, kolik cest a konverzí hlídáme, jak často vydáváte nové verze, zvolené moduly, úroveň SLA a rozsah drobných úprav měření. Nástroje a infrastrukturu na vašich účtech, třeba hosting, Google Cloud nebo BigQuery, platíte přímo dodavatelům.
otazník	/sluzby/sprava-webu-a-mereni	jsonld	jsonld:mainEntity.name	JSON-LD	le hlídání začne a co od vás potřebujeme?	Jak rychle hlídání začne a co od vás potřebujeme?
otazník	/sluzby/sprava-webu-a-mereni	jsonld	jsonld:mainEntity.name	JSON-LD	jí jiná agentura. Jak spolupráce funguje?	Web nám vyvíjí jiná agentura. Jak spolupráce funguje?
otazník	/sluzby/sprava-webu-a-mereni	jsonld	jsonld:mainEntity.name	JSON-LD	Hlídáte i cookie lištu a souhlas?	Hlídáte i cookie lištu a souhlas?
pomlčka „–“ (U+2013)	/sluzby/sprava-webu-a-mereni	jsonld	jsonld:mainEntity.acceptedAnswer.text	JSON-LD	ch stran. Nejsme ale advokátní kancelář – soulad textů lišty a zásad s právem pos	Ano, technicky. Měsíčně a po každé změně lišty kontrolujeme výchozí stav Consent Mode a jeho aktualizaci po volbě návštěvníka, marketingové tagy před souhlasem a nové cookies nebo domény třetích stran. Nejsme ale advokátní kancelář – soulad textů lišty a zásad s právem posoudí váš právník a nastavení lišty řešíme ve službě Cookie lišta a Consent Mode.
otazník	/sluzby/sprava-webu-a-mereni	jsonld	jsonld:mainEntity.name	JSON-LD	čty a co se stane po ukončení spolupráce?	Komu patří účty a co se stane po ukončení spolupráce?
pomlčka „–“ (U+2013)	/sluzby/sprava-webu-a-mereni	jsonld	jsonld:mainEntity.acceptedAnswer.text	JSON-LD	Všechny účty – GA4, GTM, Search Console, reklamní syst	Všechny účty – GA4, GTM, Search Console, reklamní systémy i Google Cloud – zůstávají vaše a my v nich máme jen uživatelské přístupy s potřebnou rolí. Testy a skripty pro hlídání běží na vaší infrastruktuře, nebo je při ukončení předáme. Po skončení si přístupy odeberete a dostanete předávací balíček: dokumentaci, release checklist, nastavení upozornění a poslední report.
pomlčka „–“ (U+2013)	/sluzby/sprava-webu-a-mereni	jsonld	jsonld:mainEntity.acceptedAnswer.text	JSON-LD	onsole, reklamní systémy i Google Cloud – zůstávají vaše a my v nich máme jen uži	Všechny účty – GA4, GTM, Search Console, reklamní systémy i Google Cloud – zůstávají vaše a my v nich máme jen uživatelské přístupy s potřebnou rolí. Testy a skripty pro hlídání běží na vaší infrastruktuře, nebo je při ukončení předáme. Po skončení si přístupy odeberete a dostanete předávací balíček: dokumentaci, release checklist, nastavení upozornění a poslední report.
hranaté závorky [ ]	/sluzby/sprava-webu-a-mereni	main	p		[ audity a správa ]	[ audity a správa ]
hranaté závorky [ ]	/sluzby/sprava-webu-a-mereni	main	p		[ audity a správa ]	[ audity a správa ]
hranaté závorky [ ]	/sluzby/sprava-webu-a-mereni	main	a		[ Domluvit správu webu ]	[ Domluvit správu webu ]
hranaté závorky [ ]	/sluzby/sprava-webu-a-mereni	main	a		[ Domluvit správu webu ]	[ Domluvit správu webu ]
hranaté závorky [ ]	/sluzby/sprava-webu-a-mereni	main	a		[ Co hlídáme ]	[ Co hlídáme ]
hranaté závorky [ ]	/sluzby/sprava-webu-a-mereni	main	a		[ Co hlídáme ]	[ Co hlídáme ]
středová tečka „·“ (U+00B7)	/sluzby/sprava-webu-a-mereni	main	p		Úvodní konzultace zdarma · online po celé ČR · nejsme webové studi	Úvodní konzultace zdarma · online po celé ČR · nejsme webové studio, grafiku a texty neděláme
středová tečka „·“ (U+00B7)	/sluzby/sprava-webu-a-mereni	main	p		í konzultace zdarma · online po celé ČR · nejsme webové studio, grafiku a texty n	Úvodní konzultace zdarma · online po celé ČR · nejsme webové studio, grafiku a texty neděláme
hranaté závorky [ ]	/sluzby/sprava-webu-a-mereni	main	p	Znáte to?	[ symptomy ]	[ symptomy ]
hranaté závorky [ ]	/sluzby/sprava-webu-a-mereni	main	p	Znáte to?	[ symptomy ]	[ symptomy ]
otazník	/sluzby/sprava-webu-a-mereni	main	h2	Znáte to?	Znáte to?	Znáte to?
pomlčka „–“ (U+2013)	/sluzby/sprava-webu-a-mereni	main	div	Znáte to?	Agentura, PPC specialista i vývojář – nikdo neví, co se v které verzi změnilo	Agentura, PPC specialista i vývojář – nikdo neví, co se v které verzi změnilo, a starých tagů přibývá.
hranaté závorky [ ]	/sluzby/sprava-webu-a-mereni	main	p	Co hlídáme: tři moduly, které lze kombinovat	[ moduly ]	[ moduly ]
hranaté závorky [ ]	/sluzby/sprava-webu-a-mereni	main	p	Co hlídáme: tři moduly, které lze kombinovat	[ moduly ]	[ moduly ]
středová tečka „·“ (U+00B7)	/sluzby/sprava-webu-a-mereni	main	span	Co hlídáme: tři moduly, které lze kombinovat	modul A · základ	modul A · základ
hranaté závorky [ ]	/sluzby/sprava-webu-a-mereni	main	p	Jak hlídání funguje: od releasu po report	[ smyčka ]	[ smyčka ]
hranaté závorky [ ]	/sluzby/sprava-webu-a-mereni	main	p	Jak hlídání funguje: od releasu po report	[ smyčka ]	[ smyčka ]
pomlčka „–“ (U+2013)	/sluzby/sprava-webu-a-mereni	main	p	Jak hlídání funguje: od releasu po report	trola dat odhalí to, co testy nepokryjí – třeba chybu jen na některém zařízení ne	Hlídání má dvě vrstvy. Testy v prohlížeči zachytí chybu hned po nasazení, ještě než se projeví v datech, a kontrola dat odhalí to, co testy nepokryjí – třeba chybu jen na některém zařízení nebo v jiné jazykové verzi.
šipka →	/sluzby/sprava-webu-a-mereni	main	li	Jak hlídání funguje: od releasu po report	produkt → košík → objednávka	produkt → košík → objednávka
šipka →	/sluzby/sprava-webu-a-mereni	main	li	Jak hlídání funguje: od releasu po report	produkt → košík → objednávka	produkt → košík → objednávka
šipka →	/sluzby/sprava-webu-a-mereni	main	li	Jak hlídání funguje: od releasu po report	formulář → lead	formulář → lead
hranaté závorky [ ]	/sluzby/sprava-webu-a-mereni	main	p	Čím se lišíme od běžné správy webu	[ srovnání ]	[ srovnání ]
hranaté závorky [ ]	/sluzby/sprava-webu-a-mereni	main	p	Čím se lišíme od běžné správy webu	[ srovnání ]	[ srovnání ]
hranaté závorky [ ]	/sluzby/sprava-webu-a-mereni	main	p	Jak začínáme	[ postup ]	[ postup ]
hranaté závorky [ ]	/sluzby/sprava-webu-a-mereni	main	p	Jak začínáme	[ postup ]	[ postup ]
pomlčka „–“ (U+2013)	/sluzby/sprava-webu-a-mereni	main	p	Jak začínáme	ěření, proto začínáme vstupní kontrolou – pokud jsme vám měření nasazovali my, je	Hlídat má smysl jen funkční měření, proto začínáme vstupní kontrolou – pokud jsme vám měření nasazovali my, je kratší. Chcete nejdřív jen jednorázovou kontrolu? Začněte auditem měření.
otazník	/sluzby/sprava-webu-a-mereni	main	p	Jak začínáme	Chcete nejdřív jen jednorázovou kontrolu? Začněte auditem měření.	Hlídat má smysl jen funkční měření, proto začínáme vstupní kontrolou – pokud jsme vám měření nasazovali my, je kratší. Chcete nejdřív jen jednorázovou kontrolu? Začněte auditem měření.
hranaté závorky [ ]	/sluzby/sprava-webu-a-mereni	main	p	Release checklist a SLA	[ release a SLA ]	[ release a SLA ]
hranaté závorky [ ]	/sluzby/sprava-webu-a-mereni	main	p	Release checklist a SLA	[ release a SLA ]	[ release a SLA ]
pomlčka „–“ (U+2013)	/sluzby/sprava-webu-a-mereni	main	p	Release checklist a SLA	release checklist o dvanácti kontrolách – šest před nasazením a šest po něm, větš	Vývojáři dostanou release checklist o dvanácti kontrolách – šest před nasazením a šest po něm, většinu z nich hlídá automatický test. Priority, reakční doby a cíle řešení sepíšeme do smlouvy.
pomlčka „–“ (U+2013)	/sluzby/sprava-webu-a-mereni	main	th	Release checklist a SLA	P1 – kritická	P1 – kritická
pomlčka „–“ (U+2013)	/sluzby/sprava-webu-a-mereni	main	th	Release checklist a SLA	P2 – závažná	P2 – závažná
pomlčka „–“ (U+2013)	/sluzby/sprava-webu-a-mereni	main	th	Release checklist a SLA	P3 – běžná	P3 – běžná
pomlčka „–“ (U+2013)	/sluzby/sprava-webu-a-mereni	main	p	Release checklist a SLA	ravy v kódu webu závisejí na vývojářích – garantujeme diagnostiku, přesné zadání 	Opravy v kódu webu závisejí na vývojářích – garantujeme diagnostiku, přesné zadání a ověření po nasazení.
hranaté závorky [ ]	/sluzby/sprava-webu-a-mereni	main	p	Co dostáváte každý měsíc	[ report ]	[ report ]
hranaté závorky [ ]	/sluzby/sprava-webu-a-mereni	main	p	Co dostáváte každý měsíc	[ report ]	[ report ]
pomlčka „–“ (U+2013)	/sluzby/sprava-webu-a-mereni	main	p	Co dostáváte každý měsíc	. Report není výkaz odpracovaných hodin – odpovídá na otázku, jestli se můžete na	Report kvality dat a třicetiminutový hovor nad ním. Report není výkaz odpracovaných hodin – odpovídá na otázku, jestli se můžete na data spolehnout, a co udělat příští měsíc. Jednou za čtvrtletí upravíme testy a hranice upozornění.
hranaté závorky [ ]	/sluzby/sprava-webu-a-mereni	main	p	Časté otázky	[ FAQ ]	[ FAQ ]
hranaté závorky [ ]	/sluzby/sprava-webu-a-mereni	main	p	Časté otázky	[ FAQ ]	[ FAQ ]
otazník	/sluzby/sprava-webu-a-mereni	main	p	Časté otázky	Nenašli jste odpověď? Napište nám.	Nenašli jste odpověď? Napište nám.
anglické uvozovky “ ”	/sluzby/sprava-webu-a-mereni	main	li	Časté otázky	e lišta má výchozí stav souhlasu „denied“, po volbě ho aktualizuje a před souhlas	Cookie lišta má výchozí stav souhlasu „denied“, po volbě ho aktualizuje a před souhlasem nespustí žádný marketingový tag.
české uvozovky „ “	/sluzby/sprava-webu-a-mereni	main	li	Časté otázky	Cookie lišta má výchozí stav souhlasu „denied“, po volbě ho aktualizuje a před 	Cookie lišta má výchozí stav souhlasu „denied“, po volbě ho aktualizuje a před souhlasem nespustí žádný marketingový tag.
pomlčka „–“ (U+2013)	/sluzby/sprava-webu-a-mereni	main	li	Časté otázky	vací nákup nebo formulář dorazil do GA4 – ověříme to v DebugView nebo v přehledu 	Testovací nákup nebo formulář dorazil do GA4 – ověříme to v DebugView nebo v přehledu v reálném čase.
pomlčka „–“ (U+2013)	/sluzby/sprava-webu-a-mereni	main	p	Časté otázky	statistiky v GA4 s upozorněním e-mailem – Google jich dovoluje až padesát na prop	U souhlasu kontrolujeme výchozí stav a aktualizaci signálů ad_storage, analytics_storage, ad_user_data a ad_personalization. Jako levnou první vrstvu hlídání dat nastavíme vlastní statistiky v GA4 s upozorněním e-mailem – Google jich dovoluje až padesát na property.
otazník	/sluzby/sprava-webu-a-mereni	main	summary	Časté otázky	á správce webu a čím se liší vaše správa?	Co dělá správce webu a čím se liší vaše správa?
pomlčka „–“ (U+2013)	/sluzby/sprava-webu-a-mereni	main	div	Časté otázky	pravuje i obsah. Naše správa míří jinam – obsah a grafiku neděláme, zato hlídáme,	Správce webu se stará, aby web technicky fungoval: aktualizuje systém a doplňky, zálohuje, hlídá dostupnost a bezpečnost a často upravuje i obsah. Naše správa míří jinam – obsah a grafiku neděláme, zato hlídáme, že po každé změně webu dál fungují měřicí kódy, datová vrstva a souhlas s cookies. Nové stránky a funkce zkontrolujeme před nasazením i po něm, aby správně měřily.
otazník	/sluzby/sprava-webu-a-mereni	main	summary	Časté otázky	tojí správa webu a z čeho se skládá cena?	Kolik stojí správa webu a z čeho se skládá cena?
pomlčka „–“ (U+2013)	/sluzby/sprava-webu-a-mereni	main	div	Časté otázky	e weby se liší víc než ceníkové balíčky – po vstupní kontrole dostanete pevnou mě	Ceník neuvádíme, protože weby se liší víc než ceníkové balíčky – po vstupní kontrole dostanete pevnou měsíční částku. Rozhoduje počet webů, domén a jazykových verzí, platforma, kolik cest a konverzí hlídáme, jak často vydáváte nové verze, zvolené moduly, úroveň SLA a rozsah drobných úprav měření. Nástroje a infrastrukturu na vašich účtech, třeba hosting, Google Cloud nebo BigQuery, platíte přímo dodavatelům.
otazník	/sluzby/sprava-webu-a-mereni	main	summary	Časté otázky	le hlídání začne a co od vás potřebujeme?	Jak rychle hlídání začne a co od vás potřebujeme?
otazník	/sluzby/sprava-webu-a-mereni	main	summary	Časté otázky	jí jiná agentura. Jak spolupráce funguje?	Web nám vyvíjí jiná agentura. Jak spolupráce funguje?
otazník	/sluzby/sprava-webu-a-mereni	main	summary	Časté otázky	Hlídáte i cookie lištu a souhlas?	Hlídáte i cookie lištu a souhlas?
pomlčka „–“ (U+2013)	/sluzby/sprava-webu-a-mereni	main	div	Časté otázky	ch stran. Nejsme ale advokátní kancelář – soulad textů lišty a zásad s právem pos	Ano, technicky. Měsíčně a po každé změně lišty kontrolujeme výchozí stav Consent Mode a jeho aktualizaci po volbě návštěvníka, marketingové tagy před souhlasem a nové cookies nebo domény třetích stran. Nejsme ale advokátní kancelář – soulad textů lišty a zásad s právem posoudí váš právník a nastavení lišty řešíme ve službě Cookie lišta a Consent Mode.
otazník	/sluzby/sprava-webu-a-mereni	main	summary	Časté otázky	čty a co se stane po ukončení spolupráce?	Komu patří účty a co se stane po ukončení spolupráce?
pomlčka „–“ (U+2013)	/sluzby/sprava-webu-a-mereni	main	div	Časté otázky	Všechny účty – GA4, GTM, Search Console, reklamní syst	Všechny účty – GA4, GTM, Search Console, reklamní systémy i Google Cloud – zůstávají vaše a my v nich máme jen uživatelské přístupy s potřebnou rolí. Testy a skripty pro hlídání běží na vaší infrastruktuře, nebo je při ukončení předáme. Po skončení si přístupy odeberete a dostanete předávací balíček: dokumentaci, release checklist, nastavení upozornění a poslední report.
pomlčka „–“ (U+2013)	/sluzby/sprava-webu-a-mereni	main	div	Časté otázky	onsole, reklamní systémy i Google Cloud – zůstávají vaše a my v nich máme jen uži	Všechny účty – GA4, GTM, Search Console, reklamní systémy i Google Cloud – zůstávají vaše a my v nich máme jen uživatelské přístupy s potřebnou rolí. Testy a skripty pro hlídání běží na vaší infrastruktuře, nebo je při ukončení předáme. Po skončení si přístupy odeberete a dostanete předávací balíček: dokumentaci, release checklist, nastavení upozornění a poslední report.
hranaté závorky [ ]	/sluzby/sprava-webu-a-mereni	main	p		[ pokračujte ]	[ pokračujte ]
hranaté závorky [ ]	/sluzby/sprava-webu-a-mereni	main	p		[ pokračujte ]	[ pokračujte ]
hranaté závorky [ ]	/sluzby/sprava-webu-a-mereni	kontakt	p	Ať měření po dalším releasu nepřestane fungovat	[ Kontakt ]	[ Kontakt ]
hranaté závorky [ ]	/sluzby/sprava-webu-a-mereni	kontakt	p	Ať měření po dalším releasu nepřestane fungovat	[ Kontakt ]	[ Kontakt ]
výpustka „…“	SPOLEČNÉ/form	form	textarea@placeholder	form	a měření nákupů se už několikrát rozbilo…	Např. web vyvíjí externí agentura, release je každý týden a měření nákupů se už několikrát rozbilo…
pomlčka „–“ (U+2013)	/sluzby/technicky-audit-webu	head	title	hlavička	Technický audit webu – rychlost, tagy, SEO | datalayer.cz	Technický audit webu – rychlost, tagy, SEO | datalayer.cz
svislítko | v textu	/sluzby/technicky-audit-webu	head	title	hlavička	hnický audit webu – rychlost, tagy, SEO | datalayer.cz	Technický audit webu – rychlost, tagy, SEO | datalayer.cz
pomlčka „–“ (U+2013)	/sluzby/technicky-audit-webu	head	meta:og:title	hlavička	Technický audit webu – rychlost, tagy, SEO | datalayer.cz	Technický audit webu – rychlost, tagy, SEO | datalayer.cz
svislítko | v textu	/sluzby/technicky-audit-webu	head	meta:og:title	hlavička	hnický audit webu – rychlost, tagy, SEO | datalayer.cz	Technický audit webu – rychlost, tagy, SEO | datalayer.cz
pomlčka „–“ (U+2013)	/sluzby/technicky-audit-webu	head	meta:twitter:title	hlavička	Technický audit webu – rychlost, tagy, SEO | datalayer.cz	Technický audit webu – rychlost, tagy, SEO | datalayer.cz
svislítko | v textu	/sluzby/technicky-audit-webu	head	meta:twitter:title	hlavička	hnický audit webu – rychlost, tagy, SEO | datalayer.cz	Technický audit webu – rychlost, tagy, SEO | datalayer.cz
otazník	/sluzby/technicky-audit-webu	jsonld	jsonld:mainEntity.name	JSON-LD	ický audit stojí a děláte analýzu zdarma?	Kolik technický audit stojí a děláte analýzu zdarma?
pomlčka „–“ (U+2013)	/sluzby/technicky-audit-webu	jsonld	jsonld:mainEntity.acceptedAnswer.text	JSON-LD	én, platformy a počtu tagů v kontejneru – a podle toho, jestli chcete ověření po 	Cenu stanovíme předem jako pevnou částku podle počtu typů stránek a domén, platformy a počtu tagů v kontejneru – a podle toho, jestli chcete ověření po opravách a pomoc s implementací. Úvodní třicetiminutová konzultace je zdarma: projdeme výsledky z PageSpeed Insights a Search Console a řekneme, jestli má smysl jít hlouběji.
otazník	/sluzby/technicky-audit-webu	jsonld	jsonld:mainEntity.name	JSON-LD	louho audit trvá a co od nás potřebujete?	Jak dlouho audit trvá a co od nás potřebujete?
otazník	/sluzby/technicky-audit-webu	jsonld	jsonld:mainEntity.name	JSON-LD	Kontrolujete i cookie lištu a souhlas?	Kontrolujete i cookie lištu a souhlas?
pomlčka „–“ (U+2013)	/sluzby/technicky-audit-webu	jsonld	jsonld:mainEntity.acceptedAnswer.text	JSON-LD	o technickou kontrolu, ne o právní radu – texty lišty posoudí váš právník.	Zkontrolujeme, které cookies web nastaví a jaké požadavky pošle třetím stranám ještě před volbou v cookie liště, a ověříme výchozí stav Consent Mode. Nastavení lišty a Consent Mode pak řeší služba Cookie lišta a Consent Mode. Jde o technickou kontrolu, ne o právní radu – texty lišty posoudí váš právník.
otazník	/sluzby/technicky-audit-webu	jsonld	jsonld:mainEntity.name	JSON-LD	Zpomalují měřicí kódy web? Musíme se jich vzdát?	Zpomalují měřicí kódy web? Musíme se jich vzdát?
otazník	/sluzby/technicky-audit-webu	jsonld	jsonld:mainEntity.name	JSON-LD	jí měřicí kódy web? Musíme se jich vzdát?	Zpomalují měřicí kódy web? Musíme se jich vzdát?
otazník	/sluzby/technicky-audit-webu	jsonld	jsonld:mainEntity.name	JSON-LD	ůže optimalizace rychlosti rozbít měření?	Může optimalizace rychlosti rozbít měření?
pomlčka „–“ (U+2013)	/sluzby/technicky-audit-webu	jsonld	jsonld:mainEntity.acceptedAnswer.text	JSON-LD	u měření po opravě. Re-test ověří obojí – že web zrychlil a že data tečou dál.	Ano, a stává se to často: web odloží GTM tak pozdě, že nestihne zachytit nákup, minifikace rozbije datovou vrstvu nebo nová bezpečnostní hlavička zablokuje domény měření. Proto každé doporučení v auditu obsahuje i kontrolu měření po opravě. Re-test ověří obojí – že web zrychlil a že data tečou dál.
otazník	/sluzby/technicky-audit-webu	jsonld	jsonld:mainEntity.name	JSON-LD	Opravíte chyby z auditu i sami?	Opravíte chyby z auditu i sami?
pomlčka „–“ (U+2013)	/sluzby/technicky-audit-webu	jsonld	jsonld:mainEntity.acceptedAnswer.text	JSON-LD	u nebo CDN obvykle dělají vaši vývojáři – dodáme jim přesné zadání, odpovíme na d	Úpravy v Google Tag Manageru, nastavení měření, Consent Mode a strukturovaná data, která web vkládá přes tagy, uděláme sami. Změny v kódu šablon, serveru nebo CDN obvykle dělají vaši vývojáři – dodáme jim přesné zadání, odpovíme na dotazy a po nasazení vše ověříme.
středová tečka „·“ (U+00B7)	/sluzby/technicky-audit-webu	main	p		[ perf · audity a správa ]	[ perf · audity a správa ]
hranaté závorky [ ]	/sluzby/technicky-audit-webu	main	p		[ perf · audity a správa ]	[ perf · audity a správa ]
hranaté závorky [ ]	/sluzby/technicky-audit-webu	main	p		[ perf · audity a správa ]	[ perf · audity a správa ]
hranaté závorky [ ]	/sluzby/technicky-audit-webu	main	a		[ Objednat technický audit ]	[ Objednat technický audit ]
hranaté závorky [ ]	/sluzby/technicky-audit-webu	main	a		[ Objednat technický audit ]	[ Objednat technický audit ]
hranaté závorky [ ]	/sluzby/technicky-audit-webu	main	a		[ Co audit kontroluje ]	[ Co audit kontroluje ]
hranaté závorky [ ]	/sluzby/technicky-audit-webu	main	a		[ Co audit kontroluje ]	[ Co audit kontroluje ]
středová tečka „·“ (U+00B7)	/sluzby/technicky-audit-webu	main	p		 auditujeme techniku, ne obsah a odkazy · Úvodní třicetiminutová konzultace zdarm	Nejsme SEO agentura: auditujeme techniku, ne obsah a odkazy · Úvodní třicetiminutová konzultace zdarma
hranaté závorky [ ]	/sluzby/technicky-audit-webu	main	p	Poznáváte se?	[ symptomy ]	[ symptomy ]
hranaté závorky [ ]	/sluzby/technicky-audit-webu	main	p	Poznáváte se?	[ symptomy ]	[ symptomy ]
otazník	/sluzby/technicky-audit-webu	main	h2	Poznáváte se?	Poznáváte se?	Poznáváte se?
pomlčka „–“ (U+2013)	/sluzby/technicky-audit-webu	main	p	Poznáváte se?	 stránky chybí v indexu nebo mizí leady – a také před redesignem či migrací.	Technický audit dává smysl, když web zpomaluje, stránky chybí v indexu nebo mizí leady – a také před redesignem či migrací.
anglické uvozovky “ ”	/sluzby/technicky-audit-webu	main	div	Poznáváte se?	ilu vidíte skupiny URL „Je třeba zlepšit“ nebo „Špatné“ a nikdo neví, co přesně j	U mobilu vidíte skupiny URL „Je třeba zlepšit“ nebo „Špatné“ a nikdo neví, co přesně je zpomaluje.
anglické uvozovky “ ”	/sluzby/technicky-audit-webu	main	div	Poznáváte se?	piny URL „Je třeba zlepšit“ nebo „Špatné“ a nikdo neví, co přesně je zpomaluje.	U mobilu vidíte skupiny URL „Je třeba zlepšit“ nebo „Špatné“ a nikdo neví, co přesně je zpomaluje.
české uvozovky „ “	/sluzby/technicky-audit-webu	main	div	Poznáváte se?	U mobilu vidíte skupiny URL „Je třeba zlepšit“ nebo „Špatné“ a nikdo 	U mobilu vidíte skupiny URL „Je třeba zlepšit“ nebo „Špatné“ a nikdo neví, co přesně je zpomaluje.
české uvozovky „ “	/sluzby/technicky-audit-webu	main	div	Poznáváte se?	íte skupiny URL „Je třeba zlepšit“ nebo „Špatné“ a nikdo neví, co přesně je zpoma	U mobilu vidíte skupiny URL „Je třeba zlepšit“ nebo „Špatné“ a nikdo neví, co přesně je zpomaluje.
pomlčka „–“ (U+2013)	/sluzby/technicky-audit-webu	main	div	Poznáváte se?	eatmapy, A/B test, další reklamní pixel – každý přidal pár set milisekund a nikdo	Chat, heatmapy, A/B test, další reklamní pixel – každý přidal pár set milisekund a nikdo neví, kolik dohromady.
pomlčka „–“ (U+2013)	/sluzby/technicky-audit-webu	main	div	Poznáváte se?	lnit klávesnicí a odeslání nikdo neměří – leady mizí a nevíte kde.	Chybová hláška není u pole, formulář nejde vyplnit klávesnicí a odeslání nikdo neměří – leady mizí a nevíte kde.
hranaté závorky [ ]	/sluzby/technicky-audit-webu	main	p	Co audit kontroluje: šest oblastí	[ oblasti auditu ]	[ oblasti auditu ]
hranaté závorky [ ]	/sluzby/technicky-audit-webu	main	p	Co audit kontroluje: šest oblastí	[ oblasti auditu ]	[ oblasti auditu ]
pomlčka „–“ (U+2013)	/sluzby/technicky-audit-webu	main	p	Co audit kontroluje: šest oblastí	Oblasti se vyplatí kombinovat – třeba kvůli zrychlení, které nerozbije 	Oblasti se vyplatí kombinovat – třeba kvůli zrychlení, které nerozbije měření.
pomlčka „–“ (U+2013)	/sluzby/technicky-audit-webu	main	p	Co audit kontroluje: šest oblastí	re Web Vitals na 75. percentilu návštěv – LCP do 2,5 s, INP do 200 ms, který v bř	Co kontrolujeme: tři metriky Core Web Vitals na 75. percentilu návštěv – LCP do 2,5 s, INP do 200 ms, který v březnu 2024 nahradil FID, a CLS do 0,1. Data reálných návštěvníků ze Search Console a Chrome UX Reportu porovnáme s laboratorním testem pro každý typ stránky.
pomlčka „–“ (U+2013)	/sluzby/technicky-audit-webu	main	p	Co audit kontroluje: šest oblastí	chávají. U každého skriptu třetí strany – GTM, Google tag, Meta Pixel, Sklik, Hot	Oblast, kterou SEO audity obvykle vynechávají. U každého skriptu třetí strany – GTM, Google tag, Meta Pixel, Sklik, Hotjar, chat nebo A/B test – zjistíme velikost, čas hlavního vlákna a okamžik spuštění.
pomlčka „–“ (U+2013)	/sluzby/technicky-audit-webu	main	p	Co audit kontroluje: šest oblastí	ixel, Sklik, Hotjar, chat nebo A/B test – zjistíme velikost, čas hlavního vlákna 	Oblast, kterou SEO audity obvykle vynechávají. U každého skriptu třetí strany – GTM, Google tag, Meta Pixel, Sklik, Hotjar, chat nebo A/B test – zjistíme velikost, čas hlavního vlákna a okamžik spuštění.
anglické uvozovky “ ”	/sluzby/technicky-audit-webu	main	p	Co audit kontroluje: šest oblastí	vám nebudeme prodávat jako „SEO zlepšení“.	Co víme k říjnu 2026: rozšířený výsledek FAQ Google od 7. května 2026 nezobrazuje a soubor llms.txt Google Search nepotřebuje. Takové věci vám nebudeme prodávat jako „SEO zlepšení“.
české uvozovky „ “	/sluzby/technicky-audit-webu	main	p	Co audit kontroluje: šest oblastí	 Takové věci vám nebudeme prodávat jako „SEO zlepšení“.	Co víme k říjnu 2026: rozšířený výsledek FAQ Google od 7. května 2026 nezobrazuje a soubor llms.txt Google Search nepotřebuje. Takové věci vám nebudeme prodávat jako „SEO zlepšení“.
anglické uvozovky “ ”	/sluzby/technicky-audit-webu	main	p	Co audit kontroluje: šest oblastí	dřív je otestujeme v režimu „report-only“, aby nerozbily tagy.	Vymezení: nejde o penetrační test. Hlavičky navrhneme podle doporučení OWASP a nejdřív je otestujeme v režimu „report-only“, aby nerozbily tagy.
české uvozovky „ “	/sluzby/technicky-audit-webu	main	p	Co audit kontroluje: šest oblastí	 OWASP a nejdřív je otestujeme v režimu „report-only“, aby nerozbily tagy.	Vymezení: nejde o penetrační test. Hlavičky navrhneme podle doporučení OWASP a nejdřív je otestujeme v režimu „report-only“, aby nerozbily tagy.
pomlčka „–“ (U+2013)	/sluzby/technicky-audit-webu	main	p	Co audit kontroluje: šest oblastí	WCAG 2.2 na úrovni AA. Ověříme i měření – lead_form_start, chyby validace a gener	Co kontrolujeme: popisky a chybové hlášky polí, které přečte čtečka obrazovky, ovládání klávesnicí, fokus, kontrast a dotykové plochy podle WCAG 2.2 na úrovni AA. Ověříme i měření – lead_form_start, chyby validace a generate_lead bez čitelných osobních údajů.
desetinná tečka (3.5)	/sluzby/technicky-audit-webu	main	p	Co audit kontroluje: šest oblastí	, kontrast a dotykové plochy podle WCAG 2.2 na úrovni AA. Ověříme i měření – lead_f	Co kontrolujeme: popisky a chybové hlášky polí, které přečte čtečka obrazovky, ovládání klávesnicí, fokus, kontrast a dotykové plochy podle WCAG 2.2 na úrovni AA. Ověříme i měření – lead_form_start, chyby validace a generate_lead bez čitelných osobních údajů.
hranaté závorky [ ]	/sluzby/technicky-audit-webu	main	p	Co uděláme a co dostanete	[ výstupy ]	[ výstupy ]
hranaté závorky [ ]	/sluzby/technicky-audit-webu	main	p	Co uděláme a co dostanete	[ výstupy ]	[ výstupy ]
pomlčka „–“ (U+2013)	/sluzby/technicky-audit-webu	main	div	Co uděláme a co dostanete	í kritérium v nástroji, který používáte – Jira, GitHub, GitLab, Trello nebo tabul	Priorita, reprodukce, doporučení a akceptační kritérium v nástroji, který používáte – Jira, GitHub, GitLab, Trello nebo tabulka.
středová tečka „·“ (U+00B7)	/sluzby/technicky-audit-webu	main	span	Co uděláme a co dostanete	rozpočet · hlavičky	rozpočet · hlavičky
anglické uvozovky “ ”	/sluzby/technicky-audit-webu	main	div	Co uděláme a co dostanete	pečnostní hlavičky v režimu „report-only“ a checklist přístupnosti formulářů.	Výkonnostní rozpočet pro LCP, INP, CLS a JavaScript na šablonu, bezpečnostní hlavičky v režimu „report-only“ a checklist přístupnosti formulářů.
české uvozovky „ “	/sluzby/technicky-audit-webu	main	div	Co uděláme a co dostanete	šablonu, bezpečnostní hlavičky v režimu „report-only“ a checklist přístupnosti fo	Výkonnostní rozpočet pro LCP, INP, CLS a JavaScript na šablonu, bezpečnostní hlavičky v režimu „report-only“ a checklist přístupnosti formulářů.
hranaté závorky [ ]	/sluzby/technicky-audit-webu	main	p	Technický audit, ne SEO kampaň	[ vymezení ]	[ vymezení ]
hranaté závorky [ ]	/sluzby/technicky-audit-webu	main	p	Technický audit, ne SEO kampaň	[ vymezení ]	[ vymezení ]
pomlčka „–“ (U+2013)	/sluzby/technicky-audit-webu	main	p	Technický audit, ne SEO kampaň	k web funguje v prohlížeči a pro roboty – obsah a odkazy nechte specialistům.	Jsme technici měření a webu, ne SEO agentura. Díváme se na to, jak web funguje v prohlížeči a pro roboty – obsah a odkazy nechte specialistům.
šipka →	/sluzby/technicky-audit-webu	main	li	Technický audit, ne SEO kampaň	zu klíčových slov a obsahovou strategii → výstup rádi předáme vaší SEO agentuře	analýzu klíčových slov a obsahovou strategii → výstup rádi předáme vaší SEO agentuře
otazník	/sluzby/technicky-audit-webu	main	p	Technický audit, ne SEO kampaň	udit, technický audit, nebo audit měření? Každý odpovídá na jinou otázku.	SEO audit, technický audit, nebo audit měření? Každý odpovídá na jinou otázku.
pomlčka „–“ (U+2013)	/sluzby/technicky-audit-webu	main	div	Technický audit, ne SEO kampaň	, proč nemáte víc návštěv z vyhledávání – klíčová slova, obsah, konkurenci a odka	Potřebujete, když řešíte, proč nemáte víc návštěv z vyhledávání – klíčová slova, obsah, konkurenci a odkazy. Dělá ho SEO agentura.
pomlčka „–“ (U+2013)	/sluzby/technicky-audit-webu	main	div	Technický audit, ne SEO kampaň	o web zpomaluje a co mu technicky brání – včetně dopadu měřicích skriptů.	Potřebujete, když chcete vědět, co web zpomaluje a co mu technicky brání – včetně dopadu měřicích skriptů.
šipka →	/sluzby/technicky-audit-webu	main	a	Technický audit, ne SEO kampaň	Co audit kontroluje →	Co audit kontroluje →
šipka →	/sluzby/technicky-audit-webu	main	a	Technický audit, ne SEO kampaň	Audit měření →	Audit měření →
hranaté závorky [ ]	/sluzby/technicky-audit-webu	main	p	Jak audit probíhá	[ postup ]	[ postup ]
hranaté závorky [ ]	/sluzby/technicky-audit-webu	main	p	Jak audit probíhá	[ postup ]	[ postup ]
hranaté závorky [ ]	/sluzby/technicky-audit-webu	main	p	Analýza webu zdarma: co si zkontrolujete sami	[ zdarma ]	[ zdarma ]
hranaté závorky [ ]	/sluzby/technicky-audit-webu	main	p	Analýza webu zdarma: co si zkontrolujete sami	[ zdarma ]	[ zdarma ]
pomlčka „–“ (U+2013)	/sluzby/technicky-audit-webu	main	p	Analýza webu zdarma: co si zkontrolujete sami	řeknou, že je problém, ale ne vždy proč – výsledky proto rádi projdeme na úvodní 	Těchto pět kontrol zvládnete za půl hodiny. Nástroje řeknou, že je problém, ale ne vždy proč – výsledky proto rádi projdeme na úvodní konzultaci zdarma.
anglické uvozovky “ ”	/sluzby/technicky-audit-webu	main	li	Analýza webu zdarma: co si zkontrolujete sami	é skupiny stránek jsou na mobilu „Špatné“	Search Console → Core Web Vitals: které skupiny stránek jsou na mobilu „Špatné“
české uvozovky „ “	/sluzby/technicky-audit-webu	main	li	Analýza webu zdarma: co si zkontrolujete sami	s: které skupiny stránek jsou na mobilu „Špatné“	Search Console → Core Web Vitals: které skupiny stránek jsou na mobilu „Špatné“
šipka →	/sluzby/technicky-audit-webu	main	li	Analýza webu zdarma: co si zkontrolujete sami	Search Console → Core Web Vitals: které skupiny stránek 	Search Console → Core Web Vitals: které skupiny stránek jsou na mobilu „Špatné“
šipka →	/sluzby/technicky-audit-webu	main	li	Analýza webu zdarma: co si zkontrolujete sami	Search Console → Indexování stránek: kolik URL chybí v i	Search Console → Indexování stránek: kolik URL chybí v indexu a proč
hranaté závorky [ ]	/sluzby/technicky-audit-webu	main	p	Časté otázky	[ FAQ ]	[ FAQ ]
hranaté závorky [ ]	/sluzby/technicky-audit-webu	main	p	Časté otázky	[ FAQ ]	[ FAQ ]
otazník	/sluzby/technicky-audit-webu	main	p	Časté otázky	Nenašli jste odpověď? Napište nám.	Nenašli jste odpověď? Napište nám.
pomlčka „–“ (U+2013)	/sluzby/technicky-audit-webu	main	th	Časté otázky	gtag/js – GA4	gtag/js – GA4
pomlčka „–“ (U+2013)	/sluzby/technicky-audit-webu	main	th	Časté otázky	fbevents.js – Meta	fbevents.js – Meta
hvězdička *	/sluzby/technicky-audit-webu	main	th	Časté otázky	hotjar-*.js	hotjar-*.js
anglické uvozovky “ ”	/sluzby/technicky-audit-webu	main	th	Časté otázky	Custom HTML „starý remarketing“	Custom HTML „starý remarketing“
české uvozovky „ “	/sluzby/technicky-audit-webu	main	th	Časté otázky	Custom HTML „starý remarketing“	Custom HTML „starý remarketing“
středová tečka „·“ (U+00B7)	/sluzby/technicky-audit-webu	main	pre	Časté otázky	obilu (CLS) Šablony: produkt, kategorie · Priorita: vysoká · Náročnost: S, do jed	[PERF-07] Cookie lišta posouvá obsah na mobilu (CLS) Šablony: produkt, kategorie · Priorita: vysoká · Náročnost: S, do jednoho dne Jak reprodukovat: Chrome DevTools → Performance, profil mobil, první návštěva bez souhlasu. Zjištění: GTM vkládá lištu až po načtení stránky. Lišta posune obsah o 180 px, laboratorní test ukazuje CLS 0,24. Doporučení: Vykreslit lištu přímo v HTML šablony, ne přes GTM, a to jako překryv, kterému šablona předem vyhradí místo. Logiku Consent Mode, tedy default a update, nechat beze změny. Akceptační kritérium: CLS < 0,1 v laboratorním testu na obou šablonách. Po nasbírání dat z reálných návštěv skupina URL „Dobré“ v přehledu Core Web Vitals. Kontrola měření po opravě: V GTM Preview ověřit událost cookie_consent_update a stav souhlasu před volbou a po ní. GTM spouští GA4 a reklamní tagy jen po souhlasu.
středová tečka „·“ (U+00B7)	/sluzby/technicky-audit-webu	main	pre	Časté otázky	: produkt, kategorie · Priorita: vysoká · Náročnost: S, do jednoho dne Jak reprod	[PERF-07] Cookie lišta posouvá obsah na mobilu (CLS) Šablony: produkt, kategorie · Priorita: vysoká · Náročnost: S, do jednoho dne Jak reprodukovat: Chrome DevTools → Performance, profil mobil, první návštěva bez souhlasu. Zjištění: GTM vkládá lištu až po načtení stránky. Lišta posune obsah o 180 px, laboratorní test ukazuje CLS 0,24. Doporučení: Vykreslit lištu přímo v HTML šablony, ne přes GTM, a to jako překryv, kterému šablona předem vyhradí místo. Logiku Consent Mode, tedy default a update, nechat beze změny. Akceptační kritérium: CLS < 0,1 v laboratorním testu na obou šablonách. Po nasbírání dat z reálných návštěv skupina URL „Dobré“ v přehledu Core Web Vitals. Kontrola měření po opravě: V GTM Preview ověřit událost cookie_consent_update a stav souhlasu před volbou a po ní. GTM spouští GA4 a reklamní tagy jen po souhlasu.
anglické uvozovky “ ”	/sluzby/technicky-audit-webu	main	pre	Časté otázky	at z reálných návštěv skupina URL „Dobré“ v přehledu Core Web Vitals. Kontrola mě	[PERF-07] Cookie lišta posouvá obsah na mobilu (CLS) Šablony: produkt, kategorie · Priorita: vysoká · Náročnost: S, do jednoho dne Jak reprodukovat: Chrome DevTools → Performance, profil mobil, první návštěva bez souhlasu. Zjištění: GTM vkládá lištu až po načtení stránky. Lišta posune obsah o 180 px, laboratorní test ukazuje CLS 0,24. Doporučení: Vykreslit lištu přímo v HTML šablony, ne přes GTM, a to jako překryv, kterému šablona předem vyhradí místo. Logiku Consent Mode, tedy default a update, nechat beze změny. Akceptační kritérium: CLS < 0,1 v laboratorním testu na obou šablonách. Po nasbírání dat z reálných návštěv skupina URL „Dobré“ v přehledu Core Web Vitals. Kontrola měření po opravě: V GTM Preview ověřit událost cookie_consent_update a stav souhlasu před volbou a po ní. GTM spouští GA4 a reklamní tagy jen po souhlasu.
české uvozovky „ “	/sluzby/technicky-audit-webu	main	pre	Časté otázky	rání dat z reálných návštěv skupina URL „Dobré“ v přehledu Core Web Vitals. Kontr	[PERF-07] Cookie lišta posouvá obsah na mobilu (CLS) Šablony: produkt, kategorie · Priorita: vysoká · Náročnost: S, do jednoho dne Jak reprodukovat: Chrome DevTools → Performance, profil mobil, první návštěva bez souhlasu. Zjištění: GTM vkládá lištu až po načtení stránky. Lišta posune obsah o 180 px, laboratorní test ukazuje CLS 0,24. Doporučení: Vykreslit lištu přímo v HTML šablony, ne přes GTM, a to jako překryv, kterému šablona předem vyhradí místo. Logiku Consent Mode, tedy default a update, nechat beze změny. Akceptační kritérium: CLS < 0,1 v laboratorním testu na obou šablonách. Po nasbírání dat z reálných návštěv skupina URL „Dobré“ v přehledu Core Web Vitals. Kontrola měření po opravě: V GTM Preview ověřit událost cookie_consent_update a stav souhlasu před volbou a po ní. GTM spouští GA4 a reklamní tagy jen po souhlasu.
šipka →	/sluzby/technicky-audit-webu	main	pre	Časté otázky	o dne Jak reprodukovat: Chrome DevTools → Performance, profil mobil, první návště	[PERF-07] Cookie lišta posouvá obsah na mobilu (CLS) Šablony: produkt, kategorie · Priorita: vysoká · Náročnost: S, do jednoho dne Jak reprodukovat: Chrome DevTools → Performance, profil mobil, první návštěva bez souhlasu. Zjištění: GTM vkládá lištu až po načtení stránky. Lišta posune obsah o 180 px, laboratorní test ukazuje CLS 0,24. Doporučení: Vykreslit lištu přímo v HTML šablony, ne přes GTM, a to jako překryv, kterému šablona předem vyhradí místo. Logiku Consent Mode, tedy default a update, nechat beze změny. Akceptační kritérium: CLS < 0,1 v laboratorním testu na obou šablonách. Po nasbírání dat z reálných návštěv skupina URL „Dobré“ v přehledu Core Web Vitals. Kontrola měření po opravě: V GTM Preview ověřit událost cookie_consent_update a stav souhlasu před volbou a po ní. GTM spouští GA4 a reklamní tagy jen po souhlasu.
hranaté závorky [ ]	/sluzby/technicky-audit-webu	main	pre	Časté otázky	[PERF-07] Cookie lišta posouvá obsah na m	[PERF-07] Cookie lišta posouvá obsah na mobilu (CLS) Šablony: produkt, kategorie · Priorita: vysoká · Náročnost: S, do jednoho dne Jak reprodukovat: Chrome DevTools → Performance, profil mobil, první návštěva bez souhlasu. Zjištění: GTM vkládá lištu až po načtení stránky. Lišta posune obsah o 180 px, laboratorní test ukazuje CLS 0,24. Doporučení: Vykreslit lištu přímo v HTML šablony, ne přes GTM, a to jako překryv, kterému šablona předem vyhradí místo. Logiku Consent Mode, tedy default a update, nechat beze změny. Akceptační kritérium: CLS < 0,1 v laboratorním testu na obou šablonách. Po nasbírání dat z reálných návštěv skupina URL „Dobré“ v přehledu Core Web Vitals. Kontrola měření po opravě: V GTM Preview ověřit událost cookie_consent_update a stav souhlasu před volbou a po ní. GTM spouští GA4 a reklamní tagy jen po souhlasu.
hranaté závorky [ ]	/sluzby/technicky-audit-webu	main	pre	Časté otázky	[PERF-07] Cookie lišta posouvá obsah na mobilu (C	[PERF-07] Cookie lišta posouvá obsah na mobilu (CLS) Šablony: produkt, kategorie · Priorita: vysoká · Náročnost: S, do jednoho dne Jak reprodukovat: Chrome DevTools → Performance, profil mobil, první návštěva bez souhlasu. Zjištění: GTM vkládá lištu až po načtení stránky. Lišta posune obsah o 180 px, laboratorní test ukazuje CLS 0,24. Doporučení: Vykreslit lištu přímo v HTML šablony, ne přes GTM, a to jako překryv, kterému šablona předem vyhradí místo. Logiku Consent Mode, tedy default a update, nechat beze změny. Akceptační kritérium: CLS < 0,1 v laboratorním testu na obou šablonách. Po nasbírání dat z reálných návštěv skupina URL „Dobré“ v přehledu Core Web Vitals. Kontrola měření po opravě: V GTM Preview ověřit událost cookie_consent_update a stav souhlasu před volbou a po ní. GTM spouští GA4 a reklamní tagy jen po souhlasu.
otazník	/sluzby/technicky-audit-webu	main	summary	Časté otázky	ický audit stojí a děláte analýzu zdarma?	Kolik technický audit stojí a děláte analýzu zdarma?
pomlčka „–“ (U+2013)	/sluzby/technicky-audit-webu	main	div	Časté otázky	én, platformy a počtu tagů v kontejneru – a podle toho, jestli chcete ověření po 	Cenu stanovíme předem jako pevnou částku podle počtu typů stránek a domén, platformy a počtu tagů v kontejneru – a podle toho, jestli chcete ověření po opravách a pomoc s implementací. Úvodní třicetiminutová konzultace je zdarma: projdeme výsledky z PageSpeed Insights a Search Console a řekneme, jestli má smysl jít hlouběji.
otazník	/sluzby/technicky-audit-webu	main	summary	Časté otázky	louho audit trvá a co od nás potřebujete?	Jak dlouho audit trvá a co od nás potřebujete?
otazník	/sluzby/technicky-audit-webu	main	summary	Časté otázky	Kontrolujete i cookie lištu a souhlas?	Kontrolujete i cookie lištu a souhlas?
pomlčka „–“ (U+2013)	/sluzby/technicky-audit-webu	main	div	Časté otázky	o technickou kontrolu, ne o právní radu – texty lišty posoudí váš právník.	Zkontrolujeme, které cookies web nastaví a jaké požadavky pošle třetím stranám ještě před volbou v cookie liště, a ověříme výchozí stav Consent Mode. Nastavení lišty a Consent Mode pak řeší služba Cookie lišta a Consent Mode. Jde o technickou kontrolu, ne o právní radu – texty lišty posoudí váš právník.
otazník	/sluzby/technicky-audit-webu	main	summary	Časté otázky	Zpomalují měřicí kódy web? Musíme se jich vzdát?	Zpomalují měřicí kódy web? Musíme se jich vzdát?
otazník	/sluzby/technicky-audit-webu	main	summary	Časté otázky	jí měřicí kódy web? Musíme se jich vzdát?	Zpomalují měřicí kódy web? Musíme se jich vzdát?
otazník	/sluzby/technicky-audit-webu	main	summary	Časté otázky	ůže optimalizace rychlosti rozbít měření?	Může optimalizace rychlosti rozbít měření?
pomlčka „–“ (U+2013)	/sluzby/technicky-audit-webu	main	div	Časté otázky	u měření po opravě. Re-test ověří obojí – že web zrychlil a že data tečou dál.	Ano, a stává se to často: web odloží GTM tak pozdě, že nestihne zachytit nákup, minifikace rozbije datovou vrstvu nebo nová bezpečnostní hlavička zablokuje domény měření. Proto každé doporučení v auditu obsahuje i kontrolu měření po opravě. Re-test ověří obojí – že web zrychlil a že data tečou dál.
otazník	/sluzby/technicky-audit-webu	main	summary	Časté otázky	Opravíte chyby z auditu i sami?	Opravíte chyby z auditu i sami?
pomlčka „–“ (U+2013)	/sluzby/technicky-audit-webu	main	div	Časté otázky	u nebo CDN obvykle dělají vaši vývojáři – dodáme jim přesné zadání, odpovíme na d	Úpravy v Google Tag Manageru, nastavení měření, Consent Mode a strukturovaná data, která web vkládá přes tagy, uděláme sami. Změny v kódu šablon, serveru nebo CDN obvykle dělají vaši vývojáři – dodáme jim přesné zadání, odpovíme na dotazy a po nasazení vše ověříme.
hranaté závorky [ ]	/sluzby/technicky-audit-webu	main	p		[ pokračujte ]	[ pokračujte ]
hranaté závorky [ ]	/sluzby/technicky-audit-webu	main	p		[ pokračujte ]	[ pokračujte ]
hranaté závorky [ ]	/sluzby/technicky-audit-webu	kontakt	p	Zjistěte, co brzdí váš web	[ Kontakt ]	[ Kontakt ]
hranaté závorky [ ]	/sluzby/technicky-audit-webu	kontakt	p	Zjistěte, co brzdí váš web	[ Kontakt ]	[ Kontakt ]
výpustka „…“	SPOLEČNÉ/form	form	textarea@placeholder	form	í chatu a heatmap web na mobilu zpomalil…	Např. po přidání chatu a heatmap web na mobilu zpomalil…
svislítko | v textu	/reseni/b2b-a-lead-generation	head	title	hlavička	Měření leadů a offline konverze z CRM | datalayer.cz	Měření leadů a offline konverze z CRM | datalayer.cz
svislítko | v textu	/reseni/b2b-a-lead-generation	head	meta:og:title	hlavička	Měření leadů a offline konverze z CRM | datalayer.cz	Měření leadů a offline konverze z CRM | datalayer.cz
svislítko | v textu	/reseni/b2b-a-lead-generation	head	meta:twitter:title	hlavička	Měření leadů a offline konverze z CRM | datalayer.cz	Měření leadů a offline konverze z CRM | datalayer.cz
otazník	/reseni/b2b-a-lead-generation	jsonld	jsonld:mainEntity.name	JSON-LD	stanete zakázky z CRM zpět do Google Ads?	Jak dostanete zakázky z CRM zpět do Google Ads?
pomlčka „–“ (U+2013)	/reseni/b2b-a-lead-generation	jsonld	jsonld:mainEntity.acceptedAnswer.text	JSON-LD	ě posíláme přes Google Ads Data Manager – z HubSpotu a Salesforce přímo, z ostatn	U každého leadu uloží formulář do CRM ID kliknutí a hash e-mailu nebo telefonu. Fáze s hodnotou pak jednou denně posíláme přes Google Ads Data Manager – z HubSpotu a Salesforce přímo, z ostatních CRM přes BigQuery nebo tabulku. Kombinaci ID kliknutí a hashe Google říká rozšířené konverze pro potenciální zákazníky a pro nové implementace ji doporučuje, protože konverzi spáruje, i když ID kliknutí cestou zmizí. Od 15. června 2026 Google směruje nahrávání offline konverzí do Data Manager API, starší skripty proto převedeme.
otazník	/reseni/b2b-a-lead-generation	jsonld	jsonld:mainEntity.name	JSON-LD	Kolik to stojí a z čeho se cena skládá?	Kolik to stojí a z čeho se cena skládá?
otazník	/reseni/b2b-a-lead-generation	jsonld	jsonld:mainEntity.name	JSON-LD	ak dlouho to trvá a kdy uvidíme výsledky?	Jak dlouho to trvá a kdy uvidíme výsledky?
pomlčka „–“ (U+2013)	/reseni/b2b-a-lead-generation	jsonld	jsonld:mainEntity.acceptedAnswer.text	JSON-LD	ci uzavřou první zakázky z nových leadů – podle délky cyklu za týdny až měsíce. P	Termín dostanete spolu s nabídkou po krátkém auditu. Měření formulářů a zdroje v CRM funguje hned po implementaci, offline konverze uvidíte v reklamách, až obchodníci uzavřou první zakázky z nových leadů – podle délky cyklu za týdny až měsíce. Plný efekt počítejte po jednom až dvou obchodních cyklech.
otazník	/reseni/b2b-a-lead-generation	jsonld	jsonld:mainEntity.name	JSON-LD	Komu patří data, účty a nastavení?	Komu patří data, účty a nastavení?
otazník	/reseni/b2b-a-lead-generation	jsonld	jsonld:mainEntity.name	JSON-LD	 z CRM do Googlu a Mety v souladu s GDPR?	Je posílání dat z CRM do Googlu a Mety v souladu s GDPR?
pomlčka „–“ (U+2013)	/reseni/b2b-a-lead-generation	jsonld	jsonld:mainEntity.acceptedAnswer.text	JSON-LD	l pro předání údajů posoudí váš právník – nejsme advokátní kancelář, ale dodáme m	Technicky to nastavujeme konzervativně: kontaktní údaje jen jako hash, jen se souhlasem ad_user_data, žádné osobní údaje v GA4 a jen nezbytná pole. Vy jste správce údajů z CRM, Google u rozšířených konverzí vystupuje jako zpracovatel podle Google Ads Data Processing Terms a my jako zpracovatel podle zpracovatelské smlouvy. Právní titul pro předání údajů posoudí váš právník – nejsme advokátní kancelář, ale dodáme mu přesný popis datových toků.
otazník	/reseni/b2b-a-lead-generation	jsonld	jsonld:mainEntity.name	JSON-LD	Co od nás budete potřebovat?	Co od nás budete potřebovat?
anglické uvozovky “ ”	/reseni/b2b-a-lead-generation	jsonld	jsonld:mainEntity.acceptedAnswer.text	JSON-LD	z dohody, co znamená „kvalifikovaný lead“ a kdy obchodník mění fázi, žádné měření	Přístupy do GTM, GA4 a reklamních účtů a administrátora CRM, případně vývojáře webu pro úpravu formulářů. Hlavně ale krátký workshop s obchodem: bez dohody, co znamená „kvalifikovaný lead“ a kdy obchodník mění fázi, žádné měření fungovat nebude. Po spuštění je důležité, aby obchodníci fáze v CRM opravdu vyplňovali.
české uvozovky „ “	/reseni/b2b-a-lead-generation	jsonld	jsonld:mainEntity.acceptedAnswer.text	JSON-LD	shop s obchodem: bez dohody, co znamená „kvalifikovaný lead“ a kdy obchodník mění	Přístupy do GTM, GA4 a reklamních účtů a administrátora CRM, případně vývojáře webu pro úpravu formulářů. Hlavně ale krátký workshop s obchodem: bez dohody, co znamená „kvalifikovaný lead“ a kdy obchodník mění fázi, žádné měření fungovat nebude. Po spuštění je důležité, aby obchodníci fáze v CRM opravdu vyplňovali.
hranaté závorky [ ]	/reseni/b2b-a-lead-generation	main	p		[ řešení pro B2B a lead generation ]	[ řešení pro B2B a lead generation ]
hranaté závorky [ ]	/reseni/b2b-a-lead-generation	main	p		[ řešení pro B2B a lead generation ]	[ řešení pro B2B a lead generation ]
hranaté závorky [ ]	/reseni/b2b-a-lead-generation	main	a		[ Probrat měření leadů ]	[ Probrat měření leadů ]
hranaté závorky [ ]	/reseni/b2b-a-lead-generation	main	a		[ Probrat měření leadů ]	[ Probrat měření leadů ]
hranaté závorky [ ]	/reseni/b2b-a-lead-generation	main	a		[ Ukázat, jak to funguje ]	[ Ukázat, jak to funguje ]
hranaté závorky [ ]	/reseni/b2b-a-lead-generation	main	a		[ Ukázat, jak to funguje ]	[ Ukázat, jak to funguje ]
středová tečka „·“ (U+00B7)	/reseni/b2b-a-lead-generation	main	p		Třicet minut zdarma · odpověď do jednoho pracovního dne	Třicet minut zdarma · odpověď do jednoho pracovního dne
hranaté závorky [ ]	/reseni/b2b-a-lead-generation	main	p	Poznáváte se?	[ symptomy ]	[ symptomy ]
hranaté závorky [ ]	/reseni/b2b-a-lead-generation	main	p	Poznáváte se?	[ symptomy ]	[ symptomy ]
otazník	/reseni/b2b-a-lead-generation	main	h2	Poznáváte se?	Poznáváte se?	Poznáváte se?
hranaté závorky [ ]	/reseni/b2b-a-lead-generation	main	p	Co uděláme a co dostanete	[ výstupy ]	[ výstupy ]
hranaté závorky [ ]	/reseni/b2b-a-lead-generation	main	p	Co uděláme a co dostanete	[ výstupy ]	[ výstupy ]
pomlčka „–“ (U+2013)	/reseni/b2b-a-lead-generation	main	p	Co uděláme a co dostanete	kázku stojí na šesti stavebních blocích – od měření formulářů přes CRM po dashboa	Okruh od kliknutí po zakázku stojí na šesti stavebních blocích – od měření formulářů přes CRM po dashboard.
středová tečka „·“ (U+00B7)	/reseni/b2b-a-lead-generation	main	span	Co uděláme a co dostanete	data manager · capi	data manager · capi
pomlčka „–“ (U+2013)	/reseni/b2b-a-lead-generation	main	div	Co uděláme a co dostanete	měříme podle toho, kolik poptávek tvoří – od kliku na číslo po dynamická čísla, k	Telefonáty měříme podle toho, kolik poptávek tvoří – od kliku na číslo po dynamická čísla, která hovor zapíšou do CRM.
hranaté závorky [ ]	/reseni/b2b-a-lead-generation	main	p	Od kliknutí na reklamu po zakázku a zpět	[ jak to funguje ]	[ jak to funguje ]
hranaté závorky [ ]	/reseni/b2b-a-lead-generation	main	p	Od kliknutí na reklamu po zakázku a zpět	[ jak to funguje ]	[ jak to funguje ]
šipka →	/reseni/b2b-a-lead-generation	main	li	Od kliknutí na reklamu po zakázku a zpět	kvalifikace → nabídka → zakázka	kvalifikace → nabídka → zakázka
šipka →	/reseni/b2b-a-lead-generation	main	li	Od kliknutí na reklamu po zakázku a zpět	kvalifikace → nabídka → zakázka	kvalifikace → nabídka → zakázka
pomlčka „–“ (U+2013)	/reseni/b2b-a-lead-generation	main	p	Od kliknutí na reklamu po zakázku a zpět	 konkrétním CRM záleží méně, než se zdá – rozhoduje, jestli do něj dostaneme zdro	Na konkrétním CRM záleží méně, než se zdá – rozhoduje, jestli do něj dostaneme zdroj leadu a jestli z něj jde pravidelně exportovat fáze.
hranaté závorky [ ]	/reseni/b2b-a-lead-generation	main	p	Fáze leadu: co kam posíláme	[ fáze leadu ]	[ fáze leadu ]
hranaté závorky [ ]	/reseni/b2b-a-lead-generation	main	p	Fáze leadu: co kam posíláme	[ fáze leadu ]	[ fáze leadu ]
pomlčka „–“ (U+2013)	/reseni/b2b-a-lead-generation	main	li	Fáze leadu: co kam posíláme	Google Ads – sekundární konverze	Google Ads – sekundární konverze
pomlčka „–“ (U+2013)	/reseni/b2b-a-lead-generation	main	li	Fáze leadu: co kam posíláme	Google Ads – hlavní konverze při dlouhém cyklu	Google Ads – hlavní konverze při dlouhém cyklu
pomlčka „–“ (U+2013)	/reseni/b2b-a-lead-generation	main	li	Fáze leadu: co kam posíláme	Google Ads – sekundární konverze	Google Ads – sekundární konverze
pomlčka „–“ (U+2013)	/reseni/b2b-a-lead-generation	main	li	Fáze leadu: co kam posíláme	Google Ads – hlavní konverze při krátkém cyklu	Google Ads – hlavní konverze při krátkém cyklu
hranaté závorky [ ]	/reseni/b2b-a-lead-generation	main	p	Běžné měření leadů vs. měření až do CRM	[ srovnání ]	[ srovnání ]
hranaté závorky [ ]	/reseni/b2b-a-lead-generation	main	p	Běžné měření leadů vs. měření až do CRM	[ srovnání ]	[ srovnání ]
šipka →	/reseni/b2b-a-lead-generation	main	b	Běžné měření leadů vs. měření až do CRM	286 Kč → 48 000 Kč	286 Kč → 48 000 Kč
šipka →	/reseni/b2b-a-lead-generation	main	b	Běžné měření leadů vs. měření až do CRM	947 Kč → 9 000 Kč	947 Kč → 9 000 Kč
šipka →	/reseni/b2b-a-lead-generation	main	p	Běžné měření leadů vs. měření až do CRM	Cena leadu → cena zakázky v ukázkovém příkladu s fik	Cena leadu → cena zakázky v ukázkovém příkladu s fiktivními daty za jedno čtvrtletí. Bez propojení s CRM byste rozpočet přesouvali opačným směrem.
hranaté závorky [ ]	/reseni/b2b-a-lead-generation	main	p	Jak postupujeme	[ postup ]	[ postup ]
hranaté závorky [ ]	/reseni/b2b-a-lead-generation	main	p	Jak postupujeme	[ postup ]	[ postup ]
hranaté závorky [ ]	/reseni/b2b-a-lead-generation	main	p	Jak poznáte, že měření leadů funguje	[ kontrola ]	[ kontrola ]
hranaté závorky [ ]	/reseni/b2b-a-lead-generation	main	p	Jak poznáte, že měření leadů funguje	[ kontrola ]	[ kontrola ]
hranaté závorky [ ]	/reseni/b2b-a-lead-generation	main	p	Časté otázky	[ FAQ ]	[ FAQ ]
hranaté závorky [ ]	/reseni/b2b-a-lead-generation	main	p	Časté otázky	[ FAQ ]	[ FAQ ]
otazník	/reseni/b2b-a-lead-generation	main	p	Časté otázky	Nenašli jste odpověď? Napište nám.	Nenašli jste odpověď? Napište nám.
pomlčka „–“ (U+2013)	/reseni/b2b-a-lead-generation	main	p	Časté otázky	ým fázím přiřazujeme očekávanou hodnotu – průměrnou zakázku × pravděpodobnost uza	Web ukládá ID kliknutí gclid, u iOS gbraid nebo wbraid, dále fbclid a li_fat_id spolu s UTM, a to jen se souhlasem. E-mail a telefon před hashováním SHA-256 převedeme na malá písmena bez mezer a telefon do formátu +420. Raným fázím přiřazujeme očekávanou hodnotu – průměrnou zakázku × pravděpodobnost uzavření – a kontakty z jedné firmy párujeme na obchodní případ, aby report nezapočítal jednu zakázku třikrát.
pomlčka „–“ (U+2013)	/reseni/b2b-a-lead-generation	main	p	Časté otázky	rnou zakázku × pravděpodobnost uzavření – a kontakty z jedné firmy párujeme na ob	Web ukládá ID kliknutí gclid, u iOS gbraid nebo wbraid, dále fbclid a li_fat_id spolu s UTM, a to jen se souhlasem. E-mail a telefon před hashováním SHA-256 převedeme na malá písmena bez mezer a telefon do formátu +420. Raným fázím přiřazujeme očekávanou hodnotu – průměrnou zakázku × pravděpodobnost uzavření – a kontakty z jedné firmy párujeme na obchodní případ, aby report nezapočítal jednu zakázku třikrát.
znak násobení ×	/reseni/b2b-a-lead-generation	main	p	Časté otázky	 očekávanou hodnotu – průměrnou zakázku × pravděpodobnost uzavření – a kontakty z	Web ukládá ID kliknutí gclid, u iOS gbraid nebo wbraid, dále fbclid a li_fat_id spolu s UTM, a to jen se souhlasem. E-mail a telefon před hashováním SHA-256 převedeme na malá písmena bez mezer a telefon do formátu +420. Raným fázím přiřazujeme očekávanou hodnotu – průměrnou zakázku × pravděpodobnost uzavření – a kontakty z jedné firmy párujeme na obchodní případ, aby report nezapočítal jednu zakázku třikrát.
desetinná tečka (3.5)	/reseni/b2b-a-lead-generation	main	p	Časté otázky	ne Conversions API od verze Graph API v17.0 offline události nepřijímá, posíláme je	Conversions API pro CRM u formulářů Lead Ads vyžaduje podle Mety alespoň 200 leadů měsíčně a denní nahrávání dat. Starší Offline Conversions API od verze Graph API v17.0 offline události nepřijímá, posíláme je proto přes Conversions API.
otazník	/reseni/b2b-a-lead-generation	main	summary	Časté otázky	stanete zakázky z CRM zpět do Google Ads?	Jak dostanete zakázky z CRM zpět do Google Ads?
pomlčka „–“ (U+2013)	/reseni/b2b-a-lead-generation	main	div	Časté otázky	ě posíláme přes Google Ads Data Manager – z HubSpotu a Salesforce přímo, z ostatn	U každého leadu uloží formulář do CRM ID kliknutí a hash e-mailu nebo telefonu. Fáze s hodnotou pak jednou denně posíláme přes Google Ads Data Manager – z HubSpotu a Salesforce přímo, z ostatních CRM přes BigQuery nebo tabulku. Kombinaci ID kliknutí a hashe Google říká rozšířené konverze pro potenciální zákazníky a pro nové implementace ji doporučuje, protože konverzi spáruje, i když ID kliknutí cestou zmizí. Od 15. června 2026 Google směruje nahrávání offline konverzí do Data Manager API, starší skripty proto převedeme.
otazník	/reseni/b2b-a-lead-generation	main	summary	Časté otázky	Kolik to stojí a z čeho se cena skládá?	Kolik to stojí a z čeho se cena skládá?
otazník	/reseni/b2b-a-lead-generation	main	summary	Časté otázky	ak dlouho to trvá a kdy uvidíme výsledky?	Jak dlouho to trvá a kdy uvidíme výsledky?
pomlčka „–“ (U+2013)	/reseni/b2b-a-lead-generation	main	div	Časté otázky	ci uzavřou první zakázky z nových leadů – podle délky cyklu za týdny až měsíce. P	Termín dostanete spolu s nabídkou po krátkém auditu. Měření formulářů a zdroje v CRM funguje hned po implementaci, offline konverze uvidíte v reklamách, až obchodníci uzavřou první zakázky z nových leadů – podle délky cyklu za týdny až měsíce. Plný efekt počítejte po jednom až dvou obchodních cyklech.
otazník	/reseni/b2b-a-lead-generation	main	summary	Časté otázky	Komu patří data, účty a nastavení?	Komu patří data, účty a nastavení?
otazník	/reseni/b2b-a-lead-generation	main	summary	Časté otázky	 z CRM do Googlu a Mety v souladu s GDPR?	Je posílání dat z CRM do Googlu a Mety v souladu s GDPR?
pomlčka „–“ (U+2013)	/reseni/b2b-a-lead-generation	main	div	Časté otázky	l pro předání údajů posoudí váš právník – nejsme advokátní kancelář, ale dodáme m	Technicky to nastavujeme konzervativně: kontaktní údaje jen jako hash, jen se souhlasem ad_user_data, žádné osobní údaje v GA4 a jen nezbytná pole. Vy jste správce údajů z CRM, Google u rozšířených konverzí vystupuje jako zpracovatel podle Google Ads Data Processing Terms a my jako zpracovatel podle zpracovatelské smlouvy. Právní titul pro předání údajů posoudí váš právník – nejsme advokátní kancelář, ale dodáme mu přesný popis datových toků.
otazník	/reseni/b2b-a-lead-generation	main	summary	Časté otázky	Co od nás budete potřebovat?	Co od nás budete potřebovat?
anglické uvozovky “ ”	/reseni/b2b-a-lead-generation	main	div	Časté otázky	z dohody, co znamená „kvalifikovaný lead“ a kdy obchodník mění fázi, žádné měření	Přístupy do GTM, GA4 a reklamních účtů a administrátora CRM, případně vývojáře webu pro úpravu formulářů. Hlavně ale krátký workshop s obchodem: bez dohody, co znamená „kvalifikovaný lead“ a kdy obchodník mění fázi, žádné měření fungovat nebude. Po spuštění je důležité, aby obchodníci fáze v CRM opravdu vyplňovali.
české uvozovky „ “	/reseni/b2b-a-lead-generation	main	div	Časté otázky	shop s obchodem: bez dohody, co znamená „kvalifikovaný lead“ a kdy obchodník mění	Přístupy do GTM, GA4 a reklamních účtů a administrátora CRM, případně vývojáře webu pro úpravu formulářů. Hlavně ale krátký workshop s obchodem: bez dohody, co znamená „kvalifikovaný lead“ a kdy obchodník mění fázi, žádné měření fungovat nebude. Po spuštění je důležité, aby obchodníci fáze v CRM opravdu vyplňovali.
hranaté závorky [ ]	/reseni/b2b-a-lead-generation	main	p		[ pokračujte ]	[ pokračujte ]
hranaté závorky [ ]	/reseni/b2b-a-lead-generation	main	p		[ pokračujte ]	[ pokračujte ]
hranaté závorky [ ]	/reseni/b2b-a-lead-generation	kontakt	p	Pojďme zjistit, kolik vás stojí zakázka, ne lead	[ Kontakt ]	[ Kontakt ]
hranaté závorky [ ]	/reseni/b2b-a-lead-generation	kontakt	p	Pojďme zjistit, kolik vás stojí zakázka, ne lead	[ Kontakt ]	[ Kontakt ]
výpustka „…“	SPOLEČNÉ/form	form	textarea@placeholder	form	ovina leadů z Google Ads je nekvalitních…	Např. máme HubSpot a obchod říká, že polovina leadů z Google Ads je nekvalitních…
svislítko | v textu	/reseni/e-shopy	head	title	hlavička	í e-shopu: GA4, GTM, consent a konverze | datalayer.cz	Měření e-shopu: GA4, GTM, consent a konverze | datalayer.cz
svislítko | v textu	/reseni/e-shopy	head	meta:og:title	hlavička	í e-shopu: GA4, GTM, consent a konverze | datalayer.cz	Měření e-shopu: GA4, GTM, consent a konverze | datalayer.cz
svislítko | v textu	/reseni/e-shopy	head	meta:twitter:title	hlavička	í e-shopu: GA4, GTM, consent a konverze | datalayer.cz	Měření e-shopu: GA4, GTM, consent a konverze | datalayer.cz
otazník	/reseni/e-shopy	jsonld	jsonld:mainEntity.name	JSON-LD	 kterou má Shoptet, Upgates nebo Shopify?	Nestačí nativní integrace GA4, kterou má Shoptet, Upgates nebo Shopify?
pomlčka „–“ (U+2013)	/reseni/e-shopy	jsonld	jsonld:mainEntity.acceptedAnswer.text	JSON-LD	 s jedním reklamním kanálem často stačí – nastavíte ji vyplněním ID. Limity se uk	Pro menší e-shop s jedním reklamním kanálem často stačí – nastavíte ji vyplněním ID. Limity se ukážou, když potřebujete vlastní parametry, marži nebo server-side, nebo když se nativní integrace potká s tagy z GTM a GA4 započítá nákup dvakrát. Při auditu proto nejdřív zjistíme, co platforma skutečně posílá, a pak navrhneme, co nechat nativně a co převzít do GTM.
otazník	/reseni/e-shopy	jsonld	jsonld:mainEntity.name	JSON-LD	eukáže všechny objednávky z administrace?	Proč GA4 nikdy neukáže všechny objednávky z administrace?
pomlčka „–“ (U+2013)	/reseni/e-shopy	jsonld	jsonld:mainEntity.acceptedAnswer.text	JSON-LD	niverzální „normální“ rozdíl neexistuje – důležité je, aby byl stabilní a abyste 	GA4 měří chování v prohlížeči, administrace účtuje objednávky. Část návštěvníků odmítne analytické cookies, někdo blokuje skripty nebo se z platební brány nevrátí a v administraci jsou i telefonické a testovací objednávky. Univerzální „normální“ rozdíl neexistuje – důležité je, aby byl stabilní a abyste ho uměli vysvětlit.
anglické uvozovky “ ”	/reseni/e-shopy	jsonld	jsonld:mainEntity.acceptedAnswer.text	JSON-LD	tovací objednávky. Univerzální „normální“ rozdíl neexistuje – důležité je, aby by	GA4 měří chování v prohlížeči, administrace účtuje objednávky. Část návštěvníků odmítne analytické cookies, někdo blokuje skripty nebo se z platební brány nevrátí a v administraci jsou i telefonické a testovací objednávky. Univerzální „normální“ rozdíl neexistuje – důležité je, aby byl stabilní a abyste ho uměli vysvětlit.
české uvozovky „ “	/reseni/e-shopy	jsonld	jsonld:mainEntity.acceptedAnswer.text	JSON-LD	cké a testovací objednávky. Univerzální „normální“ rozdíl neexistuje – důležité j	GA4 měří chování v prohlížeči, administrace účtuje objednávky. Část návštěvníků odmítne analytické cookies, někdo blokuje skripty nebo se z platební brány nevrátí a v administraci jsou i telefonické a testovací objednávky. Univerzální „normální“ rozdíl neexistuje – důležité je, aby byl stabilní a abyste ho uměli vysvětlit.
otazník	/reseni/e-shopy	jsonld	jsonld:mainEntity.name	JSON-LD	Kolik měření e-shopu stojí?	Kolik měření e-shopu stojí?
otazník	/reseni/e-shopy	jsonld	jsonld:mainEntity.name	JSON-LD	 trvá a musí do ní zasahovat náš vývojář?	Jak dlouho implementace trvá a musí do ní zasahovat náš vývojář?
pomlčka „–“ (U+2013)	/reseni/e-shopy	jsonld	jsonld:mainEntity.acceptedAnswer.text	JSON-LD	kle potřebujeme úpravu šablony nebo kód – vývojářům dodáme přesnou specifikaci a 	Délka záleží hlavně na platformě, úrovni a počtu reklamních systémů, termín dostanete v nabídce. Na Shoptetu, Upgates a Shopify se většinou obejdeme bez vývojáře, u WooCommerce, PrestaShopu a vlastních řešení obvykle potřebujeme úpravu šablony nebo kód – vývojářům dodáme přesnou specifikaci a výsledek otestujeme. Nejvíc času zabere validace: měření necháme běžet a porovnáme ho s administrací.
otazník	/reseni/e-shopy	jsonld	jsonld:mainEntity.name	JSON-LD	omu budou patřit účty, kontejnery a data?	Komu budou patřit účty, kontejnery a data?
otazník	/reseni/e-shopy	jsonld	jsonld:mainEntity.name	JSON-LD	 v souladu s GDPR a pravidly pro cookies?	Je měření v souladu s GDPR a pravidly pro cookies?
pomlčka „–“ (U+2013)	/reseni/e-shopy	jsonld	jsonld:mainEntity.acceptedAnswer.text	JSON-LD	telné podobě. Nejsme advokátní kancelář – texty zásad a právní posouzení by měl s	Marketingové a analytické tagy web spustí až po souhlasu, odmítnutí je rovnocenné přijetí a Consent Mode v2 posílá Googlu správné signály. Vycházíme z § 89 odst. 3 zákona o elektronických komunikacích a doporučení ÚOOÚ a do GA4 neposíláme osobní údaje v čitelné podobě. Nejsme advokátní kancelář – texty zásad a právní posouzení by měl schválit váš právník.
hranaté závorky [ ]	/reseni/e-shopy	main	p		[ řešení pro e-shopy ]	[ řešení pro e-shopy ]
hranaté závorky [ ]	/reseni/e-shopy	main	p		[ řešení pro e-shopy ]	[ řešení pro e-shopy ]
hranaté závorky [ ]	/reseni/e-shopy	main	a		[ Konzultovat měření e-shopu ]	[ Konzultovat měření e-shopu ]
hranaté závorky [ ]	/reseni/e-shopy	main	a		[ Konzultovat měření e-shopu ]	[ Konzultovat měření e-shopu ]
hranaté závorky [ ]	/reseni/e-shopy	main	a		[ Co platforma změří sama ]	[ Co platforma změří sama ]
hranaté závorky [ ]	/reseni/e-shopy	main	a		[ Co platforma změří sama ]	[ Co platforma změří sama ]
středová tečka „·“ (U+00B7)	/reseni/e-shopy	main	p		Třicet minut zdarma · stačí adresa e-shopu · odpovídáme do je	Třicet minut zdarma · stačí adresa e-shopu · odpovídáme do jednoho pracovního dne
středová tečka „·“ (U+00B7)	/reseni/e-shopy	main	p		cet minut zdarma · stačí adresa e-shopu · odpovídáme do jednoho pracovního dne	Třicet minut zdarma · stačí adresa e-shopu · odpovídáme do jednoho pracovního dne
hranaté závorky [ ]	/reseni/e-shopy	main	p	Poznáváte se?	[ symptomy ]	[ symptomy ]
hranaté závorky [ ]	/reseni/e-shopy	main	p	Poznáváte se?	[ symptomy ]	[ symptomy ]
otazník	/reseni/e-shopy	main	h2	Poznáváte se?	Poznáváte se?	Poznáváte se?
hranaté závorky [ ]	/reseni/e-shopy	main	p	Z čeho se skládá kompletní měření e-shopu	[ co uděláme ]	[ co uděláme ]
hranaté závorky [ ]	/reseni/e-shopy	main	p	Z čeho se skládá kompletní měření e-shopu	[ co uděláme ]	[ co uděláme ]
pomlčka „–“ (U+2013)	/reseni/e-shopy	main	div	Z čeho se skládá kompletní měření e-shopu	ní produktu po nákup ve stejném formátu – z platformy, nebo jako zadání pro vývoj	Události od zobrazení produktu po nákup ve stejném formátu – z platformy, nebo jako zadání pro vývojáře.
šipka →	/reseni/e-shopy	main	a	Z čeho se skládá kompletní měření e-shopu	Datová vrstva →	Datová vrstva →
šipka →	/reseni/e-shopy	main	a	Z čeho se skládá kompletní měření e-shopu	Implementace GA4 →	Implementace GA4 →
šipka →	/reseni/e-shopy	main	a	Z čeho se skládá kompletní měření e-shopu	Cookie lišta a Consent Mode →	Cookie lišta a Consent Mode →
šipka →	/reseni/e-shopy	main	a	Z čeho se skládá kompletní měření e-shopu	Server-side tracking →	Server-side tracking →
šipka →	/reseni/e-shopy	main	a	Z čeho se skládá kompletní měření e-shopu	Měření konverzí →	Měření konverzí →
šipka →	/reseni/e-shopy	main	a	Z čeho se skládá kompletní měření e-shopu	Proč ne v prohlížeči →	Proč ne v prohlížeči →
pomlčka „–“ (U+2013)	/reseni/e-shopy	main	div	Z čeho se skládá kompletní měření e-shopu	dnávkami, vratkami a náklady na reklamu – bez vzorkování.	Export GA4 spojíme s objednávkami, vratkami a náklady na reklamu – bez vzorkování.
šipka →	/reseni/e-shopy	main	a	Z čeho se skládá kompletní měření e-shopu	BigQuery →	BigQuery →
šipka →	/reseni/e-shopy	main	a	Z čeho se skládá kompletní měření e-shopu	Dashboardy a reporting →	Dashboardy a reporting →
hranaté závorky [ ]	/reseni/e-shopy	main	p	Jak data tečou z e-shopu do reportu	[ tok dat ]	[ tok dat ]
hranaté závorky [ ]	/reseni/e-shopy	main	p	Jak data tečou z e-shopu do reportu	[ tok dat ]	[ tok dat ]
pomlčka „–“ (U+2013)	/reseni/e-shopy	main	p	Jak data tečou z e-shopu do reportu	Každý nákup vzniká jednou – v datové vrstvě. Odtud ho Tag Manager p	Každý nákup vzniká jednou – v datové vrstvě. Odtud ho Tag Manager pošle do GA4 a přes server do reklamních systémů.
výpustka „…“	/reseni/e-shopy	main	li	Jak data tečou z e-shopu do reportu	dataLayer: view_item … purchase	dataLayer: view_item … purchase
hranaté závorky [ ]	/reseni/e-shopy	main	p	Čtyři úrovně měření podle toho, kde je váš e-shop	[ úrovně ]	[ úrovně ]
hranaté závorky [ ]	/reseni/e-shopy	main	p	Čtyři úrovně měření podle toho, kde je váš e-shop	[ úrovně ]	[ úrovně ]
pomlčka „–“ (U+2013)	/reseni/e-shopy	main	div	Čtyři úrovně měření podle toho, kde je váš e-shop	každý, kdo otevře nástroje pro vývojáře – včetně konkurence. Proto do prohlížeče 	Co je v datové vrstvě, vidí každý, kdo otevře nástroje pro vývojáře – včetně konkurence. Proto do prohlížeče posíláme jen prodejní cenu a marži doplní server-side GTM z feedu nebo ERP těsně před odesláním konverze do Google Ads nebo Mety. Reklamní systémy pak optimalizují na hrubý zisk a nákupní ceny zůstanou u vás.
hranaté závorky [ ]	/reseni/e-shopy	main	p	Co vaše platforma změří sama – a co chybí	[ platformy ]	[ platformy ]
hranaté závorky [ ]	/reseni/e-shopy	main	p	Co vaše platforma změří sama – a co chybí	[ platformy ]	[ platformy ]
pomlčka „–“ (U+2013)	/reseni/e-shopy	main	h2	Co vaše platforma změří sama – a co chybí	Co vaše platforma změří sama – a co chybí	Co vaše platforma změří sama – a co chybí
ampersand &	/reseni/e-shopy	main	p	Co vaše platforma změří sama – a co chybí	: GA4 a Google Ads přes aplikaci Google & YouTube, cookie lištu s Consent Mode v2	Umí: GA4 a Google Ads přes aplikaci Google & YouTube, cookie lištu s Consent Mode v2 a Metu přes aplikaci Facebook & Instagram.
ampersand &	/reseni/e-shopy	main	p	Co vaše platforma změří sama – a co chybí	t Mode v2 a Metu přes aplikaci Facebook & Instagram.	Umí: GA4 a Google Ads přes aplikaci Google & YouTube, cookie lištu s Consent Mode v2 a Metu přes aplikaci Facebook & Instagram.
pomlčka „–“ (U+2013)	/reseni/e-shopy	main	p	Co vaše platforma změří sama – a co chybí	ag Manager, Consent Mode a české služby – řeší je moduly třetích stran různé kval	Chybí: Tag Manager, Consent Mode a české služby – řeší je moduly třetích stran různé kvality, které se mohou překrývat.
pomlčka „–“ (U+2013)	/reseni/e-shopy	main	p	Co vaše platforma změří sama – a co chybí	Umí: nic – měření je přesně tak dobré, jak dobré b	Umí: nic – měření je přesně tak dobré, jak dobré bylo zadání, i u Magenta, Adobe Commerce nebo Shopsysu.
hranaté závorky [ ]	/reseni/e-shopy	main	p	Jak postupujeme	[ postup ]	[ postup ]
hranaté závorky [ ]	/reseni/e-shopy	main	p	Jak postupujeme	[ postup ]	[ postup ]
hranaté závorky [ ]	/reseni/e-shopy	main	p	Jak poznáte, že měření e-shopu funguje	[ checklist ]	[ checklist ]
hranaté závorky [ ]	/reseni/e-shopy	main	p	Jak poznáte, že měření e-shopu funguje	[ checklist ]	[ checklist ]
otazník	/reseni/e-shopy	main	p	Jak poznáte, že měření e-shopu funguje	Platí všech pět bodů? Můžete jít dál k marži nebo BigQuery, j	Platí všech pět bodů? Můžete jít dál k marži nebo BigQuery, jinak doporučujeme začít auditem měření.
hranaté závorky [ ]	/reseni/e-shopy	main	p	Časté otázky	[ FAQ ]	[ FAQ ]
hranaté závorky [ ]	/reseni/e-shopy	main	p	Časté otázky	[ FAQ ]	[ FAQ ]
otazník	/reseni/e-shopy	main	p	Časté otázky	Nenašli jste odpověď? Napište nám.	Nenašli jste odpověď? Napište nám.
anglické uvozovky “ ”	/reseni/e-shopy	main	li	Časté otázky	personalization pod souhlasem „Profilace“. Nové parametry nativní integrace v dat	Shoptet posílá signály ad_user_data a ad_personalization pod souhlasem „Profilace“. Nové parametry nativní integrace v dataLayeru nejsou a deduplikaci u Conversions API dokumentace nepopisuje.
české uvozovky „ “	/reseni/e-shopy	main	li	Časté otázky	data a ad_personalization pod souhlasem „Profilace“. Nové parametry nativní integ	Shoptet posílá signály ad_user_data a ad_personalization pod souhlasem „Profilace“. Nové parametry nativní integrace v dataLayeru nejsou a deduplikaci u Conversions API dokumentace nepopisuje.
ampersand &	/reseni/e-shopy	main	li	Časté otázky	xel Helper a DebugView. Aplikace Google & YouTube propojí přímo jen jeden účet Go	Shopify: vlastní pixel odebírá standardní události Web Pixels od product_viewed po checkout_completed a převede je do datové vrstvy, třeba checkout_completed na purchase. Tag Assistant s ním nefunguje, testujeme přes Shopify Pixel Helper a DebugView. Aplikace Google & YouTube propojí přímo jen jeden účet Google Ads.
anglické uvozovky “ ”	/reseni/e-shopy	main	li	Časté otázky	ovějšími a moduly pro „one-page checkout“ mění kroky pokladny.	PrestaShop: chování modulů se liší mezi verzemi 1.7, 8.x a novějšími a moduly pro „one-page checkout“ mění kroky pokladny.
české uvozovky „ “	/reseni/e-shopy	main	li	Časté otázky	rzemi 1.7, 8.x a novějšími a moduly pro „one-page checkout“ mění kroky pokladny.	PrestaShop: chování modulů se liší mezi verzemi 1.7, 8.x a novějšími a moduly pro „one-page checkout“ mění kroky pokladny.
desetinná tečka (3.5)	/reseni/e-shopy	main	li	Časté otázky	op: chování modulů se liší mezi verzemi 1.7, 8.x a novějšími a moduly pro „one-page	PrestaShop: chování modulů se liší mezi verzemi 1.7, 8.x a novějšími a moduly pro „one-page checkout“ mění kroky pokladny.
otazník	/reseni/e-shopy	main	summary	Časté otázky	 kterou má Shoptet, Upgates nebo Shopify?	Nestačí nativní integrace GA4, kterou má Shoptet, Upgates nebo Shopify?
pomlčka „–“ (U+2013)	/reseni/e-shopy	main	div	Časté otázky	 s jedním reklamním kanálem často stačí – nastavíte ji vyplněním ID. Limity se uk	Pro menší e-shop s jedním reklamním kanálem často stačí – nastavíte ji vyplněním ID. Limity se ukážou, když potřebujete vlastní parametry, marži nebo server-side, nebo když se nativní integrace potká s tagy z GTM a GA4 započítá nákup dvakrát. Při auditu proto nejdřív zjistíme, co platforma skutečně posílá, a pak navrhneme, co nechat nativně a co převzít do GTM.
otazník	/reseni/e-shopy	main	summary	Časté otázky	eukáže všechny objednávky z administrace?	Proč GA4 nikdy neukáže všechny objednávky z administrace?
pomlčka „–“ (U+2013)	/reseni/e-shopy	main	div	Časté otázky	niverzální „normální“ rozdíl neexistuje – důležité je, aby byl stabilní a abyste 	GA4 měří chování v prohlížeči, administrace účtuje objednávky. Část návštěvníků odmítne analytické cookies, někdo blokuje skripty nebo se z platební brány nevrátí a v administraci jsou i telefonické a testovací objednávky. Univerzální „normální“ rozdíl neexistuje – důležité je, aby byl stabilní a abyste ho uměli vysvětlit.
anglické uvozovky “ ”	/reseni/e-shopy	main	div	Časté otázky	tovací objednávky. Univerzální „normální“ rozdíl neexistuje – důležité je, aby by	GA4 měří chování v prohlížeči, administrace účtuje objednávky. Část návštěvníků odmítne analytické cookies, někdo blokuje skripty nebo se z platební brány nevrátí a v administraci jsou i telefonické a testovací objednávky. Univerzální „normální“ rozdíl neexistuje – důležité je, aby byl stabilní a abyste ho uměli vysvětlit.
české uvozovky „ “	/reseni/e-shopy	main	div	Časté otázky	cké a testovací objednávky. Univerzální „normální“ rozdíl neexistuje – důležité j	GA4 měří chování v prohlížeči, administrace účtuje objednávky. Část návštěvníků odmítne analytické cookies, někdo blokuje skripty nebo se z platební brány nevrátí a v administraci jsou i telefonické a testovací objednávky. Univerzální „normální“ rozdíl neexistuje – důležité je, aby byl stabilní a abyste ho uměli vysvětlit.
otazník	/reseni/e-shopy	main	summary	Časté otázky	Kolik měření e-shopu stojí?	Kolik měření e-shopu stojí?
otazník	/reseni/e-shopy	main	summary	Časté otázky	 trvá a musí do ní zasahovat náš vývojář?	Jak dlouho implementace trvá a musí do ní zasahovat náš vývojář?
pomlčka „–“ (U+2013)	/reseni/e-shopy	main	div	Časté otázky	kle potřebujeme úpravu šablony nebo kód – vývojářům dodáme přesnou specifikaci a 	Délka záleží hlavně na platformě, úrovni a počtu reklamních systémů, termín dostanete v nabídce. Na Shoptetu, Upgates a Shopify se většinou obejdeme bez vývojáře, u WooCommerce, PrestaShopu a vlastních řešení obvykle potřebujeme úpravu šablony nebo kód – vývojářům dodáme přesnou specifikaci a výsledek otestujeme. Nejvíc času zabere validace: měření necháme běžet a porovnáme ho s administrací.
otazník	/reseni/e-shopy	main	summary	Časté otázky	omu budou patřit účty, kontejnery a data?	Komu budou patřit účty, kontejnery a data?
otazník	/reseni/e-shopy	main	summary	Časté otázky	 v souladu s GDPR a pravidly pro cookies?	Je měření v souladu s GDPR a pravidly pro cookies?
pomlčka „–“ (U+2013)	/reseni/e-shopy	main	div	Časté otázky	telné podobě. Nejsme advokátní kancelář – texty zásad a právní posouzení by měl s	Marketingové a analytické tagy web spustí až po souhlasu, odmítnutí je rovnocenné přijetí a Consent Mode v2 posílá Googlu správné signály. Vycházíme z § 89 odst. 3 zákona o elektronických komunikacích a doporučení ÚOOÚ a do GA4 neposíláme osobní údaje v čitelné podobě. Nejsme advokátní kancelář – texty zásad a právní posouzení by měl schválit váš právník.
hranaté závorky [ ]	/reseni/e-shopy	main	p		[ pokračujte ]	[ pokračujte ]
hranaté závorky [ ]	/reseni/e-shopy	main	p		[ pokračujte ]	[ pokračujte ]
hranaté závorky [ ]	/reseni/e-shopy	kontakt	p	Ukažte nám svůj e-shop. Řekneme, kde utíkají objed	[ Kontakt ]	[ Kontakt ]
hranaté závorky [ ]	/reseni/e-shopy	kontakt	p	Ukažte nám svůj e-shop. Řekneme, kde utíkají objed	[ Kontakt ]	[ Kontakt ]
výpustka „…“	SPOLEČNÉ/form	form	textarea@placeholder	form	procent méně objednávek než administrace…	Např. jsme na Shoptetu a GA4 ukazuje o patnáct procent méně objednávek než administrace…
svislítko | v textu	/reseni/velke-firmy	head	title	hlavička	 pro velké firmy: governance a BigQuery | datalayer.cz	Měření pro velké firmy: governance a BigQuery | datalayer.cz
svislítko | v textu	/reseni/velke-firmy	head	meta:og:title	hlavička	 pro velké firmy: governance a BigQuery | datalayer.cz	Měření pro velké firmy: governance a BigQuery | datalayer.cz
svislítko | v textu	/reseni/velke-firmy	head	meta:twitter:title	hlavička	 pro velké firmy: governance a BigQuery | datalayer.cz	Měření pro velké firmy: governance a BigQuery | datalayer.cz
otazník	/reseni/velke-firmy	jsonld	jsonld:mainEntity.name	JSON-LD	Potřebujeme Google Analytics 360?	Potřebujeme Google Analytics 360?
otazník	/reseni/velke-firmy	jsonld	jsonld:mainEntity.name	JSON-LD	Kde budou naše data fyzicky ležet?	Kde budou naše data fyzicky ležet?
pomlčka „–“ (U+2013)	/reseni/velke-firmy	jsonld	jsonld:mainEntity.acceptedAnswer.text	JSON-LD	uery nasadíme do regionu, který zvolíte – typicky do multiregionu EU, tedy Belgie	Server-side GTM a BigQuery nasadíme do regionu, který zvolíte – typicky do multiregionu EU, tedy Belgie a Nizozemska, nebo do Frankfurtu či Varšavy. Samotné GA4 sbírá data z EU zařízení přes servery v EU a IP adresy neukládá. Další zpracování řídí podmínky Googlu a předání do USA rámec EU–US Data Privacy Framework – posouzení nechte na DPO.
pomlčka „–“ (U+2013)	/reseni/velke-firmy	jsonld	jsonld:mainEntity.acceptedAnswer.text	JSON-LD	odmínky Googlu a předání do USA rámec EU–US Data Privacy Framework – posouzení ne	Server-side GTM a BigQuery nasadíme do regionu, který zvolíte – typicky do multiregionu EU, tedy Belgie a Nizozemska, nebo do Frankfurtu či Varšavy. Samotné GA4 sbírá data z EU zařízení přes servery v EU a IP adresy neukládá. Další zpracování řídí podmínky Googlu a předání do USA rámec EU–US Data Privacy Framework – posouzení nechte na DPO.
pomlčka „–“ (U+2013)	/reseni/velke-firmy	jsonld	jsonld:mainEntity.acceptedAnswer.text	JSON-LD	 USA rámec EU–US Data Privacy Framework – posouzení nechte na DPO.	Server-side GTM a BigQuery nasadíme do regionu, který zvolíte – typicky do multiregionu EU, tedy Belgie a Nizozemska, nebo do Frankfurtu či Varšavy. Samotné GA4 sbírá data z EU zařízení přes servery v EU a IP adresy neukládá. Další zpracování řídí podmínky Googlu a předání do USA rámec EU–US Data Privacy Framework – posouzení nechte na DPO.
otazník	/reseni/velke-firmy	jsonld	jsonld:mainEntity.name	JSON-LD	k spolupracujete s naším IT a agenturami?	Jak spolupracujete s naším IT a agenturami?
otazník	/reseni/velke-firmy	jsonld	jsonld:mainEntity.name	JSON-LD	čty a data a co když spolupráci ukončíme?	Komu patří účty a data a co když spolupráci ukončíme?
otazník	/reseni/velke-firmy	jsonld	jsonld:mainEntity.name	JSON-LD	Jak u velkého projektu vzniká cena?	Jak u velkého projektu vzniká cena?
pomlčka „–“ (U+2013)	/reseni/velke-firmy	jsonld	jsonld:mainEntity.acceptedAnswer.text	JSON-LD	. Z jejích výstupů navrhneme další fáze – pilot, rollout a provoz – s rozsahem a 	Discovery a audit nabízíme jako samostatnou fázi s pevným rozsahem. Z jejích výstupů navrhneme další fáze – pilot, rollout a provoz – s rozsahem a výstupy pro každou z nich. Cenu ovlivňuje hlavně počet domén a trhů, agentur a kontejnerů, server-side a BigQuery a požadovaná úroveň SLA. Náklady na Google Cloud a případné licence, třeba GA4 360, platíte přímo poskytovatelům.
pomlčka „–“ (U+2013)	/reseni/velke-firmy	jsonld	jsonld:mainEntity.acceptedAnswer.text	JSON-LD	me další fáze – pilot, rollout a provoz – s rozsahem a výstupy pro každou z nich.	Discovery a audit nabízíme jako samostatnou fázi s pevným rozsahem. Z jejích výstupů navrhneme další fáze – pilot, rollout a provoz – s rozsahem a výstupy pro každou z nich. Cenu ovlivňuje hlavně počet domén a trhů, agentur a kontejnerů, server-side a BigQuery a požadovaná úroveň SLA. Náklady na Google Cloud a případné licence, třeba GA4 360, platíte přímo poskytovatelům.
otazník	/reseni/velke-firmy	jsonld	jsonld:mainEntity.name	JSON-LD	Jak dlouho velký projekt trvá?	Jak dlouho velký projekt trvá?
pomlčka „–“ (U+2013)	/reseni/velke-firmy	jsonld	jsonld:mainEntity.acceptedAnswer.text	JSON-LD	. Po discovery ověříme řešení na pilotu – jednom trhu nebo doméně – a další trhy 	Délku určuje hlavně počet trhů a domén a kapacita vývoje. Po discovery ověříme řešení na pilotu – jednom trhu nebo doméně – a další trhy přidáváme podle jeho výsledků. Termíny jednotlivých fází navrhneme z výstupů discovery.
pomlčka „–“ (U+2013)	/reseni/velke-firmy	jsonld	jsonld:mainEntity.acceptedAnswer.text	JSON-LD	ení na pilotu – jednom trhu nebo doméně – a další trhy přidáváme podle jeho výsle	Délku určuje hlavně počet trhů a domén a kapacita vývoje. Po discovery ověříme řešení na pilotu – jednom trhu nebo doméně – a další trhy přidáváme podle jeho výsledků. Termíny jednotlivých fází navrhneme z výstupů discovery.
hranaté závorky [ ]	/reseni/velke-firmy	main	p		[ řešení pro velké firmy ]	[ řešení pro velké firmy ]
hranaté závorky [ ]	/reseni/velke-firmy	main	p		[ řešení pro velké firmy ]	[ řešení pro velké firmy ]
pomlčka „–“ (U+2013)	/reseni/velke-firmy	main	p		la na všech trzích. Stojí na governance – jednotném měřicím plánu, názvosloví, re	Měření, které projde bezpečnostním review, přežije release webu a dá stejná čísla na všech trzích. Stojí na governance – jednotném měřicím plánu, názvosloví, release procesu Tag Manageru a řízení přístupů – a na server-side a BigQuery ve vašem Google Cloudu s daty v EU. Smluvní rámec tvoří zpracovatelská smlouva a SLA, na kterém se dohodneme.
pomlčka „–“ (U+2013)	/reseni/velke-firmy	main	p		 procesu Tag Manageru a řízení přístupů – a na server-side a BigQuery ve vašem Go	Měření, které projde bezpečnostním review, přežije release webu a dá stejná čísla na všech trzích. Stojí na governance – jednotném měřicím plánu, názvosloví, release procesu Tag Manageru a řízení přístupů – a na server-side a BigQuery ve vašem Google Cloudu s daty v EU. Smluvní rámec tvoří zpracovatelská smlouva a SLA, na kterém se dohodneme.
hranaté závorky [ ]	/reseni/velke-firmy	main	a		[ Domluvit úvodní schůzku ]	[ Domluvit úvodní schůzku ]
hranaté závorky [ ]	/reseni/velke-firmy	main	a		[ Domluvit úvodní schůzku ]	[ Domluvit úvodní schůzku ]
hranaté závorky [ ]	/reseni/velke-firmy	main	a		[ Bezpečnost a soulad ]	[ Bezpečnost a soulad ]
hranaté závorky [ ]	/reseni/velke-firmy	main	a		[ Bezpečnost a soulad ]	[ Bezpečnost a soulad ]
středová tečka „·“ (U+00B7)	/reseni/velke-firmy	main	p		Rádi přizveme i IT a DPO · NDA před první schůzkou na požádání	Rádi přizveme i IT a DPO · NDA před první schůzkou na požádání
hranaté závorky [ ]	/reseni/velke-firmy	main	p	Poznáváte se?	[ symptomy ]	[ symptomy ]
hranaté závorky [ ]	/reseni/velke-firmy	main	p	Poznáváte se?	[ symptomy ]	[ symptomy ]
otazník	/reseni/velke-firmy	main	h2	Poznáváte se?	Poznáváte se?	Poznáváte se?
pomlčka „–“ (U+2013)	/reseni/velke-firmy	main	div	Poznáváte se?	e, Slovensko nakup a Maďarsko nemá měnu – čísla za skupinu nejdou sečíst.	Česko posílá purchase, Slovensko nakup a Maďarsko nemá měnu – čísla za skupinu nejdou sečíst.
pomlčka „–“ (U+2013)	/reseni/velke-firmy	main	div	Poznáváte se?	valí zaměstnanci a jeden neznámý e-mail – a nikdo neví, kdo co publikoval.	Pět agentur, dva bývalí zaměstnanci a jeden neznámý e-mail – a nikdo neví, kdo co publikoval.
hranaté závorky [ ]	/reseni/velke-firmy	main	p	Governance měření: pravidla, která přežijí změny t	[ governance ]	[ governance ]
hranaté závorky [ ]	/reseni/velke-firmy	main	p	Governance měření: pravidla, která přežijí změny t	[ governance ]	[ governance ]
pomlčka „–“ (U+2013)	/reseni/velke-firmy	main	div	Governance měření: pravidla, která přežijí změny t	e na skutečných datech, ne na demo účtu – od reportů GA4 po export v BigQuery.	Marketing, vývojáře i analytiky zaškolíme na skutečných datech, ne na demo účtu – od reportů GA4 po export v BigQuery.
hranaté závorky [ ]	/reseni/velke-firmy	main	p	Jak vypadá architektura pro více trhů	[ architektura ]	[ architektura ]
hranaté závorky [ ]	/reseni/velke-firmy	main	p	Jak vypadá architektura pro více trhů	[ architektura ]	[ architektura ]
středová tečka „·“ (U+00B7)	/reseni/velke-firmy	main	li	Jak vypadá architektura pro více trhů	firma.cz · firma.sk · firma.hu	firma.cz · firma.sk · firma.hu
středová tečka „·“ (U+00B7)	/reseni/velke-firmy	main	li	Jak vypadá architektura pro více trhů	firma.cz · firma.sk · firma.hu	firma.cz · firma.sk · firma.hu
středová tečka „·“ (U+00B7)	/reseni/velke-firmy	main	li	Jak vypadá architektura pro více trhů	Google Ads · Meta · LinkedIn	Google Ads · Meta · LinkedIn
středová tečka „·“ (U+00B7)	/reseni/velke-firmy	main	li	Jak vypadá architektura pro více trhů	Google Ads · Meta · LinkedIn	Google Ads · Meta · LinkedIn
pomlčka „–“ (U+2013)	/reseni/velke-firmy	main	figcaption	Jak vypadá architektura pro více trhů	am tečou i data z CRM a ERP. Governance – měřicí plán, názvosloví, Git, IAM a mon	Domény a zákaznický portál posílají data přes jednotnou datovou vrstvu do GTM a CMP předává souhlas každé domény přes Consent Mode v2. Server-side GTM v Google Cloud projektu firmy pošle data do GA4 a reklamních systémů, GA4 je exportuje do BigQuery v EU, kam tečou i data z CRM a ERP. Governance – měřicí plán, názvosloví, Git, IAM a monitoring – řídí všechny vrstvy.
pomlčka „–“ (U+2013)	/reseni/velke-firmy	main	figcaption	Jak vypadá architektura pro více trhů	plán, názvosloví, Git, IAM a monitoring – řídí všechny vrstvy.	Domény a zákaznický portál posílají data přes jednotnou datovou vrstvu do GTM a CMP předává souhlas každé domény přes Consent Mode v2. Server-side GTM v Google Cloud projektu firmy pošle data do GA4 a reklamních systémů, GA4 je exportuje do BigQuery v EU, kam tečou i data z CRM a ERP. Governance – měřicí plán, názvosloví, Git, IAM a monitoring – řídí všechny vrstvy.
středová tečka „·“ (U+00B7)	/reseni/velke-firmy	main	span	Jak vypadá architektura pro více trhů	bigquery · eu	bigquery · eu
pomlčka „–“ (U+2013)	/reseni/velke-firmy	main	div	Jak vypadá architektura pro více trhů	nkfurt, volíte hned při propojení s GA4 – pozdější přesun hrozí mezerou v datech.	Region datasetu, třeba multiregion EU nebo Frankfurt, volíte hned při propojení s GA4 – pozdější přesun hrozí mezerou v datech.
hranaté závorky [ ]	/reseni/velke-firmy	main	p	Bezpečnost a soulad: checklist pro nákup a IT	[ bezpečnost ]	[ bezpečnost ]
hranaté závorky [ ]	/reseni/velke-firmy	main	p	Bezpečnost a soulad: checklist pro nákup a IT	[ bezpečnost ]	[ bezpečnost ]
pomlčka „–“ (U+2013)	/reseni/velke-firmy	main	p	Bezpečnost a soulad: checklist pro nákup a IT	Nejsme advokátní kancelář – právní posouzení patří právnímu oddělen	Nejsme advokátní kancelář – právní posouzení patří právnímu oddělení nebo DPO.
hranaté závorky [ ]	/reseni/velke-firmy	main	p	Jak postupujeme u velkého projektu	[ postup ]	[ postup ]
hranaté závorky [ ]	/reseni/velke-firmy	main	p	Jak postupujeme u velkého projektu	[ postup ]	[ postup ]
hranaté závorky [ ]	/reseni/velke-firmy	main	p	SLA a podpora po spuštění	[ SLA ]	[ SLA ]
hranaté závorky [ ]	/reseni/velke-firmy	main	p	SLA a podpora po spuštění	[ SLA ]	[ SLA ]
pomlčka „–“ (U+2013)	/reseni/velke-firmy	main	th	SLA a podpora po spuštění	P1 – kritická	P1 – kritická
pomlčka „–“ (U+2013)	/reseni/velke-firmy	main	th	SLA a podpora po spuštění	P2 – vysoká	P2 – vysoká
pomlčka „–“ (U+2013)	/reseni/velke-firmy	main	th	SLA a podpora po spuštění	P3 – běžná	P3 – běžná
hranaté závorky [ ]	/reseni/velke-firmy	main	p	Jak poznáte, že měření funguje	[ monitoring ]	[ monitoring ]
hranaté závorky [ ]	/reseni/velke-firmy	main	p	Jak poznáte, že měření funguje	[ monitoring ]	[ monitoring ]
hranaté závorky [ ]	/reseni/velke-firmy	main	p	Časté otázky	[ FAQ ]	[ FAQ ]
hranaté závorky [ ]	/reseni/velke-firmy	main	p	Časté otázky	[ FAQ ]	[ FAQ ]
otazník	/reseni/velke-firmy	main	p	Časté otázky	Nenašli jste odpověď? Napište nám.	Nenašli jste odpověď? Napište nám.
rovný apostrof '	/reseni/velke-firmy	main	pre	Časté otázky	test('purchase má měnu, hodnotu a položky', as	test('purchase má měnu, hodnotu a položky', async ({ page }) => { await page.goto(process.env.STAGING_URL + '/test-checkout?order=QA-1'); const purchase = await page.evaluate(() => window.dataLayer.find(e => e.event === 'purchase')); expect(purchase.ecommerce.currency).toMatch(/^(CZK|EUR|HUF)$/); expect(purchase.ecommerce.value).toBeGreaterThan(0); expect(purchase.ecommerce.items.length).toBeGreaterThan(0); });
rovný apostrof '	/reseni/velke-firmy	main	pre	Časté otázky	est('purchase má měnu, hodnotu a položky', async ({ page }) => { await page.goto(	test('purchase má měnu, hodnotu a položky', async ({ page }) => { await page.goto(process.env.STAGING_URL + '/test-checkout?order=QA-1'); const purchase = await page.evaluate(() => window.dataLayer.find(e => e.event === 'purchase')); expect(purchase.ecommerce.currency).toMatch(/^(CZK|EUR|HUF)$/); expect(purchase.ecommerce.value).toBeGreaterThan(0); expect(purchase.ecommerce.items.length).toBeGreaterThan(0); });
rovný apostrof '	/reseni/velke-firmy	main	pre	Časté otázky	ait page.goto(process.env.STAGING_URL + '/test-checkout?order=QA-1'); const purch	test('purchase má měnu, hodnotu a položky', async ({ page }) => { await page.goto(process.env.STAGING_URL + '/test-checkout?order=QA-1'); const purchase = await page.evaluate(() => window.dataLayer.find(e => e.event === 'purchase')); expect(purchase.ecommerce.currency).toMatch(/^(CZK|EUR|HUF)$/); expect(purchase.ecommerce.value).toBeGreaterThan(0); expect(purchase.ecommerce.items.length).toBeGreaterThan(0); });
rovný apostrof '	/reseni/velke-firmy	main	pre	Časté otázky	STAGING_URL + '/test-checkout?order=QA-1'); const purchase = await page.evaluate(	test('purchase má měnu, hodnotu a položky', async ({ page }) => { await page.goto(process.env.STAGING_URL + '/test-checkout?order=QA-1'); const purchase = await page.evaluate(() => window.dataLayer.find(e => e.event === 'purchase')); expect(purchase.ecommerce.currency).toMatch(/^(CZK|EUR|HUF)$/); expect(purchase.ecommerce.value).toBeGreaterThan(0); expect(purchase.ecommerce.items.length).toBeGreaterThan(0); });
rovný apostrof '	/reseni/velke-firmy	main	pre	Časté otázky	 window.dataLayer.find(e => e.event === 'purchase')); expect(purchase.ecommerce.c	test('purchase má měnu, hodnotu a položky', async ({ page }) => { await page.goto(process.env.STAGING_URL + '/test-checkout?order=QA-1'); const purchase = await page.evaluate(() => window.dataLayer.find(e => e.event === 'purchase')); expect(purchase.ecommerce.currency).toMatch(/^(CZK|EUR|HUF)$/); expect(purchase.ecommerce.value).toBeGreaterThan(0); expect(purchase.ecommerce.items.length).toBeGreaterThan(0); });
rovný apostrof '	/reseni/velke-firmy	main	pre	Časté otázky	ataLayer.find(e => e.event === 'purchase')); expect(purchase.ecommerce.currency).	test('purchase má měnu, hodnotu a položky', async ({ page }) => { await page.goto(process.env.STAGING_URL + '/test-checkout?order=QA-1'); const purchase = await page.evaluate(() => window.dataLayer.find(e => e.event === 'purchase')); expect(purchase.ecommerce.currency).toMatch(/^(CZK|EUR|HUF)$/); expect(purchase.ecommerce.value).toBeGreaterThan(0); expect(purchase.ecommerce.items.length).toBeGreaterThan(0); });
svislítko | v textu	/reseni/velke-firmy	main	pre	Časté otázky	chase.ecommerce.currency).toMatch(/^(CZK|EUR|HUF)$/); expect(purchase.ecommerce.v	test('purchase má měnu, hodnotu a položky', async ({ page }) => { await page.goto(process.env.STAGING_URL + '/test-checkout?order=QA-1'); const purchase = await page.evaluate(() => window.dataLayer.find(e => e.event === 'purchase')); expect(purchase.ecommerce.currency).toMatch(/^(CZK|EUR|HUF)$/); expect(purchase.ecommerce.value).toBeGreaterThan(0); expect(purchase.ecommerce.items.length).toBeGreaterThan(0); });
svislítko | v textu	/reseni/velke-firmy	main	pre	Časté otázky	e.ecommerce.currency).toMatch(/^(CZK|EUR|HUF)$/); expect(purchase.ecommerce.value	test('purchase má měnu, hodnotu a položky', async ({ page }) => { await page.goto(process.env.STAGING_URL + '/test-checkout?order=QA-1'); const purchase = await page.evaluate(() => window.dataLayer.find(e => e.event === 'purchase')); expect(purchase.ecommerce.currency).toMatch(/^(CZK|EUR|HUF)$/); expect(purchase.ecommerce.value).toBeGreaterThan(0); expect(purchase.ecommerce.items.length).toBeGreaterThan(0); });
dolar $	/reseni/velke-firmy	main	pre	Časté otázky	mmerce.currency).toMatch(/^(CZK|EUR|HUF)$/); expect(purchase.ecommerce.value).toB	test('purchase má měnu, hodnotu a položky', async ({ page }) => { await page.goto(process.env.STAGING_URL + '/test-checkout?order=QA-1'); const purchase = await page.evaluate(() => window.dataLayer.find(e => e.event === 'purchase')); expect(purchase.ecommerce.currency).toMatch(/^(CZK|EUR|HUF)$/); expect(purchase.ecommerce.value).toBeGreaterThan(0); expect(purchase.ecommerce.items.length).toBeGreaterThan(0); });
otazník	/reseni/velke-firmy	main	pre	Časté otázky	rocess.env.STAGING_URL + '/test-checkout?order=QA-1'); const purchase = await pag	test('purchase má měnu, hodnotu a položky', async ({ page }) => { await page.goto(process.env.STAGING_URL + '/test-checkout?order=QA-1'); const purchase = await page.evaluate(() => window.dataLayer.find(e => e.event === 'purchase')); expect(purchase.ecommerce.currency).toMatch(/^(CZK|EUR|HUF)$/); expect(purchase.ecommerce.value).toBeGreaterThan(0); expect(purchase.ecommerce.items.length).toBeGreaterThan(0); });
otazník	/reseni/velke-firmy	main	summary	Časté otázky	Potřebujeme Google Analytics 360?	Potřebujeme Google Analytics 360?
otazník	/reseni/velke-firmy	main	summary	Časté otázky	Kde budou naše data fyzicky ležet?	Kde budou naše data fyzicky ležet?
pomlčka „–“ (U+2013)	/reseni/velke-firmy	main	div	Časté otázky	uery nasadíme do regionu, který zvolíte – typicky do multiregionu EU, tedy Belgie	Server-side GTM a BigQuery nasadíme do regionu, který zvolíte – typicky do multiregionu EU, tedy Belgie a Nizozemska, nebo do Frankfurtu či Varšavy. Samotné GA4 sbírá data z EU zařízení přes servery v EU a IP adresy neukládá. Další zpracování řídí podmínky Googlu a předání do USA rámec EU–US Data Privacy Framework – posouzení nechte na DPO.
pomlčka „–“ (U+2013)	/reseni/velke-firmy	main	div	Časté otázky	odmínky Googlu a předání do USA rámec EU–US Data Privacy Framework – posouzení ne	Server-side GTM a BigQuery nasadíme do regionu, který zvolíte – typicky do multiregionu EU, tedy Belgie a Nizozemska, nebo do Frankfurtu či Varšavy. Samotné GA4 sbírá data z EU zařízení přes servery v EU a IP adresy neukládá. Další zpracování řídí podmínky Googlu a předání do USA rámec EU–US Data Privacy Framework – posouzení nechte na DPO.
pomlčka „–“ (U+2013)	/reseni/velke-firmy	main	div	Časté otázky	 USA rámec EU–US Data Privacy Framework – posouzení nechte na DPO.	Server-side GTM a BigQuery nasadíme do regionu, který zvolíte – typicky do multiregionu EU, tedy Belgie a Nizozemska, nebo do Frankfurtu či Varšavy. Samotné GA4 sbírá data z EU zařízení přes servery v EU a IP adresy neukládá. Další zpracování řídí podmínky Googlu a předání do USA rámec EU–US Data Privacy Framework – posouzení nechte na DPO.
otazník	/reseni/velke-firmy	main	summary	Časté otázky	k spolupracujete s naším IT a agenturami?	Jak spolupracujete s naším IT a agenturami?
otazník	/reseni/velke-firmy	main	summary	Časté otázky	čty a data a co když spolupráci ukončíme?	Komu patří účty a data a co když spolupráci ukončíme?
otazník	/reseni/velke-firmy	main	summary	Časté otázky	Jak u velkého projektu vzniká cena?	Jak u velkého projektu vzniká cena?
pomlčka „–“ (U+2013)	/reseni/velke-firmy	main	div	Časté otázky	. Z jejích výstupů navrhneme další fáze – pilot, rollout a provoz – s rozsahem a 	Discovery a audit nabízíme jako samostatnou fázi s pevným rozsahem. Z jejích výstupů navrhneme další fáze – pilot, rollout a provoz – s rozsahem a výstupy pro každou z nich. Cenu ovlivňuje hlavně počet domén a trhů, agentur a kontejnerů, server-side a BigQuery a požadovaná úroveň SLA. Náklady na Google Cloud a případné licence, třeba GA4 360, platíte přímo poskytovatelům.
pomlčka „–“ (U+2013)	/reseni/velke-firmy	main	div	Časté otázky	me další fáze – pilot, rollout a provoz – s rozsahem a výstupy pro každou z nich.	Discovery a audit nabízíme jako samostatnou fázi s pevným rozsahem. Z jejích výstupů navrhneme další fáze – pilot, rollout a provoz – s rozsahem a výstupy pro každou z nich. Cenu ovlivňuje hlavně počet domén a trhů, agentur a kontejnerů, server-side a BigQuery a požadovaná úroveň SLA. Náklady na Google Cloud a případné licence, třeba GA4 360, platíte přímo poskytovatelům.
otazník	/reseni/velke-firmy	main	summary	Časté otázky	Jak dlouho velký projekt trvá?	Jak dlouho velký projekt trvá?
pomlčka „–“ (U+2013)	/reseni/velke-firmy	main	div	Časté otázky	. Po discovery ověříme řešení na pilotu – jednom trhu nebo doméně – a další trhy 	Délku určuje hlavně počet trhů a domén a kapacita vývoje. Po discovery ověříme řešení na pilotu – jednom trhu nebo doméně – a další trhy přidáváme podle jeho výsledků. Termíny jednotlivých fází navrhneme z výstupů discovery.
pomlčka „–“ (U+2013)	/reseni/velke-firmy	main	div	Časté otázky	ení na pilotu – jednom trhu nebo doméně – a další trhy přidáváme podle jeho výsle	Délku určuje hlavně počet trhů a domén a kapacita vývoje. Po discovery ověříme řešení na pilotu – jednom trhu nebo doméně – a další trhy přidáváme podle jeho výsledků. Termíny jednotlivých fází navrhneme z výstupů discovery.
hranaté závorky [ ]	/reseni/velke-firmy	main	p		[ pokračujte ]	[ pokračujte ]
hranaté závorky [ ]	/reseni/velke-firmy	main	p		[ pokračujte ]	[ pokračujte ]
hranaté závorky [ ]	/reseni/velke-firmy	kontakt	p	Domluvme si úvodní schůzku s vaším marketingem i I	[ Kontakt ]	[ Kontakt ]
hranaté závorky [ ]	/reseni/velke-firmy	kontakt	p	Domluvme si úvodní schůzku s vaším marketingem i I	[ Kontakt ]	[ Kontakt ]
výpustka „…“	SPOLEČNÉ/form	form	textarea@placeholder	form	agentury v GTM a chceme sjednotit měření…	Např. máme čtyři trhy, tři agentury v GTM a chceme sjednotit měření…
svislítko | v textu	/jak-pracujeme	head	title	hlavička	 pracujeme: od auditu po předání měření | datalayer.cz	Jak pracujeme: od auditu po předání měření | datalayer.cz
svislítko | v textu	/jak-pracujeme	head	meta:og:title	hlavička	 pracujeme: od auditu po předání měření | datalayer.cz	Jak pracujeme: od auditu po předání měření | datalayer.cz
svislítko | v textu	/jak-pracujeme	head	meta:twitter:title	hlavička	 pracujeme: od auditu po předání měření | datalayer.cz	Jak pracujeme: od auditu po předání měření | datalayer.cz
otazník	/jak-pracujeme	jsonld	jsonld:mainEntity.name	JSON-LD	Jak dlouho trvá typický projekt?	Jak dlouho trvá typický projekt?
otazník	/jak-pracujeme	jsonld	jsonld:mainEntity.name	JSON-LD	Kdo bude na projektu pracovat?	Kdo bude na projektu pracovat?
otazník	/jak-pracujeme	jsonld	jsonld:mainEntity.name	JSON-LD	Co když nemáme vlastního vývojáře?	Co když nemáme vlastního vývojáře?
otazník	/jak-pracujeme	jsonld	jsonld:mainEntity.name	JSON-LD	 s naší PPC nebo marketingovou agenturou?	Spolupracujete s naší PPC nebo marketingovou agenturou?
otazník	/jak-pracujeme	jsonld	jsonld:mainEntity.name	JSON-LD	Co když se měření po předání rozbije?	Co když se měření po předání rozbije?
otazník	/jak-pracujeme	jsonld	jsonld:mainEntity.name	JSON-LD	Podepíšete NDA a zpracovatelskou smlouvu?	Podepíšete NDA a zpracovatelskou smlouvu?
hranaté závorky [ ]	/jak-pracujeme	main	p		[ postup spolupráce ]	[ postup spolupráce ]
hranaté závorky [ ]	/jak-pracujeme	main	p		[ postup spolupráce ]	[ postup spolupráce ]
hranaté závorky [ ]	/jak-pracujeme	main	a		[ Konzultovat projekt ]	[ Konzultovat projekt ]
hranaté závorky [ ]	/jak-pracujeme	main	a		[ Konzultovat projekt ]	[ Konzultovat projekt ]
hranaté závorky [ ]	/jak-pracujeme	main	a		[ Pět kroků spolupráce ]	[ Pět kroků spolupráce ]
hranaté závorky [ ]	/jak-pracujeme	main	a		[ Pět kroků spolupráce ]	[ Pět kroků spolupráce ]
středová tečka „·“ (U+00B7)	/jak-pracujeme	main	p		vodní třicetiminutová konzultace zdarma · odpověď do jednoho pracovního dne	Úvodní třicetiminutová konzultace zdarma · odpověď do jednoho pracovního dne
hranaté závorky [ ]	/jak-pracujeme	main	p	Pět pravidel, podle kterých pracujeme	[ principy ]	[ principy ]
hranaté závorky [ ]	/jak-pracujeme	main	p	Pět pravidel, podle kterých pracujeme	[ principy ]	[ principy ]
hranaté závorky [ ]	/jak-pracujeme	main	p	Pět kroků od auditu po předané měření	[ postup ]	[ postup ]
hranaté závorky [ ]	/jak-pracujeme	main	p	Pět kroků od auditu po předané měření	[ postup ]	[ postup ]
pomlčka „–“ (U+2013)	/jak-pracujeme	main	li	Pět kroků od auditu po předané měření	trací nebo CRM výstup: audit-report.pdf – nálezy s prioritou podle dopadu, doporu	01 Audit Zjistíme, co dnes měříte a kde data utíkají. Čísla porovnáme s administrací nebo CRM. Google Tag Manager a GA4: kontejnery, události a nastavení cookie lišta a Consent Mode reklamní systémy a datová vrstva porovnání čísel s administrací nebo CRM výstup: audit-report.pdf – nálezy s prioritou podle dopadu, doporučení a odhad rozsahu oprav od vás: Přístupy pro čtení – návod najdete v Technických detailech u častých otázek
pomlčka „–“ (U+2013)	/jak-pracujeme	main	li	Pět kroků od auditu po předané měření	ozsahu oprav od vás: Přístupy pro čtení – návod najdete v Technických detailech u	01 Audit Zjistíme, co dnes měříte a kde data utíkají. Čísla porovnáme s administrací nebo CRM. Google Tag Manager a GA4: kontejnery, události a nastavení cookie lišta a Consent Mode reklamní systémy a datová vrstva porovnání čísel s administrací nebo CRM výstup: audit-report.pdf – nálezy s prioritou podle dopadu, doporučení a odhad rozsahu oprav od vás: Přístupy pro čtení – návod najdete v Technických detailech u častých otázek
pomlčka „–“ (U+2013)	/jak-pracujeme	main	p	Pět kroků od auditu po předané měření	výstup: audit-report.pdf – nálezy s prioritou podle dopadu, doporu	výstup: audit-report.pdf – nálezy s prioritou podle dopadu, doporučení a odhad rozsahu oprav
pomlčka „–“ (U+2013)	/jak-pracujeme	main	p	Pět kroků od auditu po předané měření	od vás: Přístupy pro čtení – návod najdete v Technických detailech u	od vás: Přístupy pro čtení – návod najdete v Technických detailech u častých otázek
pomlčka „–“ (U+2013)	/jak-pracujeme	main	li	Pět kroků od auditu po předané měření	 nebo CRM výstup: validace-protokol.pdf – co jsme testovali, výsledky a vysvětlen	04 Validace Měření ověříme na testovacích scénářích a potom jeho čísla porovnáme s administrací nebo CRM. testovací scénáře v GTM Preview a GA4 DebugView test souhlasu: přijetí, odmítnutí i stav bez volby testovací objednávky nebo leady souběžný běh a porovnání čísel s administrací nebo CRM výstup: validace-protokol.pdf – co jsme testovali, výsledky a vysvětlení rozdílů od vás: Testovací objednávka nebo lead a export z administrace nebo CRM
pomlčka „–“ (U+2013)	/jak-pracujeme	main	p	Pět kroků od auditu po předané měření	výstup: validace-protokol.pdf – co jsme testovali, výsledky a vysvětlen	výstup: validace-protokol.pdf – co jsme testovali, výsledky a vysvětlení rozdílů
otazník	/jak-pracujeme	main	p	Pět kroků od auditu po předané měření	Kolik to bude stát?	Kolik to bude stát?
hranaté závorky [ ]	/jak-pracujeme	main	p	Jak se postup liší podle typu firmy	[ podle typu firmy ]	[ podle typu firmy ]
hranaté závorky [ ]	/jak-pracujeme	main	p	Jak se postup liší podle typu firmy	[ podle typu firmy ]	[ podle typu firmy ]
šipka →	/jak-pracujeme	main	a	Jak se postup liší podle typu firmy	Měření pro e-shopy →	Měření pro e-shopy →
šipka →	/jak-pracujeme	main	a	Jak se postup liší podle typu firmy	Měření pro B2B a lead generation →	Měření pro B2B a lead generation →
šipka →	/jak-pracujeme	main	a	Jak se postup liší podle typu firmy	Měření pro velké firmy →	Měření pro velké firmy →
hranaté závorky [ ]	/jak-pracujeme	main	p	Jak vypadají výstupy, které dostanete	[ ukázky výstupů ]	[ ukázky výstupů ]
hranaté závorky [ ]	/jak-pracujeme	main	p	Jak vypadají výstupy, které dostanete	[ ukázky výstupů ]	[ ukázky výstupů ]
hranaté závorky [ ]	/jak-pracujeme	main	li	Jak vypadají výstupy, které dostanete	y transaction_id, value, currency, items[], shipping a coupon. Cíl: GA4, Google A	Které kampaně přinášejí ziskové objednávky? KPI: hrubý zisk z kampaně. Událost purchase s parametry transaction_id, value, currency, items[], shipping a coupon. Cíl: GA4, Google Ads, Meta CAPI a Sklik. Souhlas: analytický i marketingový.
hranaté závorky [ ]	/jak-pracujeme	main	li	Jak vypadají výstupy, které dostanete	 transaction_id, value, currency, items[], shipping a coupon. Cíl: GA4, Google Ad	Které kampaně přinášejí ziskové objednávky? KPI: hrubý zisk z kampaně. Událost purchase s parametry transaction_id, value, currency, items[], shipping a coupon. Cíl: GA4, Google Ads, Meta CAPI a Sklik. Souhlas: analytický i marketingový.
otazník	/jak-pracujeme	main	li	Jak vypadají výstupy, které dostanete	eré kampaně přinášejí ziskové objednávky? KPI: hrubý zisk z kampaně. Událost purc	Které kampaně přinášejí ziskové objednávky? KPI: hrubý zisk z kampaně. Událost purchase s parametry transaction_id, value, currency, items[], shipping a coupon. Cíl: GA4, Google Ads, Meta CAPI a Sklik. Souhlas: analytický i marketingový.
otazník	/jak-pracujeme	main	li	Jak vypadají výstupy, které dostanete	Kde lidé opouštějí pokladnu? KPI: míra dokončení pokladny. Události 	Kde lidé opouštějí pokladnu? KPI: míra dokončení pokladny. Události begin_checkout, add_shipping_info a add_payment_info. Cíl: GA4. Souhlas: analytický.
otazník	/jak-pracujeme	main	li	Jak vypadají výstupy, které dostanete	ré formuláře přinášejí kvalitní poptávky? KPI: podíl kvalifikovaných leadů. Událo	Které formuláře přinášejí kvalitní poptávky? KPI: podíl kvalifikovaných leadů. Událost generate_lead s parametry form_id, lead_id a lead_topics. Cíl: GA4, Google Ads a CRM. Souhlas: analytický i marketingový.
hranaté závorky [ ]	/jak-pracujeme	main	li	Jak vypadají výstupy, které dostanete	e ISO 4217 a aspoň jedna položka v items[].	Povinné: transaction_id jako text, value jako číslo bez DPH a bez dopravy, currency podle ISO 4217 a aspoň jedna položka v items[].
hranaté závorky [ ]	/jak-pracujeme	main	li	Jak vypadají výstupy, které dostanete	 ISO 4217 a aspoň jedna položka v items[].	Povinné: transaction_id jako text, value jako číslo bez DPH a bez dopravy, currency podle ISO 4217 a aspoň jedna položka v items[].
anglické uvozovky “ ”	/jak-pracujeme	main	li	Jak vypadají výstupy, které dostanete	CNS-02 Volba „Odmítnout vše“: žádné cookies _ga ani _fbp, Meta CAPI 	CNS-02 Volba „Odmítnout vše“: žádné cookies _ga ani _fbp, Meta CAPI nic neodešle.
české uvozovky „ “	/jak-pracujeme	main	li	Jak vypadají výstupy, které dostanete	CNS-02 Volba „Odmítnout vše“: žádné cookies _ga ani _f	CNS-02 Volba „Odmítnout vše“: žádné cookies _ga ani _fbp, Meta CAPI nic neodešle.
rovný apostrof '	/jak-pracujeme	main	pre	Jak vypadají výstupy, které dostanete	merce: null }); dataLayer.push({ event: 'purchase', ecommerce: { transaction_id: 	dataLayer.push({ ecommerce: null }); dataLayer.push({ event: 'purchase', ecommerce: { transaction_id: '2026-10458', value: 808.26, currency: 'CZK', shipping: 73.55, tax: 169.73, items: [ { item_id: 'BTL-0420', item_name: 'Termoska 0,5 l', item_category: 'Outdoor', price: 404.13, quantity: 2 } ] } });
rovný apostrof '	/jak-pracujeme	main	pre	Jak vypadají výstupy, které dostanete	ll }); dataLayer.push({ event: 'purchase', ecommerce: { transaction_id: '2026-104	dataLayer.push({ ecommerce: null }); dataLayer.push({ event: 'purchase', ecommerce: { transaction_id: '2026-10458', value: 808.26, currency: 'CZK', shipping: 73.55, tax: 169.73, items: [ { item_id: 'BTL-0420', item_name: 'Termoska 0,5 l', item_category: 'Outdoor', price: 404.13, quantity: 2 } ] } });
rovný apostrof '	/jak-pracujeme	main	pre	Jak vypadají výstupy, které dostanete	purchase', ecommerce: { transaction_id: '2026-10458', value: 808.26, currency: 'C	dataLayer.push({ ecommerce: null }); dataLayer.push({ event: 'purchase', ecommerce: { transaction_id: '2026-10458', value: 808.26, currency: 'CZK', shipping: 73.55, tax: 169.73, items: [ { item_id: 'BTL-0420', item_name: 'Termoska 0,5 l', item_category: 'Outdoor', price: 404.13, quantity: 2 } ] } });
rovný apostrof '	/jak-pracujeme	main	pre	Jak vypadají výstupy, které dostanete	ecommerce: { transaction_id: '2026-10458', value: 808.26, currency: 'CZK', shippi	dataLayer.push({ ecommerce: null }); dataLayer.push({ event: 'purchase', ecommerce: { transaction_id: '2026-10458', value: 808.26, currency: 'CZK', shipping: 73.55, tax: 169.73, items: [ { item_id: 'BTL-0420', item_name: 'Termoska 0,5 l', item_category: 'Outdoor', price: 404.13, quantity: 2 } ] } });
rovný apostrof '	/jak-pracujeme	main	pre	Jak vypadají výstupy, které dostanete	 '2026-10458', value: 808.26, currency: 'CZK', shipping: 73.55, tax: 169.73, item	dataLayer.push({ ecommerce: null }); dataLayer.push({ event: 'purchase', ecommerce: { transaction_id: '2026-10458', value: 808.26, currency: 'CZK', shipping: 73.55, tax: 169.73, items: [ { item_id: 'BTL-0420', item_name: 'Termoska 0,5 l', item_category: 'Outdoor', price: 404.13, quantity: 2 } ] } });
rovný apostrof '	/jak-pracujeme	main	pre	Jak vypadají výstupy, které dostanete	26-10458', value: 808.26, currency: 'CZK', shipping: 73.55, tax: 169.73, items: [	dataLayer.push({ ecommerce: null }); dataLayer.push({ event: 'purchase', ecommerce: { transaction_id: '2026-10458', value: 808.26, currency: 'CZK', shipping: 73.55, tax: 169.73, items: [ { item_id: 'BTL-0420', item_name: 'Termoska 0,5 l', item_category: 'Outdoor', price: 404.13, quantity: 2 } ] } });
rovný apostrof '	/jak-pracujeme	main	pre	Jak vypadají výstupy, které dostanete	73.55, tax: 169.73, items: [ { item_id: 'BTL-0420', item_name: 'Termoska 0,5 l', 	dataLayer.push({ ecommerce: null }); dataLayer.push({ event: 'purchase', ecommerce: { transaction_id: '2026-10458', value: 808.26, currency: 'CZK', shipping: 73.55, tax: 169.73, items: [ { item_id: 'BTL-0420', item_name: 'Termoska 0,5 l', item_category: 'Outdoor', price: 404.13, quantity: 2 } ] } });
rovný apostrof '	/jak-pracujeme	main	pre	Jak vypadají výstupy, které dostanete	x: 169.73, items: [ { item_id: 'BTL-0420', item_name: 'Termoska 0,5 l', item_cate	dataLayer.push({ ecommerce: null }); dataLayer.push({ event: 'purchase', ecommerce: { transaction_id: '2026-10458', value: 808.26, currency: 'CZK', shipping: 73.55, tax: 169.73, items: [ { item_id: 'BTL-0420', item_name: 'Termoska 0,5 l', item_category: 'Outdoor', price: 404.13, quantity: 2 } ] } });
rovný apostrof '	/jak-pracujeme	main	pre	Jak vypadají výstupy, které dostanete	ms: [ { item_id: 'BTL-0420', item_name: 'Termoska 0,5 l', item_category: 'Outdoor	dataLayer.push({ ecommerce: null }); dataLayer.push({ event: 'purchase', ecommerce: { transaction_id: '2026-10458', value: 808.26, currency: 'CZK', shipping: 73.55, tax: 169.73, items: [ { item_id: 'BTL-0420', item_name: 'Termoska 0,5 l', item_category: 'Outdoor', price: 404.13, quantity: 2 } ] } });
rovný apostrof '	/jak-pracujeme	main	pre	Jak vypadají výstupy, které dostanete	: 'BTL-0420', item_name: 'Termoska 0,5 l', item_category: 'Outdoor', price: 404.1	dataLayer.push({ ecommerce: null }); dataLayer.push({ event: 'purchase', ecommerce: { transaction_id: '2026-10458', value: 808.26, currency: 'CZK', shipping: 73.55, tax: 169.73, items: [ { item_id: 'BTL-0420', item_name: 'Termoska 0,5 l', item_category: 'Outdoor', price: 404.13, quantity: 2 } ] } });
rovný apostrof '	/jak-pracujeme	main	pre	Jak vypadají výstupy, které dostanete	_name: 'Termoska 0,5 l', item_category: 'Outdoor', price: 404.13, quantity: 2 } ]	dataLayer.push({ ecommerce: null }); dataLayer.push({ event: 'purchase', ecommerce: { transaction_id: '2026-10458', value: 808.26, currency: 'CZK', shipping: 73.55, tax: 169.73, items: [ { item_id: 'BTL-0420', item_name: 'Termoska 0,5 l', item_category: 'Outdoor', price: 404.13, quantity: 2 } ] } });
rovný apostrof '	/jak-pracujeme	main	pre	Jak vypadají výstupy, které dostanete	Termoska 0,5 l', item_category: 'Outdoor', price: 404.13, quantity: 2 } ] } });	dataLayer.push({ ecommerce: null }); dataLayer.push({ event: 'purchase', ecommerce: { transaction_id: '2026-10458', value: 808.26, currency: 'CZK', shipping: 73.55, tax: 169.73, items: [ { item_id: 'BTL-0420', item_name: 'Termoska 0,5 l', item_category: 'Outdoor', price: 404.13, quantity: 2 } ] } });
hranaté závorky [ ]	/jak-pracujeme	main	pre	Jak vypadají výstupy, které dostanete	', shipping: 73.55, tax: 169.73, items: [ { item_id: 'BTL-0420', item_name: 'Term	dataLayer.push({ ecommerce: null }); dataLayer.push({ event: 'purchase', ecommerce: { transaction_id: '2026-10458', value: 808.26, currency: 'CZK', shipping: 73.55, tax: 169.73, items: [ { item_id: 'BTL-0420', item_name: 'Termoska 0,5 l', item_category: 'Outdoor', price: 404.13, quantity: 2 } ] } });
hranaté závorky [ ]	/jak-pracujeme	main	pre	Jak vypadají výstupy, které dostanete	'Outdoor', price: 404.13, quantity: 2 } ] } });	dataLayer.push({ ecommerce: null }); dataLayer.push({ event: 'purchase', ecommerce: { transaction_id: '2026-10458', value: 808.26, currency: 'CZK', shipping: 73.55, tax: 169.73, items: [ { item_id: 'BTL-0420', item_name: 'Termoska 0,5 l', item_category: 'Outdoor', price: 404.13, quantity: 2 } ] } });
desetinná tečka (3.5)	/jak-pracujeme	main	pre	Jak vypadají výstupy, které dostanete	 transaction_id: '2026-10458', value: 808.26, currency: 'CZK', shipping: 73.55, tax	dataLayer.push({ ecommerce: null }); dataLayer.push({ event: 'purchase', ecommerce: { transaction_id: '2026-10458', value: 808.26, currency: 'CZK', shipping: 73.55, tax: 169.73, items: [ { item_id: 'BTL-0420', item_name: 'Termoska 0,5 l', item_category: 'Outdoor', price: 404.13, quantity: 2 } ] } });
desetinná tečka (3.5)	/jak-pracujeme	main	pre	Jak vypadají výstupy, které dostanete	ue: 808.26, currency: 'CZK', shipping: 73.55, tax: 169.73, items: [ { item_id: 'BTL	dataLayer.push({ ecommerce: null }); dataLayer.push({ event: 'purchase', ecommerce: { transaction_id: '2026-10458', value: 808.26, currency: 'CZK', shipping: 73.55, tax: 169.73, items: [ { item_id: 'BTL-0420', item_name: 'Termoska 0,5 l', item_category: 'Outdoor', price: 404.13, quantity: 2 } ] } });
desetinná tečka (3.5)	/jak-pracujeme	main	pre	Jak vypadají výstupy, které dostanete	urrency: 'CZK', shipping: 73.55, tax: 169.73, items: [ { item_id: 'BTL-0420', item_	dataLayer.push({ ecommerce: null }); dataLayer.push({ event: 'purchase', ecommerce: { transaction_id: '2026-10458', value: 808.26, currency: 'CZK', shipping: 73.55, tax: 169.73, items: [ { item_id: 'BTL-0420', item_name: 'Termoska 0,5 l', item_category: 'Outdoor', price: 404.13, quantity: 2 } ] } });
desetinná tečka (3.5)	/jak-pracujeme	main	pre	Jak vypadají výstupy, které dostanete	 l', item_category: 'Outdoor', price: 404.13, quantity: 2 } ] } });	dataLayer.push({ ecommerce: null }); dataLayer.push({ event: 'purchase', ecommerce: { transaction_id: '2026-10458', value: 808.26, currency: 'CZK', shipping: 73.55, tax: 169.73, items: [ { item_id: 'BTL-0420', item_name: 'Termoska 0,5 l', item_category: 'Outdoor', price: 404.13, quantity: 2 } ] } });
hranaté závorky [ ]	/jak-pracujeme	main	p	Časté otázky	[ FAQ ]	[ FAQ ]
hranaté závorky [ ]	/jak-pracujeme	main	p	Časté otázky	[ FAQ ]	[ FAQ ]
otazník	/jak-pracujeme	main	p	Časté otázky	Nenašli jste odpověď? Napište nám.	Nenašli jste odpověď? Napište nám.
šipka →	/jak-pracujeme	main	td	Časté otázky	Správce → Správa uživatelů	Správce → Správa uživatelů
šipka →	/jak-pracujeme	main	td	Časté otázky	Správce → Správa přístupu k property	Správce → Správa přístupu k property
šipka →	/jak-pracujeme	main	td	Časté otázky	Správce → Přístup a zabezpečení	Správce → Přístup a zabezpečení
šipka →	/jak-pracujeme	main	td	Časté otázky	Nastavení → Lidé a přístup	Nastavení → Lidé a přístup
pomlčka „–“ (U+2013)	/jak-pracujeme	main	td	Časté otázky	Events Manager – zobrazit	Events Manager – zobrazit
pomlčka „–“ (U+2013)	/jak-pracujeme	main	td	Časté otázky	Events Manager – spravovat	Events Manager – spravovat
šipka →	/jak-pracujeme	main	td	Časté otázky	Firemní nastavení → Zdroje dat → Datové sady	Firemní nastavení → Zdroje dat → Datové sady
šipka →	/jak-pracujeme	main	td	Časté otázky	Firemní nastavení → Zdroje dat → Datové sady	Firemní nastavení → Zdroje dat → Datové sady
šipka →	/jak-pracujeme	main	td	Časté otázky	Nastavení účtu → Přístupy	Nastavení účtu → Přístupy
šipka →	/jak-pracujeme	main	td	Časté otázky	IAM a správa → IAM	IAM a správa → IAM
otazník	/jak-pracujeme	main	summary	Časté otázky	Jak dlouho trvá typický projekt?	Jak dlouho trvá typický projekt?
otazník	/jak-pracujeme	main	summary	Časté otázky	Kdo bude na projektu pracovat?	Kdo bude na projektu pracovat?
otazník	/jak-pracujeme	main	summary	Časté otázky	Co když nemáme vlastního vývojáře?	Co když nemáme vlastního vývojáře?
otazník	/jak-pracujeme	main	summary	Časté otázky	 s naší PPC nebo marketingovou agenturou?	Spolupracujete s naší PPC nebo marketingovou agenturou?
otazník	/jak-pracujeme	main	summary	Časté otázky	Co když se měření po předání rozbije?	Co když se měření po předání rozbije?
otazník	/jak-pracujeme	main	summary	Časté otázky	Podepíšete NDA a zpracovatelskou smlouvu?	Podepíšete NDA a zpracovatelskou smlouvu?
hranaté závorky [ ]	/jak-pracujeme	main	p		[ pokračujte ]	[ pokračujte ]
hranaté závorky [ ]	/jak-pracujeme	main	p		[ pokračujte ]	[ pokračujte ]
hranaté závorky [ ]	/jak-pracujeme	kontakt	p	Začněme třicetiminutovou konzultací	[ Kontakt ]	[ Kontakt ]
hranaté závorky [ ]	/jak-pracujeme	kontakt	p	Začněme třicetiminutovou konzultací	[ Kontakt ]	[ Kontakt ]
pomlčka „–“ (U+2013)	/jak-pracujeme	kontakt	p	Začněme třicetiminutovou konzultací	 váš web a řekneme, kterým krokem začít – nezávazně a zdarma.	Napište nám e-mail, nebo vyplňte formulář. Na konzultaci projdeme váš web a řekneme, kterým krokem začít – nezávazně a zdarma.
výpustka „…“	SPOLEČNÉ/form	form	textarea@placeholder	form	 poptávky a nevíme, jestli začít auditem…	Např. chceme nově nastavit měření pro web na poptávky a nevíme, jestli začít auditem…
svislítko | v textu	/kontakt	head	title	hlavička	Kontakt: konzultace měření zdarma | datalayer.cz	Kontakt: konzultace měření zdarma | datalayer.cz
svislítko | v textu	/kontakt	head	meta:og:title	hlavička	Kontakt: konzultace měření zdarma | datalayer.cz	Kontakt: konzultace měření zdarma | datalayer.cz
svislítko | v textu	/kontakt	head	meta:twitter:title	hlavička	Kontakt: konzultace měření zdarma | datalayer.cz	Kontakt: konzultace měření zdarma | datalayer.cz
otazník	/kontakt	jsonld	jsonld:mainEntity.name	JSON-LD	Je konzultace opravdu zdarma?	Je konzultace opravdu zdarma?
otazník	/kontakt	jsonld	jsonld:mainEntity.name	JSON-LD	Podepíšete NDA ještě před hovorem?	Podepíšete NDA ještě před hovorem?
otazník	/kontakt	jsonld	jsonld:mainEntity.name	JSON-LD	Co se stane s údaji z formuláře?	Co se stane s údaji z formuláře?
hranaté závorky [ ]	/kontakt	main	p		[ kontakt ]	[ kontakt ]
hranaté závorky [ ]	/kontakt	main	p		[ kontakt ]	[ kontakt ]
pomlčka „–“ (U+2013)	/kontakt	main	p		měření a řekneme, co opravit jako první – nezávazně a zdarma.	Na úvodní třicetiminutové konzultaci projdeme vaše měření a řekneme, co opravit jako první – nezávazně a zdarma.
hranaté závorky [ ]	/kontakt	kontakt	p	Napište nám, co řešíte	[ Kontakt ]	[ Kontakt ]
hranaté závorky [ ]	/kontakt	kontakt	p	Napište nám, co řešíte	[ Kontakt ]	[ Kontakt ]
hranaté závorky [ ]	/kontakt	main	p	Jak se připravit na konzultaci	[ příprava ]	[ příprava ]
hranaté závorky [ ]	/kontakt	main	p	Jak se připravit na konzultaci	[ příprava ]	[ příprava ]
anglické uvozovky “ ”	/kontakt	main	li	Jak se připravit na konzultaci	zuje o pětinu méně objednávek než e-shop“	Hlavní problém jednou větou, třeba „GA4 ukazuje o pětinu méně objednávek než e-shop“
české uvozovky „ “	/kontakt	main	li	Jak se připravit na konzultaci	Hlavní problém jednou větou, třeba „GA4 ukazuje o pětinu méně objednávek než	Hlavní problém jednou větou, třeba „GA4 ukazuje o pětinu méně objednávek než e-shop“
hranaté závorky [ ]	/kontakt	main	p	Časté otázky	[ FAQ ]	[ FAQ ]
hranaté závorky [ ]	/kontakt	main	p	Časté otázky	[ FAQ ]	[ FAQ ]
otazník	/kontakt	main	p	Časté otázky	Nenašli jste odpověď? Napište nám.	Nenašli jste odpověď? Napište nám.
otazník	/kontakt	main	summary	Časté otázky	Je konzultace opravdu zdarma?	Je konzultace opravdu zdarma?
otazník	/kontakt	main	summary	Časté otázky	Podepíšete NDA ještě před hovorem?	Podepíšete NDA ještě před hovorem?
otazník	/kontakt	main	summary	Časté otázky	Co se stane s údaji z formuláře?	Co se stane s údaji z formuláře?
výpustka „…“	SPOLEČNÉ/form	form	textarea@placeholder	form	Krátce napište, co řešíte…	Krátce napište, co řešíte…
otazník	/o-nas	jsonld	jsonld:mainEntity.name	JSON-LD	Kdo odpoví na moji zprávu?	Kdo odpoví na moji zprávu?
ampersand &	/o-nas	jsonld	jsonld:mainEntity.acceptedAnswer.text	JSON-LD	Přímo Vít Novotný, tracking & data engineer. Ozve se do jednoho praco	Přímo Vít Novotný, tracking & data engineer. Ozve se do jednoho pracovního dne.
otazník	/o-nas	jsonld	jsonld:mainEntity.name	JSON-LD	Komu patří účty a data?	Komu patří účty a data?
otazník	/o-nas	jsonld	jsonld:mainEntity.name	JSON-LD	Může po vás pokračovat někdo jiný?	Může po vás pokračovat někdo jiný?
otazník	/o-nas	jsonld	jsonld:mainEntity.name	JSON-LD	Posíláte osobní údaje do GA4?	Posíláte osobní údaje do GA4?
otazník	/o-nas	jsonld	jsonld:mainEntity.name	JSON-LD	šíte i právní stránku cookies a souhlasu?	Řešíte i právní stránku cookies a souhlasu?
hranaté závorky [ ]	/o-nas	main	p		[ o nás ]	[ o nás ]
hranaté závorky [ ]	/o-nas	main	p		[ o nás ]	[ o nás ]
pomlčka „–“ (U+2013)	/o-nas	main	p		e měření pro e-shopy, B2B a velké firmy – od datové vrstvy přes Tag Manager, GA4 	Za datalayer.cz stojí Vít Novotný, tracking & data engineer. Stavíme a ověřujeme měření pro e-shopy, B2B a velké firmy – od datové vrstvy přes Tag Manager, GA4 a souhlasy po server-side tracking a BigQuery. Pracujeme ve vašich účtech a každou implementaci předáme s dokumentací.
ampersand &	/o-nas	main	p		atalayer.cz stojí Vít Novotný, tracking & data engineer. Stavíme a ověřujeme měře	Za datalayer.cz stojí Vít Novotný, tracking & data engineer. Stavíme a ověřujeme měření pro e-shopy, B2B a velké firmy – od datové vrstvy přes Tag Manager, GA4 a souhlasy po server-side tracking a BigQuery. Pracujeme ve vašich účtech a každou implementaci předáme s dokumentací.
hranaté závorky [ ]	/o-nas	main	a		[ Napsat Vítovi ]	[ Napsat Vítovi ]
hranaté závorky [ ]	/o-nas	main	a		[ Napsat Vítovi ]	[ Napsat Vítovi ]
hranaté závorky [ ]	/o-nas	main	a		[ Jak pracujeme ]	[ Jak pracujeme ]
hranaté závorky [ ]	/o-nas	main	a		[ Jak pracujeme ]	[ Jak pracujeme ]
středová tečka „·“ (U+00B7)	/o-nas	main	p		Odpovídá přímo Vít Novotný · odpověď do jednoho pracovního dne	Odpovídá přímo Vít Novotný · odpověď do jednoho pracovního dne
hranaté závorky [ ]	/o-nas	main	p	Proč začínáme u datové vrstvy	[ přístup ]	[ přístup ]
hranaté závorky [ ]	/o-nas	main	p	Proč začínáme u datové vrstvy	[ přístup ]	[ přístup ]
hranaté závorky [ ]	/o-nas	main	p	Pro koho pracujeme	[ pro koho ]	[ pro koho ]
hranaté závorky [ ]	/o-nas	main	p	Pro koho pracujeme	[ pro koho ]	[ pro koho ]
šipka →	/o-nas	main	a	Pro koho pracujeme	Měření pro e-shopy →	Měření pro e-shopy →
šipka →	/o-nas	main	a	Pro koho pracujeme	Měření pro B2B a lead generation →	Měření pro B2B a lead generation →
šipka →	/o-nas	main	a	Pro koho pracujeme	Měření pro velké firmy →	Měření pro velké firmy →
hranaté závorky [ ]	/o-nas	main	p	Jak zacházíme s daty – vašimi i vašich zákazníků	[ principy ]	[ principy ]
hranaté závorky [ ]	/o-nas	main	p	Jak zacházíme s daty – vašimi i vašich zákazníků	[ principy ]	[ principy ]
pomlčka „–“ (U+2013)	/o-nas	main	h2	Jak zacházíme s daty – vašimi i vašich zákazníků	Jak zacházíme s daty – vašimi i vašich zákazníků	Jak zacházíme s daty – vašimi i vašich zákazníků
hranaté závorky [ ]	/o-nas	main	p	Časté otázky	[ FAQ ]	[ FAQ ]
hranaté závorky [ ]	/o-nas	main	p	Časté otázky	[ FAQ ]	[ FAQ ]
otazník	/o-nas	main	p	Časté otázky	Nenašli jste odpověď? Napište nám.	Nenašli jste odpověď? Napište nám.
otazník	/o-nas	main	summary	Časté otázky	Kdo odpoví na moji zprávu?	Kdo odpoví na moji zprávu?
ampersand &	/o-nas	main	div	Časté otázky	Přímo Vít Novotný, tracking & data engineer. Ozve se do jednoho praco	Přímo Vít Novotný, tracking & data engineer. Ozve se do jednoho pracovního dne.
otazník	/o-nas	main	summary	Časté otázky	Komu patří účty a data?	Komu patří účty a data?
otazník	/o-nas	main	summary	Časté otázky	Může po vás pokračovat někdo jiný?	Může po vás pokračovat někdo jiný?
otazník	/o-nas	main	summary	Časté otázky	Posíláte osobní údaje do GA4?	Posíláte osobní údaje do GA4?
otazník	/o-nas	main	summary	Časté otázky	šíte i právní stránku cookies a souhlasu?	Řešíte i právní stránku cookies a souhlasu?
hranaté závorky [ ]	/o-nas	main	p		[ pokračujte ]	[ pokračujte ]
hranaté závorky [ ]	/o-nas	main	p		[ pokračujte ]	[ pokračujte ]
hranaté závorky [ ]	/o-nas	kontakt	p	Chcete nás nejdřív poznat? Napište Vítovi	[ Kontakt ]	[ Kontakt ]
hranaté závorky [ ]	/o-nas	kontakt	p	Chcete nás nejdřív poznat? Napište Vítovi	[ Kontakt ]	[ Kontakt ]
otazník	/o-nas	kontakt	h2	Chcete nás nejdřív poznat? Napište Vítovi	Chcete nás nejdřív poznat? Napište Vítovi	Chcete nás nejdřív poznat? Napište Vítovi
svislítko | v textu	/sluzby	head	title	hlavička	by webové analytiky: GA4, GTM, BigQuery | datalayer.cz	Služby webové analytiky: GA4, GTM, BigQuery | datalayer.cz
otazník	/sluzby	head	meta:description	hlavička	 audity a správa. Nevíte, co potřebujete? Podle vaší situace doporučíme, čím začí	Přehled jedenácti služeb webové analytiky: sběr dat, data a reporting, audity a správa. Nevíte, co potřebujete? Podle vaší situace doporučíme, čím začít.
svislítko | v textu	/sluzby	head	meta:og:title	hlavička	by webové analytiky: GA4, GTM, BigQuery | datalayer.cz	Služby webové analytiky: GA4, GTM, BigQuery | datalayer.cz
otazník	/sluzby	head	meta:og:description	hlavička	 audity a správa. Nevíte, co potřebujete? Podle vaší situace doporučíme, čím začí	Přehled jedenácti služeb webové analytiky: sběr dat, data a reporting, audity a správa. Nevíte, co potřebujete? Podle vaší situace doporučíme, čím začít.
svislítko | v textu	/sluzby	head	meta:twitter:title	hlavička	by webové analytiky: GA4, GTM, BigQuery | datalayer.cz	Služby webové analytiky: GA4, GTM, BigQuery | datalayer.cz
otazník	/sluzby	head	meta:twitter:description	hlavička	 audity a správa. Nevíte, co potřebujete? Podle vaší situace doporučíme, čím začí	Přehled jedenácti služeb webové analytiky: sběr dat, data a reporting, audity a správa. Nevíte, co potřebujete? Podle vaší situace doporučíme, čím začít.
otazník	/sluzby	jsonld	jsonld:mainEntity.name	JSON-LD	Můžu si objednat jen jednu službu?	Můžu si objednat jen jednu službu?
otazník	/sluzby	jsonld	jsonld:mainEntity.name	JSON-LD	Čím začít, když nevím, co je špatně?	Čím začít, když nevím, co je špatně?
otazník	/sluzby	jsonld	jsonld:mainEntity.name	JSON-LD	Proč nejsou na webu ceny?	Proč nejsou na webu ceny?
otazník	/sluzby	jsonld	jsonld:mainEntity.name	JSON-LD	Komu patří účty a data?	Komu patří účty a data?
otazník	/sluzby	jsonld	jsonld:mainEntity.name	JSON-LD	acujete s naším vývojářem nebo agenturou?	Spolupracujete s naším vývojářem nebo agenturou?
středová tečka „·“ (U+00B7)	/sluzby	main	p		[ sběr dat · data a reporting · audity a správa ]	[ sběr dat · data a reporting · audity a správa ]
středová tečka „·“ (U+00B7)	/sluzby	main	p		[ sběr dat · data a reporting · audity a správa ]	[ sběr dat · data a reporting · audity a správa ]
hranaté závorky [ ]	/sluzby	main	p		[ sběr dat · data a reporting · audity a 	[ sběr dat · data a reporting · audity a správa ]
hranaté závorky [ ]	/sluzby	main	p		at · data a reporting · audity a správa ]	[ sběr dat · data a reporting · audity a správa ]
pomlčka „–“ (U+2013)	/sluzby	main	p		Jedenáct služeb ve třech skupinách – od sběru dat na webu přes BigQuery a re	Jedenáct služeb ve třech skupinách – od sběru dat na webu přes BigQuery a reporting po audity a dlouhodobou správu. Když nevíte, kde je problém, začněte auditem měření: na webu nic nemění a ukáže chyby s prioritou podle dopadu.
hranaté závorky [ ]	/sluzby	main	a		[ Konzultovat projekt ]	[ Konzultovat projekt ]
hranaté závorky [ ]	/sluzby	main	a		[ Konzultovat projekt ]	[ Konzultovat projekt ]
hranaté závorky [ ]	/sluzby	main	a		[ Pomozte mi vybrat ]	[ Pomozte mi vybrat ]
hranaté závorky [ ]	/sluzby	main	a		[ Pomozte mi vybrat ]	[ Pomozte mi vybrat ]
středová tečka „·“ (U+00B7)	/sluzby	main	p		vodní třicetiminutová konzultace zdarma · odpověď do jednoho pracovního dne	Úvodní třicetiminutová konzultace zdarma · odpověď do jednoho pracovního dne
hranaté závorky [ ]	/sluzby	main	p	Jedenáct služeb ve třech skupinách	[ přehled služeb ]	[ přehled služeb ]
hranaté závorky [ ]	/sluzby	main	p	Jedenáct služeb ve třech skupinách	[ přehled služeb ]	[ přehled služeb ]
hranaté závorky [ ]	/sluzby	main	p	Nejčastější situace a čím začít	[ nevíte, co potřebujete? ]	[ nevíte, co potřebujete? ]
hranaté závorky [ ]	/sluzby	main	p	Nejčastější situace a čím začít	[ nevíte, co potřebujete? ]	[ nevíte, co potřebujete? ]
otazník	/sluzby	main	p	Nejčastější situace a čím začít	[ nevíte, co potřebujete? ]	[ nevíte, co potřebujete? ]
šipka →	/sluzby	main	a	Nejčastější situace a čím začít	Audit měření →	Audit měření →
šipka →	/sluzby	main	a	Nejčastější situace a čím začít	Cookie lišta a Consent Mode →	Cookie lišta a Consent Mode →
šipka →	/sluzby	main	a	Nejčastější situace a čím začít	Server-side tracking →	Server-side tracking →
šipka →	/sluzby	main	a	Nejčastější situace a čím začít	Dashboardy a reporting →	Dashboardy a reporting →
šipka →	/sluzby	main	a	Nejčastější situace a čím začít	Datová vrstva →	Datová vrstva →
šipka →	/sluzby	main	a	Nejčastější situace a čím začít	Implementace GA4 →	Implementace GA4 →
šipka →	/sluzby	main	a	Nejčastější situace a čím začít	BigQuery →	BigQuery →
šipka →	/sluzby	main	a	Nejčastější situace a čím začít	Správa webu a měření →	Správa webu a měření →
hranaté závorky [ ]	/sluzby	main	p	Jak služby navazují	[ souvislosti ]	[ souvislosti ]
hranaté závorky [ ]	/sluzby	main	p	Jak služby navazují	[ souvislosti ]	[ souvislosti ]
hranaté závorky [ ]	/sluzby	main	p	Časté otázky	[ FAQ ]	[ FAQ ]
hranaté závorky [ ]	/sluzby	main	p	Časté otázky	[ FAQ ]	[ FAQ ]
otazník	/sluzby	main	p	Časté otázky	Nenašli jste odpověď? Napište nám.	Nenašli jste odpověď? Napište nám.
otazník	/sluzby	main	summary	Časté otázky	Můžu si objednat jen jednu službu?	Můžu si objednat jen jednu službu?
otazník	/sluzby	main	summary	Časté otázky	Čím začít, když nevím, co je špatně?	Čím začít, když nevím, co je špatně?
otazník	/sluzby	main	summary	Časté otázky	Proč nejsou na webu ceny?	Proč nejsou na webu ceny?
otazník	/sluzby	main	summary	Časté otázky	Komu patří účty a data?	Komu patří účty a data?
otazník	/sluzby	main	summary	Časté otázky	acujete s naším vývojářem nebo agenturou?	Spolupracujete s naším vývojářem nebo agenturou?
hranaté závorky [ ]	/sluzby	main	p		[ pokračujte ]	[ pokračujte ]
hranaté závorky [ ]	/sluzby	main	p		[ pokračujte ]	[ pokračujte ]
hranaté závorky [ ]	/sluzby	kontakt	p	Popište problém, služby vybereme spolu	[ Kontakt ]	[ Kontakt ]
hranaté závorky [ ]	/sluzby	kontakt	p	Popište problém, služby vybereme spolu	[ Kontakt ]	[ Kontakt ]
pomlčka „–“ (U+2013)	/sluzby	kontakt	p	Popište problém, služby vybereme spolu	eme vaše měření a doporučíme, čím začít – nezávazně a zdarma.	Na úvodní třicetiminutové konzultaci projdeme vaše měření a doporučíme, čím začít – nezávazně a zdarma.
výpustka „…“	SPOLEČNÉ/form	form	textarea@placeholder	form	bujeme server-side, nebo jen opravit GA4…	Např. nevíme, jestli potřebujeme server-side, nebo jen opravit GA4…
svislítko | v textu	/cookies	head	title	hlavička	Zásady cookies | datalayer.cz	Zásady cookies | datalayer.cz
svislítko | v textu	/cookies	head	meta:og:title	hlavička	Zásady cookies | datalayer.cz	Zásady cookies | datalayer.cz
svislítko | v textu	/cookies	head	meta:twitter:title	hlavička	Zásady cookies | datalayer.cz	Zásady cookies | datalayer.cz
hranaté závorky [ ]	/cookies	main	button		[ Změnit nastavení cookies ]	[ Změnit nastavení cookies ]
hranaté závorky [ ]	/cookies	main	button		[ Změnit nastavení cookies ]	[ Změnit nastavení cookies ]
anglické uvozovky “ ”	/cookies	main	p	Jak souhlas funguje	le Consent Mode v2, výchozí stav „denied“). Odmítnout jde stejně snadno jako přij	Dokud v cookie liště nevyberete, web neukládá žádné analytické ani reklamní cookies. Měřicí nástroje Googlu v tu chvíli dostávají jen signál, že souhlas chybí (Google Consent Mode v2, výchozí stav „denied“). Odmítnout jde stejně snadno jako přijmout a volbu můžete kdykoli změnit odkazem Nastavení cookies v patičce. Postupujeme podle § 89 odst. 3 zákona č. 127/2005 Sb. a GDPR.
české uvozovky „ “	/cookies	main	p	Jak souhlas funguje	í (Google Consent Mode v2, výchozí stav „denied“). Odmítnout jde stejně snadno ja	Dokud v cookie liště nevyberete, web neukládá žádné analytické ani reklamní cookies. Měřicí nástroje Googlu v tu chvíli dostávají jen signál, že souhlas chybí (Google Consent Mode v2, výchozí stav „denied“). Odmítnout jde stejně snadno jako přijmout a volbu můžete kdykoli změnit odkazem Nastavení cookies v patičce. Postupujeme podle § 89 odst. 3 zákona č. 127/2005 Sb. a GDPR.
svislítko | v textu	/zpracovani-osobnich-udaju	head	title	hlavička	Zpracování osobních údajů | datalayer.cz	Zpracování osobních údajů | datalayer.cz
svislítko | v textu	/zpracovani-osobnich-udaju	head	meta:og:title	hlavička	Zpracování osobních údajů | datalayer.cz	Zpracování osobních údajů | datalayer.cz
svislítko | v textu	/zpracovani-osobnich-udaju	head	meta:twitter:title	hlavička	Zpracování osobních údajů | datalayer.cz	Zpracování osobních údajů | datalayer.cz
pomlčka „–“ (U+2013)	/zpracovani-osobnich-udaju	main	li	Kdo údaje zpracovává	Google Cloud – provoz webu a databáze se zprávami.	Google Cloud – provoz webu a databáze se zprávami.
pomlčka „–“ (U+2013)	/zpracovani-osobnich-udaju	main	li	Kdo údaje zpracovává	Cloudflare – ochrana formuláře proti spamu.	Cloudflare – ochrana formuláře proti spamu.
svislítko | v textu	/blog	head	title	hlavička	g o měření, GA4 a server-side trackingu | datalayer.cz	Blog o měření, GA4 a server-side trackingu | datalayer.cz
svislítko | v textu	/blog	head	meta:og:title	hlavička	g o měření, GA4 a server-side trackingu | datalayer.cz	Blog o měření, GA4 a server-side trackingu | datalayer.cz
svislítko | v textu	/blog	head	meta:twitter:title	hlavička	g o měření, GA4 a server-side trackingu | datalayer.cz	Blog o měření, GA4 a server-side trackingu | datalayer.cz
šipka →	/blog	jsonld	jsonld:blogPost.headline	JSON-LD	GA4 → BigQuery: vlastní data bez limitů	GA4 → BigQuery: vlastní data bez limitů
hranaté závorky [ ]	/blog	main	p		[ Blog ]	[ Blog ]
hranaté závorky [ ]	/blog	main	p		[ Blog ]	[ Blog ]
šipka →	/blog	main	a	GA4 → BigQuery: vlastní data bez limitů	20. 2. 2025Vít Novotný GA4 → BigQuery: vlastní data bez limitů Napoj	20. 2. 2025Vít Novotný GA4 → BigQuery: vlastní data bez limitů Napojení GA4 na BigQuery: surová data o událostech bez vzorkování, spojení dat napříč zdroji a základ pro reporting. Na co si dát pozor u sandboxu. Číst článek →
šipka →	/blog	main	a	GA4 → BigQuery: vlastní data bez limitů	co si dát pozor u sandboxu. Číst článek →	20. 2. 2025Vít Novotný GA4 → BigQuery: vlastní data bez limitů Napojení GA4 na BigQuery: surová data o událostech bez vzorkování, spojení dat napříč zdroji a základ pro reporting. Na co si dát pozor u sandboxu. Číst článek →
šipka →	/blog	main	h2	GA4 → BigQuery: vlastní data bez limitů	GA4 → BigQuery: vlastní data bez limitů	GA4 → BigQuery: vlastní data bez limitů
šipka →	/blog	main	a	GA4 → BigQuery: vlastní data bez limitů	y se souhlasem návštěvníka. Číst článek →	15. 1. 2025Vít Novotný Server-Side GTM: proč a jak začít Co je server-side Google Tag Manager, proč přesouvá měření z prohlížeče na server a jak začít. Přesnější data a rychlejší web, vždy se souhlasem návštěvníka. Číst článek →
hranaté závorky [ ]	/blog	kontakt	p	Řešíte totéž u sebe?	[ Kontakt ]	[ Kontakt ]
hranaté závorky [ ]	/blog	kontakt	p	Řešíte totéž u sebe?	[ Kontakt ]	[ Kontakt ]
otazník	/blog	kontakt	h2	Řešíte totéž u sebe?	Řešíte totéž u sebe?	Řešíte totéž u sebe?
výpustka „…“	SPOLEČNÉ/form	form	textarea@placeholder	form	Napište, na čem jste se zasekli…	Napište, na čem jste se zasekli…
šipka →	/blog/ga4-bigquery-export	head	title	hlavička	GA4 → BigQuery: vlastní data bez limitů | dat	GA4 → BigQuery: vlastní data bez limitů | datalayer.cz
svislítko | v textu	/blog/ga4-bigquery-export	head	title	hlavička	GA4 → BigQuery: vlastní data bez limitů | datalayer.cz	GA4 → BigQuery: vlastní data bez limitů | datalayer.cz
šipka →	/blog/ga4-bigquery-export	head	meta:og:title	hlavička	GA4 → BigQuery: vlastní data bez limitů | dat	GA4 → BigQuery: vlastní data bez limitů | datalayer.cz
svislítko | v textu	/blog/ga4-bigquery-export	head	meta:og:title	hlavička	GA4 → BigQuery: vlastní data bez limitů | datalayer.cz	GA4 → BigQuery: vlastní data bez limitů | datalayer.cz
šipka →	/blog/ga4-bigquery-export	head	meta:twitter:title	hlavička	GA4 → BigQuery: vlastní data bez limitů | dat	GA4 → BigQuery: vlastní data bez limitů | datalayer.cz
svislítko | v textu	/blog/ga4-bigquery-export	head	meta:twitter:title	hlavička	GA4 → BigQuery: vlastní data bez limitů | datalayer.cz	GA4 → BigQuery: vlastní data bez limitů | datalayer.cz
šipka →	/blog/ga4-bigquery-export	jsonld	jsonld:itemListElement.name	JSON-LD	GA4 → BigQuery: vlastní data bez limitů	GA4 → BigQuery: vlastní data bez limitů
šipka →	/blog/ga4-bigquery-export	jsonld	jsonld:headline	JSON-LD	GA4 → BigQuery: vlastní data bez limitů	GA4 → BigQuery: vlastní data bez limitů
šipka →	/blog/ga4-bigquery-export	main	li		GA4 → BigQuery: vlastní data bez limitů	GA4 → BigQuery: vlastní data bez limitů
šipka →	/blog/ga4-bigquery-export	main	h1		GA4 → BigQuery: vlastní data bez limitů	GA4 → BigQuery: vlastní data bez limitů
hranaté závorky [ ]	/blog/ga4-bigquery-export	kontakt	p	Řešíte totéž u sebe?	[ Kontakt ]	[ Kontakt ]
hranaté závorky [ ]	/blog/ga4-bigquery-export	kontakt	p	Řešíte totéž u sebe?	[ Kontakt ]	[ Kontakt ]
otazník	/blog/ga4-bigquery-export	kontakt	h2	Řešíte totéž u sebe?	Řešíte totéž u sebe?	Řešíte totéž u sebe?
svislítko | v textu	/blog/server-side-gtm-uvod	head	title	hlavička	Server-Side GTM: proč a jak začít | datalayer.cz	Server-Side GTM: proč a jak začít | datalayer.cz
svislítko | v textu	/blog/server-side-gtm-uvod	head	meta:og:title	hlavička	Server-Side GTM: proč a jak začít | datalayer.cz	Server-Side GTM: proč a jak začít | datalayer.cz
svislítko | v textu	/blog/server-side-gtm-uvod	head	meta:twitter:title	hlavička	Server-Side GTM: proč a jak začít | datalayer.cz	Server-Side GTM: proč a jak začít | datalayer.cz
rovný apostrof '	/blog/server-side-gtm-uvod	main	pre	Proč server-side	dataLayer.push({ event: 'purchase', ecommerce: { transaction_id: 	dataLayer.push({ event: 'purchase', ecommerce: { transaction_id: 'T123', value: 1290 } });
rovný apostrof '	/blog/server-side-gtm-uvod	main	pre	Proč server-side	dataLayer.push({ event: 'purchase', ecommerce: { transaction_id: 'T123', v	dataLayer.push({ event: 'purchase', ecommerce: { transaction_id: 'T123', value: 1290 } });
rovný apostrof '	/blog/server-side-gtm-uvod	main	pre	Proč server-side	purchase', ecommerce: { transaction_id: 'T123', value: 1290 } });	dataLayer.push({ event: 'purchase', ecommerce: { transaction_id: 'T123', value: 1290 } });
rovný apostrof '	/blog/server-side-gtm-uvod	main	pre	Proč server-side	ase', ecommerce: { transaction_id: 'T123', value: 1290 } });	dataLayer.push({ event: 'purchase', ecommerce: { transaction_id: 'T123', value: 1290 } });
hranaté závorky [ ]	/blog/server-side-gtm-uvod	kontakt	p	Řešíte totéž u sebe?	[ Kontakt ]	[ Kontakt ]
hranaté závorky [ ]	/blog/server-side-gtm-uvod	kontakt	p	Řešíte totéž u sebe?	[ Kontakt ]	[ Kontakt ]
otazník	/blog/server-side-gtm-uvod	kontakt	h2	Řešíte totéž u sebe?	Řešíte totéž u sebe?	Řešíte totéž u sebe?
svislítko | v textu	/dekujeme	head	title	hlavička	Děkujeme za zprávu | datalayer.cz	Děkujeme za zprávu | datalayer.cz
svislítko | v textu	/dekujeme	head	meta:og:title	hlavička	Děkujeme za zprávu | datalayer.cz	Děkujeme za zprávu | datalayer.cz
svislítko | v textu	/dekujeme	head	meta:twitter:title	hlavička	Děkujeme za zprávu | datalayer.cz	Děkujeme za zprávu | datalayer.cz
otazník	/dekujeme	main	p		vám do jednoho pracovního dne. Spěchá to? Napište na one@datalayer.cz.	Ozveme se vám do jednoho pracovního dne. Spěchá to? Napište na one@datalayer.cz.
hranaté závorky [ ]	/dekujeme	main	a		[ Zpět na úvod ]	[ Zpět na úvod ]
hranaté závorky [ ]	/dekujeme	main	a		[ Zpět na úvod ]	[ Zpět na úvod ]
šipka →	/dekujeme	main	a		Jak pracujeme →	Jak pracujeme →
šipka →	/dekujeme	main	a		Přehled služeb →	Přehled služeb →
hranaté závorky [ ]	/tato-stranka-neexistuje	main	a	Stránka neexistuje	[ Zpět na úvod ]	[ Zpět na úvod ]
hranaté závorky [ ]	/tato-stranka-neexistuje	main	a	Stránka neexistuje	[ Zpět na úvod ]	[ Zpět na úvod ]
hranaté závorky [ ]	/tato-stranka-neexistuje	main	a	Stránka neexistuje	[ Přehled služeb ]	[ Přehled služeb ]
hranaté závorky [ ]	/tato-stranka-neexistuje	main	a	Stránka neexistuje	[ Přehled služeb ]	[ Přehled služeb ]
pomlčka „–“ (U+2013)	SPOLEČNÉ/formulář-chyby	form	label	chybová hlášení	E-mail Zkontrolujte prosím e-mail – bez něj se vám nemůžeme ozvat.	E-mail Zkontrolujte prosím e-mail – bez něj se vám nemůžeme ozvat.
otazník	SPOLEČNÉ/formulář-chyby	form	label	chybová hlášení	S čím vám můžeme pomoci? Napište prosím pár slov o tom, co řešít	S čím vám můžeme pomoci? Napište prosím pár slov o tom, co řešíte.
výpustka „…“	SPOLEČNÉ/js	js	js	texty z JS	Odesíláme…	Odesíláme…
otazník	SPOLEČNÉ/js	js	js	texty z JS	Spěchá to? Zavolejte na {phone}.	Spěchá to? Zavolejte na {phone}.
pomlčka „–“ (U+2013)	SPOLEČNÉ/js	js	js	texty z JS	Nezbytné – základní chod webu a ochrana formuláře 	Nezbytné – základní chod webu a ochrana formuláře proti spamu. Vždy aktivní.
pomlčka „–“ (U+2013)	SPOLEČNÉ/js	js	js	texty z JS	Analytické – měření návštěvnosti přes Google Analyti	Analytické – měření návštěvnosti přes Google Analytics 4.
pomlčka „–“ (U+2013)	SPOLEČNÉ/js	js	js	texty z JS	Marketingové – měření kampaní a remarketing v Google A	Marketingové – měření kampaní a remarketing v Google Ads, Meta a Skliku.
