vzorec	url	region	tag	sekce	kontext
anglicismy: feature/business/learn more/get started	/	head	meta:description	hlavička	Implementace GA4, Google Tag Manager, server-side tracking a Consent Mode v2. Měření, které sedí s tržbami –
zdarma	/	head	meta:description	hlavička	 které sedí s tržbami – s dokumentací. Konzultace zdarma.
AI vzorec: pomlčková vsuvka „ – “	/	head	meta:description	hlavička	ng a Consent Mode v2. Měření, které sedí s tržbami – s dokumentací. Konzultace zdarma.
anglicismy: feature/business/learn more/get started	/	head	meta:og:description	hlavička	Implementace GA4, Google Tag Manager, server-side tracking a Consent Mode v2. Měření, které sedí s tržbami –
zdarma	/	head	meta:og:description	hlavička	 které sedí s tržbami – s dokumentací. Konzultace zdarma.
AI vzorec: pomlčková vsuvka „ – “	/	head	meta:og:description	hlavička	ng a Consent Mode v2. Měření, které sedí s tržbami – s dokumentací. Konzultace zdarma.
anglicismy: feature/business/learn more/get started	/	head	meta:twitter:description	hlavička	Implementace GA4, Google Tag Manager, server-side tracking a Consent Mode v2. Měření, které sedí s tržbami –
zdarma	/	head	meta:twitter:description	hlavička	 které sedí s tržbami – s dokumentací. Konzultace zdarma.
AI vzorec: pomlčková vsuvka „ – “	/	head	meta:twitter:description	hlavička	ng a Consent Mode v2. Měření, které sedí s tržbami – s dokumentací. Konzultace zdarma.
anglicismy: feature/business/learn more/get started	/	jsonld	jsonld:description	JSON-LD	implementace GA4, Google Tag Manager, server-side tracking, Consent Mode v2, BigQuery a dashboardy.
AI vzorec: pomlčková vsuvka „ – “	/	jsonld	jsonld:mainEntity.acceptedAnswer.text	JSON-LD	ide a BigQuery doporučujeme až tam, kde se vyplatí – a řekneme vám to rovnou.
zájmena: váš/vaše (nadbytečné?)	/	jsonld	jsonld:mainEntity.acceptedAnswer.text	JSON-LD	ag Manager, Google Cloud i reklamní účty běží pod vaší firmou, my dostáváme přístup. Po skončení spolupr
anglicismy: feature/business/learn more/get started	/	jsonld	jsonld:mainEntity.name	JSON-LD	Je server-side tracking v souladu s GDPR?
zájmena: váš/vaše (nadbytečné?)	SPOLEČNÉ/header	header	a	header	Server-side tracking měření na vaší doméně
anglicismy: feature/business/learn more/get started	SPOLEČNÉ/header	header	a	header	Server-side tracking měření na vaší doméně
zájmena: váš/vaše (nadbytečné?)	/	main	h1	Stavíme neprůstřelné datové základy pro váš růst.	Stavíme neprůstřelné datové základy pro váš růst.
tečka na konci nadpisu	/	main	h1	Stavíme neprůstřelné datové základy pro váš růst.	Stavíme neprůstřelné datové základy pro váš růst.
anglicismy: feature/business/learn more/get started	/	main	p	Stavíme neprůstřelné datové základy pro váš růst.	po BigQuery: GA4, Google Tag Manager, server-side tracking a Consent Mode v2. S dokumentací a s daty, která 
zdarma	/	main	p	Stavíme neprůstřelné datové základy pro váš růst.	Úvodní třicetiminutová konzultace zdarma · odpověď do jednoho pracovního dne
AI vzorec: pomlčková vsuvka „ – “	/	main	div	Měření podle toho, jak vyděláváte	optávek. Nevíte, které z nich se změnily v zakázku – a reklamy to nevědí taky.
zájmena: váš/vaše (nadbytečné?)	/	main	li	Měření podle toho, jak vyděláváte	server-side a BigQuery ve vašem Google Cloudu
fráze: cesta/cestě	/	main	p	Od sběru dat po report, kterému věří vedení	Data procházejí třemi vrstvami. Postavíme celou cestu, nebo jen tu část, která vám chybí.
zájmena: váš/vaše (nadbytečné?)	/	main	a	Od sběru dat po report, kterému věří vedení	Server-side tracking měření na vaší doméně
anglicismy: feature/business/learn more/get started	/	main	a	Od sběru dat po report, kterému věří vedení	Server-side tracking měření na vaší doméně
Title Case v nadpisu/tlačítku	/	main	a		Google Tag Manager
anglicismy: feature/business/learn more/get started	/	main	p	Než se ozvete	[ FAQ ]
AI vzorec: pomlčková vsuvka „ – “	/	main	div	Než se ozvete	ide a BigQuery doporučujeme až tam, kde se vyplatí – a řekneme vám to rovnou.
zájmena: váš/vaše (nadbytečné?)	/	main	div	Než se ozvete	ag Manager, Google Cloud i reklamní účty běží pod vaší firmou, my dostáváme přístup. Po skončení spolupr
anglicismy: feature/business/learn more/get started	/	main	summary	Než se ozvete	Je server-side tracking v souladu s GDPR?
AI vzorec: Objevte/Odhalte/Ponořte/Pojďme	/	kontakt	h2	Pojďme se podívat, kde vám utíkají data	Pojďme se podívat, kde vám utíkají data
zdarma	/	kontakt	p	Pojďme se podívat, kde vám utíkají data	 řekneme vám, co opravit jako první – nezávazně a zdarma.
AI vzorec: pomlčková vsuvka „ – “	/	kontakt	p	Pojďme se podívat, kde vám utíkají data	ojdeme měření a řekneme vám, co opravit jako první – nezávazně a zdarma.
Title Case v nadpisu/tlačítku	SPOLEČNÉ/footer	footer	a	footer	Google Tag Manager
anglicismy: feature/business/learn more/get started	SPOLEČNÉ/footer	footer	a	footer	Server-side tracking
AI vzorec: pomlčková vsuvka „ – “	/sluzby/audit-mereni	head	title	hlavička	Audit měření – GA4, GTM, consent a konverze | datalayer.cz
zdarma	/sluzby/audit-mereni	head	meta:description	hlavička	je s e-shopem. Nálezy s prioritou A/B/C. Kontrola zdarma.
AI vzorec: pomlčková vsuvka „ – “	/sluzby/audit-mereni	head	meta:og:title	hlavička	Audit měření – GA4, GTM, consent a konverze | datalayer.cz
zdarma	/sluzby/audit-mereni	head	meta:og:description	hlavička	je s e-shopem. Nálezy s prioritou A/B/C. Kontrola zdarma.
AI vzorec: pomlčková vsuvka „ – “	/sluzby/audit-mereni	head	meta:twitter:title	hlavička	Audit měření – GA4, GTM, consent a konverze | datalayer.cz
zdarma	/sluzby/audit-mereni	head	meta:twitter:description	hlavička	je s e-shopem. Nálezy s prioritou A/B/C. Kontrola zdarma.
zdarma	/sluzby/audit-mereni	jsonld	jsonld:mainEntity.acceptedAnswer.text	JSON-LD	ídku s pevným rozsahem. Rychlá kontrola zvenku je zdarma.
oxfordská čárka	/sluzby/audit-mereni	jsonld	jsonld:mainEntity.acceptedAnswer.text	JSON-LD	stit přístupy, export objednávek a testovací nákup, a na počtu systémů a webů. U velkých firem s více web
zájmena: váš/vaše (nadbytečné?)	/sluzby/audit-mereni	jsonld	jsonld:mainEntity.acceptedAnswer.text	JSON-LD	ozí souhlas. Texty lišty a zásady by měl posoudit váš právník.
zájmena: naše/našich/našim (nadbytečné?)	/sluzby/audit-mereni	jsonld	jsonld:mainEntity.name	JSON-LD	Kdo nálezy opraví – vy, nebo naši vývojáři?
AI vzorec: pomlčková vsuvka „ – “	/sluzby/audit-mereni	jsonld	jsonld:mainEntity.name	JSON-LD	Kdo nálezy opraví – vy, nebo naši vývojáři?
zájmena: váš/vaše (nadbytečné?)	/sluzby/audit-mereni	jsonld	jsonld:mainEntity.acceptedAnswer.text	JSON-LD	me tak, aby podle něj mohl opravy udělat kdokoli: váš vývojář, agentura, nebo my. Nálezy v GTM, GA4 a c
AI vzorec: pomlčková vsuvka „ – “	/sluzby/audit-mereni	jsonld	jsonld:mainEntity.acceptedAnswer.text	JSON-LD	Pevné číslo neexistuje – záleží na podílu návštěvníků, kteří odmítnou souhl
AI vzorec: dvojtečkový nadpis	/sluzby/audit-mereni	main	h1		Audit měření: GA4, GTM, consent a konverze
zdarma	/sluzby/audit-mereni	main	a		[ Rychlá kontrola zdarma ]
kalk: dělat/dává smysl	/sluzby/audit-mereni	main	p	Poznáváte se?	Audit se vyplatí, když čísla přestanou dávat smysl, nebo těsně před velkou změnou.
fráze: klíčov	/sluzby/audit-mereni	main	li	Co v auditu webové analytiky kontrolujeme	klíčové události a e-commerce: transaction_id, hodnotu, 
Title Case v nadpisu/tlačítku	/sluzby/audit-mereni	main	a	Co v auditu webové analytiky kontrolujeme	Google Tag Manager
AI vzorec: pomlčková vsuvka „ – “	/sluzby/audit-mereni	main	li	Co v auditu webové analytiky kontrolujeme	podle platební metody, zařízení, prohlížeče a země – tam chyby vyplavou
AI vzorec: pomlčková vsuvka „ – “	/sluzby/audit-mereni	main	div	Co od nás dostanete	Pořadí A → B → C, závislosti a kdo co opraví – třeba „nejdřív datová vrstva, pak tagy“.
zdarma	/sluzby/audit-mereni	main	p	Rychlá kontrola zdarma, nebo celý audit?	[ kontrola zdarma ]
zdarma	/sluzby/audit-mereni	main	h2	Rychlá kontrola zdarma, nebo celý audit?	Rychlá kontrola zdarma, nebo celý audit?
AI vzorec: pomlčková vsuvka „ – “	/sluzby/audit-mereni	main	p	Rychlá kontrola zdarma, nebo celý audit?	estli audit potřebujete? Začněte rychlou kontrolou – ve formuláři stačí adresa webu a do zprávy napište
zdarma	/sluzby/audit-mereni	main	span	Rychlá kontrola zdarma, nebo celý audit?	zdarma
zdarma	/sluzby/audit-mereni	main	h3	Rychlá kontrola zdarma, nebo celý audit?	Rychlá kontrola zdarma
oxfordská čárka	/sluzby/audit-mereni	main	div	Rychlá kontrola zdarma, nebo celý audit?	Podíváme se na web zvenku, bez přístupů, a tři až pět nejvýraznějších nálezů pošleme e-mailem 
zájmena: naše/našich/našim (nadbytečné?)	/sluzby/audit-mereni	main	p	Jak audit probíhá	it je první z pěti kroků, které platí pro všechny naše služby. Data ze všech systémů svedeme do jednoho 
zájmena: váš/vaše (nadbytečné?)	/sluzby/audit-mereni	main	li	Jak audit probíhá	 nálezy opravíme sami, nebo připravíme zadání pro vaše vývojáře a jejich práci zkontrolujeme. od vás: př
zájmena: váš/vaše (nadbytečné?)	/sluzby/audit-mereni	main	p	Jak audit probíhá	 nálezy opravíme sami, nebo připravíme zadání pro vaše vývojáře a jejich práci zkontrolujeme.
AI vzorec: pomlčková vsuvka „ – “	/sluzby/audit-mereni	main	p	Jak vypadá report z auditu	[ ukázka – fiktivní data ]
anglicismy: feature/business/learn more/get started	/sluzby/audit-mereni	main	p	Časté otázky	[ FAQ ]
AI vzorec: pomlčková vsuvka „ – “	/sluzby/audit-mereni	main	li	Časté otázky	A – kritické: chyby v datech vedou ke špatným rozhodnu
AI vzorec: pomlčková vsuvka „ – “	/sluzby/audit-mereni	main	li	Časté otázky	B – důležité: data mají mezery nebo zkreslení a omezuj
AI vzorec: pomlčková vsuvka „ – “	/sluzby/audit-mereni	main	li	Časté otázky	C – doporučení: údržba, přehlednost a rozvoj, třeba ná
zdarma	/sluzby/audit-mereni	main	div	Časté otázky	ídku s pevným rozsahem. Rychlá kontrola zvenku je zdarma.
oxfordská čárka	/sluzby/audit-mereni	main	div	Časté otázky	stit přístupy, export objednávek a testovací nákup, a na počtu systémů a webů. U velkých firem s více web
zájmena: váš/vaše (nadbytečné?)	/sluzby/audit-mereni	main	div	Časté otázky	ozí souhlas. Texty lišty a zásady by měl posoudit váš právník.
zájmena: naše/našich/našim (nadbytečné?)	/sluzby/audit-mereni	main	summary	Časté otázky	Kdo nálezy opraví – vy, nebo naši vývojáři?
AI vzorec: pomlčková vsuvka „ – “	/sluzby/audit-mereni	main	summary	Časté otázky	Kdo nálezy opraví – vy, nebo naši vývojáři?
zájmena: váš/vaše (nadbytečné?)	/sluzby/audit-mereni	main	div	Časté otázky	me tak, aby podle něj mohl opravy udělat kdokoli: váš vývojář, agentura, nebo my. Nálezy v GTM, GA4 a c
AI vzorec: pomlčková vsuvka „ – “	/sluzby/audit-mereni	main	div	Časté otázky	Pevné číslo neexistuje – záleží na podílu návštěvníků, kteří odmítnou souhl
zdarma	/sluzby/bigquery	jsonld	jsonld:mainEntity.acceptedAnswer.text	JSON-LD	rvní TiB dotazů a deset GiB úložiště měsíčně jsou zdarma a v našem modelovém výpočtu pro e-shop se 100 000
AI vzorec: pomlčková vsuvka „ – “	/sluzby/bigquery	jsonld	jsonld:mainEntity.acceptedAnswer.text	JSON-LD	 stanovíme po úvodní konzultaci jako pevnou částku – rozhoduje počet a typ zdrojů, rozsah modelu, stav 
AI vzorec: pomlčková vsuvka „ – “	/sluzby/bigquery	jsonld	jsonld:mainEntity.acceptedAnswer.text	JSON-LD	Délka závisí hlavně na počtu a typu zdrojů – GA4 a Google Ads napojíme rychle, vlastní ERP bez 
AI vzorec: pomlčková vsuvka „ – “	/sluzby/bigquery	jsonld	jsonld:mainEntity.acceptedAnswer.text	JSON-LD	stí začnou do BigQuery proudit až po propojení GA4 – zpětně je export nedoplní, proto ho zapínáme hned 
oxfordská čárka	/sluzby/bigquery	jsonld	jsonld:mainEntity.acceptedAnswer.text	JSON-LD	ečně načíst konektor Data Transfer Service pro GA4, a to tak daleko, jak dovolí uchovávání dat v GA4 prop
oxfordská čárka	/sluzby/bigquery	jsonld	jsonld:mainEntity.acceptedAnswer.text	JSON-LD	ilu, předáme dokumentaci tabulek a příklady dotazů, a když budete chtít, přidáme školení na vlastních dat
zájmena: váš/vaše (nadbytečné?)	/sluzby/bigquery	jsonld	jsonld:mainEntity.acceptedAnswer.text	JSON-LD	tu Google Cloudu, který i s platebním účtem patří vaší organizaci, a zdrojový kód transformací předáme v
velké Vy/Vám/Váš	/sluzby/bigquery	jsonld	jsonld:mainEntity.acceptedAnswer.text	JSON-LD	Vám. Export i model stavíme v projektu Google Cloudu,
oxfordská čárka	/sluzby/bigquery	jsonld	jsonld:mainEntity.acceptedAnswer.text	JSON-LD	u, který i s platebním účtem patří vaší organizaci, a zdrojový kód transformací předáme v repozitáři, ke 
oxfordská čárka	/sluzby/bigquery	jsonld	jsonld:mainEntity.acceptedAnswer.text	JSON-LD	ostaneme jen potřebné role, ideálně časově omezené, a po předání je můžete kdykoli odebrat. Žádná data ne
zájmena: váš/vaše (nadbytečné?)	/sluzby/bigquery	jsonld	jsonld:mainEntity.acceptedAnswer.text	JSON-LD	me expiraci starých dat. Právní posouzení zajistí váš právník nebo pověřenec – nejsme advokátní kancelá
AI vzorec: pomlčková vsuvka „ – “	/sluzby/bigquery	jsonld	jsonld:mainEntity.acceptedAnswer.text	JSON-LD	rávní posouzení zajistí váš právník nebo pověřenec – nejsme advokátní kancelář.
zájmena: váš/vaše (nadbytečné?)	/sluzby/bigquery	main	p		i a vratkami z e-shopu, CRM nebo ERP. Vše běží ve vašem Google Cloudu, s hlídanými náklady a dashboardem,
zdarma	/sluzby/bigquery	main	p		Úvodní třicetiminutová konzultace zdarma · provoz BigQuery platíte přímo Googlu
zájmena: váš/vaše (nadbytečné?)	/sluzby/bigquery	main	div	Co uděláme a co dostanete	Denní, případně průběžný export v projektu na vašem účtu, s regionem dat a filtrem událostí. Ověříme 
AI vzorec: pomlčková vsuvka „ – “	/sluzby/bigquery	main	div	Co uděláme a co dostanete	onkrétní otázky a zdrojový kód transformací v Gitu – v Dataformu, dbt nebo plánovaných dotazech.
AI vzorec: pomlčková vsuvka „ – “	/sluzby/bigquery	main	h2	Co v rozhraní GA4 nejde – a kdy BigQuery zatím nep	Co v rozhraní GA4 nejde – a kdy BigQuery zatím nepotřebujete
zdarma	/sluzby/bigquery	main	span	Co v rozhraní GA4 nejde – a kdy BigQuery zatím nep	čtených dat v režimu on-demand, první TiB měsíčně zdarma
zdarma	/sluzby/bigquery	main	span	Co v rozhraní GA4 nejde – a kdy BigQuery zatím nep	GiB aktivního úložiště měsíčně, prvních deset GiB zdarma
AI vzorec: pomlčková vsuvka „ – “	/sluzby/bigquery	main	p	Co v rozhraní GA4 nejde – a kdy BigQuery zatím nep	u 2026, bez DPH. Fakturu dostáváte přímo od Googlu – na začátku spočítáme odhad podle objemu dat a nast
zájmena: naše/našich/našim (nadbytečné?)	/sluzby/bigquery	main	p	Jak postupujeme	Stejných pět kroků jako u všech našich služeb. Export GA4 zapínáme hned na začátku, prot
AI vzorec: pomlčková vsuvka „ – “	/sluzby/bigquery	main	p	Jak postupujeme	hned na začátku, protože zpětně ho Google nedoplní – každý den navíc znamená den dat navíc.
anglicismy: feature/business/learn more/get started	/sluzby/bigquery	main	p	Časté otázky	[ FAQ ]
AI vzorec: pomlčková vsuvka „ – “	/sluzby/bigquery	main	p	Časté otázky	přečte jen sedm denních tabulek, ne celou historii – i tak držíme náklady na uzdě.
AI vzorec: pomlčková vsuvka „ – “	/sluzby/bigquery	main	li	Časté otázky	 výrazném překročení může Google export pozastavit – proto zbytečné události vyřazujeme, nebo přejdeme 
zdarma	/sluzby/bigquery	main	div	Časté otázky	rvní TiB dotazů a deset GiB úložiště měsíčně jsou zdarma a v našem modelovém výpočtu pro e-shop se 100 000
AI vzorec: pomlčková vsuvka „ – “	/sluzby/bigquery	main	div	Časté otázky	 stanovíme po úvodní konzultaci jako pevnou částku – rozhoduje počet a typ zdrojů, rozsah modelu, stav 
AI vzorec: pomlčková vsuvka „ – “	/sluzby/bigquery	main	div	Časté otázky	Délka závisí hlavně na počtu a typu zdrojů – GA4 a Google Ads napojíme rychle, vlastní ERP bez 
AI vzorec: pomlčková vsuvka „ – “	/sluzby/bigquery	main	div	Časté otázky	stí začnou do BigQuery proudit až po propojení GA4 – zpětně je export nedoplní, proto ho zapínáme hned 
oxfordská čárka	/sluzby/bigquery	main	div	Časté otázky	ečně načíst konektor Data Transfer Service pro GA4, a to tak daleko, jak dovolí uchovávání dat v GA4 prop
oxfordská čárka	/sluzby/bigquery	main	div	Časté otázky	ilu, předáme dokumentaci tabulek a příklady dotazů, a když budete chtít, přidáme školení na vlastních dat
zájmena: váš/vaše (nadbytečné?)	/sluzby/bigquery	main	div	Časté otázky	tu Google Cloudu, který i s platebním účtem patří vaší organizaci, a zdrojový kód transformací předáme v
velké Vy/Vám/Váš	/sluzby/bigquery	main	div	Časté otázky	Vám. Export i model stavíme v projektu Google Cloudu,
oxfordská čárka	/sluzby/bigquery	main	div	Časté otázky	u, který i s platebním účtem patří vaší organizaci, a zdrojový kód transformací předáme v repozitáři, ke 
oxfordská čárka	/sluzby/bigquery	main	div	Časté otázky	ostaneme jen potřebné role, ideálně časově omezené, a po předání je můžete kdykoli odebrat. Žádná data ne
zájmena: váš/vaše (nadbytečné?)	/sluzby/bigquery	main	div	Časté otázky	me expiraci starých dat. Právní posouzení zajistí váš právník nebo pověřenec – nejsme advokátní kancelá
AI vzorec: pomlčková vsuvka „ – “	/sluzby/bigquery	main	div	Časté otázky	rávní posouzení zajistí váš právník nebo pověřenec – nejsme advokátní kancelář.
zájmena: váš/vaše (nadbytečné?)	/sluzby/bigquery	kontakt	h2	Pojďme spojit vaše data do jednoho místa	Pojďme spojit vaše data do jednoho místa
AI vzorec: Objevte/Odhalte/Ponořte/Pojďme	/sluzby/bigquery	kontakt	h2	Pojďme spojit vaše data do jednoho místa	Pojďme spojit vaše data do jednoho místa
zdarma	/sluzby/bigquery	kontakt	p	Pojďme spojit vaše data do jednoho místa	Na úvodní třicetiminutové konzultaci zdarma projdeme zdroje dat a řekneme, jestli BigQuery po
AI vzorec: pomlčková vsuvka „ – “	/sluzby/bigquery	kontakt	p	Pojďme spojit vaše data do jednoho místa	 dat a řekneme, jestli BigQuery potřebujete už teď – a kolik by provoz stál u Googlu.
AI vzorec: pomlčková vsuvka „ – “	/sluzby/cookie-lista-consent-mode	head	title	hlavička	Cookie lišta a Consent Mode v2 – nastavení | datalayer.cz
zdarma	/sluzby/cookie-lista-consent-mode	head	meta:description	hlavička	souhlasem, a vysvětlíme dopad na data. Konzultace zdarma.
oxfordská čárka	/sluzby/cookie-lista-consent-mode	head	meta:description	hlavička	de v2 a GTM. Ověříme, co web posílá před souhlasem, a vysvětlíme dopad na data. Konzultace zdarma.
AI vzorec: pomlčková vsuvka „ – “	/sluzby/cookie-lista-consent-mode	head	meta:og:title	hlavička	Cookie lišta a Consent Mode v2 – nastavení | datalayer.cz
zdarma	/sluzby/cookie-lista-consent-mode	head	meta:og:description	hlavička	souhlasem, a vysvětlíme dopad na data. Konzultace zdarma.
oxfordská čárka	/sluzby/cookie-lista-consent-mode	head	meta:og:description	hlavička	de v2 a GTM. Ověříme, co web posílá před souhlasem, a vysvětlíme dopad na data. Konzultace zdarma.
AI vzorec: pomlčková vsuvka „ – “	/sluzby/cookie-lista-consent-mode	head	meta:twitter:title	hlavička	Cookie lišta a Consent Mode v2 – nastavení | datalayer.cz
zdarma	/sluzby/cookie-lista-consent-mode	head	meta:twitter:description	hlavička	souhlasem, a vysvětlíme dopad na data. Konzultace zdarma.
oxfordská čárka	/sluzby/cookie-lista-consent-mode	head	meta:twitter:description	hlavička	de v2 a GTM. Ověříme, co web posílá před souhlasem, a vysvětlíme dopad na data. Konzultace zdarma.
AI vzorec: pomlčková vsuvka „ – “	/sluzby/cookie-lista-consent-mode	jsonld	jsonld:mainEntity.acceptedAnswer.text	JSON-LD	ík nebo přihlášení, lištu se souhlasem nepotřebuje – informační povinnost ale trvá. Jakmile používáte a
oxfordská čárka	/sluzby/cookie-lista-consent-mode	jsonld	jsonld:mainEntity.acceptedAnswer.text	JSON-LD	ických komunikacích předchozí prokazatelný souhlas, a to i pro GA4. Výjimka pro malé weby neexistuje.
AI vzorec: pomlčková vsuvka „ – “	/sluzby/cookie-lista-consent-mode	jsonld	jsonld:mainEntity.acceptedAnswer.text	JSON-LD	telů z EHP měřit konverze a personalizovat reklamu – bez signálů souhlasu přicházíte o remarketingová p
oxfordská čárka	/sluzby/cookie-lista-consent-mode	jsonld	jsonld:mainEntity.acceptedAnswer.text	JSON-LD	ů a nástrojů, jestli lištu vybíráme, nebo vyvíjíme, a kolik kódů běží mimo GTM. Licenci CMP platíte přímo
zájmena: váš/vaše (nadbytečné?)	/sluzby/cookie-lista-consent-mode	jsonld	jsonld:mainEntity.acceptedAnswer.text	JSON-LD	Vám. Účet CMP i kontejner GTM zůstávají vaše a licenci CMP platíte přímo poskytovateli. Pracuj
velké Vy/Vám/Váš	/sluzby/cookie-lista-consent-mode	jsonld	jsonld:mainEntity.acceptedAnswer.text	JSON-LD	Vám. Účet CMP i kontejner GTM zůstávají vaše a licenc
oxfordská čárka	/sluzby/cookie-lista-consent-mode	jsonld	jsonld:mainEntity.acceptedAnswer.text	JSON-LD	eme s přístupy pro čtení, při nastavení pro úpravy, a po předání je můžete kdykoli odebrat.
oxfordská čárka	/sluzby/cookie-lista-consent-mode	main	p		Pak ověříme, co web posílá před souhlasem a po něm, a vysvětlíme dopad na data.
zdarma	/sluzby/cookie-lista-consent-mode	main	p		Úvodní konzultace zdarma · nejsme advokátní kancelář, s právníkem rádi spo
AI vzorec: pomlčková vsuvka „ – “	/sluzby/cookie-lista-consent-mode	main	p	Poznáváte se?	ertifikovaná CMP podle Googlu sama soulad nezaručí – rozhoduje, jak ji nasadíte.
oxfordská čárka	/sluzby/cookie-lista-consent-mode	main	p	Co uděláme a co dostanete	abízíme ve dvou variantách: audit, když lištu máte, a nastavení na klíč, když ji zavádíte nebo měníte.
AI vzorec: pomlčková vsuvka „ – “	/sluzby/cookie-lista-consent-mode	main	div	Co uděláme a co dostanete	echny cookies, tagy a skripty včetně kódů mimo GTM – v šabloně, pluginech, chatu nebo videu.
AI vzorec: pomlčková vsuvka „ – “	/sluzby/cookie-lista-consent-mode	main	div	Co uděláme a co dostanete	Souhlas předáme i novému měření Seznamu – přes IAB TCF, nebo ve formátu Google Consent Mode.
fráze: klíčov	/sluzby/cookie-lista-consent-mode	main	p	Jak souhlas putuje od lišty k tagům	Pořadí je klíčové. Výchozí stav souhlasu musí platit dřív, než pro
AI vzorec: pomlčková vsuvka „ – “	/sluzby/cookie-lista-consent-mode	main	p	Jak souhlas putuje od lišty k tagům	 platit dřív, než prohlížeč načte jakoukoli značku – jinak se značky Googlu chovají, jako by Consent Mo
zájmena: váš/vaše (nadbytečné?)	/sluzby/cookie-lista-consent-mode	main	li	Basic, nebo advanced? A jakou lištu?	Google Ads modeluje konverze modelem pro váš účet
zájmena: váš/vaše (nadbytečné?)	/sluzby/cookie-lista-consent-mode	main	div	Basic, nebo advanced? A jakou lištu?	Ve vašem designu, s minimem kódu a bez licence, pro weby b
anglicismy: feature/business/learn more/get started	/sluzby/cookie-lista-consent-mode	main	span	Tři věci, které říká zákon, ÚOOÚ a Google	Q&A ÚOOÚ
zájmena: naše/našich/našim (nadbytečné?)	/sluzby/cookie-lista-consent-mode	main	p	Jak to probíhá	Stejných pět kroků jako u všech našich služeb. Nejvíc času obvykle zabere rozhodnutí o r
zájmena: naše/našich/našim (nadbytečné?)	/sluzby/cookie-lista-consent-mode	main	p	Co web posílá před souhlasem a po něm	Ověření je jádro naší práce. Výsledek dostanete jako záznam síťových po
zájmena: váš/vaše (nadbytečné?)	/sluzby/cookie-lista-consent-mode	main	p	Co web posílá před souhlasem a po něm	sledek dostanete jako záznam síťových požadavků z vašeho webu a screenshoty – ne jen jako „máte to dobře“.
AI vzorec: pomlčková vsuvka „ – “	/sluzby/cookie-lista-consent-mode	main	p	Co web posílá před souhlasem a po něm	nam síťových požadavků z vašeho webu a screenshoty – ne jen jako „máte to dobře“.
kalk: na stejné stránce	/sluzby/cookie-lista-consent-mode	main	li	Co web posílá před souhlasem a po něm	po přijetí naběhnou tagy hned, na stejné stránce
anglicismy: feature/business/learn more/get started	/sluzby/cookie-lista-consent-mode	main	p	Časté otázky	[ FAQ ]
AI vzorec: pomlčková vsuvka „ – “	/sluzby/cookie-lista-consent-mode	main	li	Časté otázky	čtením GTM, nebo spouštěčem Consent Initialization – All Pages, který běží před všemi ostatními tagy.
AI vzorec: pomlčková vsuvka „ – “	/sluzby/cookie-lista-consent-mode	main	li	Časté otázky	, LinkedIn, Hotjar ani Clarity Consent Mode nečtou – dostanou dodatečný požadavek na souhlas a spouštěn
AI vzorec: pomlčková vsuvka „ – “	/sluzby/cookie-lista-consent-mode	main	p	Časté otázky	h přenáší informace o prokliku v URL i bez cookies – i to doporučujeme probrat s právníkem.
AI vzorec: pomlčková vsuvka „ – “	/sluzby/cookie-lista-consent-mode	main	div	Časté otázky	ík nebo přihlášení, lištu se souhlasem nepotřebuje – informační povinnost ale trvá. Jakmile používáte a
oxfordská čárka	/sluzby/cookie-lista-consent-mode	main	div	Časté otázky	ických komunikacích předchozí prokazatelný souhlas, a to i pro GA4. Výjimka pro malé weby neexistuje.
AI vzorec: pomlčková vsuvka „ – “	/sluzby/cookie-lista-consent-mode	main	div	Časté otázky	telů z EHP měřit konverze a personalizovat reklamu – bez signálů souhlasu přicházíte o remarketingová p
oxfordská čárka	/sluzby/cookie-lista-consent-mode	main	div	Časté otázky	ů a nástrojů, jestli lištu vybíráme, nebo vyvíjíme, a kolik kódů běží mimo GTM. Licenci CMP platíte přímo
zájmena: váš/vaše (nadbytečné?)	/sluzby/cookie-lista-consent-mode	main	div	Časté otázky	Vám. Účet CMP i kontejner GTM zůstávají vaše a licenci CMP platíte přímo poskytovateli. Pracuj
velké Vy/Vám/Váš	/sluzby/cookie-lista-consent-mode	main	div	Časté otázky	Vám. Účet CMP i kontejner GTM zůstávají vaše a licenc
oxfordská čárka	/sluzby/cookie-lista-consent-mode	main	div	Časté otázky	eme s přístupy pro čtení, při nastavení pro úpravy, a po předání je můžete kdykoli odebrat.
zájmena: váš/vaše (nadbytečné?)	/sluzby/cookie-lista-consent-mode	main	a		Server-side tracking měření na vaší doméně
anglicismy: feature/business/learn more/get started	/sluzby/cookie-lista-consent-mode	main	a		Server-side tracking měření na vaší doméně
AI vzorec: pomlčková vsuvka „ – “	/sluzby/cookie-lista-consent-mode	kontakt	h2	Nastavíme souhlas podle pravidel – a bez zbytečné 	Nastavíme souhlas podle pravidel – a bez zbytečné ztráty dat
zdarma	/sluzby/cookie-lista-consent-mode	kontakt	p	Nastavíme souhlas podle pravidel – a bez zbytečné 	Na úvodní konzultaci zdarma se podíváme, co web posílá před souhlasem, a řekn
oxfordská čárka	/sluzby/cookie-lista-consent-mode	kontakt	p	Nastavíme souhlas podle pravidel – a bez zbytečné 	i zdarma se podíváme, co web posílá před souhlasem, a řekneme, jestli stačí oprava, nebo je potřeba nové 
fráze: na míru	/sluzby/dashboardy-a-reporting	head	title	hlavička	Marketingový dashboard a reporting na míru | datalayer.cz
zdarma	/sluzby/dashboardy-a-reporting	head	meta:description	hlavička	. Data z GA4, Ads, Meta, Skliku i ERP. Konzultace zdarma.
fráze: na míru	/sluzby/dashboardy-a-reporting	head	meta:og:title	hlavička	Marketingový dashboard a reporting na míru | datalayer.cz
zdarma	/sluzby/dashboardy-a-reporting	head	meta:og:description	hlavička	. Data z GA4, Ads, Meta, Skliku i ERP. Konzultace zdarma.
fráze: na míru	/sluzby/dashboardy-a-reporting	head	meta:twitter:title	hlavička	Marketingový dashboard a reporting na míru | datalayer.cz
zdarma	/sluzby/dashboardy-a-reporting	head	meta:twitter:description	hlavička	. Data z GA4, Ads, Meta, Skliku i ERP. Konzultace zdarma.
fráze: na míru	/sluzby/dashboardy-a-reporting	jsonld	jsonld:name	JSON-LD	Dashboardy a reporting na míru
fráze: na míru	/sluzby/dashboardy-a-reporting	jsonld	jsonld:mainEntity.name	JSON-LD	Kolik stojí dashboard na míru?
AI vzorec: pomlčková vsuvka „ – “	/sluzby/dashboardy-a-reporting	jsonld	jsonld:mainEntity.acceptedAnswer.text	JSON-LD	ou částku. Rozhoduje počet dashboardů a typ zdrojů – zdroje Googlu napojíme rychle, ERP bez API dá víc 
AI vzorec: pomlčková vsuvka „ – “	/sluzby/dashboardy-a-reporting	jsonld	jsonld:mainEntity.acceptedAnswer.text	JSON-LD	e Googlu napojíme rychle, ERP bez API dá víc práce – a to, jestli potřebujete BigQuery a sladění s účet
AI vzorec: pomlčková vsuvka „ – “	/sluzby/dashboardy-a-reporting	jsonld	jsonld:mainEntity.acceptedAnswer.text	JSON-LD	é zdroje v projektu Google Cloudu, který patří vám – nikdy pod osobním účtem zaměstnance ani pod naším.
velké Vy/Vám/Váš	/sluzby/dashboardy-a-reporting	jsonld	jsonld:mainEntity.acceptedAnswer.text	JSON-LD	Vám. Reporty zakládáme na firemních účtech v Google W
oxfordská čárka	/sluzby/dashboardy-a-reporting	jsonld	jsonld:mainEntity.acceptedAnswer.text	JSON-LD	análů. Rozdíly sepíšeme v rekonciliačním protokolu, a když je rozdíl velký nebo nestabilní, doporučíme au
zájmena: naše/našich/našim (nadbytečné?)	/sluzby/dashboardy-a-reporting	jsonld	jsonld:mainEntity.name	JSON-LD	Umíte napojit Sklik, Heureku, Shoptet nebo naše CRM?
zdarma	/sluzby/dashboardy-a-reporting	jsonld	jsonld:mainEntity.acceptedAnswer.text	JSON-LD	nebo API. Konektory třetích stran většinou nejsou zdarma a jejich spolehlivost vždy ověříme – konkrétní zd
AI vzorec: pomlčková vsuvka „ – “	/sluzby/dashboardy-a-reporting	jsonld	jsonld:mainEntity.acceptedAnswer.text	JSON-LD	u nejsou zdarma a jejich spolehlivost vždy ověříme – konkrétní zdroje probereme na úvodní konzultaci.
fráze: na míru	/sluzby/dashboardy-a-reporting	main	h1		Marketingové dashboardy a reporting na míru
zájmena: váš/vaše (nadbytečné?)	/sluzby/dashboardy-a-reporting	main	p		á konzultace zdarma · reporty i data zůstávají na vašich účtech
zdarma	/sluzby/dashboardy-a-reporting	main	p		Úvodní třicetiminutová konzultace zdarma · reporty i data zůstávají na vašich účtech
AI vzorec: pomlčková vsuvka „ – “	/sluzby/dashboardy-a-reporting	main	div	Poznáváte se?	e čísla z GA4, Ads, Mety a administrace do tabulky – a když onemocní, report nevyjde.
AI vzorec: pomlčková vsuvka „ – “	/sluzby/dashboardy-a-reporting	main	div	Poznáváte se?	zují ROAS a PNO bez vratek, storen a nákupních cen – a kampaň s nejvyšším obratem může mít nejnižší mar
AI vzorec: pomlčková vsuvka „ – “	/sluzby/dashboardy-a-reporting	main	div	Co uděláme a co dostanete	ro vedení, pod nimi metriky pro marketing a obchod – u každého definice, výpočet, zdroj a vlastník.
fráze: na míru	/sluzby/dashboardy-a-reporting	main	h3	Co uděláme a co dostanete	Dashboardy na míru
zájmena: váš/vaše (nadbytečné?)	/sluzby/dashboardy-a-reporting	main	div	Co uděláme a co dostanete	esktop i mobil – nejdřív jako klikací prototyp na vašich datech.
AI vzorec: pomlčková vsuvka „ – “	/sluzby/dashboardy-a-reporting	main	div	Co uděláme a co dostanete	zadání, ve firemních barvách a pro desktop i mobil – nejdřív jako klikací prototyp na vašich datech.
oxfordská čárka	/sluzby/dashboardy-a-reporting	main	div	Co uděláme a co dostanete	-mailem, upozornění, když metrika překročí hranici, a přístupová práva.
AI vzorec: pomlčková vsuvka „ – “	/sluzby/dashboardy-a-reporting	main	p	Odkud čísla v dashboardu pocházejí	GA4 nikdy neuvidí všechny objednávky – část lidí odmítne cookies nebo používá blokátory a
AI vzorec: pomlčková vsuvka „ – “	/sluzby/dashboardy-a-reporting	main	li	Odkud čísla v dashboardu pocházejí	vedení – týdně
AI vzorec: pomlčková vsuvka „ – “	/sluzby/dashboardy-a-reporting	main	li	Odkud čísla v dashboardu pocházejí	marketing – denně
AI vzorec: pomlčková vsuvka „ – “	/sluzby/dashboardy-a-reporting	main	li	Odkud čísla v dashboardu pocházejí	e-commerce – měsíčně
AI vzorec: pomlčková vsuvka „ – “	/sluzby/dashboardy-a-reporting	main	li	Odkud čísla v dashboardu pocházejí	B2B pipeline – týdně
AI vzorec: pomlčková vsuvka „ – “	/sluzby/dashboardy-a-reporting	main	li	Odkud čísla v dashboardu pocházejí	e tržby. Bez DPH, po stornech, s dopravou nebo bez – jak to má účetnictví.
fráze: ekosystém	/sluzby/dashboardy-a-reporting	main	div	Data Studio, nebo Power BI?	Volíme pro marketingový tým v Google ekosystému, který bere data hlavně z Googlu a BigQuery.
zdarma	/sluzby/dashboardy-a-reporting	main	li	Data Studio, nebo Power BI?	zdarma, verze Pro za devět dolarů za uživatele a projekt
zdarma	/sluzby/dashboardy-a-reporting	main	li	Data Studio, nebo Power BI?	Desktop zdarma, Pro za čtrnáct dolarů za uživatele měsíčně při r
zájmena: naše/našich/našim (nadbytečné?)	/sluzby/dashboardy-a-reporting	main	p	Jak postupujeme a co od vás potřebujeme	Stejných pět kroků jako u všech našich služeb. Na úvodním workshopu sepíšeme, kdo dashbo
AI vzorec: pomlčková vsuvka „ – “	/sluzby/dashboardy-a-reporting	main	p	Jak postupujeme a co od vás potřebujeme	kdo dashboard čte a jaká rozhodnutí podle něj dělá – grafy přijdou na řadu až potom.
zájmena: váš/vaše (nadbytečné?)	/sluzby/dashboardy-a-reporting	main	li	Jak postupujeme a co od vás potřebujeme	avrhneme obrazovky, postavíme klikací prototyp na vašich datech, napojíme zdroje a vybraný měsíc sladíme s
zájmena: váš/vaše (nadbytečné?)	/sluzby/dashboardy-a-reporting	main	p	Jak postupujeme a co od vás potřebujeme	avrhneme obrazovky, postavíme klikací prototyp na vašich datech, napojíme zdroje a vybraný měsíc sladíme s
anglicismy: feature/business/learn more/get started	/sluzby/dashboardy-a-reporting	main	p	Časté otázky	[ FAQ ]
AI vzorec: pomlčková vsuvka „ – “	/sluzby/dashboardy-a-reporting	main	caption	Časté otázky	Data Studio a Power BI – ceny k říjnu 2026 bez DPH, Microsoft je na webu uv
zdarma	/sluzby/dashboardy-a-reporting	main	td	Časté otázky	zdarma, Pro devět dolarů za uživatele a projekt měsíčně
zdarma	/sluzby/dashboardy-a-reporting	main	td	Časté otázky	Desktop zdarma, Pro čtrnáct a Premium Per User 24 dolarů za uživ
zdarma	/sluzby/dashboardy-a-reporting	main	td	Časté otázky	ve verzi zdarma jednotlivým uživatelům, v Pro organizaci a projek
zájmena: váš/vaše (nadbytečné?)	/sluzby/dashboardy-a-reporting	main	td	Časté otázky	pracovním prostorům ve vašem tenantovi Microsoft
fráze: partner	/sluzby/dashboardy-a-reporting	main	td	Časté otázky	partnerské placené konektory nebo BigQuery
AI vzorec: pomlčková vsuvka „ – “	/sluzby/dashboardy-a-reporting	main	p	Časté otázky	sa přesměruje na novou a reporty fungují bez úprav – jen když firma omezuje přístup na externí weby pře
fráze: na míru	/sluzby/dashboardy-a-reporting	main	summary	Časté otázky	Kolik stojí dashboard na míru?
AI vzorec: pomlčková vsuvka „ – “	/sluzby/dashboardy-a-reporting	main	div	Časté otázky	ou částku. Rozhoduje počet dashboardů a typ zdrojů – zdroje Googlu napojíme rychle, ERP bez API dá víc 
AI vzorec: pomlčková vsuvka „ – “	/sluzby/dashboardy-a-reporting	main	div	Časté otázky	e Googlu napojíme rychle, ERP bez API dá víc práce – a to, jestli potřebujete BigQuery a sladění s účet
AI vzorec: pomlčková vsuvka „ – “	/sluzby/dashboardy-a-reporting	main	div	Časté otázky	é zdroje v projektu Google Cloudu, který patří vám – nikdy pod osobním účtem zaměstnance ani pod naším.
velké Vy/Vám/Váš	/sluzby/dashboardy-a-reporting	main	div	Časté otázky	Vám. Reporty zakládáme na firemních účtech v Google W
oxfordská čárka	/sluzby/dashboardy-a-reporting	main	div	Časté otázky	análů. Rozdíly sepíšeme v rekonciliačním protokolu, a když je rozdíl velký nebo nestabilní, doporučíme au
zájmena: naše/našich/našim (nadbytečné?)	/sluzby/dashboardy-a-reporting	main	summary	Časté otázky	Umíte napojit Sklik, Heureku, Shoptet nebo naše CRM?
zdarma	/sluzby/dashboardy-a-reporting	main	div	Časté otázky	nebo API. Konektory třetích stran většinou nejsou zdarma a jejich spolehlivost vždy ověříme – konkrétní zd
AI vzorec: pomlčková vsuvka „ – “	/sluzby/dashboardy-a-reporting	main	div	Časté otázky	u nejsou zdarma a jejich spolehlivost vždy ověříme – konkrétní zdroje probereme na úvodní konzultaci.
zdarma	/sluzby/dashboardy-a-reporting	kontakt	p	Propojíme data do jednoho dashboardu	Na třicetiminutové konzultaci zdarma projdeme, co dnes reportujete a z jakých zdrojů, 
oxfordská čárka	/sluzby/dashboardy-a-reporting	kontakt	p	Propojíme data do jednoho dashboardu	ma projdeme, co dnes reportujete a z jakých zdrojů, a doporučíme nástroj i rozsah.
AI vzorec: pomlčková vsuvka „ – “	/sluzby/dashboardy-a-reporting	main	div@aria-label	Časté otázky	Data Studio a Power BI – ceny k říjnu 2026 bez DPH, Microsoft je na webu uv
AI vzorec: pomlčková vsuvka „ – “	/sluzby/datova-vrstva	head	title	hlavička	Datová vrstva dataLayer – zadání pro vývojáře | datalayer.cz
zdarma	/sluzby/datova-vrstva	head	meta:description	hlavička	 kódu, automatické testy a podpora IT. Konzultace zdarma.
AI vzorec: pomlčková vsuvka „ – “	/sluzby/datova-vrstva	head	meta:og:title	hlavička	Datová vrstva dataLayer – zadání pro vývojáře | datalayer.cz
zdarma	/sluzby/datova-vrstva	head	meta:og:description	hlavička	 kódu, automatické testy a podpora IT. Konzultace zdarma.
AI vzorec: pomlčková vsuvka „ – “	/sluzby/datova-vrstva	head	meta:twitter:title	hlavička	Datová vrstva dataLayer – zadání pro vývojáře | datalayer.cz
zdarma	/sluzby/datova-vrstva	head	meta:twitter:description	hlavička	 kódu, automatické testy a podpora IT. Konzultace zdarma.
zájmena: váš/vaše (nadbytečné?)	/sluzby/datova-vrstva	jsonld	jsonld:mainEntity.acceptedAnswer.text	JSON-LD	Obvykle vaši vývojáři nebo dodavatel e-shopu, protože data poc
zájmena: váš/vaše (nadbytečné?)	/sluzby/datova-vrstva	jsonld	jsonld:mainEntity.acceptedAnswer.text	JSON-LD	m kódu. Právní posouzení zpracování by měl udělat váš právník.
AI vzorec: pomlčková vsuvka „ – “	/sluzby/datova-vrstva	jsonld	jsonld:mainEntity.acceptedAnswer.text	JSON-LD	e-mail, jméno, telefon ani adresa v čitelné podobě – uživatele identifikujeme interním ID a pro rozšíře
oxfordská čárka	/sluzby/datova-vrstva	jsonld	jsonld:mainEntity.acceptedAnswer.text	JSON-LD	erze v Google Ads a Meta posíláme jen hash SHA-256, a to až po souhlasu návštěvníka. Marže do prohlížeče 
velké Vy/Vám/Váš	/sluzby/datova-vrstva	jsonld	jsonld:mainEntity.acceptedAnswer.text	JSON-LD	Vám. Specifikaci, JSON Schema i testy předáváme ve fo
oxfordská čárka	/sluzby/datova-vrstva	jsonld	jsonld:mainEntity.acceptedAnswer.text	JSON-LD	ema i testy předáváme ve formátu, který si zvolíte, a můžete je dát jakémukoli dalšímu dodavateli. Doporu
zdarma	/sluzby/datova-vrstva	main	p		Úvodní konzultace zdarma · píšeme pro vývojáře, ne pro marketing · odpovím
zájmena: váš/vaše (nadbytečné?)	/sluzby/datova-vrstva	main	li		Testy poběží v CI vašeho projektu
oxfordská čárka	/sluzby/datova-vrstva	main	div	Co uděláme a co dostanete	Proč měříme to, co měříme, a jaké otázky mají data zodpovědět.
zájmena: váš/vaše (nadbytečné?)	/sluzby/datova-vrstva	main	div	Co uděláme a co dostanete	řů pro Playwright nebo Cypress, které poběží v CI vašeho projektu.
oxfordská čárka	/sluzby/datova-vrstva	main	div	Scraping, integrace platformy, nebo vlastní datová	ělat nemusí, GTM ale vidí jen to, co je na stránce, a změna šablony měření rozbije. Hodí se jen dočasně.
fráze: řešení	/sluzby/datova-vrstva	main	div	Scraping, integrace platformy, nebo vlastní datová	l pro DPH a slevy a hlídají ji testy. Pro vlastní řešení, headless a B2B aplikace.
zájmena: váš/vaše (nadbytečné?)	/sluzby/datova-vrstva	main	p	Scraping, integrace platformy, nebo vlastní datová	Na čem je váš web? U hotových platforem vycházíme z jejich dato
fráze: řešení	/sluzby/datova-vrstva	main	p	Scraping, integrace platformy, nebo vlastní datová	h datové vrstvy a doplníme, co chybí, u vlastních řešení a SPA navrhujeme vše od začátku.
zájmena: naše/našich/našim (nadbytečné?)	/sluzby/datova-vrstva	main	p	Jak spolupráce probíhá	Stejných pět kroků jako u všech našich služeb. Předáním specifikace nekončíme – s vývojá
AI vzorec: pomlčková vsuvka „ – “	/sluzby/datova-vrstva	main	p	Jak spolupráce probíhá	šech našich služeb. Předáním specifikace nekončíme – s vývojáři pracujeme až do akceptace, ať jde o int
anglicismy: feature/business/learn more/get started	/sluzby/datova-vrstva	main	p	Časté otázky	[ FAQ ]
AI vzorec: pomlčková vsuvka „ – “	/sluzby/datova-vrstva	main	figcaption	Časté otázky	Nákup – purchase
oxfordská čárka	/sluzby/datova-vrstva	main	li	Časté otázky	ě převodem nebo na dobírku web událost odešle také, a to po vytvoření objednávky, ne po zaplacení.
zájmena: váš/vaše (nadbytečné?)	/sluzby/datova-vrstva	main	div	Časté otázky	Obvykle vaši vývojáři nebo dodavatel e-shopu, protože data poc
zájmena: váš/vaše (nadbytečné?)	/sluzby/datova-vrstva	main	div	Časté otázky	m kódu. Právní posouzení zpracování by měl udělat váš právník.
AI vzorec: pomlčková vsuvka „ – “	/sluzby/datova-vrstva	main	div	Časté otázky	e-mail, jméno, telefon ani adresa v čitelné podobě – uživatele identifikujeme interním ID a pro rozšíře
oxfordská čárka	/sluzby/datova-vrstva	main	div	Časté otázky	erze v Google Ads a Meta posíláme jen hash SHA-256, a to až po souhlasu návštěvníka. Marže do prohlížeče 
velké Vy/Vám/Váš	/sluzby/datova-vrstva	main	div	Časté otázky	Vám. Specifikaci, JSON Schema i testy předáváme ve fo
oxfordská čárka	/sluzby/datova-vrstva	main	div	Časté otázky	ema i testy předáváme ve formátu, který si zvolíte, a můžete je dát jakémukoli dalšímu dodavateli. Doporu
zájmena: váš/vaše (nadbytečné?)	/sluzby/datova-vrstva	main	a		Server-side tracking měření na vaší doméně
anglicismy: feature/business/learn more/get started	/sluzby/datova-vrstva	main	a		Server-side tracking měření na vaší doméně
zájmena: váš/vaše (nadbytečné?)	/sluzby/datova-vrstva	kontakt	h2	Připravíme zadání datové vrstvy pro vaše vývojáře	Připravíme zadání datové vrstvy pro vaše vývojáře
zdarma	/sluzby/datova-vrstva	kontakt	p	Připravíme zadání datové vrstvy pro vaše vývojáře	Na úvodní konzultaci zdarma zjistíme, co web posílá dnes a co bude potřeba př
AI vzorec: pomlčková vsuvka „ – “	/sluzby/google-tag-manager	head	title	hlavička	Google Tag Manager – nastavení, audit, správa | datalayer.cz
zdarma	/sluzby/google-tag-manager	head	meta:description	hlavička	osloví, verze, práva, consent i výkon. Konzultace zdarma.
AI vzorec: pomlčková vsuvka „ – “	/sluzby/google-tag-manager	head	meta:og:title	hlavička	Google Tag Manager – nastavení, audit, správa | datalayer.cz
zdarma	/sluzby/google-tag-manager	head	meta:og:description	hlavička	osloví, verze, práva, consent i výkon. Konzultace zdarma.
AI vzorec: pomlčková vsuvka „ – “	/sluzby/google-tag-manager	head	meta:twitter:title	hlavička	Google Tag Manager – nastavení, audit, správa | datalayer.cz
zdarma	/sluzby/google-tag-manager	head	meta:twitter:description	hlavička	osloví, verze, práva, consent i výkon. Konzultace zdarma.
AI vzorec: pomlčková vsuvka „ – “	/sluzby/google-tag-manager	jsonld	jsonld:name	JSON-LD	Google Tag Manager – nastavení, audit a správa
zdarma	/sluzby/google-tag-manager	jsonld	jsonld:mainEntity.acceptedAnswer.text	JSON-LD	 s pevným rozsahem. Samotný Google Tag Manager je zdarma, peníze stojí jen verze Tag Manager 360 a případn
zájmena: váš/vaše (nadbytečné?)	/sluzby/google-tag-manager	jsonld	jsonld:mainEntity.acceptedAnswer.text	JSON-LD	nsent Mode v2, kategorie souhlasu by měl posoudit váš právník.
AI vzorec: pomlčková vsuvka „ – “	/sluzby/google-tag-manager	main	p		me a uklidíme, nebo ho budeme dlouhodobě spravovat – vždy s pravidly pro názvy, verze, oprávnění a Cons
zdarma	/sluzby/google-tag-manager	main	p		Úvodní třicetiminutová konzultace zdarma · odpovíme do jednoho pracovního dne
zájmena: váš/vaše (nadbytečné?)	/sluzby/google-tag-manager	main	li		Kontejner zůstává na vašem účtu
oxfordská čárka	/sluzby/google-tag-manager	main	div	Poznáváte svůj Tag Manager?	Verze 87 nemá popis, a když spadly konverze, nikdo neví, co se změnilo.
fráze: klíčov	/sluzby/google-tag-manager	main	li	Nastavení, audit, nebo správa?	měsíční kontrola, že klíčové tagy běží
AI vzorec: pomlčková vsuvka „ – “	/sluzby/google-tag-manager	main	pre	Co uděláme a co dostanete	GA4 – Event – purchase CE – purchase DLV – ecommerce.tra
AI vzorec: pomlčková vsuvka „ – “	/sluzby/google-tag-manager	main	pre	Co uděláme a co dostanete	GA4 – Event – purchase CE – purchase DLV – ecommerce.transaction
AI vzorec: pomlčková vsuvka „ – “	/sluzby/google-tag-manager	main	pre	Co uděláme a co dostanete	GA4 – Event – purchase CE – purchase DLV – ecommerce.transaction_id
AI vzorec: pomlčková vsuvka „ – “	/sluzby/google-tag-manager	main	pre	Co uděláme a co dostanete	GA4 – Event – purchase CE – purchase DLV – ecommerce.transaction_id
AI vzorec: pomlčková vsuvka „ – “	/sluzby/google-tag-manager	main	li	Co se děje uvnitř kontejneru	CE – purchase
AI vzorec: pomlčková vsuvka „ – “	/sluzby/google-tag-manager	main	li	Co se děje uvnitř kontejneru	GA4 – Event – purchase: analytics_storage
AI vzorec: pomlčková vsuvka „ – “	/sluzby/google-tag-manager	main	li	Co se děje uvnitř kontejneru	GA4 – Event – purchase: analytics_storage
AI vzorec: pomlčková vsuvka „ – “	/sluzby/google-tag-manager	main	li	Co se děje uvnitř kontejneru	Google Ads – Conversion: ad_storage + ad_user_data
AI vzorec: pomlčková vsuvka „ – “	/sluzby/google-tag-manager	main	li	Co se děje uvnitř kontejneru	Meta – Event – Purchase: ad_storage
AI vzorec: pomlčková vsuvka „ – “	/sluzby/google-tag-manager	main	li	Co se děje uvnitř kontejneru	Meta – Event – Purchase: ad_storage
oxfordská čárka	/sluzby/google-tag-manager	main	li	Co se děje uvnitř kontejneru	Verze s popisem. Při problému víte, co se změnilo, a vrátíte se o verzi zpět.
anglicismy: feature/business/learn more/get started	/sluzby/google-tag-manager	main	p	Kde mají měřicí kódy žít?	 rozpočtem na reklamu, víc na stránce Server-side tracking.
anglicismy: feature/business/learn more/get started	/sluzby/google-tag-manager	main	a	Kde mají měřicí kódy žít?	Server-side tracking
zájmena: naše/našich/našim (nadbytečné?)	/sluzby/google-tag-manager	main	p	Jak spolupráce probíhá	Stejných pět kroků jako u všech našich služeb. U auditu znamená třetí krok úklid v samos
anglicismy: feature/business/learn more/get started	/sluzby/google-tag-manager	main	p	Časté otázky	[ FAQ ]
AI vzorec: pomlčková vsuvka „ – “	/sluzby/google-tag-manager	main	caption	Časté otázky	Názvosloví – ukázka konvence
AI vzorec: pomlčková vsuvka „ – “	/sluzby/google-tag-manager	main	td	Časté otázky	{Platforma} – {Typ} – {Událost}
AI vzorec: pomlčková vsuvka „ – “	/sluzby/google-tag-manager	main	td	Časté otázky	{Platforma} – {Typ} – {Událost}
AI vzorec: pomlčková vsuvka „ – “	/sluzby/google-tag-manager	main	td	Časté otázky	GA4 – Event – purchase · Google Ads – Conversion – Nákup
AI vzorec: pomlčková vsuvka „ – “	/sluzby/google-tag-manager	main	td	Časté otázky	GA4 – Event – purchase · Google Ads – Conversion – Nákup · Sklik
AI vzorec: pomlčková vsuvka „ – “	/sluzby/google-tag-manager	main	td	Časté otázky	GA4 – Event – purchase · Google Ads – Conversion – Nákup · Sklik – SEM – purchase
AI vzorec: pomlčková vsuvka „ – “	/sluzby/google-tag-manager	main	td	Časté otázky	GA4 – Event – purchase · Google Ads – Conversion – Nákup · Sklik – SEM – purchase
AI vzorec: pomlčková vsuvka „ – “	/sluzby/google-tag-manager	main	td	Časté otázky	purchase · Google Ads – Conversion – Nákup · Sklik – SEM – purchase
AI vzorec: pomlčková vsuvka „ – “	/sluzby/google-tag-manager	main	td	Časté otázky	se · Google Ads – Conversion – Nákup · Sklik – SEM – purchase
AI vzorec: pomlčková vsuvka „ – “	/sluzby/google-tag-manager	main	td	Časté otázky	{Typ} – {Podmínka}
AI vzorec: pomlčková vsuvka „ – “	/sluzby/google-tag-manager	main	td	Časté otázky	CE – purchase · Click – Link – tel: · Consent Init – Al
AI vzorec: pomlčková vsuvka „ – “	/sluzby/google-tag-manager	main	td	Časté otázky	CE – purchase · Click – Link – tel: · Consent Init – All Pages
AI vzorec: pomlčková vsuvka „ – “	/sluzby/google-tag-manager	main	td	Časté otázky	CE – purchase · Click – Link – tel: · Consent Init – All Pages
AI vzorec: pomlčková vsuvka „ – “	/sluzby/google-tag-manager	main	td	Časté otázky	CE – purchase · Click – Link – tel: · Consent Init – All Pages
AI vzorec: pomlčková vsuvka „ – “	/sluzby/google-tag-manager	main	td	Časté otázky	{Typ} – {Název}
AI vzorec: pomlčková vsuvka „ – “	/sluzby/google-tag-manager	main	td	Časté otázky	DLV – ecommerce.transaction_id · Const – GA4 ID
AI vzorec: pomlčková vsuvka „ – “	/sluzby/google-tag-manager	main	td	Časté otázky	DLV – ecommerce.transaction_id · Const – GA4 ID
AI vzorec: pomlčková vsuvka „ – “	/sluzby/google-tag-manager	main	td	Časté otázky	RRRR-MM-DD – změna
AI vzorec: pomlčková vsuvka „ – “	/sluzby/google-tag-manager	main	td	Časté otázky	2026-10-08 – deduplikace purchase podle transaction_id
anglicismy: feature/business/learn more/get started	/sluzby/google-tag-manager	main	li	Časté otázky	Bezplatný GTM má tři workspaces, schvalovací workflow a zóny nabízí jen Tag Manager 360.
zdarma	/sluzby/google-tag-manager	main	div	Časté otázky	 s pevným rozsahem. Samotný Google Tag Manager je zdarma, peníze stojí jen verze Tag Manager 360 a případn
zájmena: váš/vaše (nadbytečné?)	/sluzby/google-tag-manager	main	div	Časté otázky	nsent Mode v2, kategorie souhlasu by měl posoudit váš právník.
zájmena: váš/vaše (nadbytečné?)	/sluzby/google-tag-manager	main	a		Server-side tracking měření na vaší doméně
anglicismy: feature/business/learn more/get started	/sluzby/google-tag-manager	main	a		Server-side tracking měření na vaší doméně
zájmena: váš/vaše (nadbytečné?)	/sluzby/google-tag-manager	kontakt	h2	Uklidíme váš Tag Manager	Uklidíme váš Tag Manager
zdarma	/sluzby/google-tag-manager	kontakt	p	Uklidíme váš Tag Manager	Na třicetiminutové konzultaci zdarma se podíváme na kontejner a řekneme, co řešit jako
AI vzorec: pomlčková vsuvka „ – “	/sluzby/google-tag-manager	main	div@aria-label	Časté otázky	Názvosloví – ukázka konvence
zdarma	/sluzby/implementace-ga4	head	meta:description	hlavička	ící: e-commerce, leady, Ads, BigQuery. Konzultace zdarma.
zdarma	/sluzby/implementace-ga4	head	meta:og:description	hlavička	ící: e-commerce, leady, Ads, BigQuery. Konzultace zdarma.
zdarma	/sluzby/implementace-ga4	head	meta:twitter:description	hlavička	ící: e-commerce, leady, Ads, BigQuery. Konzultace zdarma.
fráze: klíčov	/sluzby/implementace-ga4	jsonld	jsonld:description	JSON-LD	va existující property: měřicí plán, e-commerce a klíčové události, Consent Mode v2, propojení s Google Ad
zdarma	/sluzby/implementace-ga4	jsonld	jsonld:mainEntity.acceptedAnswer.text	JSON-LD	evným rozsahem a seznamem výstupů. GA4 i GTM jsou zdarma, platíte jen BigQuery nad rámec bezplatných limit
velké Vy/Vám/Váš	/sluzby/implementace-ga4	jsonld	jsonld:mainEntity.acceptedAnswer.text	JSON-LD	Vám. Property GA4, kontejner GTM i projekt BigQuery z
zájmena: váš/vaše (nadbytečné?)	/sluzby/implementace-ga4	jsonld	jsonld:mainEntity.acceptedAnswer.text	JSON-LD	ní kancelář, zásady a texty lišty by měl posoudit váš právník – technickou část řeší služba Cookie lišt
AI vzorec: pomlčková vsuvka „ – “	/sluzby/implementace-ga4	jsonld	jsonld:mainEntity.acceptedAnswer.text	JSON-LD	, zásady a texty lišty by měl posoudit váš právník – technickou část řeší služba Cookie lišta a Consent
zájmena: naše/našich/našim (nadbytečné?)	/sluzby/implementace-ga4	jsonld	jsonld:mainEntity.acceptedAnswer.text	JSON-LD	jen kvůli datové vrstvě: vývojáři ji nasadí podle naší specifikace a připraví testovací prostředí, GA4 a
zájmena: váš/vaše (nadbytečné?)	/sluzby/implementace-ga4	main	h1		Implementace GA4, která sedí s vašimi tržbami
zdarma	/sluzby/implementace-ga4	main	p		Úvodní třicetiminutová konzultace zdarma · odpovíme do jednoho pracovního dne
zájmena: váš/vaše (nadbytečné?)	/sluzby/implementace-ga4	main	li		Účty i data zůstávají vaše
kalk: dělat/dává smysl	/sluzby/implementace-ga4	main	p	Poznáváte se?	ebu, čísla obvykle během prvních měsíců přestanou dávat smysl. Nevíte, co z toho platí u vás? Začněte auditem m
oxfordská čárka	/sluzby/implementace-ga4	main	div	Poznáváte se?	Čísla se liší, nikdo neví, které platí, a vedení pak nevěří ani reportům z reklam.
fráze: klíčov	/sluzby/implementace-ga4	main	div	Co uděláme a co dostanete	E-commerce, leady, tři až osm klíčových událostí, filtry, Consent Mode v2 a propojení.
zájmena: váš/vaše (nadbytečné?)	/sluzby/implementace-ga4	main	div	Co uděláme a co dostanete	Firemní školení na vašich datech, export do BigQuery nebo dashboard v Data 
fráze: klíčov	/sluzby/implementace-ga4	main	li	Jak data tečou z webu do GA4 a dál	klíčové události
fráze: klíčov	/sluzby/implementace-ga4	main	li	Jak data tečou z webu do GA4 a dál	Google Ads – klíčové události a publika
AI vzorec: pomlčková vsuvka „ – “	/sluzby/implementace-ga4	main	li	Jak data tečou z webu do GA4 a dál	Google Ads – klíčové události a publika
AI vzorec: pomlčková vsuvka „ – “	/sluzby/implementace-ga4	main	li	Jak data tečou z webu do GA4 a dál	Search Console – organické dotazy
AI vzorec: pomlčková vsuvka „ – “	/sluzby/implementace-ga4	main	li	Jak data tečou z webu do GA4 a dál	BigQuery – surová data bez limitů rozhraní
oxfordská čárka	/sluzby/implementace-ga4	main	p	Opravit stávající GA4, nebo založit novou property	rty, kterou už máte, protože v ní zůstane historie, a opravy označíme v GA4 anotací s datem. Při přechodu
zájmena: naše/našich/našim (nadbytečné?)	/sluzby/implementace-ga4	main	p	Jak implementace probíhá	Stejných pět kroků jako u všech našich služeb, ať začínáte od nuly, opravujete stávající
fráze: klíčov	/sluzby/implementace-ga4	main	li	Jak implementace probíhá	03 Implementace Nastavíme GTM a GA4: e-commerce a klíčové události, filtry, Consent Mode v2 a propojení s 
fráze: klíčov	/sluzby/implementace-ga4	main	p	Jak implementace probíhá	Nastavíme GTM a GA4: e-commerce a klíčové události, filtry, Consent Mode v2 a propojení s 
anglicismy: feature/business/learn more/get started	/sluzby/implementace-ga4	main	p	Časté otázky	[ FAQ ]
oxfordská čárka	/sluzby/implementace-ga4	main	li	Časté otázky	ostitelů, aby GA4 bralo data jen z vlastních domén, a nežádoucí referraly pro platební brány GoPay, Comga
oxfordská čárka	/sluzby/implementace-ga4	main	li	Časté otázky	ů a parametrů URL, aby do GA4 netekly osobní údaje, a seskupení kanálů pro Heureku, Zboží.cz, Sklik a e-m
oxfordská čárka	/sluzby/implementace-ga4	main	li	Časté otázky	énami, User-ID jen s interním ID, nikdy s e-mailem, a volbu identity pro přehledy.
fráze: klíčov	/sluzby/implementace-ga4	main	li	Časté otázky	 událost pětadvacet parametrů, na property třicet klíčových událostí a sto publik, u GA4 360 sto parametrů
fráze: klíčov	/sluzby/implementace-ga4	main	li	Časté otázky	tí a sto publik, u GA4 360 sto parametrů, padesát klíčových událostí a 400 publik. Události proto navrhuje
zdarma	/sluzby/implementace-ga4	main	div	Časté otázky	evným rozsahem a seznamem výstupů. GA4 i GTM jsou zdarma, platíte jen BigQuery nad rámec bezplatných limit
velké Vy/Vám/Váš	/sluzby/implementace-ga4	main	div	Časté otázky	Vám. Property GA4, kontejner GTM i projekt BigQuery z
zájmena: váš/vaše (nadbytečné?)	/sluzby/implementace-ga4	main	div	Časté otázky	ní kancelář, zásady a texty lišty by měl posoudit váš právník – technickou část řeší služba Cookie lišt
AI vzorec: pomlčková vsuvka „ – “	/sluzby/implementace-ga4	main	div	Časté otázky	, zásady a texty lišty by měl posoudit váš právník – technickou část řeší služba Cookie lišta a Consent
zájmena: naše/našich/našim (nadbytečné?)	/sluzby/implementace-ga4	main	div	Časté otázky	jen kvůli datové vrstvě: vývojáři ji nasadí podle naší specifikace a připraví testovací prostředí, GA4 a
zdarma	/sluzby/implementace-ga4	kontakt	p	Nastavíme GA4 tak, aby čísla seděla s tržbami	Na třicetiminutové konzultaci zdarma projdeme GA4 a řekneme, co opravit jako první.
zdarma	/sluzby/mereni-konverzi	head	meta:description	hlavička	é datové vrstvy, bez dvojího počítání. Konzultace zdarma.
zdarma	/sluzby/mereni-konverzi	head	meta:og:description	hlavička	é datové vrstvy, bez dvojího počítání. Konzultace zdarma.
zdarma	/sluzby/mereni-konverzi	head	meta:twitter:description	hlavička	é datové vrstvy, bez dvojího počítání. Konzultace zdarma.
kalk: dělat/dává smysl	/sluzby/mereni-konverzi	jsonld	jsonld:mainEntity.acceptedAnswer.text	JSON-LD	álosti a stejné event_id. Samotné Conversions API dává smysl třeba pro offline konverze, pro běžný e-shop dopo
AI vzorec: pomlčková vsuvka „ – “	/sluzby/mereni-konverzi	jsonld	jsonld:mainEntity.acceptedAnswer.text	JSON-LD	Ne tak, že bychom souhlas ignorovali – bez něj web nesmí ukládat ani číst netechnické úda
AI vzorec: pomlčková vsuvka „ – “	/sluzby/mereni-konverzi	jsonld	jsonld:mainEntity.acceptedAnswer.text	JSON-LD	y u lidí se souhlasem konverze dorazily spolehlivě – víc u služby Cookie lišta a Consent Mode v2.
zájmena: naše/našich/našim (nadbytečné?)	/sluzby/mereni-konverzi	jsonld	jsonld:mainEntity.name	JSON-LD	Co budete potřebovat od našich vývojářů?
AI vzorec: pomlčková vsuvka „ – “	/sluzby/mereni-konverzi	jsonld	jsonld:mainEntity.acceptedAnswer.text	JSON-LD	avení e-shopové platformy. Pro backendová napojení – Ověřeno zákazníky, Seznam Nákupy a offline konverz
AI vzorec: pomlčková vsuvka „ – “	/sluzby/mereni-konverzi	jsonld	jsonld:mainEntity.acceptedAnswer.text	JSON-LD	věřeno zákazníky, Seznam Nákupy a offline konverze – dostanou vývojáři zadání od nás.
zájmena: váš/vaše (nadbytečné?)	/sluzby/mereni-konverzi	jsonld	jsonld:mainEntity.acceptedAnswer.text	JSON-LD	, Meta Business, Sklik, Heureka i GTM – zůstávají vaše. Potřebujeme role s oprávněním k úpravám konverzí
zájmena: váš/vaše (nadbytečné?)	/sluzby/mereni-konverzi	jsonld	jsonld:mainEntity.acceptedAnswer.text	JSON-LD	a, a nový token nebo datový zdroj vznikne vždy ve vašem účtu. Seznam přístupů dostanete při předání, abys
AI vzorec: pomlčková vsuvka „ – “	/sluzby/mereni-konverzi	jsonld	jsonld:mainEntity.acceptedAnswer.text	JSON-LD	Všechny účty – Google Ads, Meta Business, Sklik, Heureka i GTM – 
AI vzorec: pomlčková vsuvka „ – “	/sluzby/mereni-konverzi	jsonld	jsonld:mainEntity.acceptedAnswer.text	JSON-LD	 – Google Ads, Meta Business, Sklik, Heureka i GTM – zůstávají vaše. Potřebujeme role s oprávněním k úp
oxfordská čárka	/sluzby/mereni-konverzi	jsonld	jsonld:mainEntity.acceptedAnswer.text	JSON-LD	právněním k úpravám konverzí a značek, nikdy hesla, a nový token nebo datový zdroj vznikne vždy ve vašem 
AI vzorec: pomlčková vsuvka „ – “	/sluzby/mereni-konverzi	main	p		 Skliku i Heureky jednou, se stejným ID a hodnotou – a jen podle souhlasu návštěvníka. Reklamy pak opti
zájmena: váš/vaše (nadbytečné?)	/sluzby/mereni-konverzi	main	p		Úvodní konzultace zdarma · účty a data zůstávají vaše, pracujeme přes role, ne přes hesla
zdarma	/sluzby/mereni-konverzi	main	p		Úvodní konzultace zdarma · účty a data zůstávají vaše, pracujeme přes role
AI vzorec: pomlčková vsuvka „ – “	/sluzby/mereni-konverzi	main	div	Které z toho znáte?	ace třeba ukáže 412 objednávek, GA4 371 a Meta 388 – a nevíte, který rozdíl je chyba.
AI vzorec: pomlčková vsuvka „ – “	/sluzby/mereni-konverzi	main	div	Které z toho znáte?	ečného ID nebo import z GA4 vedle konverzní značky – a k tomu jednou cena s DPH, jednou bez.
AI vzorec: pomlčková vsuvka „ – “	/sluzby/mereni-konverzi	main	div	Které z toho znáte?	erzní kód bez předání souhlasu, retargeting zvlášť – a Seznam mezitím spouští nové měření SEM.
AI vzorec: pomlčková vsuvka „ – “	/sluzby/mereni-konverzi	main	div	Co uděláme a co dostanete	ze, primární a sekundární akce, hodnoty, ID a okna – pro každý systém.
anglicismy: feature/business/learn more/get started	/sluzby/mereni-konverzi	main	p	Jedna objednávka, jeden zdroj, všechny systémy	vá cesta vyplatí, rozebíráme u služby Server-side tracking.
fráze: cesta/cestě	/sluzby/mereni-konverzi	main	p	Jedna objednávka, jeden zdroj, všechny systémy	o, co která platforma podporuje. Kdy se serverová cesta vyplatí, rozebíráme u služby Server-side tracking
anglicismy: feature/business/learn more/get started	/sluzby/mereni-konverzi	main	a	Jedna objednávka, jeden zdroj, všechny systémy	Server-side tracking
fráze: cesta/cestě	/sluzby/mereni-konverzi	main	span	Jedna objednávka, jeden zdroj, všechny systémy	cesty
AI vzorec: pomlčková vsuvka „ – “	/sluzby/mereni-konverzi	main	li	Jedna objednávka, jeden zdroj, všechny systémy	tagy v GTM naběhnou jen podle souhlasu návštěvníka – základ pro většinu platforem.
AI vzorec: pomlčková vsuvka „ – “	/sluzby/mereni-konverzi	main	p	Co nastavíme v jednotlivých systémech	hodí. Kvalitu párování ukazuje Event Match Quality – zvedají ji hashovaný e-mail a telefon a další para
AI vzorec: pomlčková vsuvka „ – “	/sluzby/mereni-konverzi	main	li	Co nastavíme v jednotlivých systémech	erzí dvěma skripty v šabloně nebo modulu platformy – GTM Heureka kvůli blokátorům nedoporučuje
AI vzorec: pomlčková vsuvka „ – “	/sluzby/mereni-konverzi	main	h2	Stejné ID, jedna konverze – a proč se čísla přesto	Stejné ID, jedna konverze – a proč se čísla přesto liší
AI vzorec: pomlčková vsuvka „ – “	/sluzby/mereni-konverzi	main	p	Stejné ID, jedna konverze – a proč se čísla přesto	čítá jinak. Cíl je vysvětlitelný a stabilní rozdíl – jeho náhlá změna pak spustí kontrolu.
oxfordská čárka	/sluzby/mereni-konverzi	main	figcaption	Stejné ID, jedna konverze – a proč se čísla přesto	které prohlížeč i server posílají jako stejný klíč, a každý systém z ní započítá jednu konverzi.
zájmena: naše/našich/našim (nadbytečné?)	/sluzby/mereni-konverzi	main	p	Jak nastavení probíhá	Stejných pět kroků jako u všech našich služeb. Po spuštění následuje čtrnáct dní souběžn
AI vzorec: pomlčková vsuvka „ – “	/sluzby/mereni-konverzi	main	li	Jak nastavení probíhá	, rozšířené konverze, SEM, Heureku a další systémy – všude se stejným ID a hodnotou. od vás: přístupy p
AI vzorec: pomlčková vsuvka „ – “	/sluzby/mereni-konverzi	main	p	Jak nastavení probíhá	, rozšířené konverze, SEM, Heureku a další systémy – všude se stejným ID a hodnotou.
anglicismy: feature/business/learn more/get started	/sluzby/mereni-konverzi	main	p	Časté otázky	[ FAQ ]
falešný přítel: aktuálně	/sluzby/mereni-konverzi	main	p	Časté otázky	šířené konverze. Kvalitu shody v Metě dál zvedají aktuální fbp a fbc, IP adresa a user agent a také odesílá
kalk: dělat/dává smysl	/sluzby/mereni-konverzi	main	div	Časté otázky	álosti a stejné event_id. Samotné Conversions API dává smysl třeba pro offline konverze, pro běžný e-shop dopo
AI vzorec: pomlčková vsuvka „ – “	/sluzby/mereni-konverzi	main	div	Časté otázky	Ne tak, že bychom souhlas ignorovali – bez něj web nesmí ukládat ani číst netechnické úda
AI vzorec: pomlčková vsuvka „ – “	/sluzby/mereni-konverzi	main	div	Časté otázky	y u lidí se souhlasem konverze dorazily spolehlivě – víc u služby Cookie lišta a Consent Mode v2.
zájmena: naše/našich/našim (nadbytečné?)	/sluzby/mereni-konverzi	main	summary	Časté otázky	Co budete potřebovat od našich vývojářů?
AI vzorec: pomlčková vsuvka „ – “	/sluzby/mereni-konverzi	main	div	Časté otázky	avení e-shopové platformy. Pro backendová napojení – Ověřeno zákazníky, Seznam Nákupy a offline konverz
AI vzorec: pomlčková vsuvka „ – “	/sluzby/mereni-konverzi	main	div	Časté otázky	věřeno zákazníky, Seznam Nákupy a offline konverze – dostanou vývojáři zadání od nás.
zájmena: váš/vaše (nadbytečné?)	/sluzby/mereni-konverzi	main	div	Časté otázky	, Meta Business, Sklik, Heureka i GTM – zůstávají vaše. Potřebujeme role s oprávněním k úpravám konverzí
zájmena: váš/vaše (nadbytečné?)	/sluzby/mereni-konverzi	main	div	Časté otázky	a, a nový token nebo datový zdroj vznikne vždy ve vašem účtu. Seznam přístupů dostanete při předání, abys
AI vzorec: pomlčková vsuvka „ – “	/sluzby/mereni-konverzi	main	div	Časté otázky	Všechny účty – Google Ads, Meta Business, Sklik, Heureka i GTM – 
AI vzorec: pomlčková vsuvka „ – “	/sluzby/mereni-konverzi	main	div	Časté otázky	 – Google Ads, Meta Business, Sklik, Heureka i GTM – zůstávají vaše. Potřebujeme role s oprávněním k úp
oxfordská čárka	/sluzby/mereni-konverzi	main	div	Časté otázky	právněním k úpravám konverzí a značek, nikdy hesla, a nový token nebo datový zdroj vznikne vždy ve vašem 
zájmena: váš/vaše (nadbytečné?)	/sluzby/mereni-konverzi	main	a		Server-side tracking měření na vaší doméně
anglicismy: feature/business/learn more/get started	/sluzby/mereni-konverzi	main	a		Server-side tracking měření na vaší doméně
zdarma	/sluzby/mereni-konverzi	kontakt	p	Ať reklamní systémy vidí stejné konverze jako vy	Na úvodní konzultaci zdarma projdeme, jak objednávky nebo poptávky putují do 
oxfordská čárka	/sluzby/mereni-konverzi	kontakt	p	Ať reklamní systémy vidí stejné konverze jako vy	ednávky nebo poptávky putují do reklamních systémů, a řekneme, kde je systémy počítají dvakrát a kde je n
zájmena: váš/vaše (nadbytečné?)	/sluzby/server-side-tracking	head	title	hlavička	Server-side tracking – měření na vaší doméně | datalayer.cz
anglicismy: feature/business/learn more/get started	/sluzby/server-side-tracking	head	title	hlavička	Server-side tracking – měření na vaší doméně | datalayer.cz
AI vzorec: pomlčková vsuvka „ – “	/sluzby/server-side-tracking	head	title	hlavička	Server-side tracking – měření na vaší doméně | datalayer.cz
zájmena: váš/vaše (nadbytečné?)	/sluzby/server-side-tracking	head	meta:description	hlavička	Server-side GTM na vaší doméně a ve vašem Google Cloudu. Meta CAPI, Googl
zájmena: váš/vaše (nadbytečné?)	/sluzby/server-side-tracking	head	meta:description	hlavička	Server-side GTM na vaší doméně a ve vašem Google Cloudu. Meta CAPI, Google Ads, GA4 i Sklik
zdarma	/sluzby/server-side-tracking	head	meta:description	hlavička	k přes server, v souladu se souhlasem. Konzultace zdarma.
zájmena: váš/vaše (nadbytečné?)	/sluzby/server-side-tracking	head	meta:og:title	hlavička	Server-side tracking – měření na vaší doméně | datalayer.cz
anglicismy: feature/business/learn more/get started	/sluzby/server-side-tracking	head	meta:og:title	hlavička	Server-side tracking – měření na vaší doméně | datalayer.cz
AI vzorec: pomlčková vsuvka „ – “	/sluzby/server-side-tracking	head	meta:og:title	hlavička	Server-side tracking – měření na vaší doméně | datalayer.cz
zájmena: váš/vaše (nadbytečné?)	/sluzby/server-side-tracking	head	meta:og:description	hlavička	Server-side GTM na vaší doméně a ve vašem Google Cloudu. Meta CAPI, Googl
zájmena: váš/vaše (nadbytečné?)	/sluzby/server-side-tracking	head	meta:og:description	hlavička	Server-side GTM na vaší doméně a ve vašem Google Cloudu. Meta CAPI, Google Ads, GA4 i Sklik
zdarma	/sluzby/server-side-tracking	head	meta:og:description	hlavička	k přes server, v souladu se souhlasem. Konzultace zdarma.
zájmena: váš/vaše (nadbytečné?)	/sluzby/server-side-tracking	head	meta:twitter:title	hlavička	Server-side tracking – měření na vaší doméně | datalayer.cz
anglicismy: feature/business/learn more/get started	/sluzby/server-side-tracking	head	meta:twitter:title	hlavička	Server-side tracking – měření na vaší doméně | datalayer.cz
AI vzorec: pomlčková vsuvka „ – “	/sluzby/server-side-tracking	head	meta:twitter:title	hlavička	Server-side tracking – měření na vaší doméně | datalayer.cz
zájmena: váš/vaše (nadbytečné?)	/sluzby/server-side-tracking	head	meta:twitter:description	hlavička	Server-side GTM na vaší doméně a ve vašem Google Cloudu. Meta CAPI, Googl
zájmena: váš/vaše (nadbytečné?)	/sluzby/server-side-tracking	head	meta:twitter:description	hlavička	Server-side GTM na vaší doméně a ve vašem Google Cloudu. Meta CAPI, Google Ads, GA4 i Sklik
zdarma	/sluzby/server-side-tracking	head	meta:twitter:description	hlavička	k přes server, v souladu se souhlasem. Konzultace zdarma.
anglicismy: feature/business/learn more/get started	/sluzby/server-side-tracking	jsonld	jsonld:itemListElement.name	JSON-LD	Server-side tracking
anglicismy: feature/business/learn more/get started	/sluzby/server-side-tracking	jsonld	jsonld:name	JSON-LD	Server-side tracking přes server-side Google Tag Manager
zájmena: váš/vaše (nadbytečné?)	/sluzby/server-side-tracking	jsonld	jsonld:mainEntity.acceptedAnswer.text	JSON-LD	sme advokátní kancelář – právní posouzení zajistí váš právník.
trpný rod: byl/byla/bylo + -n/-t	/sluzby/server-side-tracking	jsonld	jsonld:mainEntity.acceptedAnswer.text	JSON-LD	Ano, lištu potřebujete dál. Server-side je jen jiná technická cesta – k ukládání a čtení netechn
fráze: cesta/cestě	/sluzby/server-side-tracking	jsonld	jsonld:mainEntity.acceptedAnswer.text	JSON-LD	otřebujete dál. Server-side je jen jiná technická cesta – k ukládání a čtení netechnických údajů potřebuj
AI vzorec: pomlčková vsuvka „ – “	/sluzby/server-side-tracking	jsonld	jsonld:mainEntity.acceptedAnswer.text	JSON-LD	ujete dál. Server-side je jen jiná technická cesta – k ukládání a čtení netechnických údajů potřebujete
AI vzorec: pomlčková vsuvka „ – “	/sluzby/server-side-tracking	jsonld	jsonld:mainEntity.acceptedAnswer.text	JSON-LD	něj data pošle, nebo ne. Nejsme advokátní kancelář – právní posouzení zajistí váš právník.
zájmena: váš/vaše (nadbytečné?)	/sluzby/server-side-tracking	jsonld	jsonld:mainEntity.acceptedAnswer.text	JSON-LD	lasící návštěvníky: cookies, které nastaví server vaší domény, Safari neomezuje stejně jako cookies z Ja
zájmena: váš/vaše (nadbytečné?)	/sluzby/server-side-tracking	jsonld	jsonld:mainEntity.acceptedAnswer.text	JSON-LD	 stovek korun. Před spuštěním spočítáme odhad pro vaši návštěvnost a nastavíme rozpočtový alert.
AI vzorec: pomlčková vsuvka „ – “	/sluzby/server-side-tracking	jsonld	jsonld:mainEntity.acceptedAnswer.text	JSON-LD	Cenu implementace skládáme podle rozsahu – rozhoduje počet platforem a domén, stav datové vrs
zájmena: váš/vaše (nadbytečné?)	/sluzby/server-side-tracking	jsonld	jsonld:mainEntity.acceptedAnswer.text	JSON-LD	Gateway načítá Google značku z vaší domény přes CDN. Je jednodušší a levnější, ale je
zájmena: váš/vaše (nadbytečné?)	/sluzby/server-side-tracking	jsonld	jsonld:mainEntity.acceptedAnswer.text	JSON-LD	Vám. Server běží ve vašem Google Cloudu, kontejnery i reklamní účty jsou va
zájmena: váš/vaše (nadbytečné?)	/sluzby/server-side-tracking	jsonld	jsonld:mainEntity.acceptedAnswer.text	JSON-LD	em Google Cloudu, kontejnery i reklamní účty jsou vaše a my dostáváme jen role. Po skončení spolupráce o
velké Vy/Vám/Váš	/sluzby/server-side-tracking	jsonld	jsonld:mainEntity.acceptedAnswer.text	JSON-LD	Vám. Server běží ve vašem Google Cloudu, kontejnery i
anglicismy: feature/business/learn more/get started	/sluzby/server-side-tracking	main	li		Server-side tracking
zájmena: váš/vaše (nadbytečné?)	/sluzby/server-side-tracking	main	h1		Server-side tracking na vaší doméně a vašem cloudu
zájmena: váš/vaše (nadbytečné?)	/sluzby/server-side-tracking	main	h1		Server-side tracking na vaší doméně a vašem cloudu
anglicismy: feature/business/learn more/get started	/sluzby/server-side-tracking	main	h1		Server-side tracking na vaší doméně a vašem cloudu
zájmena: váš/vaše (nadbytečné?)	/sluzby/server-side-tracking	main	p		jen jednou – na server-side Google Tag Manager na vaší doméně. Ten ji podle souhlasu návštěvníka předá d
AI vzorec: pomlčková vsuvka „ – “	/sluzby/server-side-tracking	main	p		Prohlížeč pošle každou událost jen jednou – na server-side Google Tag Manager na vaší doméně. 
zdarma	/sluzby/server-side-tracking	main	p		Úvodní konzultace zdarma · provoz serveru platíte napřímo Googlu nebo host
zájmena: váš/vaše (nadbytečné?)	/sluzby/server-side-tracking	main	li		Server ve vašem Google Cloudu
zájmena: váš/vaše (nadbytečné?)	/sluzby/server-side-tracking	main	li		Kontejnery a přístupy zůstávají vaše
kalk: dělat/dává smysl	/sluzby/server-side-tracking	main	p	Poznáváte se?	Server-side dává smysl, když měření funguje, ale narazilo na limity proh
zájmena: váš/vaše (nadbytečné?)	/sluzby/server-side-tracking	main	p	Co uděláme a co dostanete	ale zdokumentovanou architekturu, kterou převezme váš tým nebo kdokoli jiný.
zájmena: váš/vaše (nadbytečné?)	/sluzby/server-side-tracking	main	h3	Co uděláme a co dostanete	Server ve vašem Google Cloudu
AI vzorec: pomlčková vsuvka „ – “	/sluzby/server-side-tracking	main	div	Co uděláme a co dostanete	Který tag smí běžet při jakém souhlasu – podklad pro DPO.
zájmena: váš/vaše (nadbytečné?)	/sluzby/server-side-tracking	main	p	Jak server-side funguje	aždý zvlášť, odejde z prohlížeče jedna událost na váš server. Ten ji rozdělí dál.
zájmena: váš/vaše (nadbytečné?)	/sluzby/server-side-tracking	main	li	Jak server-side funguje	Cloud Run ve vašem cloudu
zájmena: váš/vaše (nadbytečné?)	/sluzby/server-side-tracking	main	figcaption	Jak server-side funguje	a backend posílají události na server-side GTM na vaší doméně. Server je podle souhlasu návštěvníka před
AI vzorec: pomlčková vsuvka „ – “	/sluzby/server-side-tracking	main	li	Vyplatí se vám server-side?	chcete posílat události z backendu – platby, storna, CRM
AI vzorec: pomlčková vsuvka „ – “	/sluzby/server-side-tracking	main	li	Vyplatí se vám server-side?	čekáte měření bez souhlasu – to server-side nedělá
zájmena: váš/vaše (nadbytečné?)	/sluzby/server-side-tracking	main	th	Vyplatí se vám server-side?	Google Cloud ve vašem projektu
AI vzorec: pomlčková vsuvka „ – “	/sluzby/server-side-tracking	main	th	Vyplatí se vám server-side?	Spravovaný hosting – Stape, DataNostro
zájmena: váš/vaše (nadbytečné?)	/sluzby/server-side-tracking	main	p	Vyplatí se vám server-side?	poskytovateli. Před spuštěním spočítáme odhad pro vaši návštěvnost a nastavíme rozpočtový alert.
zájmena: naše/našich/našim (nadbytečné?)	/sluzby/server-side-tracking	main	p	Jak nasazení probíhá	Stejných pět kroků jako u všech našich služeb. Starý i nový způsob měření běží souběžně,
zájmena: váš/vaše (nadbytečné?)	/sluzby/server-side-tracking	main	li	Jak nasazení probíhá	03 Implementace Nasadíme server do vašeho Google Cloudu, napojíme web a platformy – GA4, Go
AI vzorec: pomlčková vsuvka „ – “	/sluzby/server-side-tracking	main	li	Jak nasazení probíhá	 do vašeho Google Cloudu, napojíme web a platformy – GA4, Google Ads, Meta CAPI a Sklik – a nastavíme d
AI vzorec: pomlčková vsuvka „ – “	/sluzby/server-side-tracking	main	li	Jak nasazení probíhá	b a platformy – GA4, Google Ads, Meta CAPI a Sklik – a nastavíme deduplikaci. od vás: fakturační účet G
zájmena: váš/vaše (nadbytečné?)	/sluzby/server-side-tracking	main	p	Jak nasazení probíhá	Nasadíme server do vašeho Google Cloudu, napojíme web a platformy – GA4, Go
AI vzorec: pomlčková vsuvka „ – “	/sluzby/server-side-tracking	main	p	Jak nasazení probíhá	 do vašeho Google Cloudu, napojíme web a platformy – GA4, Google Ads, Meta CAPI a Sklik – a nastavíme d
AI vzorec: pomlčková vsuvka „ – “	/sluzby/server-side-tracking	main	p	Jak nasazení probíhá	b a platformy – GA4, Google Ads, Meta CAPI a Sklik – a nastavíme deduplikaci.
anglicismy: feature/business/learn more/get started	/sluzby/server-side-tracking	main	p	Časté otázky	[ FAQ ]
zájmena: váš/vaše (nadbytečné?)	/sluzby/server-side-tracking	main	td	Časté otázky	Google tag posílá data na vaši doménu
zájmena: váš/vaše (nadbytečné?)	/sluzby/server-side-tracking	main	div	Časté otázky	sme advokátní kancelář – právní posouzení zajistí váš právník.
trpný rod: byl/byla/bylo + -n/-t	/sluzby/server-side-tracking	main	div	Časté otázky	Ano, lištu potřebujete dál. Server-side je jen jiná technická cesta – k ukládání a čtení netechn
fráze: cesta/cestě	/sluzby/server-side-tracking	main	div	Časté otázky	otřebujete dál. Server-side je jen jiná technická cesta – k ukládání a čtení netechnických údajů potřebuj
AI vzorec: pomlčková vsuvka „ – “	/sluzby/server-side-tracking	main	div	Časté otázky	ujete dál. Server-side je jen jiná technická cesta – k ukládání a čtení netechnických údajů potřebujete
AI vzorec: pomlčková vsuvka „ – “	/sluzby/server-side-tracking	main	div	Časté otázky	něj data pošle, nebo ne. Nejsme advokátní kancelář – právní posouzení zajistí váš právník.
zájmena: váš/vaše (nadbytečné?)	/sluzby/server-side-tracking	main	div	Časté otázky	lasící návštěvníky: cookies, které nastaví server vaší domény, Safari neomezuje stejně jako cookies z Ja
zájmena: váš/vaše (nadbytečné?)	/sluzby/server-side-tracking	main	div	Časté otázky	 stovek korun. Před spuštěním spočítáme odhad pro vaši návštěvnost a nastavíme rozpočtový alert.
AI vzorec: pomlčková vsuvka „ – “	/sluzby/server-side-tracking	main	div	Časté otázky	Cenu implementace skládáme podle rozsahu – rozhoduje počet platforem a domén, stav datové vrs
zájmena: váš/vaše (nadbytečné?)	/sluzby/server-side-tracking	main	div	Časté otázky	Gateway načítá Google značku z vaší domény přes CDN. Je jednodušší a levnější, ale je
zájmena: váš/vaše (nadbytečné?)	/sluzby/server-side-tracking	main	div	Časté otázky	Vám. Server běží ve vašem Google Cloudu, kontejnery i reklamní účty jsou va
zájmena: váš/vaše (nadbytečné?)	/sluzby/server-side-tracking	main	div	Časté otázky	em Google Cloudu, kontejnery i reklamní účty jsou vaše a my dostáváme jen role. Po skončení spolupráce o
velké Vy/Vám/Váš	/sluzby/server-side-tracking	main	div	Časté otázky	Vám. Server běží ve vašem Google Cloudu, kontejnery i
zájmena: váš/vaše (nadbytečné?)	/sluzby/server-side-tracking	kontakt	p	Probereme, jestli se vám server-side vyplatí	Na třicetiminutové konzultaci zdarma projdeme vaše měření. Odpovídáme do jednoho pracovního dne.
zdarma	/sluzby/server-side-tracking	kontakt	p	Probereme, jestli se vám server-side vyplatí	Na třicetiminutové konzultaci zdarma projdeme vaše měření. Odpovídáme do jednoho praco
zájmena: váš/vaše (nadbytečné?)	/sluzby/server-side-tracking	main	td@data-label	Vyplatí se vám server-side?	Google Cloud ve vašem projektu
AI vzorec: pomlčková vsuvka „ – “	/sluzby/server-side-tracking	main	td@data-label	Vyplatí se vám server-side?	Spravovaný hosting – Stape, DataNostro
zájmena: váš/vaše (nadbytečné?)	/sluzby/server-side-tracking	main	td@data-label	Vyplatí se vám server-side?	Google Cloud ve vašem projektu
AI vzorec: pomlčková vsuvka „ – “	/sluzby/server-side-tracking	main	td@data-label	Vyplatí se vám server-side?	Spravovaný hosting – Stape, DataNostro
zájmena: váš/vaše (nadbytečné?)	/sluzby/server-side-tracking	main	td@data-label	Vyplatí se vám server-side?	Google Cloud ve vašem projektu
AI vzorec: pomlčková vsuvka „ – “	/sluzby/server-side-tracking	main	td@data-label	Vyplatí se vám server-side?	Spravovaný hosting – Stape, DataNostro
zájmena: váš/vaše (nadbytečné?)	/sluzby/server-side-tracking	main	td@data-label	Vyplatí se vám server-side?	Google Cloud ve vašem projektu
AI vzorec: pomlčková vsuvka „ – “	/sluzby/server-side-tracking	main	td@data-label	Vyplatí se vám server-side?	Spravovaný hosting – Stape, DataNostro
zájmena: váš/vaše (nadbytečné?)	/sluzby/server-side-tracking	main	td@data-label	Vyplatí se vám server-side?	Google Cloud ve vašem projektu
AI vzorec: pomlčková vsuvka „ – “	/sluzby/server-side-tracking	main	td@data-label	Vyplatí se vám server-side?	Spravovaný hosting – Stape, DataNostro
AI vzorec: pomlčková vsuvka „ – “	/sluzby/sprava-webu-a-mereni	head	title	hlavička	Správa webu a měření – tagy, consent, SLA | datalayer.cz
AI vzorec: pomlčková vsuvka „ – “	/sluzby/sprava-webu-a-mereni	head	meta:og:title	hlavička	Správa webu a měření – tagy, consent, SLA | datalayer.cz
AI vzorec: pomlčková vsuvka „ – “	/sluzby/sprava-webu-a-mereni	head	meta:twitter:title	hlavička	Správa webu a měření – tagy, consent, SLA | datalayer.cz
zájmena: váš/vaše (nadbytečné?)	/sluzby/sprava-webu-a-mereni	jsonld	jsonld:mainEntity.name	JSON-LD	Co dělá správce webu a čím se liší vaše správa?
AI vzorec: pomlčková vsuvka „ – “	/sluzby/sprava-webu-a-mereni	jsonld	jsonld:mainEntity.acceptedAnswer.text	JSON-LD	t a často upravuje i obsah. Naše správa míří jinam – obsah a grafiku neděláme, zato hlídáme, že po každ
zájmena: váš/vaše (nadbytečné?)	/sluzby/sprava-webu-a-mereni	jsonld	jsonld:mainEntity.acceptedAnswer.text	JSON-LD	obných úprav měření. Nástroje a infrastrukturu na vašich účtech, třeba hosting, Google Cloud nebo BigQuery
AI vzorec: pomlčková vsuvka „ – “	/sluzby/sprava-webu-a-mereni	jsonld	jsonld:mainEntity.acceptedAnswer.text	JSON-LD	íme, protože weby se liší víc než ceníkové balíčky – po vstupní kontrole dostanete pevnou měsíční částk
zájmena: váš/vaše (nadbytečné?)	/sluzby/sprava-webu-a-mereni	jsonld	jsonld:mainEntity.acceptedAnswer.text	JSON-LD	lář – soulad textů lišty a zásad s právem posoudí váš právník a nastavení lišty řešíme ve službě Cookie
AI vzorec: pomlčková vsuvka „ – “	/sluzby/sprava-webu-a-mereni	jsonld	jsonld:mainEntity.acceptedAnswer.text	JSON-LD	omény třetích stran. Nejsme ale advokátní kancelář – soulad textů lišty a zásad s právem posoudí váš pr
zájmena: váš/vaše (nadbytečné?)	/sluzby/sprava-webu-a-mereni	jsonld	jsonld:mainEntity.acceptedAnswer.text	JSON-LD	sole, reklamní systémy i Google Cloud – zůstávají vaše a my v nich máme jen uživatelské přístupy s potře
zájmena: váš/vaše (nadbytečné?)	/sluzby/sprava-webu-a-mereni	jsonld	jsonld:mainEntity.acceptedAnswer.text	JSON-LD	třebnou rolí. Testy a skripty pro hlídání běží na vaší infrastruktuře, nebo je při ukončení předáme. Po 
AI vzorec: pomlčková vsuvka „ – “	/sluzby/sprava-webu-a-mereni	jsonld	jsonld:mainEntity.acceptedAnswer.text	JSON-LD	Všechny účty – GA4, GTM, Search Console, reklamní systémy i Googl
AI vzorec: pomlčková vsuvka „ – “	/sluzby/sprava-webu-a-mereni	jsonld	jsonld:mainEntity.acceptedAnswer.text	JSON-LD	M, Search Console, reklamní systémy i Google Cloud – zůstávají vaše a my v nich máme jen uživatelské př
zdarma	/sluzby/sprava-webu-a-mereni	main	p		Úvodní konzultace zdarma · online po celé ČR · nejsme webové studio, grafi
zájmena: váš/vaše (nadbytečné?)	/sluzby/sprava-webu-a-mereni	main	li		Účty, přístupy a data zůstávají vaše
kalk: dělat/dává smysl	/sluzby/sprava-webu-a-mereni	main	p	Znáte to?	Správa s hlídáním měření dává smysl, když se web často mění a nikdo nekontroluje, jes
AI vzorec: pomlčková vsuvka „ – “	/sluzby/sprava-webu-a-mereni	main	div	Znáte to?	Agentura, PPC specialista i vývojář – nikdo neví, co se v které verzi změnilo, a starých
oxfordská čárka	/sluzby/sprava-webu-a-mereni	main	div	Znáte to?	 vývojář – nikdo neví, co se v které verzi změnilo, a starých tagů přibývá.
fráze: partner	/sluzby/sprava-webu-a-mereni	main	h3	Co hlídáme: tři moduly, které lze kombinovat	Release partner
AI vzorec: pomlčková vsuvka „ – “	/sluzby/sprava-webu-a-mereni	main	p	Jak hlídání funguje: od releasu po report	tech, a kontrola dat odhalí to, co testy nepokryjí – třeba chybu jen na některém zařízení nebo v jiné j
oxfordská čárka	/sluzby/sprava-webu-a-mereni	main	p	Jak hlídání funguje: od releasu po report	bu hned po nasazení, ještě než se projeví v datech, a kontrola dat odhalí to, co testy nepokryjí – třeba 
fráze: klíčov	/sluzby/sprava-webu-a-mereni	main	figcaption	Jak hlídání funguje: od releasu po report	lídání měření: po releasu projde automatický test klíčové cesty a denní kontrola porovná data s průměrem a
fráze: cesta/cestě	/sluzby/sprava-webu-a-mereni	main	figcaption	Jak hlídání funguje: od releasu po report	ěření: po releasu projde automatický test klíčové cesty a denní kontrola porovná data s průměrem a s obje
falešný přítel: aktuálně	/sluzby/sprava-webu-a-mereni	main	p	Čím se lišíme od běžné správy webu	Běžná správa se stará, aby web běžel a byl aktuální, my k tomu hlídáme, aby dál správně měřil. Texty
AI vzorec: pomlčková vsuvka „ – “	/sluzby/sprava-webu-a-mereni	main	p	Jak začínáme	n funkční měření, proto začínáme vstupní kontrolou – pokud jsme vám měření nasazovali my, je kratší. Ch
fráze: řešení	/sluzby/sprava-webu-a-mereni	main	p	Release checklist a SLA	á automatický test. Priority, reakční doby a cíle řešení sepíšeme do smlouvy.
AI vzorec: pomlčková vsuvka „ – “	/sluzby/sprava-webu-a-mereni	main	p	Release checklist a SLA	i dostanou release checklist o dvanácti kontrolách – šest před nasazením a šest po něm, většinu z nich 
fráze: klíčov	/sluzby/sprava-webu-a-mereni	main	li	Release checklist a SLA	Počty klíčových událostí první den po releasu odpovídají průmě
fráze: na míru	/sluzby/sprava-webu-a-mereni	main	p	Release checklist a SLA	Celý checklist upravíme na míru platformě a release procesu a dostanete ho jako š
AI vzorec: pomlčková vsuvka „ – “	/sluzby/sprava-webu-a-mereni	main	th	Release checklist a SLA	P1 – kritická
AI vzorec: pomlčková vsuvka „ – “	/sluzby/sprava-webu-a-mereni	main	th	Release checklist a SLA	P2 – závažná
AI vzorec: pomlčková vsuvka „ – “	/sluzby/sprava-webu-a-mereni	main	th	Release checklist a SLA	P3 – běžná
sliby	/sluzby/sprava-webu-a-mereni	main	p	Release checklist a SLA	Opravy v kódu webu závisejí na vývojářích – garantujeme diagnostiku, přesné zadání a ověření po nasazení.
AI vzorec: pomlčková vsuvka „ – “	/sluzby/sprava-webu-a-mereni	main	p	Release checklist a SLA	Opravy v kódu webu závisejí na vývojářích – garantujeme diagnostiku, přesné zadání a ověření p
AI vzorec: pomlčková vsuvka „ – “	/sluzby/sprava-webu-a-mereni	main	p	Co dostáváte každý měsíc	vor nad ním. Report není výkaz odpracovaných hodin – odpovídá na otázku, jestli se můžete na data spole
oxfordská čárka	/sluzby/sprava-webu-a-mereni	main	p	Co dostáváte každý měsíc	ídá na otázku, jestli se můžete na data spolehnout, a co udělat příští měsíc. Jednou za čtvrtletí upravím
anglicismy: feature/business/learn more/get started	/sluzby/sprava-webu-a-mereni	main	p	Časté otázky	[ FAQ ]
fráze: klíčov	/sluzby/sprava-webu-a-mereni	main	li	Časté otázky	teré odesílají purchase, generate_lead nebo jinou klíčovou událost.
AI vzorec: pomlčková vsuvka „ – “	/sluzby/sprava-webu-a-mereni	main	li	Časté otázky	Testovací nákup nebo formulář dorazil do GA4 – ověříme to v DebugView nebo v přehledu v reálném č
falešný přítel: aktuálně	/sluzby/sprava-webu-a-mereni	main	li	Časté otázky	né URL mají přesměrování a canonical a sitemap je aktuální.
fráze: klíčov	/sluzby/sprava-webu-a-mereni	main	li	Časté otázky	Počty klíčových událostí v první hodině a první den odpovídají
oxfordská čárka	/sluzby/sprava-webu-a-mereni	main	p	Časté otázky	ry, třeba purchase s transaction_id, value a items, a že tagy běží jen po souhlasu.
AI vzorec: pomlčková vsuvka „ – “	/sluzby/sprava-webu-a-mereni	main	p	Časté otázky	me vlastní statistiky v GA4 s upozorněním e-mailem – Google jich dovoluje až padesát na property.
zájmena: váš/vaše (nadbytečné?)	/sluzby/sprava-webu-a-mereni	main	summary	Časté otázky	Co dělá správce webu a čím se liší vaše správa?
AI vzorec: pomlčková vsuvka „ – “	/sluzby/sprava-webu-a-mereni	main	div	Časté otázky	t a často upravuje i obsah. Naše správa míří jinam – obsah a grafiku neděláme, zato hlídáme, že po každ
zájmena: váš/vaše (nadbytečné?)	/sluzby/sprava-webu-a-mereni	main	div	Časté otázky	obných úprav měření. Nástroje a infrastrukturu na vašich účtech, třeba hosting, Google Cloud nebo BigQuery
AI vzorec: pomlčková vsuvka „ – “	/sluzby/sprava-webu-a-mereni	main	div	Časté otázky	íme, protože weby se liší víc než ceníkové balíčky – po vstupní kontrole dostanete pevnou měsíční částk
zájmena: váš/vaše (nadbytečné?)	/sluzby/sprava-webu-a-mereni	main	div	Časté otázky	lář – soulad textů lišty a zásad s právem posoudí váš právník a nastavení lišty řešíme ve službě Cookie
AI vzorec: pomlčková vsuvka „ – “	/sluzby/sprava-webu-a-mereni	main	div	Časté otázky	omény třetích stran. Nejsme ale advokátní kancelář – soulad textů lišty a zásad s právem posoudí váš pr
zájmena: váš/vaše (nadbytečné?)	/sluzby/sprava-webu-a-mereni	main	div	Časté otázky	sole, reklamní systémy i Google Cloud – zůstávají vaše a my v nich máme jen uživatelské přístupy s potře
zájmena: váš/vaše (nadbytečné?)	/sluzby/sprava-webu-a-mereni	main	div	Časté otázky	třebnou rolí. Testy a skripty pro hlídání běží na vaší infrastruktuře, nebo je při ukončení předáme. Po 
AI vzorec: pomlčková vsuvka „ – “	/sluzby/sprava-webu-a-mereni	main	div	Časté otázky	Všechny účty – GA4, GTM, Search Console, reklamní systémy i Googl
AI vzorec: pomlčková vsuvka „ – “	/sluzby/sprava-webu-a-mereni	main	div	Časté otázky	M, Search Console, reklamní systémy i Google Cloud – zůstávají vaše a my v nich máme jen uživatelské př
zdarma	/sluzby/sprava-webu-a-mereni	kontakt	p	Ať měření po dalším releasu nepřestane fungovat	Na úvodní třicetiminutové konzultaci zdarma zjistíme, kdo web vyvíjí, jak často vydáváte nové
AI vzorec: pomlčková vsuvka „ – “	/sluzby/technicky-audit-webu	head	title	hlavička	Technický audit webu – rychlost, tagy, SEO | datalayer.cz
AI vzorec: pomlčková vsuvka „ – “	/sluzby/technicky-audit-webu	head	meta:og:title	hlavička	Technický audit webu – rychlost, tagy, SEO | datalayer.cz
AI vzorec: pomlčková vsuvka „ – “	/sluzby/technicky-audit-webu	head	meta:twitter:title	hlavička	Technický audit webu – rychlost, tagy, SEO | datalayer.cz
zdarma	/sluzby/technicky-audit-webu	jsonld	jsonld:mainEntity.name	JSON-LD	Kolik technický audit stojí a děláte analýzu zdarma?
zdarma	/sluzby/technicky-audit-webu	jsonld	jsonld:mainEntity.acceptedAnswer.text	JSON-LD	mplementací. Úvodní třicetiminutová konzultace je zdarma: projdeme výsledky z PageSpeed Insights a Search 
AI vzorec: pomlčková vsuvka „ – “	/sluzby/technicky-audit-webu	jsonld	jsonld:mainEntity.acceptedAnswer.text	JSON-LD	ránek a domén, platformy a počtu tagů v kontejneru – a podle toho, jestli chcete ověření po opravách a 
fráze: klíčov	/sluzby/technicky-audit-webu	jsonld	jsonld:mainEntity.acceptedAnswer.text	JSON-LD	čtení v GA4 a GTM, seznam hlavních typů stránek a klíčových cest, adresu testovacího prostředí, pokud ho m
oxfordská čárka	/sluzby/technicky-audit-webu	jsonld	jsonld:mainEntity.acceptedAnswer.text	JSON-LD	 cest, adresu testovacího prostředí, pokud ho máte, a kontakt na vývojáře. Na konci si dáme šedesát až de
zájmena: váš/vaše (nadbytečné?)	/sluzby/technicky-audit-webu	jsonld	jsonld:mainEntity.acceptedAnswer.text	JSON-LD	 kontrolu, ne o právní radu – texty lišty posoudí váš právník.
AI vzorec: pomlčková vsuvka „ – “	/sluzby/technicky-audit-webu	jsonld	jsonld:mainEntity.acceptedAnswer.text	JSON-LD	 Mode. Jde o technickou kontrolu, ne o právní radu – texty lišty posoudí váš právník.
oxfordská čárka	/sluzby/technicky-audit-webu	jsonld	jsonld:mainEntity.acceptedAnswer.text	JSON-LD	le třetím stranám ještě před volbou v cookie liště, a ověříme výchozí stav Consent Mode. Nastavení lišty 
oxfordská čárka	/sluzby/technicky-audit-webu	jsonld	jsonld:mainEntity.acceptedAnswer.text	JSON-LD	eatmapy, které web spouští hned na všech stránkách, a cookie lišta, kterou vkládá tag manager. V auditu k
AI vzorec: pomlčková vsuvka „ – “	/sluzby/technicky-audit-webu	jsonld	jsonld:mainEntity.acceptedAnswer.text	JSON-LD	e i kontrolu měření po opravě. Re-test ověří obojí – že web zrychlil a že data tečou dál.
oxfordská čárka	/sluzby/technicky-audit-webu	jsonld	jsonld:mainEntity.acceptedAnswer.text	JSON-LD	Ano, a stává se to často: web odloží GTM tak pozdě, že nes
zájmena: váš/vaše (nadbytečné?)	/sluzby/technicky-audit-webu	jsonld	jsonld:mainEntity.acceptedAnswer.text	JSON-LD	ny v kódu šablon, serveru nebo CDN obvykle dělají vaši vývojáři – dodáme jim přesné zadání, odpovíme na 
AI vzorec: pomlčková vsuvka „ – “	/sluzby/technicky-audit-webu	jsonld	jsonld:mainEntity.acceptedAnswer.text	JSON-LD	lon, serveru nebo CDN obvykle dělají vaši vývojáři – dodáme jim přesné zadání, odpovíme na dotazy a po 
zdarma	/sluzby/technicky-audit-webu	main	p		bsah a odkazy · Úvodní třicetiminutová konzultace zdarma
kalk: dělat/dává smysl	/sluzby/technicky-audit-webu	main	p	Poznáváte se?	Technický audit dává smysl, když web zpomaluje, stránky chybí v indexu nebo 
AI vzorec: pomlčková vsuvka „ – “	/sluzby/technicky-audit-webu	main	p	Poznáváte se?	 zpomaluje, stránky chybí v indexu nebo mizí leady – a také před redesignem či migrací.
AI vzorec: pomlčková vsuvka „ – “	/sluzby/technicky-audit-webu	main	div	Poznáváte se?	Chat, heatmapy, A/B test, další reklamní pixel – každý přidal pár set milisekund a nikdo neví, koli
AI vzorec: pomlčková vsuvka „ – “	/sluzby/technicky-audit-webu	main	div	Poznáváte se?	ř nejde vyplnit klávesnicí a odeslání nikdo neměří – leady mizí a nevíte kde.
AI vzorec: pomlčková vsuvka „ – “	/sluzby/technicky-audit-webu	main	p	Co audit kontroluje: šest oblastí	Oblasti se vyplatí kombinovat – třeba kvůli zrychlení, které nerozbije měření.
AI vzorec: pomlčková vsuvka „ – “	/sluzby/technicky-audit-webu	main	p	Co audit kontroluje: šest oblastí	 metriky Core Web Vitals na 75. percentilu návštěv – LCP do 2,5 s, INP do 200 ms, který v březnu 2024 n
AI vzorec: pomlčková vsuvka „ – “	/sluzby/technicky-audit-webu	main	p	Co audit kontroluje: šest oblastí	bvykle vynechávají. U každého skriptu třetí strany – GTM, Google tag, Meta Pixel, Sklik, Hotjar, chat n
AI vzorec: pomlčková vsuvka „ – “	/sluzby/technicky-audit-webu	main	p	Co audit kontroluje: šest oblastí	tag, Meta Pixel, Sklik, Hotjar, chat nebo A/B test – zjistíme velikost, čas hlavního vlákna a okamžik s
anglicismy: feature/business/learn more/get started	/sluzby/technicky-audit-webu	main	p	Co audit kontroluje: šest oblastí	Co víme k říjnu 2026: rozšířený výsledek FAQ Google od 7. května 2026 nezobrazuje a soubor llm
AI vzorec: pomlčková vsuvka „ – “	/sluzby/technicky-audit-webu	main	p	Co audit kontroluje: šest oblastí	ochy podle WCAG 2.2 na úrovni AA. Ověříme i měření – lead_form_start, chyby validace a generate_lead be
zájmena: váš/vaše (nadbytečné?)	/sluzby/technicky-audit-webu	main	p	Co audit kontroluje: šest oblastí	 které poskytují služby. Zda se týká vás, posoudí váš právník, nejde o právní radu.
fráze: klíčov	/sluzby/technicky-audit-webu	main	p	Co audit kontroluje: šest oblastí	lujeme rychle: načtení GA4 a GTM, datovou vrstvu, klíčové události jako nákup nebo lead bez duplicit a výc
AI vzorec: pomlčková vsuvka „ – “	/sluzby/technicky-audit-webu	main	div	Co uděláme a co dostanete	a akceptační kritérium v nástroji, který používáte – Jira, GitHub, GitLab, Trello nebo tabulka.
AI vzorec: pomlčková vsuvka „ – “	/sluzby/technicky-audit-webu	main	p	Technický audit, ne SEO kampaň	e na to, jak web funguje v prohlížeči a pro roboty – obsah a odkazy nechte specialistům.
oxfordská čárka	/sluzby/technicky-audit-webu	main	li	Technický audit, ne SEO kampaň	najdeme skripty, které web brzdí, a navrhneme, jak je načítat
zájmena: váš/vaše (nadbytečné?)	/sluzby/technicky-audit-webu	main	li	Technický audit, ne SEO kampaň	 slov a obsahovou strategii → výstup rádi předáme vaší SEO agentuře
fráze: klíčov	/sluzby/technicky-audit-webu	main	li	Technický audit, ne SEO kampaň	analýzu klíčových slov a obsahovou strategii → výstup rádi předá
fráze: klíčov	/sluzby/technicky-audit-webu	main	div	Technický audit, ne SEO kampaň	ž řešíte, proč nemáte víc návštěv z vyhledávání – klíčová slova, obsah, konkurenci a odkazy. Dělá ho SEO a
AI vzorec: pomlčková vsuvka „ – “	/sluzby/technicky-audit-webu	main	div	Technický audit, ne SEO kampaň	když řešíte, proč nemáte víc návštěv z vyhledávání – klíčová slova, obsah, konkurenci a odkazy. Dělá ho
AI vzorec: pomlčková vsuvka „ – “	/sluzby/technicky-audit-webu	main	div	Technický audit, ne SEO kampaň	te vědět, co web zpomaluje a co mu technicky brání – včetně dopadu měřicích skriptů.
zájmena: naše/našich/našim (nadbytečné?)	/sluzby/technicky-audit-webu	main	p	Jak audit probíhá	Stejných pět kroků jako u všech našich služeb. Na začátku vybereme šablony a klíčové ces
fráze: klíčov	/sluzby/technicky-audit-webu	main	p	Jak audit probíhá	šech našich služeb. Na začátku vybereme šablony a klíčové cesty, jako je nákup nebo formulář, a data reáln
fráze: cesta/cestě	/sluzby/technicky-audit-webu	main	p	Jak audit probíhá	ich služeb. Na začátku vybereme šablony a klíčové cesty, jako je nákup nebo formulář, a data reálných náv
oxfordská čárka	/sluzby/technicky-audit-webu	main	p	Jak audit probíhá	blony a klíčové cesty, jako je nákup nebo formulář, a data reálných návštěv doplníme laboratorním měřením
zdarma	/sluzby/technicky-audit-webu	main	p	Analýza webu zdarma: co si zkontrolujete sami	[ zdarma ]
zdarma	/sluzby/technicky-audit-webu	main	h2	Analýza webu zdarma: co si zkontrolujete sami	Analýza webu zdarma: co si zkontrolujete sami
zdarma	/sluzby/technicky-audit-webu	main	p	Analýza webu zdarma: co si zkontrolujete sami	výsledky proto rádi projdeme na úvodní konzultaci zdarma.
AI vzorec: pomlčková vsuvka „ – “	/sluzby/technicky-audit-webu	main	p	Analýza webu zdarma: co si zkontrolujete sami	. Nástroje řeknou, že je problém, ale ne vždy proč – výsledky proto rádi projdeme na úvodní konzultaci 
anglicismy: feature/business/learn more/get started	/sluzby/technicky-audit-webu	main	p	Časté otázky	[ FAQ ]
oxfordská čárka	/sluzby/technicky-audit-webu	main	p	Časté otázky	Mezitím GTM vloží cookie lištu, která posune obsah, a na řadu přijdou Meta Pixel, retargeting Skliku, hea
AI vzorec: pomlčková vsuvka „ – “	/sluzby/technicky-audit-webu	main	th	Časté otázky	gtag/js – GA4
AI vzorec: pomlčková vsuvka „ – “	/sluzby/technicky-audit-webu	main	th	Časté otázky	fbevents.js – Meta
oxfordská čárka	/sluzby/technicky-audit-webu	main	pre	Časté otázky	 Vykreslit lištu přímo v HTML šablony, ne přes GTM, a to jako překryv, kterému šablona předem vyhradí mís
zdarma	/sluzby/technicky-audit-webu	main	summary	Časté otázky	Kolik technický audit stojí a děláte analýzu zdarma?
zdarma	/sluzby/technicky-audit-webu	main	div	Časté otázky	mplementací. Úvodní třicetiminutová konzultace je zdarma: projdeme výsledky z PageSpeed Insights a Search 
AI vzorec: pomlčková vsuvka „ – “	/sluzby/technicky-audit-webu	main	div	Časté otázky	ránek a domén, platformy a počtu tagů v kontejneru – a podle toho, jestli chcete ověření po opravách a 
fráze: klíčov	/sluzby/technicky-audit-webu	main	div	Časté otázky	čtení v GA4 a GTM, seznam hlavních typů stránek a klíčových cest, adresu testovacího prostředí, pokud ho m
oxfordská čárka	/sluzby/technicky-audit-webu	main	div	Časté otázky	 cest, adresu testovacího prostředí, pokud ho máte, a kontakt na vývojáře. Na konci si dáme šedesát až de
zájmena: váš/vaše (nadbytečné?)	/sluzby/technicky-audit-webu	main	div	Časté otázky	 kontrolu, ne o právní radu – texty lišty posoudí váš právník.
AI vzorec: pomlčková vsuvka „ – “	/sluzby/technicky-audit-webu	main	div	Časté otázky	 Mode. Jde o technickou kontrolu, ne o právní radu – texty lišty posoudí váš právník.
oxfordská čárka	/sluzby/technicky-audit-webu	main	div	Časté otázky	le třetím stranám ještě před volbou v cookie liště, a ověříme výchozí stav Consent Mode. Nastavení lišty 
oxfordská čárka	/sluzby/technicky-audit-webu	main	div	Časté otázky	eatmapy, které web spouští hned na všech stránkách, a cookie lišta, kterou vkládá tag manager. V auditu k
AI vzorec: pomlčková vsuvka „ – “	/sluzby/technicky-audit-webu	main	div	Časté otázky	e i kontrolu měření po opravě. Re-test ověří obojí – že web zrychlil a že data tečou dál.
oxfordská čárka	/sluzby/technicky-audit-webu	main	div	Časté otázky	Ano, a stává se to často: web odloží GTM tak pozdě, že nes
zájmena: váš/vaše (nadbytečné?)	/sluzby/technicky-audit-webu	main	div	Časté otázky	ny v kódu šablon, serveru nebo CDN obvykle dělají vaši vývojáři – dodáme jim přesné zadání, odpovíme na 
AI vzorec: pomlčková vsuvka „ – “	/sluzby/technicky-audit-webu	main	div	Časté otázky	lon, serveru nebo CDN obvykle dělají vaši vývojáři – dodáme jim přesné zadání, odpovíme na dotazy a po 
zájmena: váš/vaše (nadbytečné?)	/sluzby/technicky-audit-webu	main	a		Server-side tracking měření na vaší doméně
anglicismy: feature/business/learn more/get started	/sluzby/technicky-audit-webu	main	a		Server-side tracking měření na vaší doméně
zájmena: váš/vaše (nadbytečné?)	/sluzby/technicky-audit-webu	kontakt	h2	Zjistěte, co brzdí váš web	Zjistěte, co brzdí váš web
zdarma	/sluzby/technicky-audit-webu	kontakt	p	Zjistěte, co brzdí váš web	na věta o tom, co vás trápí. Na úvodní konzultaci zdarma projdeme výsledky z PageSpeed Insights a Search C
anglicismy: feature/business/learn more/get started	/reseni/b2b-a-lead-generation	head	meta:description	hlavička	le Ads a Mety: offline a rozšířené konverze, call tracking, CPL a CPO. Konzultace zdarma.
zdarma	/reseni/b2b-a-lead-generation	head	meta:description	hlavička	né konverze, call tracking, CPL a CPO. Konzultace zdarma.
anglicismy: feature/business/learn more/get started	/reseni/b2b-a-lead-generation	head	meta:og:description	hlavička	le Ads a Mety: offline a rozšířené konverze, call tracking, CPL a CPO. Konzultace zdarma.
zdarma	/reseni/b2b-a-lead-generation	head	meta:og:description	hlavička	né konverze, call tracking, CPL a CPO. Konzultace zdarma.
anglicismy: feature/business/learn more/get started	/reseni/b2b-a-lead-generation	head	meta:twitter:description	hlavička	le Ads a Mety: offline a rozšířené konverze, call tracking, CPL a CPO. Konzultace zdarma.
zdarma	/reseni/b2b-a-lead-generation	head	meta:twitter:description	hlavička	né konverze, call tracking, CPL a CPO. Konzultace zdarma.
anglicismy: feature/business/learn more/get started	/reseni/b2b-a-lead-generation	jsonld	jsonld:serviceType	JSON-LD	CRM, offline a rozšířené konverze pro leady, call tracking, reporting pipeline
kalk: potenciál/empower	/reseni/b2b-a-lead-generation	jsonld	jsonld:description	JSON-LD	nkedInu: offline konverze, rozšířené konverze pro potenciální zákazníky, call tracking a reporting CPL, CPO a
anglicismy: feature/business/learn more/get started	/reseni/b2b-a-lead-generation	jsonld	jsonld:description	JSON-LD	ozšířené konverze pro potenciální zákazníky, call tracking a reporting CPL, CPO a lead-to-deal.
kalk: potenciál/empower	/reseni/b2b-a-lead-generation	jsonld	jsonld:mainEntity.acceptedAnswer.text	JSON-LD	iknutí a hashe Google říká rozšířené konverze pro potenciální zákazníky a pro nové implementace ji doporučuje
AI vzorec: pomlčková vsuvka „ – “	/reseni/b2b-a-lead-generation	jsonld	jsonld:mainEntity.acceptedAnswer.text	JSON-LD	jednou denně posíláme přes Google Ads Data Manager – z HubSpotu a Salesforce přímo, z ostatních CRM pře
anglicismy: feature/business/learn more/get started	/reseni/b2b-a-lead-generation	jsonld	jsonld:mainEntity.acceptedAnswer.text	JSON-LD	ým rozsahem, výstupy a termínem. Poplatky za call tracking nebo licence CRM platíte přímo poskytovatelům.
AI vzorec: pomlčková vsuvka „ – “	/reseni/b2b-a-lead-generation	jsonld	jsonld:mainEntity.acceptedAnswer.text	JSON-LD	až obchodníci uzavřou první zakázky z nových leadů – podle délky cyklu za týdny až měsíce. Plný efekt p
zájmena: váš/vaše (nadbytečné?)	/reseni/b2b-a-lead-generation	jsonld	jsonld:mainEntity.acceptedAnswer.text	JSON-LD	Vám. Pracujeme přímo ve vašich účtech GA4, GTM, reklamních systémů i CRM a příst
velké Vy/Vám/Váš	/reseni/b2b-a-lead-generation	jsonld	jsonld:mainEntity.acceptedAnswer.text	JSON-LD	Vám. Pracujeme přímo ve vašich účtech GA4, GTM, rekla
oxfordská čárka	/reseni/b2b-a-lead-generation	jsonld	jsonld:mainEntity.acceptedAnswer.text	JSON-LD	 nastavíme sami, nebo je připravíme pro CRM admina, a mapu fází s dokumentací předáme.
zájmena: váš/vaše (nadbytečné?)	/reseni/b2b-a-lead-generation	jsonld	jsonld:mainEntity.acceptedAnswer.text	JSON-LD	é smlouvy. Právní titul pro předání údajů posoudí váš právník – nejsme advokátní kancelář, ale dodáme m
AI vzorec: pomlčková vsuvka „ – “	/reseni/b2b-a-lead-generation	jsonld	jsonld:mainEntity.acceptedAnswer.text	JSON-LD	Právní titul pro předání údajů posoudí váš právník – nejsme advokátní kancelář, ale dodáme mu přesný po
velké Vy/Vám/Váš	/reseni/b2b-a-lead-generation	jsonld	jsonld:mainEntity.acceptedAnswer.text	JSON-LD	ta, žádné osobní údaje v GA4 a jen nezbytná pole. Vy jste správce údajů z CRM, Google u rozšířených ko
fráze: řešení	/reseni/b2b-a-lead-generation	main	p		[ řešení pro B2B a lead generation ]
oxfordská čárka	/reseni/b2b-a-lead-generation	main	p		kne, CRM, kde obchod zjistí její kvalitu a hodnotu, a reklamní systémy, které z výsledku optimalizují. Fo
zdarma	/reseni/b2b-a-lead-generation	main	p		Třicet minut zdarma · odpověď do jednoho pracovního dne
kalk: dělat/dává smysl	/reseni/b2b-a-lead-generation	main	p	Poznáváte se?	Měření do CRM dává smysl, když reklama přivádí poptávky, ale nikdo neví, k
oxfordská čárka	/reseni/b2b-a-lead-generation	main	div	Poznáváte se?	tré nabídky se učí, že dobrý lead je jakýkoli lead, a přivádějí víc levných a horších.
fráze: klíčov	/reseni/b2b-a-lead-generation	main	div	Poznáváte se?	Obchodník vidí jméno a telefon, ale ne kampaň, klíčové slovo ani to, že zákazník přišel z LinkedInu.
AI vzorec: pomlčková vsuvka „ – “	/reseni/b2b-a-lead-generation	main	p	Co uděláme a co dostanete	knutí po zakázku stojí na šesti stavebních blocích – od měření formulářů přes CRM po dashboard.
anglicismy: feature/business/learn more/get started	/reseni/b2b-a-lead-generation	main	span	Co uděláme a co dostanete	call tracking
AI vzorec: pomlčková vsuvka „ – “	/reseni/b2b-a-lead-generation	main	div	Co uděláme a co dostanete	Telefonáty měříme podle toho, kolik poptávek tvoří – od kliku na číslo po dynamická čísla, která hovor 
AI vzorec: pomlčková vsuvka „ – “	/reseni/b2b-a-lead-generation	main	p	Od kliknutí na reklamu po zakázku a zpět	Na konkrétním CRM záleží méně, než se zdá – rozhoduje, jestli do něj dostaneme zdroj leadu a j
AI vzorec: pomlčková vsuvka „ – “	/reseni/b2b-a-lead-generation	main	li	Fáze leadu: co kam posíláme	Google Ads – sekundární konverze
AI vzorec: pomlčková vsuvka „ – “	/reseni/b2b-a-lead-generation	main	li	Fáze leadu: co kam posíláme	Google Ads – hlavní konverze při dlouhém cyklu
AI vzorec: pomlčková vsuvka „ – “	/reseni/b2b-a-lead-generation	main	li	Fáze leadu: co kam posíláme	Google Ads – sekundární konverze
AI vzorec: pomlčková vsuvka „ – “	/reseni/b2b-a-lead-generation	main	li	Fáze leadu: co kam posíláme	Google Ads – hlavní konverze při krátkém cyklu
fráze: klíčov	/reseni/b2b-a-lead-generation	main	td	Běžné měření leadů vs. měření až do CRM	automaticky kampaň, klíčové slovo, ID kliknutí
zájmena: naše/našich/našim (nadbytečné?)	/reseni/b2b-a-lead-generation	main	p	Jak postupujeme	Stejných pět kroků jako u všech našich služeb. Mapu fází leadu, hodnoty a pravidla navrh
anglicismy: feature/business/learn more/get started	/reseni/b2b-a-lead-generation	main	li	Jak postupujeme	edInem přes Conversions API, podle potřeby i call tracking. od vás: CRM admin, případně vývojář webu, a admi
oxfordská čárka	/reseni/b2b-a-lead-generation	main	li	Jak postupujeme	tracking. od vás: CRM admin, případně vývojář webu, a admin přístup do reklamních účtů
anglicismy: feature/business/learn more/get started	/reseni/b2b-a-lead-generation	main	p	Jak postupujeme	edInem přes Conversions API, podle potřeby i call tracking.
anglicismy: feature/business/learn more/get started	/reseni/b2b-a-lead-generation	main	p	Časté otázky	[ FAQ ]
anglicismy: feature/business/learn more/get started	/reseni/b2b-a-lead-generation	main	summary	Časté otázky	chnické detaily: mapa fází, identifikátory a call tracking
AI vzorec: pomlčková vsuvka „ – “	/reseni/b2b-a-lead-generation	main	p	Časté otázky	u +420. Raným fázím přiřazujeme očekávanou hodnotu – průměrnou zakázku × pravděpodobnost uzavření – a k
AI vzorec: pomlčková vsuvka „ – “	/reseni/b2b-a-lead-generation	main	p	Časté otázky	otu – průměrnou zakázku × pravděpodobnost uzavření – a kontakty z jedné firmy párujeme na obchodní příp
oxfordská čárka	/reseni/b2b-a-lead-generation	main	p	Časté otázky	d nebo wbraid, dále fbclid a li_fat_id spolu s UTM, a to jen se souhlasem. E-mail a telefon před hashován
oxfordská čárka	/reseni/b2b-a-lead-generation	main	p	Časté otázky	otřeba volající informovat, pokud hovory nahráváte, a vybrat poskytovatele, který data zpracovává v EU.
kalk: potenciál/empower	/reseni/b2b-a-lead-generation	main	div	Časté otázky	iknutí a hashe Google říká rozšířené konverze pro potenciální zákazníky a pro nové implementace ji doporučuje
AI vzorec: pomlčková vsuvka „ – “	/reseni/b2b-a-lead-generation	main	div	Časté otázky	jednou denně posíláme přes Google Ads Data Manager – z HubSpotu a Salesforce přímo, z ostatních CRM pře
anglicismy: feature/business/learn more/get started	/reseni/b2b-a-lead-generation	main	div	Časté otázky	ým rozsahem, výstupy a termínem. Poplatky za call tracking nebo licence CRM platíte přímo poskytovatelům.
AI vzorec: pomlčková vsuvka „ – “	/reseni/b2b-a-lead-generation	main	div	Časté otázky	až obchodníci uzavřou první zakázky z nových leadů – podle délky cyklu za týdny až měsíce. Plný efekt p
zájmena: váš/vaše (nadbytečné?)	/reseni/b2b-a-lead-generation	main	div	Časté otázky	Vám. Pracujeme přímo ve vašich účtech GA4, GTM, reklamních systémů i CRM a příst
velké Vy/Vám/Váš	/reseni/b2b-a-lead-generation	main	div	Časté otázky	Vám. Pracujeme přímo ve vašich účtech GA4, GTM, rekla
oxfordská čárka	/reseni/b2b-a-lead-generation	main	div	Časté otázky	 nastavíme sami, nebo je připravíme pro CRM admina, a mapu fází s dokumentací předáme.
zájmena: váš/vaše (nadbytečné?)	/reseni/b2b-a-lead-generation	main	div	Časté otázky	é smlouvy. Právní titul pro předání údajů posoudí váš právník – nejsme advokátní kancelář, ale dodáme m
AI vzorec: pomlčková vsuvka „ – “	/reseni/b2b-a-lead-generation	main	div	Časté otázky	Právní titul pro předání údajů posoudí váš právník – nejsme advokátní kancelář, ale dodáme mu přesný po
velké Vy/Vám/Váš	/reseni/b2b-a-lead-generation	main	div	Časté otázky	ta, žádné osobní údaje v GA4 a jen nezbytná pole. Vy jste správce údajů z CRM, Google u rozšířených ko
AI vzorec: Objevte/Odhalte/Ponořte/Pojďme	/reseni/b2b-a-lead-generation	kontakt	h2	Pojďme zjistit, kolik vás stojí zakázka, ne lead	Pojďme zjistit, kolik vás stojí zakázka, ne lead
zdarma	/reseni/b2b-a-lead-generation	kontakt	p	Pojďme zjistit, kolik vás stojí zakázka, ne lead	Na třicetiminutové konzultaci zdarma projdeme formuláře, CRM a kampaně a řekneme, co p
zdarma	/reseni/e-shopy	head	meta:description	hlavička	rver-side, Ads, Meta, Sklik a Heureka. Konzultace zdarma.
fráze: řešení	/reseni/e-shopy	head	meta:description	hlavička	hopu na Shoptetu, Shopify, WooCommerce i vlastním řešení: GA4 e-commerce, consent, server-side, Ads, Meta,
zdarma	/reseni/e-shopy	head	meta:og:description	hlavička	rver-side, Ads, Meta, Sklik a Heureka. Konzultace zdarma.
fráze: řešení	/reseni/e-shopy	head	meta:og:description	hlavička	hopu na Shoptetu, Shopify, WooCommerce i vlastním řešení: GA4 e-commerce, consent, server-side, Ads, Meta,
zdarma	/reseni/e-shopy	head	meta:twitter:description	hlavička	rver-side, Ads, Meta, Sklik a Heureka. Konzultace zdarma.
fráze: řešení	/reseni/e-shopy	head	meta:twitter:description	hlavička	hopu na Shoptetu, Shopify, WooCommerce i vlastním řešení: GA4 e-commerce, consent, server-side, Ads, Meta,
AI vzorec: pomlčková vsuvka „ – “	/reseni/e-shopy	jsonld	jsonld:mainEntity.acceptedAnswer.text	JSON-LD	enší e-shop s jedním reklamním kanálem často stačí – nastavíte ji vyplněním ID. Limity se ukážou, když 
oxfordská čárka	/reseni/e-shopy	jsonld	jsonld:mainEntity.acceptedAnswer.text	JSON-LD	oto nejdřív zjistíme, co platforma skutečně posílá, a pak navrhneme, co nechat nativně a co převzít do GT
AI vzorec: pomlčková vsuvka „ – “	/reseni/e-shopy	jsonld	jsonld:mainEntity.acceptedAnswer.text	JSON-LD	jednávky. Univerzální „normální“ rozdíl neexistuje – důležité je, aby byl stabilní a abyste ho uměli vy
fráze: řešení	/reseni/e-shopy	jsonld	jsonld:mainEntity.acceptedAnswer.text	JSON-LD	 vývojáře, u WooCommerce, PrestaShopu a vlastních řešení obvykle potřebujeme úpravu šablony nebo kód – výv
AI vzorec: pomlčková vsuvka „ – “	/reseni/e-shopy	jsonld	jsonld:mainEntity.acceptedAnswer.text	JSON-LD	řešení obvykle potřebujeme úpravu šablony nebo kód – vývojářům dodáme přesnou specifikaci a výsledek ot
zájmena: váš/vaše (nadbytečné?)	/reseni/e-shopy	jsonld	jsonld:mainEntity.acceptedAnswer.text	JSON-LD	ogle Cloud, BigQuery i reklamní účty zakládáme na vaši firmu, nebo pracujeme ve stávajících, a my v nich
velké Vy/Vám/Váš	/reseni/e-shopy	jsonld	jsonld:mainEntity.acceptedAnswer.text	JSON-LD	Vám. GA4, Tag Manager, Google Cloud, BigQuery i rekla
oxfordská čárka	/reseni/e-shopy	jsonld	jsonld:mainEntity.acceptedAnswer.text	JSON-LD	ádáme na vaši firmu, nebo pracujeme ve stávajících, a my v nich máme jen uživatelský přístup, který můžet
zájmena: váš/vaše (nadbytečné?)	/reseni/e-shopy	jsonld	jsonld:mainEntity.acceptedAnswer.text	JSON-LD	 – texty zásad a právní posouzení by měl schválit váš právník.
AI vzorec: pomlčková vsuvka „ – “	/reseni/e-shopy	jsonld	jsonld:mainEntity.acceptedAnswer.text	JSON-LD	 údaje v čitelné podobě. Nejsme advokátní kancelář – texty zásad a právní posouzení by měl schválit váš
fráze: řešení	/reseni/e-shopy	main	p		[ řešení pro e-shopy ]
oxfordská čárka	/reseni/e-shopy	main	p		 BigQuery. Navážeme na to, co platforma změří sama, a zbytek doplníme tak, aby objednávky v reportech odp
zdarma	/reseni/e-shopy	main	p		Třicet minut zdarma · stačí adresa e-shopu · odpovídáme do jednoho pr
fráze: řešení	/reseni/e-shopy	main	li		Šest platforem od Shoptetu po vlastní řešení
zájmena: váš/vaše (nadbytečné?)	/reseni/e-shopy	main	li		Účty, kontejnery i data zůstávají vaše
oxfordská čárka	/reseni/e-shopy	main	p	Poznáváte se?	má rozbité měření. Má měření, kterému nikdo nevěří, a přesto podle něj rozhoduje o reklamě.
AI vzorec: pomlčková vsuvka „ – “	/reseni/e-shopy	main	div	Z čeho se skládá kompletní měření e-shopu	 od zobrazení produktu po nákup ve stejném formátu – z platformy, nebo jako zadání pro vývojáře.
zájmena: váš/vaše (nadbytečné?)	/reseni/e-shopy	main	div	Z čeho se skládá kompletní měření e-shopu	Server-side GTM na subdoméně e-shopu a vašem Google Cloudu, vždy v souladu se souhlasem.
anglicismy: feature/business/learn more/get started	/reseni/e-shopy	main	a	Z čeho se skládá kompletní měření e-shopu	Server-side tracking →
AI vzorec: pomlčková vsuvka „ – “	/reseni/e-shopy	main	div	Z čeho se skládá kompletní měření e-shopu	jíme s objednávkami, vratkami a náklady na reklamu – bez vzorkování.
AI vzorec: pomlčková vsuvka „ – “	/reseni/e-shopy	main	p	Jak data tečou z e-shopu do reportu	Každý nákup vzniká jednou – v datové vrstvě. Odtud ho Tag Manager pošle do GA4
zájmena: váš/vaše (nadbytečné?)	/reseni/e-shopy	main	h2	Čtyři úrovně měření podle toho, kde je váš e-shop	Čtyři úrovně měření podle toho, kde je váš e-shop
AI vzorec: pomlčková vsuvka „ – “	/reseni/e-shopy	main	div	Čtyři úrovně měření podle toho, kde je váš e-shop	stvě, vidí každý, kdo otevře nástroje pro vývojáře – včetně konkurence. Proto do prohlížeče posíláme je
zájmena: váš/vaše (nadbytečné?)	/reseni/e-shopy	main	h2	Co vaše platforma změří sama – a co chybí	Co vaše platforma změří sama – a co chybí
AI vzorec: pomlčková vsuvka „ – “	/reseni/e-shopy	main	h2	Co vaše platforma změří sama – a co chybí	Co vaše platforma změří sama – a co chybí
fráze: řešení	/reseni/e-shopy	main	button	Co vaše platforma změří sama – a co chybí	Vlastní řešení
AI vzorec: pomlčková vsuvka „ – “	/reseni/e-shopy	main	p	Co vaše platforma změří sama – a co chybí	Chybí: Tag Manager, Consent Mode a české služby – řeší je moduly třetích stran různé kvality, které 
AI vzorec: pomlčková vsuvka „ – “	/reseni/e-shopy	main	p	Co vaše platforma změří sama – a co chybí	Umí: nic – měření je přesně tak dobré, jak dobré bylo zadání,
falešný přítel: aktuálně	/reseni/e-shopy	main	p	Co vaše platforma změří sama – a co chybí	entace platforem k říjnu 2026, při auditu ověříme aktuální stav.
anglicismy: feature/business/learn more/get started	/reseni/e-shopy	main	p	Časté otázky	[ FAQ ]
fráze: řešení	/reseni/e-shopy	main	li	Časté otázky	Vlastní řešení: nákup pošle backend přímo do GA4, Mety a Skliku 
AI vzorec: pomlčková vsuvka „ – “	/reseni/e-shopy	main	div	Časté otázky	enší e-shop s jedním reklamním kanálem často stačí – nastavíte ji vyplněním ID. Limity se ukážou, když 
oxfordská čárka	/reseni/e-shopy	main	div	Časté otázky	oto nejdřív zjistíme, co platforma skutečně posílá, a pak navrhneme, co nechat nativně a co převzít do GT
AI vzorec: pomlčková vsuvka „ – “	/reseni/e-shopy	main	div	Časté otázky	jednávky. Univerzální „normální“ rozdíl neexistuje – důležité je, aby byl stabilní a abyste ho uměli vy
fráze: řešení	/reseni/e-shopy	main	div	Časté otázky	 vývojáře, u WooCommerce, PrestaShopu a vlastních řešení obvykle potřebujeme úpravu šablony nebo kód – výv
AI vzorec: pomlčková vsuvka „ – “	/reseni/e-shopy	main	div	Časté otázky	řešení obvykle potřebujeme úpravu šablony nebo kód – vývojářům dodáme přesnou specifikaci a výsledek ot
zájmena: váš/vaše (nadbytečné?)	/reseni/e-shopy	main	div	Časté otázky	ogle Cloud, BigQuery i reklamní účty zakládáme na vaši firmu, nebo pracujeme ve stávajících, a my v nich
velké Vy/Vám/Váš	/reseni/e-shopy	main	div	Časté otázky	Vám. GA4, Tag Manager, Google Cloud, BigQuery i rekla
oxfordská čárka	/reseni/e-shopy	main	div	Časté otázky	ádáme na vaši firmu, nebo pracujeme ve stávajících, a my v nich máme jen uživatelský přístup, který můžet
zájmena: váš/vaše (nadbytečné?)	/reseni/e-shopy	main	div	Časté otázky	 – texty zásad a právní posouzení by měl schválit váš právník.
AI vzorec: pomlčková vsuvka „ – “	/reseni/e-shopy	main	div	Časté otázky	 údaje v čitelné podobě. Nejsme advokátní kancelář – texty zásad a právní posouzení by měl schválit váš
zájmena: váš/vaše (nadbytečné?)	/reseni/e-shopy	main	a		Server-side tracking měření na vaší doméně
anglicismy: feature/business/learn more/get started	/reseni/e-shopy	main	a		Server-side tracking měření na vaší doméně
zdarma	/reseni/e-shopy	kontakt	p	Ukažte nám svůj e-shop. Řekneme, kde utíkají objed	Na třicetiminutové konzultaci zdarma projdeme měření, platformu a reklamní kanály a ře
zájmena: váš/vaše (nadbytečné?)	/reseni/velke-firmy	head	meta:description	hlavička	měřicí plán, verzování GTM, práva, server-side na vašem Google Cloudu, BigQuery v EU, DPA a SLA. Úvodní s
zdarma	/reseni/velke-firmy	head	meta:description	hlavička	 Cloudu, BigQuery v EU, DPA a SLA. Úvodní schůzka zdarma.
zájmena: váš/vaše (nadbytečné?)	/reseni/velke-firmy	head	meta:og:description	hlavička	měřicí plán, verzování GTM, práva, server-side na vašem Google Cloudu, BigQuery v EU, DPA a SLA. Úvodní s
zdarma	/reseni/velke-firmy	head	meta:og:description	hlavička	 Cloudu, BigQuery v EU, DPA a SLA. Úvodní schůzka zdarma.
zájmena: váš/vaše (nadbytečné?)	/reseni/velke-firmy	head	meta:twitter:description	hlavička	měřicí plán, verzování GTM, práva, server-side na vašem Google Cloudu, BigQuery v EU, DPA a SLA. Úvodní s
zdarma	/reseni/velke-firmy	head	meta:twitter:description	hlavička	 Cloudu, BigQuery v EU, DPA a SLA. Úvodní schůzka zdarma.
kalk: dělat/dává smysl	/reseni/velke-firmy	jsonld	jsonld:mainEntity.acceptedAnswer.text	JSON-LD	na objemu dat a na tom, jak je používáte. GA4 360 dává smysl, když denně posíláte víc než milion událostí a po
zájmena: naše/našich/našim (nadbytečné?)	/reseni/velke-firmy	jsonld	jsonld:mainEntity.name	JSON-LD	Kde budou naše data fyzicky ležet?
AI vzorec: pomlčková vsuvka „ – “	/reseni/velke-firmy	jsonld	jsonld:mainEntity.acceptedAnswer.text	JSON-LD	 GTM a BigQuery nasadíme do regionu, který zvolíte – typicky do multiregionu EU, tedy Belgie a Nizozems
AI vzorec: pomlčková vsuvka „ – “	/reseni/velke-firmy	jsonld	jsonld:mainEntity.acceptedAnswer.text	JSON-LD	 předání do USA rámec EU–US Data Privacy Framework – posouzení nechte na DPO.
falešný přítel: aktuálně	/reseni/velke-firmy	jsonld	jsonld:mainEntity.acceptedAnswer.text	JSON-LD	erého by měření nefungovalo. Při ukončení předáme aktuální stav, odebereme svoje přístupy a podle smlouvy s
AI vzorec: pomlčková vsuvka „ – “	/reseni/velke-firmy	jsonld	jsonld:mainEntity.acceptedAnswer.text	JSON-LD	ým rozsahem. Z jejích výstupů navrhneme další fáze – pilot, rollout a provoz – s rozsahem a výstupy pro
AI vzorec: pomlčková vsuvka „ – “	/reseni/velke-firmy	jsonld	jsonld:mainEntity.acceptedAnswer.text	JSON-LD	upů navrhneme další fáze – pilot, rollout a provoz – s rozsahem a výstupy pro každou z nich. Cenu ovliv
fráze: řešení	/reseni/velke-firmy	jsonld	jsonld:mainEntity.acceptedAnswer.text	JSON-LD	ů a domén a kapacita vývoje. Po discovery ověříme řešení na pilotu – jednom trhu nebo doméně – a další trh
AI vzorec: pomlčková vsuvka „ – “	/reseni/velke-firmy	jsonld	jsonld:mainEntity.acceptedAnswer.text	JSON-LD	cita vývoje. Po discovery ověříme řešení na pilotu – jednom trhu nebo doméně – a další trhy přidáváme p
AI vzorec: pomlčková vsuvka „ – “	/reseni/velke-firmy	jsonld	jsonld:mainEntity.acceptedAnswer.text	JSON-LD	ověříme řešení na pilotu – jednom trhu nebo doméně – a další trhy přidáváme podle jeho výsledků. Termín
fráze: řešení	/reseni/velke-firmy	main	p		[ řešení pro velké firmy ]
zájmena: váš/vaše (nadbytečné?)	/reseni/velke-firmy	main	h1		Měření pro velké firmy: řízené, auditovatelné, vaše
zájmena: váš/vaše (nadbytečné?)	/reseni/velke-firmy	main	p		 řízení přístupů – a na server-side a BigQuery ve vašem Google Cloudu s daty v EU. Smluvní rámec tvoří zp
AI vzorec: pomlčková vsuvka „ – “	/reseni/velke-firmy	main	p		 stejná čísla na všech trzích. Stojí na governance – jednotném měřicím plánu, názvosloví, release proce
AI vzorec: pomlčková vsuvka „ – “	/reseni/velke-firmy	main	p		ví, release procesu Tag Manageru a řízení přístupů – a na server-side a BigQuery ve vašem Google Cloudu
zájmena: váš/vaše (nadbytečné?)	/reseni/velke-firmy	main	li		Server-side a BigQuery ve vašem cloudu
AI vzorec: pomlčková vsuvka „ – “	/reseni/velke-firmy	main	div	Poznáváte se?	ílá purchase, Slovensko nakup a Maďarsko nemá měnu – čísla za skupinu nejdou sečíst.
AI vzorec: pomlčková vsuvka „ – “	/reseni/velke-firmy	main	div	Poznáváte se?	tur, dva bývalí zaměstnanci a jeden neznámý e-mail – a nikdo neví, kdo co publikoval.
oxfordská čárka	/reseni/velke-firmy	main	div	Poznáváte se?	o jim neumí říct, kam data tečou a v jakém regionu, a server-side projekt stojí půl roku.
anglicismy: feature/business/learn more/get started	/reseni/velke-firmy	main	span	Governance měření: pravidla, která přežijí změny t	tracking-plan.xlsx
trpný rod: byl/byla/bylo + -n/-t	/reseni/velke-firmy	main	div	Governance měření: pravidla, která přežijí změny t	h prostorech, testujeme je na stagingu, publikuje je jen určená role a každá verze má odkaz na požadavek.
AI vzorec: pomlčková vsuvka „ – “	/reseni/velke-firmy	main	div	Governance měření: pravidla, která přežijí změny t	ky zaškolíme na skutečných datech, ne na demo účtu – od reportů GA4 po export v BigQuery.
AI vzorec: pomlčková vsuvka „ – “	/reseni/velke-firmy	main	figcaption	Jak vypadá architektura pro více trhů	ery v EU, kam tečou i data z CRM a ERP. Governance – měřicí plán, názvosloví, Git, IAM a monitoring – ř
AI vzorec: pomlčková vsuvka „ – “	/reseni/velke-firmy	main	figcaption	Jak vypadá architektura pro více trhů	e – měřicí plán, názvosloví, Git, IAM a monitoring – řídí všechny vrstvy.
zájmena: váš/vaše (nadbytečné?)	/reseni/velke-firmy	main	h3	Jak vypadá architektura pro více trhů	Server-side ve vašem Google Cloudu
AI vzorec: pomlčková vsuvka „ – “	/reseni/velke-firmy	main	div	Jak vypadá architektura pro více trhů	EU nebo Frankfurt, volíte hned při propojení s GA4 – pozdější přesun hrozí mezerou v datech.
AI vzorec: pomlčková vsuvka „ – “	/reseni/velke-firmy	main	p	Bezpečnost a soulad: checklist pro nákup a IT	Nejsme advokátní kancelář – právní posouzení patří právnímu oddělení nebo DPO.
zájmena: naše/našich/našim (nadbytečné?)	/reseni/velke-firmy	main	p	Jak postupujeme u velkého projektu	Stejných pět kroků jako u všech našich služeb. Audit u velkého projektu zahrnuje všechny
zájmena: váš/vaše (nadbytečné?)	/reseni/velke-firmy	main	li	Jak postupujeme u velkého projektu	exporty kontejnerů GTM ukládáme do vašeho repozitáře v Gitu
AI vzorec: pomlčková vsuvka „ – “	/reseni/velke-firmy	main	th	SLA a podpora po spuštění	P1 – kritická
AI vzorec: pomlčková vsuvka „ – “	/reseni/velke-firmy	main	th	SLA a podpora po spuštění	P2 – vysoká
AI vzorec: pomlčková vsuvka „ – “	/reseni/velke-firmy	main	th	SLA a podpora po spuštění	P3 – běžná
fráze: řešení	/reseni/velke-firmy	main	p	SLA a podpora po spuštění	cí u každého releasu. Provoz zahrnuje monitoring, řešení incidentů a měsíční report kvality dat. Jak hlídá
anglicismy: feature/business/learn more/get started	/reseni/velke-firmy	main	p	Časté otázky	[ FAQ ]
oxfordská čárka	/reseni/velke-firmy	main	figcaption	Časté otázky	ukázka testu v Playwrightu: běží při každém buildu, a když vývojář omylem odstraní měnu, build neprojde.
kalk: dělat/dává smysl	/reseni/velke-firmy	main	div	Časté otázky	na objemu dat a na tom, jak je používáte. GA4 360 dává smysl, když denně posíláte víc než milion událostí a po
zájmena: naše/našich/našim (nadbytečné?)	/reseni/velke-firmy	main	summary	Časté otázky	Kde budou naše data fyzicky ležet?
AI vzorec: pomlčková vsuvka „ – “	/reseni/velke-firmy	main	div	Časté otázky	 GTM a BigQuery nasadíme do regionu, který zvolíte – typicky do multiregionu EU, tedy Belgie a Nizozems
AI vzorec: pomlčková vsuvka „ – “	/reseni/velke-firmy	main	div	Časté otázky	 předání do USA rámec EU–US Data Privacy Framework – posouzení nechte na DPO.
falešný přítel: aktuálně	/reseni/velke-firmy	main	div	Časté otázky	erého by měření nefungovalo. Při ukončení předáme aktuální stav, odebereme svoje přístupy a podle smlouvy s
AI vzorec: pomlčková vsuvka „ – “	/reseni/velke-firmy	main	div	Časté otázky	ým rozsahem. Z jejích výstupů navrhneme další fáze – pilot, rollout a provoz – s rozsahem a výstupy pro
AI vzorec: pomlčková vsuvka „ – “	/reseni/velke-firmy	main	div	Časté otázky	upů navrhneme další fáze – pilot, rollout a provoz – s rozsahem a výstupy pro každou z nich. Cenu ovliv
fráze: řešení	/reseni/velke-firmy	main	div	Časté otázky	ů a domén a kapacita vývoje. Po discovery ověříme řešení na pilotu – jednom trhu nebo doméně – a další trh
AI vzorec: pomlčková vsuvka „ – “	/reseni/velke-firmy	main	div	Časté otázky	cita vývoje. Po discovery ověříme řešení na pilotu – jednom trhu nebo doméně – a další trhy přidáváme p
AI vzorec: pomlčková vsuvka „ – “	/reseni/velke-firmy	main	div	Časté otázky	ověříme řešení na pilotu – jednom trhu nebo doméně – a další trhy přidáváme podle jeho výsledků. Termín
zájmena: váš/vaše (nadbytečné?)	/reseni/velke-firmy	main	a		Server-side tracking měření na vaší doméně
anglicismy: feature/business/learn more/get started	/reseni/velke-firmy	main	a		Server-side tracking měření na vaší doméně
zájmena: naše/našich/našim (nadbytečné?)	/jak-pracujeme	jsonld	jsonld:mainEntity.acceptedAnswer.text	JSON-LD	o mohli porovnat s administrací nebo CRM. Samotná naše práce obvykle nezabere nejvíc času. Termíny najde
zájmena: váš/vaše (nadbytečné?)	/jak-pracujeme	jsonld	jsonld:mainEntity.acceptedAnswer.text	JSON-LD	e. Projekty nepředáváme dalším subdodavatelům bez vašeho souhlasu.
fráze: řešení	/jak-pracujeme	jsonld	jsonld:mainEntity.acceptedAnswer.text	JSON-LD	ráce přes administraci a Tag Manager. U vlastních řešení potřebujeme někoho, kdo do webu doplní datovou vr
zájmena: naše/našich/našim (nadbytečné?)	/jak-pracujeme	jsonld	jsonld:mainEntity.name	JSON-LD	Spolupracujete s naší PPC nebo marketingovou agenturou?
oxfordská čárka	/jak-pracujeme	jsonld	jsonld:mainEntity.acceptedAnswer.text	JSON-LD	správná data. Domluvíme se, kdo smí v GTM co měnit, a agentura dostane dokumentaci a přístupy podle potře
kalk: v rámci (nadužití)	/jak-pracujeme	jsonld	jsonld:mainEntity.acceptedAnswer.text	JSON-LD	měření rozbije později kvůli změně webu, pomůžeme v rámci správy webu a měření nebo jednorázově. Doporučuje
zdarma	/jak-pracujeme	jsonld	jsonld:mainEntity.acceptedAnswer.text	JSON-LD	Prvních třicet dní po spuštění měření hlídáme zdarma a chyby, které způsobíme my, opravíme vždy. Pokud
oxfordská čárka	/jak-pracujeme	main	p		es měříte, pak se dohodneme, co má měření sledovat, a teprve potom píšeme tagy. Na konci dostanete funkčn
oxfordská čárka	/jak-pracujeme	main	p		 konci dostanete funkční měření, důkaz, že funguje, a dokumentaci, se kterou si poradí kdokoli.
zdarma	/jak-pracujeme	main	p		Úvodní třicetiminutová konzultace zdarma · odpověď do jednoho pracovního dne
zájmena: váš/vaše (nadbytečné?)	/jak-pracujeme	main	h3	Pět pravidel, podle kterých pracujeme	Pracujeme ve vašich účtech
zdarma	/jak-pracujeme	main	p	Pět kroků od auditu po předané měření	z nich proběhne úvodní třicetiminutová konzultace zdarma: projdeme web, cíle a největší problém a doporučí
AI vzorec: pomlčková vsuvka „ – “	/jak-pracujeme	main	li	Pět kroků od auditu po předané měření	l s administrací nebo CRM výstup: audit-report.pdf – nálezy s prioritou podle dopadu, doporučení a odha
AI vzorec: pomlčková vsuvka „ – “	/jak-pracujeme	main	li	Pět kroků od auditu po předané měření	í a odhad rozsahu oprav od vás: Přístupy pro čtení – návod najdete v Technických detailech u častých ot
AI vzorec: pomlčková vsuvka „ – “	/jak-pracujeme	main	p	Pět kroků od auditu po předané měření	výstup: audit-report.pdf – nálezy s prioritou podle dopadu, doporučení a odha
AI vzorec: pomlčková vsuvka „ – “	/jak-pracujeme	main	p	Pět kroků od auditu po předané měření	od vás: Přístupy pro čtení – návod najdete v Technických detailech u častých ot
zájmena: váš/vaše (nadbytečné?)	/jak-pracujeme	main	li	Pět kroků od auditu po předané měření	, funkční nastavení účtů od vás: Datová vrstva od vašich vývojářů, DNS záznam pro server-side a přístupy p
zájmena: váš/vaše (nadbytečné?)	/jak-pracujeme	main	p	Pět kroků od auditu po předané měření	od vás: Datová vrstva od vašich vývojářů, DNS záznam pro server-side a přístupy p
AI vzorec: pomlčková vsuvka „ – “	/jak-pracujeme	main	li	Pět kroků od auditu po předané měření	dministrací nebo CRM výstup: validace-protokol.pdf – co jsme testovali, výsledky a vysvětlení rozdílů o
AI vzorec: pomlčková vsuvka „ – “	/jak-pracujeme	main	p	Pět kroků od auditu po předané měření	výstup: validace-protokol.pdf – co jsme testovali, výsledky a vysvětlení rozdílů
zdarma	/jak-pracujeme	main	li	Pět kroků od auditu po předané měření	py. Prvních třicet dní po spuštění hlídáme měření zdarma, potom podle dohody pokračujeme správou a monitor
oxfordská čárka	/jak-pracujeme	main	li	Pět kroků od auditu po předané měření	odina a půl času lidí, kteří budou měření používat, a kontaktní osoba
zdarma	/jak-pracujeme	main	p	Pět kroků od auditu po předané měření	py. Prvních třicet dní po spuštění hlídáme měření zdarma, potom podle dohody pokračujeme správou a monitor
oxfordská čárka	/jak-pracujeme	main	p	Pět kroků od auditu po předané měření	odina a půl času lidí, kteří budou měření používat, a kontaktní osoba
fráze: klíčov	/jak-pracujeme	main	li	Jak vypadají výstupy, které dostanete	GA4: nastavení, vlastní definice a klíčové události
anglicismy: feature/business/learn more/get started	/jak-pracujeme	main	p	Časté otázky	[ FAQ ]
zájmena: váš/vaše (nadbytečné?)	/jak-pracujeme	main	p	Časté otázky	Nepotřebujeme vaše hesla. Přístupy udělíte na náš pracovní e-mail a 
AI vzorec: pomlčková vsuvka „ – “	/jak-pracujeme	main	td	Časté otázky	Events Manager – zobrazit
AI vzorec: pomlčková vsuvka „ – “	/jak-pracujeme	main	td	Časté otázky	Events Manager – spravovat
zájmena: naše/našich/našim (nadbytečné?)	/jak-pracujeme	main	div	Časté otázky	o mohli porovnat s administrací nebo CRM. Samotná naše práce obvykle nezabere nejvíc času. Termíny najde
zájmena: váš/vaše (nadbytečné?)	/jak-pracujeme	main	div	Časté otázky	e. Projekty nepředáváme dalším subdodavatelům bez vašeho souhlasu.
fráze: řešení	/jak-pracujeme	main	div	Časté otázky	ráce přes administraci a Tag Manager. U vlastních řešení potřebujeme někoho, kdo do webu doplní datovou vr
zájmena: naše/našich/našim (nadbytečné?)	/jak-pracujeme	main	summary	Časté otázky	Spolupracujete s naší PPC nebo marketingovou agenturou?
oxfordská čárka	/jak-pracujeme	main	div	Časté otázky	správná data. Domluvíme se, kdo smí v GTM co měnit, a agentura dostane dokumentaci a přístupy podle potře
kalk: v rámci (nadužití)	/jak-pracujeme	main	div	Časté otázky	měření rozbije později kvůli změně webu, pomůžeme v rámci správy webu a měření nebo jednorázově. Doporučuje
zdarma	/jak-pracujeme	main	div	Časté otázky	Prvních třicet dní po spuštění měření hlídáme zdarma a chyby, které způsobíme my, opravíme vždy. Pokud
zájmena: váš/vaše (nadbytečné?)	/jak-pracujeme	kontakt	p	Začněme třicetiminutovou konzultací	il, nebo vyplňte formulář. Na konzultaci projdeme váš web a řekneme, kterým krokem začít – nezávazně a 
zdarma	/jak-pracujeme	kontakt	p	Začněme třicetiminutovou konzultací	 web a řekneme, kterým krokem začít – nezávazně a zdarma.
AI vzorec: pomlčková vsuvka „ – “	/jak-pracujeme	kontakt	p	Začněme třicetiminutovou konzultací	ci projdeme váš web a řekneme, kterým krokem začít – nezávazně a zdarma.
zdarma	/kontakt	head	title	hlavička	Kontakt: konzultace měření zdarma | datalayer.cz
zájmena: váš/vaše (nadbytečné?)	/kontakt	head	meta:description	hlavička	ář. Na úvodní třicetiminutové konzultaci projdeme vaše měření a řekneme, co opravit jako první. Odpověď 
zdarma	/kontakt	head	meta:og:title	hlavička	Kontakt: konzultace měření zdarma | datalayer.cz
zájmena: váš/vaše (nadbytečné?)	/kontakt	head	meta:og:description	hlavička	ář. Na úvodní třicetiminutové konzultaci projdeme vaše měření a řekneme, co opravit jako první. Odpověď 
zdarma	/kontakt	head	meta:twitter:title	hlavička	Kontakt: konzultace měření zdarma | datalayer.cz
zájmena: váš/vaše (nadbytečné?)	/kontakt	head	meta:twitter:description	hlavička	ář. Na úvodní třicetiminutové konzultaci projdeme vaše měření a řekneme, co opravit jako první. Odpověď 
zdarma	/kontakt	jsonld	jsonld:mainEntity.name	JSON-LD	Je konzultace opravdu zdarma?
zájmena: váš/vaše (nadbytečné?)	/kontakt	jsonld	jsonld:mainEntity.acceptedAnswer.text	JSON-LD	Použijeme je jen k odpovědi na vaši zprávu a k případné nabídce. Žádný newsletter, žá
trpný rod: byl/byla/bylo + -n/-t	/kontakt	jsonld	jsonld:mainEntity.acceptedAnswer.text	JSON-LD	Použijeme je jen k odpovědi na vaši zprávu a k případné nabídce. Ž
zájmena: váš/vaše (nadbytečné?)	/kontakt	main	p		Na úvodní třicetiminutové konzultaci projdeme vaše měření a řekneme, co opravit jako první – nezávaz
zdarma	/kontakt	main	p		ní a řekneme, co opravit jako první – nezávazně a zdarma.
AI vzorec: pomlčková vsuvka „ – “	/kontakt	main	p		jdeme vaše měření a řekneme, co opravit jako první – nezávazně a zdarma.
zdarma	/kontakt	main	li		Úvodní konzultace zdarma a nezávazně
anglicismy: feature/business/learn more/get started	/kontakt	main	p	Časté otázky	[ FAQ ]
zdarma	/kontakt	main	summary	Časté otázky	Je konzultace opravdu zdarma?
zájmena: váš/vaše (nadbytečné?)	/kontakt	main	div	Časté otázky	Použijeme je jen k odpovědi na vaši zprávu a k případné nabídce. Žádný newsletter, žá
trpný rod: byl/byla/bylo + -n/-t	/kontakt	main	div	Časté otázky	Použijeme je jen k odpovědi na vaši zprávu a k případné nabídce. Ž
anglicismy: feature/business/learn more/get started	/o-nas	jsonld	jsonld:mainEntity.acceptedAnswer.text	JSON-LD	Přímo Vít Novotný, tracking & data engineer. Ozve se do jednoho pracovního dn
zájmena: váš/vaše (nadbytečné?)	/o-nas	jsonld	jsonld:mainEntity.acceptedAnswer.text	JSON-LD	anager, Google Cloud i reklamní účty zakládáme na vaši firmu a my dostáváme jen přístup, který můžete kd
velké Vy/Vám/Váš	/o-nas	jsonld	jsonld:mainEntity.acceptedAnswer.text	JSON-LD	Vám. GA4, Tag Manager, Google Cloud i reklamní účty z
zájmena: váš/vaše (nadbytečné?)	/o-nas	jsonld	jsonld:mainEntity.acceptedAnswer.text	JSON-LD	právní posouzení konkrétního zpracování zajišťuje váš právník.
zájmena: váš/vaše (nadbytečné?)	/o-nas	main	p		 po server-side tracking a BigQuery. Pracujeme ve vašich účtech a každou implementaci předáme s dokumentac
anglicismy: feature/business/learn more/get started	/o-nas	main	p		Za datalayer.cz stojí Vít Novotný, tracking & data engineer. Stavíme a ověřujeme měření pro e
anglicismy: feature/business/learn more/get started	/o-nas	main	p		y přes Tag Manager, GA4 a souhlasy po server-side tracking a BigQuery. Pracujeme ve vašich účtech a každou i
AI vzorec: pomlčková vsuvka „ – “	/o-nas	main	p		 a ověřujeme měření pro e-shopy, B2B a velké firmy – od datové vrstvy přes Tag Manager, GA4 a souhlasy 
zájmena: váš/vaše (nadbytečné?)	/o-nas	main	li		Účty a data zakládáme na vaši firmu
zájmena: váš/vaše (nadbytečné?)	/o-nas	main	p	Proč začínáme u datové vrstvy	Neprodáváme krabicové nástroje. Měření stavíme ve vašich účtech a předáváme ho s dokumentací, podle které 
zájmena: váš/vaše (nadbytečné?)	/o-nas	main	div	Pro koho pracujeme	ako standard. Server-side a BigQuery postavíme ve vašem Google Cloudu.
zájmena: váš/vaše (nadbytečné?)	/o-nas	main	h2	Jak zacházíme s daty – vašimi i vašich zákazníků	Jak zacházíme s daty – vašimi i vašich zákazníků
zájmena: váš/vaše (nadbytečné?)	/o-nas	main	h2	Jak zacházíme s daty – vašimi i vašich zákazníků	Jak zacházíme s daty – vašimi i vašich zákazníků
AI vzorec: pomlčková vsuvka „ – “	/o-nas	main	h2	Jak zacházíme s daty – vašimi i vašich zákazníků	Jak zacházíme s daty – vašimi i vašich zákazníků
zájmena: váš/vaše (nadbytečné?)	/o-nas	main	li	Jak zacházíme s daty – vašimi i vašich zákazníků	ery, projekty v Google Cloudu i data zakládáme na vaši firmu. My máme jen přístup, který můžete kdykoli 
zájmena: váš/vaše (nadbytečné?)	/o-nas	main	p	Jak zacházíme s daty – vašimi i vašich zákazníků	právní posouzení konkrétního zpracování zajišťuje váš právník. Postup spolupráce a to, co od vás v jedn
anglicismy: feature/business/learn more/get started	/o-nas	main	p	Časté otázky	[ FAQ ]
anglicismy: feature/business/learn more/get started	/o-nas	main	div	Časté otázky	Přímo Vít Novotný, tracking & data engineer. Ozve se do jednoho pracovního dn
zájmena: váš/vaše (nadbytečné?)	/o-nas	main	div	Časté otázky	anager, Google Cloud i reklamní účty zakládáme na vaši firmu a my dostáváme jen přístup, který můžete kd
velké Vy/Vám/Váš	/o-nas	main	div	Časté otázky	Vám. GA4, Tag Manager, Google Cloud i reklamní účty z
zájmena: váš/vaše (nadbytečné?)	/o-nas	main	div	Časté otázky	právní posouzení konkrétního zpracování zajišťuje váš právník.
zájmena: váš/vaše (nadbytečné?)	/sluzby	head	meta:description	hlavička	g, audity a správa. Nevíte, co potřebujete? Podle vaší situace doporučíme, čím začít.
zájmena: váš/vaše (nadbytečné?)	/sluzby	head	meta:og:description	hlavička	g, audity a správa. Nevíte, co potřebujete? Podle vaší situace doporučíme, čím začít.
zájmena: váš/vaše (nadbytečné?)	/sluzby	head	meta:twitter:description	hlavička	g, audity a správa. Nevíte, co potřebujete? Podle vaší situace doporučíme, čím začít.
zájmena: váš/vaše (nadbytečné?)	/sluzby	jsonld	jsonld:mainEntity.acceptedAnswer.text	JSON-LD	ag Manager, Google Cloud i reklamní účty běží pod vaší firmou a my dostáváme přístup. Po skončení spolup
AI vzorec: pomlčková vsuvka „ – “	/sluzby	main	p		Jedenáct služeb ve třech skupinách – od sběru dat na webu přes BigQuery a reporting po 
zdarma	/sluzby	main	p		Úvodní třicetiminutová konzultace zdarma · odpověď do jednoho pracovního dne
zájmena: váš/vaše (nadbytečné?)	/sluzby	main	a	Jedenáct služeb ve třech skupinách	Server-side tracking měření na vaší doméně
anglicismy: feature/business/learn more/get started	/sluzby	main	a	Jedenáct služeb ve třech skupinách	Server-side tracking měření na vaší doméně
anglicismy: feature/business/learn more/get started	/sluzby	main	a	Nejčastější situace a čím začít	Server-side tracking →
anglicismy: feature/business/learn more/get started	/sluzby	main	li	Jak služby navazují	server-side tracking
anglicismy: feature/business/learn more/get started	/sluzby	main	p	Časté otázky	[ FAQ ]
zájmena: váš/vaše (nadbytečné?)	/sluzby	main	div	Časté otázky	ag Manager, Google Cloud i reklamní účty běží pod vaší firmou a my dostáváme přístup. Po skončení spolup
zájmena: váš/vaše (nadbytečné?)	/sluzby	kontakt	p	Popište problém, služby vybereme spolu	Na úvodní třicetiminutové konzultaci projdeme vaše měření a doporučíme, čím začít – nezávazně a zdar
zdarma	/sluzby	kontakt	p	Popište problém, služby vybereme spolu	vaše měření a doporučíme, čím začít – nezávazně a zdarma.
AI vzorec: pomlčková vsuvka „ – “	/sluzby	kontakt	p	Popište problém, služby vybereme spolu	ltaci projdeme vaše měření a doporučíme, čím začít – nezávazně a zdarma.
zájmena: váš/vaše (nadbytečné?)	SPOLEČNÉ/cookie	cookie	td	cookie	Uloží vaši volbu v cookie liště.
zájmena: váš/vaše (nadbytečné?)	/zpracovani-osobnich-udaju	main	p	Kdo údaje zpracovává	it nabídku. Právní základ je jednání o smlouvě na vaši žádost podle čl. 6 odst. 1 písm. b) GDPR, proto v
oxfordská čárka	/zpracovani-osobnich-udaju	main	p	Kdo údaje zpracovává	jen jednosměrný otisk e-mailu a telefonu (SHA-256), a to jen pokud jste souhlasili s marketingovými cooki
oxfordská čárka	/zpracovani-osobnich-udaju	main	p	Kdo údaje zpracovává	lare Turnstile. Ověří, že formulář vyplňuje člověk, a pracuje přitom s technickými údaji o prohlížeči a s
AI vzorec: pomlčková vsuvka „ – “	/zpracovani-osobnich-udaju	main	li	Kdo údaje zpracovává	Google Cloud – provoz webu a databáze se zprávami.
AI vzorec: pomlčková vsuvka „ – “	/zpracovani-osobnich-udaju	main	li	Kdo údaje zpracovává	Cloudflare – ochrana formuláře proti spamu.
velké Vy/Vám/Váš	/zpracovani-osobnich-udaju	main	h2	Kdo údaje zpracovává	Vaše práva
anglicismy: feature/business/learn more/get started	/tato-stranka-neexistuje	head	meta:description	hlavička	opy a firmy: GA4, Google Tag Manager, server-side tracking a Consent Mode v2.
AI vzorec: pomlčková vsuvka „ – “	SPOLEČNÉ/formulář-chyby	form	label	chybová hlášení	E-mail Zkontrolujte prosím e-mail – bez něj se vám nemůžeme ozvat.
AI vzorec: pomlčková vsuvka „ – “	SPOLEČNÉ/js	js	js	texty z JS	Nezbytné – základní chod webu a ochrana formuláře proti spamu
AI vzorec: pomlčková vsuvka „ – “	SPOLEČNÉ/js	js	js	texty z JS	Analytické – měření návštěvnosti přes Google Analytics 4.
AI vzorec: pomlčková vsuvka „ – “	SPOLEČNÉ/js	js	js	texty z JS	Marketingové – měření kampaní a remarketing v Google Ads, Meta a 
