kw	vol	kd	cpc	tp	pt	seed	type
mixpanel tracking plan	0					tracking plan	MatchingTermsTermsMatch
amplitude tracking plan	0					tracking plan	MatchingTermsTermsMatch
tracking plan template	0					tracking plan	MatchingTermsTermsMatch
tracking plan	0					tracking plan	MatchingTermsTermsMatch
zoho crm free plan email tracking	0					tracking plan	MatchingTermsTermsMatch
plan tracking	0					tracking plan	MatchingTermsTermsMatch
sample business plan vehicle tracking	0					tracking plan	MatchingTermsTermsMatch
car tracking business plan pdf	0					tracking plan	MatchingTermsTermsMatch
tracking plan amplitude	0					tracking plan	MatchingTermsTermsMatch
strategic plan tracking tools	0					tracking plan	MatchingTermsTermsMatch
event tracking plan	0					tracking plan	MatchingTermsTermsMatch
project tracking plan	0					tracking plan	MatchingTermsTermsMatch
strategic plan tracking	0					tracking plan	MatchingTermsTermsMatch
data tracking plan	0					tracking plan	MatchingTermsTermsMatch
applicant tracking system implementation plan	0					tracking plan	MatchingTermsTermsMatch
tracking plan example	0					tracking plan	MatchingTermsTermsMatch
business plan for gps tracking system	0					tracking plan	MatchingTermsTermsMatch
gps tracking service business plan	0					tracking plan	MatchingTermsTermsMatch
world plan logistics co. ltd bl tracking	0					tracking plan	MatchingTermsTermsMatch
what is a tracking plan	0					tracking plan	MatchingTermsTermsMatch
segment tracking plan	0					tracking plan	MatchingTermsTermsMatch
estate plan tracking software canadian	0					tracking plan	MatchingTermsTermsMatch
analytics tracking plan	0					tracking plan	MatchingTermsTermsMatch
rudderstack tracking plan	0					tracking plan	MatchingTermsTermsMatch
how to write a tracking plan	0					tracking plan	MatchingTermsTermsMatch
asset tracking data plan	0					tracking plan	MatchingTermsTermsMatch
world plan logistics tracking	0					tracking plan	MatchingTermsTermsMatch
live plan tracking	0					tracking plan	MatchingTermsTermsMatch
helpdesk call tracking software	0					call tracking	MatchingTermsTermsMatch
call tracking crm	0					call tracking	MatchingTermsTermsMatch
marketing automation and call tracking	0					call tracking	MatchingTermsTermsMatch
call tracking widget	0					call tracking	MatchingTermsTermsMatch
call tracking wordpress plugin	0					call tracking	MatchingTermsTermsMatch
call tracking measurement	0					call tracking	MatchingTermsTermsMatch
call tracking solution	0					call tracking	MatchingTermsTermsMatch
call tracking tools	0					call tracking	MatchingTermsTermsMatch
call tracking strategies	0					call tracking	MatchingTermsTermsMatch
google adwords phone call tracking	0					call tracking	MatchingTermsTermsMatch
international call tracking	0					call tracking	MatchingTermsTermsMatch
phone call tracking services mi	0					call tracking	MatchingTermsTermsMatch
call tracking seo search engine watch	0					call tracking	MatchingTermsTermsMatch
call tracking for television ads	0					call tracking	MatchingTermsTermsMatch
hotel call tracking	0					call tracking	MatchingTermsTermsMatch
call tracking program	0					call tracking	MatchingTermsTermsMatch
call tracking and monitoring	0					call tracking	MatchingTermsTermsMatch
best outbound call tracking	0					call tracking	MatchingTermsTermsMatch
phone call tracking api	0					call tracking	MatchingTermsTermsMatch
apartment call tracking	0					call tracking	MatchingTermsTermsMatch
call tracking numbers online	0					call tracking	MatchingTermsTermsMatch
capital call tracking software	0					call tracking	MatchingTermsTermsMatch
best call tracking website	0					call tracking	MatchingTermsTermsMatch
solution de call tracking	0					call tracking	MatchingTermsTermsMatch
hospitality call tracking	0					call tracking	MatchingTermsTermsMatch
trackdrive call tracking	0					call tracking	MatchingTermsTermsMatch
call phone tracking	0					call tracking	MatchingTermsTermsMatch
new zealand call tracking numbers	0					call tracking	MatchingTermsTermsMatch
call tracking login	0					call tracking	MatchingTermsTermsMatch
small business call tracking software	0					call tracking	MatchingTermsTermsMatch
best free call tracking software	0					call tracking	MatchingTermsTermsMatch
call tracking local seo	0					call tracking	MatchingTermsTermsMatch
call tracking software for lead generation	0					call tracking	MatchingTermsTermsMatch
call tracking app for android	0					call tracking	MatchingTermsTermsMatch
call tracking for seo	0					call tracking	MatchingTermsTermsMatch
b2c call tracking	0					call tracking	MatchingTermsTermsMatch
analytic call tracking hosting	0					call tracking	MatchingTermsTermsMatch
call usps tracking	0					call tracking	MatchingTermsTermsMatch
how does google call tracking work	0					call tracking	MatchingTermsTermsMatch
cold call tracking software	0					call tracking	MatchingTermsTermsMatch
ninja cat call tracking integrations	0					call tracking	MatchingTermsTermsMatch
call tracking for law firms	0					call tracking	MatchingTermsTermsMatch
keyword call tracking	0					call tracking	MatchingTermsTermsMatch
call tracking wihout minutes	0					call tracking	MatchingTermsTermsMatch
phone call tracking service	0					call tracking	MatchingTermsTermsMatch
tracking call courier	0					call tracking	MatchingTermsTermsMatch
cloud based call tracking	0					call tracking	MatchingTermsTermsMatch
bing ads website call tracking	0					call tracking	MatchingTermsTermsMatch
law firm call tracking & analytics reporting	0					call tracking	MatchingTermsTermsMatch
dynamic keyword call tracking	0					call tracking	MatchingTermsTermsMatch
incoming call tracking	0					call tracking	MatchingTermsTermsMatch
call tracking software for iphone	0					call tracking	MatchingTermsTermsMatch
call tracking brasil	0					call tracking	MatchingTermsTermsMatch
call tracking service nottingham	0					call tracking	MatchingTermsTermsMatch
wordpress call tracking	0					call tracking	MatchingTermsTermsMatch
call tracking for the insurance industry	0					call tracking	MatchingTermsTermsMatch
why use call tracking	0					call tracking	MatchingTermsTermsMatch
why is call tracking important	0					call tracking	MatchingTermsTermsMatch
call tracking methods in google adwords	0					call tracking	MatchingTermsTermsMatch
call-tracking	0					call tracking	MatchingTermsTermsMatch
free cold call tracking sheet	0					call tracking	MatchingTermsTermsMatch
google call tracking adwords	0					call tracking	MatchingTermsTermsMatch
keyword level call tracking	0					call tracking	MatchingTermsTermsMatch
call tracking for apartments	0					call tracking	MatchingTermsTermsMatch
call tracking software for agencies	0					call tracking	MatchingTermsTermsMatch
call tracking for agencies	0					call tracking	MatchingTermsTermsMatch
call center time tracking software	0					call tracking	MatchingTermsTermsMatch
call tracking mexico	0					call tracking	MatchingTermsTermsMatch
how call tracking works	0					call tracking	MatchingTermsTermsMatch
phone call tracking system	0					call tracking	MatchingTermsTermsMatch
call tracking spreadsheet	0					call tracking	MatchingTermsTermsMatch
mail call tracking number	0					call tracking	MatchingTermsTermsMatch
call number tracking	0					call tracking	MatchingTermsTermsMatch
phone call location tracking	0					call tracking	MatchingTermsTermsMatch
facebook ads call tracking	0					call tracking	MatchingTermsTermsMatch
dynamic number call tracking	0					call tracking	MatchingTermsTermsMatch
offline phone call tracking	0					call tracking	MatchingTermsTermsMatch
advertising call tracking	0					call tracking	MatchingTermsTermsMatch
call tracking technology	0					call tracking	MatchingTermsTermsMatch
wordstream call tracking	0					call tracking	MatchingTermsTermsMatch
tracking call	0					call tracking	MatchingTermsTermsMatch
kid's watch call tracking	0					call tracking	MatchingTermsTermsMatch
facebook phone call tracking	0					call tracking	MatchingTermsTermsMatch
call tracking metrics support	0					call tracking	MatchingTermsTermsMatch
tracking a phone call	0					call tracking	MatchingTermsTermsMatch
call tracking for lead generation	0					call tracking	MatchingTermsTermsMatch
what is call tracking software	0					call tracking	MatchingTermsTermsMatch
incoming call tracking software	0					call tracking	MatchingTermsTermsMatch
software for call tracking	0					call tracking	MatchingTermsTermsMatch
call tracking and marketo	0					call tracking	MatchingTermsTermsMatch
call tracking number for gmb	0					call tracking	MatchingTermsTermsMatch
call tracking hotel website	0					call tracking	MatchingTermsTermsMatch
call tracking for adwords	0					call tracking	MatchingTermsTermsMatch
toll free call tracking	0					call tracking	MatchingTermsTermsMatch
phone call tracking	0					call tracking	MatchingTermsTermsMatch
why does call tracking need a disclaimer	0					call tracking	MatchingTermsTermsMatch
call tracking salesforce integration	0					call tracking	MatchingTermsTermsMatch
call fedex tracking	0					call tracking	MatchingTermsTermsMatch
reporting ninja call tracking integrations	0					call tracking	MatchingTermsTermsMatch
call tracking software cost	0					call tracking	MatchingTermsTermsMatch
call tracking google tag manager	0					call tracking	MatchingTermsTermsMatch
call tracking pro	0					call tracking	MatchingTermsTermsMatch
call tracking adwords	0					call tracking	MatchingTermsTermsMatch
amp call tracking	0					call tracking	MatchingTermsTermsMatch
call tracking device	0					call tracking	MatchingTermsTermsMatch
call tracking for websites	0					call tracking	MatchingTermsTermsMatch
call tracking company	0					call tracking	MatchingTermsTermsMatch
how to use call tracking	0					call tracking	MatchingTermsTermsMatch
usps tracking call	0					call tracking	MatchingTermsTermsMatch
uses for call tracking marketing services	0					call tracking	MatchingTermsTermsMatch
call tracking	0		5			call tracking	MatchingTermsTermsMatch
call tracking for pest control service	0					call tracking	MatchingTermsTermsMatch
australia call tracking	0					call tracking	MatchingTermsTermsMatch
empresa de call tracking	0					call tracking	MatchingTermsTermsMatch
phone call tracking software	0					call tracking	MatchingTermsTermsMatch
iphone call tracking	0					call tracking	MatchingTermsTermsMatch
google dynamic call tracking	0					call tracking	MatchingTermsTermsMatch
call tracking customer experience	0					call tracking	MatchingTermsTermsMatch
website call conversion tracking	0					call tracking	MatchingTermsTermsMatch
google call tracking went it is off	0					call tracking	MatchingTermsTermsMatch
who should use call tracking	0					call tracking	MatchingTermsTermsMatch
home services call tracking	0					call tracking	MatchingTermsTermsMatch
call usps package tracking	0					call tracking	MatchingTermsTermsMatch
сервис call tracking	0					call tracking	MatchingTermsTermsMatch
call tracking numbers online 774534985897	0					call tracking	MatchingTermsTermsMatch
ai call tracking	0					call tracking	MatchingTermsTermsMatch
call tracking kids watch	0					call tracking	MatchingTermsTermsMatch
best inbound call tracking service	0					call tracking	MatchingTermsTermsMatch
call tracking что это	0					call tracking	MatchingTermsTermsMatch
call tracking phone number	0					call tracking	MatchingTermsTermsMatch
call tracking numbers 1 740 969 5067	0					call tracking	MatchingTermsTermsMatch
call recording and tracking software	0					call tracking	MatchingTermsTermsMatch
call-tracking seo	0					call tracking	MatchingTermsTermsMatch
call tracking uae	0					call tracking	MatchingTermsTermsMatch
системы call tracking	0					call tracking	MatchingTermsTermsMatch
local call tracking	0					call tracking	MatchingTermsTermsMatch
call tracking software free	0					call tracking	MatchingTermsTermsMatch
online call tracking system	0					call tracking	MatchingTermsTermsMatch
call ups tracking	0					call tracking	MatchingTermsTermsMatch
google ads call tracking	0					call tracking	MatchingTermsTermsMatch
call tracking in google analytics	0					call tracking	MatchingTermsTermsMatch
call center performance tracking	0					call tracking	MatchingTermsTermsMatch
analytic call tracking reviews	0					call tracking	MatchingTermsTermsMatch
pay per call tracking	0					call tracking	MatchingTermsTermsMatch
call centre tracking	0					call tracking	MatchingTermsTermsMatch
call tracking seo serps	0					call tracking	MatchingTermsTermsMatch
england call tracking	0					call tracking	MatchingTermsTermsMatch
call tracking услуги	0					call tracking	MatchingTermsTermsMatch
service call tracking software	0					call tracking	MatchingTermsTermsMatch
call ups tracking service	0					call tracking	MatchingTermsTermsMatch
real-time call tracking software	0					call tracking	MatchingTermsTermsMatch
cheapest call tracking	0					call tracking	MatchingTermsTermsMatch
marchex call tracking	0					call tracking	MatchingTermsTermsMatch
easy call tracking service	0					call tracking	MatchingTermsTermsMatch
call tracking france	0					call tracking	MatchingTermsTermsMatch
best call tracking for adwords	0					call tracking	MatchingTermsTermsMatch
call center time tracking	0					call tracking	MatchingTermsTermsMatch
call tracking définition	0					call tracking	MatchingTermsTermsMatch
best call tracking company	0					call tracking	MatchingTermsTermsMatch
analytic call tracking alternatives	0					call tracking	MatchingTermsTermsMatch
call tracking software for business	0					call tracking	MatchingTermsTermsMatch
call tracking metrics api	0					call tracking	MatchingTermsTermsMatch
cheap phone call tracking software	0					call tracking	MatchingTermsTermsMatch
call tracking malaysia	0					call tracking	MatchingTermsTermsMatch
best call tracking app	0					call tracking	MatchingTermsTermsMatch
call tracking numbers cheap	0					call tracking	MatchingTermsTermsMatch
hubspot call tracking	0					call tracking	MatchingTermsTermsMatch
call tracking attribution	0					call tracking	MatchingTermsTermsMatch
call tracking apps that allow you to see online	0					call tracking	MatchingTermsTermsMatch
event call tracking	0					call tracking	MatchingTermsTermsMatch
affordable call tracking	0					call tracking	MatchingTermsTermsMatch
call tracking softwares	0					call tracking	MatchingTermsTermsMatch
call tracking for google adwords	0					call tracking	MatchingTermsTermsMatch
pay per call tracking software	0					call tracking	MatchingTermsTermsMatch
call tracking metrics vs callrail	0					call tracking	MatchingTermsTermsMatch
real time call tracking	0					call tracking	MatchingTermsTermsMatch
google my business call tracking	0					call tracking	MatchingTermsTermsMatch
call tracking for healthcare organizations	0					call tracking	MatchingTermsTermsMatch
analytic call tracking twilio	0					call tracking	MatchingTermsTermsMatch
call center tracking software	0					call tracking	MatchingTermsTermsMatch
call tracking hurt seo	0					call tracking	MatchingTermsTermsMatch
customer service call tracking software	0					call tracking	MatchingTermsTermsMatch
doctor call tracking services	0					call tracking	MatchingTermsTermsMatch
phone call tracking in google analytics	0					call tracking	MatchingTermsTermsMatch
call tracking software free download	0					call tracking	MatchingTermsTermsMatch
call metrics tracking	0					call tracking	MatchingTermsTermsMatch
customer call tracking	0					call tracking	MatchingTermsTermsMatch
why chiropractors need call tracking	0					call tracking	MatchingTermsTermsMatch
hipaa call tracking	0					call tracking	MatchingTermsTermsMatch
call tracking software	0					call tracking	MatchingTermsTermsMatch
call tracking for small businesses uk	0					call tracking	MatchingTermsTermsMatch
call tracking phone numbers	0					call tracking	MatchingTermsTermsMatch
free help desk call tracking software	0					call tracking	MatchingTermsTermsMatch
salesforce phone call tracking	0					call tracking	MatchingTermsTermsMatch
call tracking for pest control	0					call tracking	MatchingTermsTermsMatch
avanser call tracking	0					call tracking	MatchingTermsTermsMatch
analytic call tracking v2 6.7	0					call tracking	MatchingTermsTermsMatch
call tracking for dental offices	0					call tracking	MatchingTermsTermsMatch
call tracking recording	0					call tracking	MatchingTermsTermsMatch
how does call tracking software work	0					call tracking	MatchingTermsTermsMatch
call tracking deutschland	0					call tracking	MatchingTermsTermsMatch
call tracking app for iphone	0					call tracking	MatchingTermsTermsMatch
seo call tracking	0					call tracking	MatchingTermsTermsMatch
guide to call tracking	0					call tracking	MatchingTermsTermsMatch
call center tracking	0					call tracking	MatchingTermsTermsMatch
mobile call tracking software	0					call tracking	MatchingTermsTermsMatch
mobile phone call tracking	0					call tracking	MatchingTermsTermsMatch
google ads call conversion tracking	0					call tracking	MatchingTermsTermsMatch
call tracking tool	0					call tracking	MatchingTermsTermsMatch
agency call tracking	0					call tracking	MatchingTermsTermsMatch
outbound call tracking software reviews	0					call tracking	MatchingTermsTermsMatch
call tracking benefits	0					call tracking	MatchingTermsTermsMatch
call tracking para instragram	0					call tracking	MatchingTermsTermsMatch
adwords phone call tracking	0					call tracking	MatchingTermsTermsMatch
banking call tracking	0					call tracking	MatchingTermsTermsMatch
call conversion tracking	0					call tracking	MatchingTermsTermsMatch
gtm call tracking	0					call tracking	MatchingTermsTermsMatch
google call tracking	0					call tracking	MatchingTermsTermsMatch
call tracking disclaimers	0					call tracking	MatchingTermsTermsMatch
calibri call tracking	0					call tracking	MatchingTermsTermsMatch
call tracking in google adwords	0					call tracking	MatchingTermsTermsMatch
call tracking for healthcare providers	0					call tracking	MatchingTermsTermsMatch
call tracking dni	0					call tracking	MatchingTermsTermsMatch
call tracking solutions	0					call tracking	MatchingTermsTermsMatch
automotive call tracking	0					call tracking	MatchingTermsTermsMatch
best call tracking software	0					call tracking	MatchingTermsTermsMatch
salesforce call tracking	0					call tracking	MatchingTermsTermsMatch
call tracking for automotive	0					call tracking	MatchingTermsTermsMatch
best call tracking apps for ios	0					call tracking	MatchingTermsTermsMatch
customer call tracking system	0					call tracking	MatchingTermsTermsMatch
enterprise call tracking software	0					call tracking	MatchingTermsTermsMatch
inside sales call tracking software	0					call tracking	MatchingTermsTermsMatch
call tracking reports	0					call tracking	MatchingTermsTermsMatch
whisper call tracking	0					call tracking	MatchingTermsTermsMatch
call tracking numbers local search	0					call tracking	MatchingTermsTermsMatch
call tracking software india	0					call tracking	MatchingTermsTermsMatch
how to call tracking numbers	0					call tracking	MatchingTermsTermsMatch
simple call tracking software	0					call tracking	MatchingTermsTermsMatch
call tracking free trial	0					call tracking	MatchingTermsTermsMatch
call tracking for business	0					call tracking	MatchingTermsTermsMatch
phone call tracking software for android	0					call tracking	MatchingTermsTermsMatch
wix call tracking integration	0					call tracking	MatchingTermsTermsMatch
call tracking metrics customer service	0					call tracking	MatchingTermsTermsMatch
callrail vs call tracking metrics	0					call tracking	MatchingTermsTermsMatch
call tracking provider	0					call tracking	MatchingTermsTermsMatch
call tracking recording software	0					call tracking	MatchingTermsTermsMatch
fedex call tag number tracking	0					call tracking	MatchingTermsTermsMatch
call tracking with ai	0					call tracking	MatchingTermsTermsMatch
call tracking google ads	0					call tracking	MatchingTermsTermsMatch
call tracking analytics integration	0					call tracking	MatchingTermsTermsMatch
fedex call tag tracking	0					call tracking	MatchingTermsTermsMatch
call tracking facebook and adwords	0					call tracking	MatchingTermsTermsMatch
call and sms tracking	0					call tracking	MatchingTermsTermsMatch
call tracking for lawyers	0					call tracking	MatchingTermsTermsMatch
google call conversion tracking	0					call tracking	MatchingTermsTermsMatch
tracking a call	0					call tracking	MatchingTermsTermsMatch
cold call tracking	0					call tracking	MatchingTermsTermsMatch
google analytics phone call tracking	0					call tracking	MatchingTermsTermsMatch
how does call tracking work	0					call tracking	MatchingTermsTermsMatch
twilio call tracking	0					call tracking	MatchingTermsTermsMatch
call tracking solution for loan business	0					call tracking	MatchingTermsTermsMatch
web based call tracking	0					call tracking	MatchingTermsTermsMatch
call tracking for businesses	0					call tracking	MatchingTermsTermsMatch
call tracking metrics app	0					call tracking	MatchingTermsTermsMatch
call tracking metrics best software	0					call tracking	MatchingTermsTermsMatch
best inbound call tracking	0					call tracking	MatchingTermsTermsMatch
call tracking metrics salesforce	0					call tracking	MatchingTermsTermsMatch
ups tracking call customer service	0					call tracking	MatchingTermsTermsMatch
call tracking as a service	0					call tracking	MatchingTermsTermsMatch
top-rated outbound call tracking app	0					call tracking	MatchingTermsTermsMatch
call tracking form	0					call tracking	MatchingTermsTermsMatch
call usps for tracking	0					call tracking	MatchingTermsTermsMatch
b2b call tracking	0					call tracking	MatchingTermsTermsMatch
google onsite call tracking	0					call tracking	MatchingTermsTermsMatch
call tracking service providers	0					call tracking	MatchingTermsTermsMatch
complete history of call tracking	0					call tracking	MatchingTermsTermsMatch
call tracking это	0					call tracking	MatchingTermsTermsMatch
call tracking for automotive marketing	0					call tracking	MatchingTermsTermsMatch
phone call tracking device	0					call tracking	MatchingTermsTermsMatch
phone call tracking analytics	0					call tracking	MatchingTermsTermsMatch
call tracking statistics	0					call tracking	MatchingTermsTermsMatch
best call tracking solution	0					call tracking	MatchingTermsTermsMatch
call tracking google adwords	0					call tracking	MatchingTermsTermsMatch
ppc call tracking software	0					call tracking	MatchingTermsTermsMatch
support call tracking software	0					call tracking	MatchingTermsTermsMatch
call history tracking software	0					call tracking	MatchingTermsTermsMatch
call tracking canada	0					call tracking	MatchingTermsTermsMatch
call center tracking system	0					call tracking	MatchingTermsTermsMatch
800 call tracking	0					call tracking	MatchingTermsTermsMatch
call tracking software for marketers	0					call tracking	MatchingTermsTermsMatch
call tracking for doctors	0					call tracking	MatchingTermsTermsMatch
call tracking features	0					call tracking	MatchingTermsTermsMatch
lead page call tracking	0					call tracking	MatchingTermsTermsMatch
call tracking measure advertising	0					call tracking	MatchingTermsTermsMatch
call tracking ad words	0					call tracking	MatchingTermsTermsMatch
beste call tracking oplossing	0					call tracking	MatchingTermsTermsMatch
service call tracking	0					call tracking	MatchingTermsTermsMatch
call-tracking til adwords	0					call tracking	MatchingTermsTermsMatch
google analytics call tracking	0					call tracking	MatchingTermsTermsMatch
call tracking systems	0					call tracking	MatchingTermsTermsMatch
enhanced conversions for leads	10					enhanced conversions for leads	MatchingTermsTermsMatch
enhanced conversions for leads google ads	0					enhanced conversions for leads	MatchingTermsTermsMatch
google ads enhanced conversions for leads	0					enhanced conversions for leads	MatchingTermsTermsMatch
google enhanced conversions for leads	0					enhanced conversions for leads	MatchingTermsTermsMatch
enhanced conversions for leads google ads help	0					enhanced conversions for leads	MatchingTermsTermsMatch
ga4 user-provided data collection	0					user provided data	MatchingTermsTermsMatch
user-provided data collection	0					user provided data	MatchingTermsTermsMatch
include user-provided data from your website	0					user provided data	MatchingTermsTermsMatch
allow user-provided data capabilities	0					user provided data	MatchingTermsTermsMatch
user provided data collection ga4	0					user provided data	MatchingTermsTermsMatch
user provided data google ads	0					user provided data	MatchingTermsTermsMatch
user-provided data	0					user provided data	MatchingTermsTermsMatch
user provided data gtm	0					user provided data	MatchingTermsTermsMatch
google ads user-provided data event	0					user provided data	MatchingTermsTermsMatch
user provided data ga4	0					user provided data	MatchingTermsTermsMatch
user provided data	0					user provided data	MatchingTermsTermsMatch
user-provided data collection ga4	0					user provided data	MatchingTermsTermsMatch
gtm user provided data	0					user provided data	MatchingTermsTermsMatch
google ads user provided data event	0					user provided data	MatchingTermsTermsMatch
ga4 user provided data	0					user provided data	MatchingTermsTermsMatch
facebook offline konverze	0					offline konverze	MatchingTermsTermsMatch
offline konverze facebook	0					offline konverze	MatchingTermsTermsMatch
offline konverze	0					offline konverze	MatchingTermsTermsMatch
google ads crm integration	0					crm google ads	MatchingTermsTermsMatch
zoho crm google ads	0					crm google ads	MatchingTermsTermsMatch
google lead form ads crm integration	0					crm google ads	MatchingTermsTermsMatch
google ads crm	0					crm google ads	MatchingTermsTermsMatch
crm google ads	0					crm google ads	MatchingTermsTermsMatch
google ads zoho crm	0					crm google ads	MatchingTermsTermsMatch
connect facebook lead ads google sheets zoho crm	0					crm google ads	MatchingTermsTermsMatch
ga4 user id report	0					ga4 user id	MatchingTermsTermsMatch
effective user id ga4	0					ga4 user id	MatchingTermsTermsMatch
send user id to ga4	0					ga4 user id	MatchingTermsTermsMatch
user id tracking ga4	0					ga4 user id	MatchingTermsTermsMatch
ga4 user id tag manager	0					ga4 user id	MatchingTermsTermsMatch
ga4 user id custom dimension	0					ga4 user id	MatchingTermsTermsMatch
ga4 user id parameter	0					ga4 user id	MatchingTermsTermsMatch
ga4 user id	0					ga4 user id	MatchingTermsTermsMatch
ga4 user-id	0					ga4 user id	MatchingTermsTermsMatch
ga4 user pseudo id	0					ga4 user id	MatchingTermsTermsMatch
user id in ga4	0					ga4 user id	MatchingTermsTermsMatch
ga4 send user id	0					ga4 user id	MatchingTermsTermsMatch
ga4 user id tracking	0					ga4 user id	MatchingTermsTermsMatch
ga4 client id vs user id	0					ga4 user id	MatchingTermsTermsMatch
ga4 effective user id	0					ga4 user id	MatchingTermsTermsMatch
ga4 user id setup	0					ga4 user id	MatchingTermsTermsMatch
user pseudo id ga4	0					ga4 user id	MatchingTermsTermsMatch
ga4 set user id	0					ga4 user id	MatchingTermsTermsMatch
ga4 user id gtm	0					ga4 user id	MatchingTermsTermsMatch
user id ga4	0					ga4 user id	MatchingTermsTermsMatch
ga4 signed in with user id	0					ga4 user id	MatchingTermsTermsMatch
user-id ga4	0					ga4 user id	MatchingTermsTermsMatch
signed in with user id ga4	0					ga4 user id	MatchingTermsTermsMatch
user id ga4 gtm	0					ga4 user id	MatchingTermsTermsMatch
cross-domain tracking	10					cross domain tracking	MatchingTermsTermsMatch
cross domain tracking facebook pixel	0					cross domain tracking	MatchingTermsTermsMatch
facebook cross domain tracking	0					cross domain tracking	MatchingTermsTermsMatch
hubspot cross domain tracking	0					cross domain tracking	MatchingTermsTermsMatch
ga4 cross-domain tracking	0					cross domain tracking	MatchingTermsTermsMatch
google ads cross domain tracking	0					cross domain tracking	MatchingTermsTermsMatch
cross domain tracking google tag manager	0					cross domain tracking	MatchingTermsTermsMatch
cross domain tracking universal analytics	0					cross domain tracking	MatchingTermsTermsMatch
cross domain tracking with gtm	0					cross domain tracking	MatchingTermsTermsMatch
what is cross domain tracking	0					cross domain tracking	MatchingTermsTermsMatch
gtag cross domain tracking	0					cross domain tracking	MatchingTermsTermsMatch
cross domain tracking in google analytics	0					cross domain tracking	MatchingTermsTermsMatch
cross domain tracking hubspot	0					cross domain tracking	MatchingTermsTermsMatch
simo ahava cross domain tracking	0					cross domain tracking	MatchingTermsTermsMatch
cross domain tracking google ads	0					cross domain tracking	MatchingTermsTermsMatch
segment cross domain tracking	0					cross domain tracking	MatchingTermsTermsMatch
tag manager cross domain tracking	0					cross domain tracking	MatchingTermsTermsMatch
google analytics iframe cross domain tracking	0					cross domain tracking	MatchingTermsTermsMatch
cross domain tracking with google tag manager	0					cross domain tracking	MatchingTermsTermsMatch
posthog cross domain tracking	0					cross domain tracking	MatchingTermsTermsMatch
cross domain tracking adobe analytics	0					cross domain tracking	MatchingTermsTermsMatch
cross domain tracking google analytics 4	0					cross domain tracking	MatchingTermsTermsMatch
cross-domain tracking ga4	0					cross domain tracking	MatchingTermsTermsMatch
cross domain tracking analytics	0					cross domain tracking	MatchingTermsTermsMatch
cross domain tracking ua	0					cross domain tracking	MatchingTermsTermsMatch
google cross domain tracking	0					cross domain tracking	MatchingTermsTermsMatch
cross domain tracking google analytics	0					cross domain tracking	MatchingTermsTermsMatch
google analytics 4 cross domain tracking	0					cross domain tracking	MatchingTermsTermsMatch
cross-domain tracking google tag manager	0					cross domain tracking	MatchingTermsTermsMatch
ga4 cross domain tracking	0					cross domain tracking	MatchingTermsTermsMatch
mixpanel cross domain tracking	0					cross domain tracking	MatchingTermsTermsMatch
cross domain conversion tracking	0					cross domain tracking	MatchingTermsTermsMatch
cross domain tracking ga	0					cross domain tracking	MatchingTermsTermsMatch
cross domain tracking with google analytics	0					cross domain tracking	MatchingTermsTermsMatch
set up cross-domain tracking in ga4	0					cross domain tracking	MatchingTermsTermsMatch
universal analytics cross domain tracking	0					cross domain tracking	MatchingTermsTermsMatch
set up cross domain tracking	0					cross domain tracking	MatchingTermsTermsMatch
cross-domain tracking google analytics	0					cross domain tracking	MatchingTermsTermsMatch
google ads cross domain conversion tracking	0					cross domain tracking	MatchingTermsTermsMatch
cross domain tracking	0					cross domain tracking	MatchingTermsTermsMatch
google analytics cross domain tracking subdomain	0					cross domain tracking	MatchingTermsTermsMatch
cross domain tracking in ga4	0					cross domain tracking	MatchingTermsTermsMatch
google analytics cross domain tracking	0					cross domain tracking	MatchingTermsTermsMatch
analytics cross domain tracking	0					cross domain tracking	MatchingTermsTermsMatch
facebook pixel cross domain tracking	0					cross domain tracking	MatchingTermsTermsMatch
how to set up cross domain tracking	0					cross domain tracking	MatchingTermsTermsMatch
cross domain utm tracking	0					cross domain tracking	MatchingTermsTermsMatch
sydney digital agency cross domain tracking	0					cross domain tracking	MatchingTermsTermsMatch
cross domain tracking gtm	0					cross domain tracking	MatchingTermsTermsMatch
cross domain tracking ga4	0					cross domain tracking	MatchingTermsTermsMatch
cross domain tracking ga4 gtm	0					cross domain tracking	MatchingTermsTermsMatch
adobe analytics cross domain tracking	0					cross domain tracking	MatchingTermsTermsMatch
cross domain tracking iframe	0					cross domain tracking	MatchingTermsTermsMatch
google tag manager cross domain tracking	0					cross domain tracking	MatchingTermsTermsMatch
cross domain tracking tag manager	0					cross domain tracking	MatchingTermsTermsMatch
how to set up cross domain tracking in ga4	0					cross domain tracking	MatchingTermsTermsMatch
gtm cross domain tracking	0					cross domain tracking	MatchingTermsTermsMatch
cross-domain tracking tag manager	0					cross domain tracking	MatchingTermsTermsMatch
how to check if cross domain tracking is working	0					cross domain tracking	MatchingTermsTermsMatch
cross domain tracking subdomains	0					cross domain tracking	MatchingTermsTermsMatch
amplitude cross domain tracking	0					cross domain tracking	MatchingTermsTermsMatch
ga cross domain tracking	0					cross domain tracking	MatchingTermsTermsMatch
cross domain tracking google tag maanger	0					cross domain tracking	MatchingTermsTermsMatch
ga4 cross domain tracking gtm	0					cross domain tracking	MatchingTermsTermsMatch
vyloučit interní návštěvnost	0					interní návštěvnost	MatchingTermsTermsMatch
interní návštěvnost	0					interní návštěvnost	MatchingTermsTermsMatch
ga4 thresholding	0					ga4 thresholding	MatchingTermsTermsMatch
thresholding in ga4	0					ga4 thresholding	MatchingTermsTermsMatch
thresholding ga4	0					ga4 thresholding	MatchingTermsTermsMatch
thresholding applied ga4	0					ga4 thresholding	MatchingTermsTermsMatch
ga4 thresholding applied	0					ga4 thresholding	MatchingTermsTermsMatch
data thresholding ga4	0					ga4 thresholding	MatchingTermsTermsMatch
unassigned sessions ga4	0					ga4 unassigned	MatchingTermsTermsMatch
unassigned not set ga4	0					ga4 unassigned	MatchingTermsTermsMatch
unassigned source ga4	0					ga4 unassigned	MatchingTermsTermsMatch
ga4 traffic acquisition unassigned	0					ga4 unassigned	MatchingTermsTermsMatch
unassigned traffic ga4	0					ga4 unassigned	MatchingTermsTermsMatch
unassigned channel ga4	0					ga4 unassigned	MatchingTermsTermsMatch
unassigned traffic in ga4	0					ga4 unassigned	MatchingTermsTermsMatch
what is unassigned in ga4	0					ga4 unassigned	MatchingTermsTermsMatch
ga4 unassigned traffic	0					ga4 unassigned	MatchingTermsTermsMatch
unassigned in ga4	0					ga4 unassigned	MatchingTermsTermsMatch
ga4 unassigned	0					ga4 unassigned	MatchingTermsTermsMatch
ga4 unassigned not set	0					ga4 unassigned	MatchingTermsTermsMatch
how to fix unassigned traffic in ga4	0					ga4 unassigned	MatchingTermsTermsMatch
what is unassigned traffic in ga4	0					ga4 unassigned	MatchingTermsTermsMatch
unassigned ga4 traffic	0					ga4 unassigned	MatchingTermsTermsMatch
unassigned ga4	0					ga4 unassigned	MatchingTermsTermsMatch
(not set) / (not set) ga4	0					ga4 not set	MatchingTermsTermsMatch
source medium not set ga4	0					ga4 not set	MatchingTermsTermsMatch
(not set) landing page ga4	0					ga4 not set	MatchingTermsTermsMatch
ga4 not set source medium	0					ga4 not set	MatchingTermsTermsMatch
ga4 not set	0					ga4 not set	MatchingTermsTermsMatch
not set traffic in ga4	0					ga4 not set	MatchingTermsTermsMatch
not set in ga4	0					ga4 not set	MatchingTermsTermsMatch
ga4 source/medium not set	0					ga4 not set	MatchingTermsTermsMatch
(not set) in ga4	0					ga4 not set	MatchingTermsTermsMatch
ga4 not set traffic	0					ga4 not set	MatchingTermsTermsMatch
ga4 city not set	0					ga4 not set	MatchingTermsTermsMatch
what does not set mean in ga4	0					ga4 not set	MatchingTermsTermsMatch
ga4 custom dimension not set	0					ga4 not set	MatchingTermsTermsMatch
not set source medium ga4	0					ga4 not set	MatchingTermsTermsMatch
not set in ga4 landing page report	0					ga4 not set	MatchingTermsTermsMatch
not set ga4	0					ga4 not set	MatchingTermsTermsMatch
ga4 not set landing page	0					ga4 not set	MatchingTermsTermsMatch
ga4 source medium not set	0					ga4 not set	MatchingTermsTermsMatch
what is not set in ga4	0					ga4 not set	MatchingTermsTermsMatch
ga4 landing page (not set)	0					ga4 not set	MatchingTermsTermsMatch
ga4 source not set	0					ga4 not set	MatchingTermsTermsMatch
session source medium not set ga4	0					ga4 not set	MatchingTermsTermsMatch
ga4 session source medium not set	0					ga4 not set	MatchingTermsTermsMatch
ga4 (not set)	0					ga4 not set	MatchingTermsTermsMatch
landing page not set ga4	0					ga4 not set	MatchingTermsTermsMatch
ga4 not set source	0					ga4 not set	MatchingTermsTermsMatch
(not set) ga4	0					ga4 not set	MatchingTermsTermsMatch
not set landing page ga4	0					ga4 not set	MatchingTermsTermsMatch
ga4 custom dimensions not set	0					ga4 not set	MatchingTermsTermsMatch
session source not set ga4	0					ga4 not set	MatchingTermsTermsMatch
landing page (not set) ga4	0					ga4 not set	MatchingTermsTermsMatch
ga4 not set source/medium	0					ga4 not set	MatchingTermsTermsMatch
ga4 landing page not set	0					ga4 not set	MatchingTermsTermsMatch
what does (not set) mean in ga4	0					ga4 not set	MatchingTermsTermsMatch
shoptet ga4	20					shoptet ga4	MatchingTermsTermsMatch
shoptet datalayer	0					shoptet datalayer	MatchingTermsTermsMatch
woocommerce ga4 integration	0					woocommerce ga4	MatchingTermsTermsMatch
woocommerce ecommerce tracking ga4	0					woocommerce ga4	MatchingTermsTermsMatch
ga4 woocommerce tracking	0					woocommerce ga4	MatchingTermsTermsMatch
woocommerce ga4	0					woocommerce ga4	MatchingTermsTermsMatch
ga4 ecommerce tracking woocommerce	0					woocommerce ga4	MatchingTermsTermsMatch
woocommerce ga4 tracking	0					woocommerce ga4	MatchingTermsTermsMatch
ga4 for woocommerce	0					woocommerce ga4	MatchingTermsTermsMatch
woocommerce ga4 ecommerce tracking	0					woocommerce ga4	MatchingTermsTermsMatch
woocommerce ga4 plugin	0					woocommerce ga4	MatchingTermsTermsMatch
ga4 woocommerce	0					woocommerce ga4	MatchingTermsTermsMatch
gtm4wp woocommerce ga4	0					woocommerce ga4	MatchingTermsTermsMatch
seznam event measurement	20					seznam event measurement	MatchingTermsTermsMatch
sklik měření konverzí prestashop	0					sklik měření	MatchingTermsTermsMatch
sklik měření konverzí	0					sklik měření	MatchingTermsTermsMatch
měření konverzí sklik	0					sklik měření	MatchingTermsTermsMatch
heureka ověřeno zákazníky	90	2	30	90		heureka ověřeno zákazníky	MatchingTermsTermsMatch
heureka woocommerce ověřeno zákazníky	30					heureka ověřeno zákazníky	MatchingTermsTermsMatch
ověřeno zákazníky heureka	30	9	20	100		heureka ověřeno zákazníky	MatchingTermsTermsMatch
heureka ověřeno zákazníky implementace	10					heureka ověřeno zákazníky	MatchingTermsTermsMatch
heureka ověřeno zákazníky woocommerce	0					heureka ověřeno zákazníky	MatchingTermsTermsMatch
heureka ověřeno zákazníky widget	0					heureka ověřeno zákazníky	MatchingTermsTermsMatch
heureka ověřeno zákazníky podmínky	0					heureka ověřeno zákazníky	MatchingTermsTermsMatch
prestashop 1.6 heureka ověřeno zákazníky	0					heureka ověřeno zákazníky	MatchingTermsTermsMatch
heureka ověřeno zákazníky jak získat	0					heureka ověřeno zákazníky	MatchingTermsTermsMatch
heureka certifikát ověřeno zákazníky	0					heureka ověřeno zákazníky	MatchingTermsTermsMatch
heureka ověřeno zákazníky png	0					heureka ověřeno zákazníky	MatchingTermsTermsMatch
heureka ověřeno zákazníky prestashop	0					heureka ověřeno zákazníky	MatchingTermsTermsMatch
ověřeno zákazníky heureka podmínky	0					heureka ověřeno zákazníky	MatchingTermsTermsMatch
heureka není služba ověřeno zákazníky povolena.	0					heureka ověřeno zákazníky	MatchingTermsTermsMatch
prestashop heureka ověřeno zákazníky	0					heureka ověřeno zákazníky	MatchingTermsTermsMatch
heureka ověřeno zákazníky gdpr	0					heureka ověřeno zákazníky	MatchingTermsTermsMatch
heureka ověřeno zákazníky logo	0					heureka ověřeno zákazníky	MatchingTermsTermsMatch
tiktok pixel vs events api	0					tiktok events api	MatchingTermsTermsMatch
tiktok events api	0					tiktok events api	MatchingTermsTermsMatch
tiktok pixel or events api	0					tiktok events api	MatchingTermsTermsMatch
tiktok events api documentation 2025	0					tiktok events api	MatchingTermsTermsMatch
events api tiktok	0					tiktok events api	MatchingTermsTermsMatch
tiktok pixel events api documentation	0					tiktok events api	MatchingTermsTermsMatch
tiktok events api documentation	0					tiktok events api	MatchingTermsTermsMatch
linkedin conversions api documentation	0					linkedin conversions api	MatchingTermsTermsMatch
linkedin conversions api	0					linkedin conversions api	MatchingTermsTermsMatch
linkedin conversions api documentation 2025	0					linkedin conversions api	MatchingTermsTermsMatch
google tag gateway	80					google tag gateway	MatchingTermsTermsMatch
google tag gateway cloudflare	10					google tag gateway	MatchingTermsTermsMatch
google tag gateway vs server side	0					google tag gateway	MatchingTermsTermsMatch
google tag gateway simo ahava	0					google tag gateway	MatchingTermsTermsMatch
google tag gateway implementation	0					google tag gateway	MatchingTermsTermsMatch
what is google tag gateway	0					google tag gateway	MatchingTermsTermsMatch
google tag gateway without cloudflare	0					google tag gateway	MatchingTermsTermsMatch
google tag gateway what is it	0					google tag gateway	MatchingTermsTermsMatch
google tag gateway for advertisers	0					google tag gateway	MatchingTermsTermsMatch
google gateway tag	0					google tag gateway	MatchingTermsTermsMatch
cloudflare google tag gateway	0					google tag gateway	MatchingTermsTermsMatch
google tag gateway gtm	0					google tag gateway	MatchingTermsTermsMatch
google tag gateway sgtm	0					google tag gateway	MatchingTermsTermsMatch
google tag gateway setup	0					google tag gateway	MatchingTermsTermsMatch
google tag gateway restores tag data	0					google tag gateway	MatchingTermsTermsMatch
google tag manager gateway	0					google tag gateway	MatchingTermsTermsMatch
first party mode	0					first party mode	MatchingTermsTermsMatch
google tag manager first party mode	0					first party mode	MatchingTermsTermsMatch
first-party mode	0					first party mode	MatchingTermsTermsMatch
first party mode gtm	0					first party mode	MatchingTermsTermsMatch
gtm first party mode	0					first party mode	MatchingTermsTermsMatch
google first party mode	0					first party mode	MatchingTermsTermsMatch
first party mode google	0					first party mode	MatchingTermsTermsMatch
itp safari	0					itp safari	MatchingTermsTermsMatch
safari itp first party cookies	0					itp safari	MatchingTermsTermsMatch
itp 2.1 safari	0					itp safari	MatchingTermsTermsMatch
safari itp 2.3	0					itp safari	MatchingTermsTermsMatch
safari itp	0					itp safari	MatchingTermsTermsMatch
how to enable cookies in safari	300					safari cookies	MatchingQuestionsTermsMatch
jak vymazat cookies safari	20					safari cookies	MatchingTermsTermsMatch
safari session cookies	10					safari cookies	MatchingTermsTermsMatch
jak smazat cookies safari	10					safari cookies	MatchingTermsTermsMatch
jak smazat cookies safari mac	10					safari cookies	MatchingTermsTermsMatch
how to clear cookies safari	10					safari cookies	MatchingTermsTermsMatch
cookies safari	10					safari cookies	MatchingTermsTermsMatch
jak smazat cookies v safari	10					safari cookies	MatchingTermsTermsMatch
safari cookies	10					safari cookies	MatchingTermsTermsMatch
how to delete all cookies safari	0					safari cookies	MatchingTermsTermsMatch
how to allow cookies in safari	0					safari cookies	MatchingTermsTermsMatch
safari clear cookies for site	0					safari cookies	MatchingTermsTermsMatch
czyszczenie cookies safari	0					safari cookies	MatchingTermsTermsMatch
how to delete cookies in safari macbook air	0					safari cookies	MatchingTermsTermsMatch
clearing cookies safari	0					safari cookies	MatchingTermsTermsMatch
mac safari clear cookies	0					safari cookies	MatchingTermsTermsMatch
how to delete cookies in safari iphone	0					safari cookies	MatchingTermsTermsMatch
clear safari cookies on iphone	0					safari cookies	MatchingTermsTermsMatch
safari cookies iphone	0					safari cookies	MatchingTermsTermsMatch
how to clear cookies safari macbook	0					safari cookies	MatchingTermsTermsMatch
ipad safari delete cookies	0					safari cookies	MatchingTermsTermsMatch
remove cookies safari iphone	0					safari cookies	MatchingTermsTermsMatch
safari remove cookies for site	0					safari cookies	MatchingTermsTermsMatch
block 3rd party cookies safari	0					safari cookies	MatchingTermsTermsMatch
how to clear safari cache and cookies	0					safari cookies	MatchingTermsTermsMatch
rensa cookies safari	0					safari cookies	MatchingTermsTermsMatch
clean cookies on safari	0					safari cookies	MatchingTermsTermsMatch
safari cookies settings	0					safari cookies	MatchingTermsTermsMatch
how to reset cookies in safari	0					safari cookies	MatchingTermsTermsMatch
how to delete cookies iphone safari	0					safari cookies	MatchingTermsTermsMatch
safari clear cookies iphone settings	0					safari cookies	MatchingTermsTermsMatch
safari allow cookies iphone	0					safari cookies	MatchingTermsTermsMatch
delete cookies in safari	0					safari cookies	MatchingTermsTermsMatch
chrome settings cookies safari	0					safari cookies	MatchingTermsTermsMatch
remove cookies from safari	0					safari cookies	MatchingTermsTermsMatch
block third party cookies safari	0					safari cookies	MatchingTermsTermsMatch
cross domain cookies safari	0					safari cookies	MatchingTermsTermsMatch
clear safari cookies and cache	0					safari cookies	MatchingTermsTermsMatch
clear cache and cookies on safari mac	0					safari cookies	MatchingTermsTermsMatch
how to view cookies in safari iphone	0					safari cookies	MatchingTermsTermsMatch
how to erase cookies from safari	0					safari cookies	MatchingTermsTermsMatch
safari cookies and cache	0					safari cookies	MatchingTermsTermsMatch
how to allow third party cookies on safari	0					safari cookies	MatchingTermsTermsMatch
how to delete cookies on safari ipad	0					safari cookies	MatchingTermsTermsMatch
safari delete cookies for one site	0					safari cookies	MatchingTermsTermsMatch
how to clear cache and cookies in safari	0					safari cookies	MatchingTermsTermsMatch
clear cookies safari on mac	0					safari cookies	MatchingTermsTermsMatch
clear safari cache and cookies	0					safari cookies	MatchingTermsTermsMatch
effacer cookies safari	0					safari cookies	MatchingTermsTermsMatch
safari keeps asking for cookies	0					safari cookies	MatchingTermsTermsMatch
how to clear cookies in safari	0					safari cookies	MatchingTermsTermsMatch
safari turn on cookies	0					safari cookies	MatchingTermsTermsMatch
deleting cookies from safari	0					safari cookies	MatchingTermsTermsMatch
safari cookies extension	0					safari cookies	MatchingTermsTermsMatch
how to enable cookies on safari mac	0					safari cookies	MatchingTermsTermsMatch
birthday safari cookies	0					safari cookies	MatchingTermsTermsMatch
how to clear all cookies in safari	0					safari cookies	MatchingTermsTermsMatch
how to delete cache and cookies in safari	0					safari cookies	MatchingTermsTermsMatch
safari accept cookies	0					safari cookies	MatchingTermsTermsMatch
turn on cookies safari iphone	0					safari cookies	MatchingTermsTermsMatch
safari allow 3rd party cookies	0					safari cookies	MatchingTermsTermsMatch
block all cookies safari	0					safari cookies	MatchingTermsTermsMatch
safari ios clear cache and cookies	0					safari cookies	MatchingTermsTermsMatch
safari how to enable cookies	0					safari cookies	MatchingTermsTermsMatch
clearing cache and cookies safari	0					safari cookies	MatchingTermsTermsMatch
erase cookies in safari	0					safari cookies	MatchingTermsTermsMatch
how to enable third party cookies in safari mac	0					safari cookies	MatchingTermsTermsMatch
safari see cookies	0					safari cookies	MatchingTermsTermsMatch
jak povolit cookies safari	0					safari cookies	MatchingTermsTermsMatch
auto reject cookies safari	0					safari cookies	MatchingTermsTermsMatch
how to clear cookies on safari iphone	0					safari cookies	MatchingTermsTermsMatch
clear cache and cookies mac safari	0					safari cookies	MatchingTermsTermsMatch
how to find cookies in safari	0					safari cookies	MatchingTermsTermsMatch
how to erase cookies on safari	0					safari cookies	MatchingTermsTermsMatch
delete cookies iphone safari	0					safari cookies	MatchingTermsTermsMatch
how to delete cookies on safari iphone	0					safari cookies	MatchingTermsTermsMatch
safari empty cookies	0					safari cookies	MatchingTermsTermsMatch
how to delete cookies on safari on iphone	0					safari cookies	MatchingTermsTermsMatch
remove safari cookies	0					safari cookies	MatchingTermsTermsMatch
erase cookies safari mac	0					safari cookies	MatchingTermsTermsMatch
safari turn off cookies	0					safari cookies	MatchingTermsTermsMatch
safari enable third party cookies for drive	0					safari cookies	MatchingTermsTermsMatch
safari ipad delete cookies	0					safari cookies	MatchingTermsTermsMatch
iphone delete cookies safari	0					safari cookies	MatchingTermsTermsMatch
how to allow 3rd party cookies safari mac	0					safari cookies	MatchingTermsTermsMatch
safari how to clear cache and cookies	0					safari cookies	MatchingTermsTermsMatch
cookies on safari	0					safari cookies	MatchingTermsTermsMatch
clear cookies in safari mac	0					safari cookies	MatchingTermsTermsMatch
disable cookies in safari	0					safari cookies	MatchingTermsTermsMatch
block cookies safari	0					safari cookies	MatchingTermsTermsMatch
how to turn off cookies safari	0					safari cookies	MatchingTermsTermsMatch
safari cookies aktivieren iphone	0					safari cookies	MatchingTermsTermsMatch
safari cookies mac	0					safari cookies	MatchingTermsTermsMatch
third-party cookies safari mac	0					safari cookies	MatchingTermsTermsMatch
clearing cookies from safari	0					safari cookies	MatchingTermsTermsMatch
cancellare cookies safari	0					safari cookies	MatchingTermsTermsMatch
safari clear cookies	0					safari cookies	MatchingTermsTermsMatch
cookies safari ios	0					safari cookies	MatchingTermsTermsMatch
how to erase cookies safari	0					safari cookies	MatchingTermsTermsMatch
how to open cookies in safari	0					safari cookies	MatchingTermsTermsMatch
eliminar cookies safari	0					safari cookies	MatchingTermsTermsMatch
safari clear cache and cookies iphone	0					safari cookies	MatchingTermsTermsMatch
clear cache cookies safari	0					safari cookies	MatchingTermsTermsMatch
safari allow third party cookies	0					safari cookies	MatchingTermsTermsMatch
borrar cookies en safari	0					safari cookies	MatchingTermsTermsMatch
how to delete cookies on safari	0					safari cookies	MatchingTermsTermsMatch
как очистить cookies safari	0					safari cookies	MatchingTermsTermsMatch
clear cookies and cache safari	0					safari cookies	MatchingTermsTermsMatch
does safari block cookies	0					safari cookies	MatchingTermsTermsMatch
how to allow 3rd party cookies on safari	0					safari cookies	MatchingTermsTermsMatch
safari block cookies from specific sites	0					safari cookies	MatchingTermsTermsMatch
cookies delete safari	0					safari cookies	MatchingTermsTermsMatch
safari clear cookies and cache	0					safari cookies	MatchingTermsTermsMatch
how to delete cookies in safari mac	0					safari cookies	MatchingTermsTermsMatch
safari delete all cookies	0					safari cookies	MatchingTermsTermsMatch
cookies safari mac	0					safari cookies	MatchingTermsTermsMatch
how to enable cookies safari iphone	0					safari cookies	MatchingTermsTermsMatch
como borrar cookies en safari	0					safari cookies	MatchingTermsTermsMatch
как включить cookies в safari mac	0					safari cookies	MatchingTermsTermsMatch
ios safari cookies	0					safari cookies	MatchingTermsTermsMatch
how to remove cookies from safari on mac	0					safari cookies	MatchingTermsTermsMatch
browser cookies safari	0					safari cookies	MatchingTermsTermsMatch
safari browser clear cache and cookies	0					safari cookies	MatchingTermsTermsMatch
clear cookies safari iphone	0					safari cookies	MatchingTermsTermsMatch
check cookies safari	0					safari cookies	MatchingTermsTermsMatch
safari cookies verwijderen	0					safari cookies	MatchingTermsTermsMatch
safari smazat cookies	0					safari cookies	MatchingTermsTermsMatch
3rd party cookies safari iphone	0					safari cookies	MatchingTermsTermsMatch
iphone safari clear cookies for one site	0					safari cookies	MatchingTermsTermsMatch
how to allow cookies on safari	0					safari cookies	MatchingTermsTermsMatch
delete cookies on safari mac	0					safari cookies	MatchingTermsTermsMatch
safari clear cookies and cache mac	0					safari cookies	MatchingTermsTermsMatch
enable cookies chrome safari firefox ie	0					safari cookies	MatchingTermsTermsMatch
how to enable third party cookies safari	0					safari cookies	MatchingTermsTermsMatch
ipad safari clear cookies	0					safari cookies	MatchingTermsTermsMatch
how to turn on cookies in safari iphone	0					safari cookies	MatchingTermsTermsMatch
cara menghapus cookies di safari macbook	0					safari cookies	MatchingTermsTermsMatch
safari 3rd party cookies enable	0					safari cookies	MatchingTermsTermsMatch
how to delete cookies in safari	0					safari cookies	MatchingTermsTermsMatch
empty cookies safari	0					safari cookies	MatchingTermsTermsMatch
ios safari clear history cookies settings	0					safari cookies	MatchingTermsTermsMatch
clear cookies on iphone safari	0					safari cookies	MatchingTermsTermsMatch
how to clear cookies in safari on iphone	0					safari cookies	MatchingTermsTermsMatch
how to delete cookies safari macbook	0					safari cookies	MatchingTermsTermsMatch
how to see cookies on safari	0					safari cookies	MatchingTermsTermsMatch
how to enable third party cookies on safari	0					safari cookies	MatchingTermsTermsMatch
safari cookies aktivieren	0					safari cookies	MatchingTermsTermsMatch
safari cookies delete mac	0					safari cookies	MatchingTermsTermsMatch
enable cookies on safari mac	0					safari cookies	MatchingTermsTermsMatch
how to delete cookies safari mac	0					safari cookies	MatchingTermsTermsMatch
how to clear cookies and cache safari	0					safari cookies	MatchingTermsTermsMatch
ako zapnúť cookies safari	0					safari cookies	MatchingTermsTermsMatch
how to clear safari cookies	0					safari cookies	MatchingTermsTermsMatch
how to turn on cookies safari iphone	0					safari cookies	MatchingTermsTermsMatch
iphone safari delete cookies	0					safari cookies	MatchingTermsTermsMatch
manage cookies and website data in safari on mac	0					safari cookies	MatchingTermsTermsMatch
enable cookies safari mac	0					safari cookies	MatchingTermsTermsMatch
how to block all cookies in safari	0					safari cookies	MatchingTermsTermsMatch
safari block cookies	0					safari cookies	MatchingTermsTermsMatch
safari export cookies	0					safari cookies	MatchingTermsTermsMatch
cookies safari macbook	0					safari cookies	MatchingTermsTermsMatch
enable third party cookies in safari	0					safari cookies	MatchingTermsTermsMatch
safari allow cookies for specific site	0					safari cookies	MatchingTermsTermsMatch
how to remove cookies on safari	0					safari cookies	MatchingTermsTermsMatch
how do you clear cookies in safari	0					safari cookies	MatchingTermsTermsMatch
how to clean cookies on safari	0					safari cookies	MatchingTermsTermsMatch
delete cookies in safari mac	0					safari cookies	MatchingTermsTermsMatch
delete cookies for specific site safari	0					safari cookies	MatchingTermsTermsMatch
how to erase cookies in safari	0					safari cookies	MatchingTermsTermsMatch
clear cookies safari	0					safari cookies	MatchingTermsTermsMatch
how to clear cookies safari ios	0					safari cookies	MatchingTermsTermsMatch
safari delete cookies iphone	0					safari cookies	MatchingTermsTermsMatch
safari clear cookies mac	0					safari cookies	MatchingTermsTermsMatch
third party cookies on safari	0					safari cookies	MatchingTermsTermsMatch
how to delete safari cookies	0					safari cookies	MatchingTermsTermsMatch
safari clear cookies ios	0					safari cookies	MatchingTermsTermsMatch
block cookies in safari	0					safari cookies	MatchingTermsTermsMatch
third party cookies safari ipad	0					safari cookies	MatchingTermsTermsMatch
safari delete specific cookies	0					safari cookies	MatchingTermsTermsMatch
iphone safari cookies delete	0					safari cookies	MatchingTermsTermsMatch
safari enable cookies	0					safari cookies	MatchingTermsTermsMatch
safari blocking 3rd party session cookies	0					safari cookies	MatchingTermsTermsMatch
how to delete cache cookies in safari	0					safari cookies	MatchingTermsTermsMatch
safari block all cookies	0					safari cookies	MatchingTermsTermsMatch
how to allow cookies safari	0					safari cookies	MatchingTermsTermsMatch
clean cookies in safari	0					safari cookies	MatchingTermsTermsMatch
safari delete cookies mac	0					safari cookies	MatchingTermsTermsMatch
how to delete cookies safari iphone	0					safari cookies	MatchingTermsTermsMatch
i don t care about cookies safari	0					safari cookies	MatchingTermsTermsMatch
czyszczenie plików cookies safari	0					safari cookies	MatchingTermsTermsMatch
apple safari cookies	0					safari cookies	MatchingTermsTermsMatch
safari block third party cookies	0					safari cookies	MatchingTermsTermsMatch
how to clear cookies iphone safari	0					safari cookies	MatchingTermsTermsMatch
cookies verwijderen iphone safari	0					safari cookies	MatchingTermsTermsMatch
safari remove cookies for website	0					safari cookies	MatchingTermsTermsMatch
safari auto accept cookies	0					safari cookies	MatchingTermsTermsMatch
ios safari clear cookies for one site	0					safari cookies	MatchingTermsTermsMatch
clear cookies on safari	0					safari cookies	MatchingTermsTermsMatch
how delete cookies safari	0					safari cookies	MatchingTermsTermsMatch
safari auto reject cookies	0					safari cookies	MatchingTermsTermsMatch
how to delete cookies in safari on mac	0					safari cookies	MatchingTermsTermsMatch
safari clearing cookies and cache	0					safari cookies	MatchingTermsTermsMatch
enable third-party cookies safari iphone	0					safari cookies	MatchingTermsTermsMatch
safari how to clear cookies	0					safari cookies	MatchingTermsTermsMatch
cookies in safari	0					safari cookies	MatchingTermsTermsMatch
borrar cookies safari mac	0					safari cookies	MatchingTermsTermsMatch
iphone safari clear cookies	0					safari cookies	MatchingTermsTermsMatch
how to delete safari cookies on iphone	0					safari cookies	MatchingTermsTermsMatch
limpiar cookies safari	0					safari cookies	MatchingTermsTermsMatch
delete cookies in safari iphone	0					safari cookies	MatchingTermsTermsMatch
how to clear cookies on ipad safari	0					safari cookies	MatchingTermsTermsMatch
third-party cookies safari	0					safari cookies	MatchingTermsTermsMatch
manage cookies safari	0					safari cookies	MatchingTermsTermsMatch
safari remove cookies and cache	0					safari cookies	MatchingTermsTermsMatch
safari disable cookies	0					safari cookies	MatchingTermsTermsMatch
safari how to allow cookies	0					safari cookies	MatchingTermsTermsMatch
safari remove cookies	0					safari cookies	MatchingTermsTermsMatch
cookies inschakelen safari	0					safari cookies	MatchingTermsTermsMatch
enabling third party cookies safari	0					safari cookies	MatchingTermsTermsMatch
how to clear cookies in safari macbook	0					safari cookies	MatchingTermsTermsMatch
how to accept third party cookies on safari	0					safari cookies	MatchingTermsTermsMatch
how clear cookies on safari	0					safari cookies	MatchingTermsTermsMatch
how to clear cookies safari mac	0					safari cookies	MatchingTermsTermsMatch
clear cookies safari ipad	0					safari cookies	MatchingTermsTermsMatch
safari iframe cookies 2020	0					safari cookies	MatchingTermsTermsMatch
how to block cookies safari	0					safari cookies	MatchingTermsTermsMatch
usuwanie cookies safari	0					safari cookies	MatchingTermsTermsMatch
cookies zulassen safari	0					safari cookies	MatchingTermsTermsMatch
ios safari remove cookies	0					safari cookies	MatchingTermsTermsMatch
clear cookies and cache safari iphone	0					safari cookies	MatchingTermsTermsMatch
safari remove cache and cookies	0					safari cookies	MatchingTermsTermsMatch
enable cookies in safari browser	0					safari cookies	MatchingTermsTermsMatch
how to check cookies in safari	0					safari cookies	MatchingTermsTermsMatch
safari allow third party cookies mac	0					safari cookies	MatchingTermsTermsMatch
third party cookies enable safari	0					safari cookies	MatchingTermsTermsMatch
deleting cookies on safari	0					safari cookies	MatchingTermsTermsMatch
enable cookies on safari	0					safari cookies	MatchingTermsTermsMatch
erase cookies safari	0					safari cookies	MatchingTermsTermsMatch
safari not storing cookies	0					safari cookies	MatchingTermsTermsMatch
block cookies safari iphone	0					safari cookies	MatchingTermsTermsMatch
how to delete cookies safari ipad	0					safari cookies	MatchingTermsTermsMatch
manage cookies in safari	0					safari cookies	MatchingTermsTermsMatch
remove cookies safari	0					safari cookies	MatchingTermsTermsMatch
check cookies in safari	0					safari cookies	MatchingTermsTermsMatch
how do i clear cache and cookies in safari	0					safari cookies	MatchingTermsTermsMatch
how to clear cache and cookies safari mac	0					safari cookies	MatchingTermsTermsMatch
tillad session cookies safari	0					safari cookies	MatchingTermsTermsMatch
safari delete cookies and cache	0					safari cookies	MatchingTermsTermsMatch
cookies on safari iphone	0					safari cookies	MatchingTermsTermsMatch
smazání cookies safari	0					safari cookies	MatchingTermsTermsMatch
how to delete cookies on safari mac	0					safari cookies	MatchingTermsTermsMatch
third party cookies safari mac	0					safari cookies	MatchingTermsTermsMatch
safari clean cookies	0					safari cookies	MatchingTermsTermsMatch
how to reset cookies safari	0					safari cookies	MatchingTermsTermsMatch
safari 1st party cookies	0					safari cookies	MatchingTermsTermsMatch
safari delete cookies macbook	0					safari cookies	MatchingTermsTermsMatch
cache cookies safari	0					safari cookies	MatchingTermsTermsMatch
how to turn off cookies in safari	0					safari cookies	MatchingTermsTermsMatch
how to enable 3rd party cookies safari	0					safari cookies	MatchingTermsTermsMatch
safari how to clear cache and cookies mac	0					safari cookies	MatchingTermsTermsMatch
i don't care about cookies safari iphone	0					safari cookies	MatchingTermsTermsMatch
automatically reject cookies safari	0					safari cookies	MatchingTermsTermsMatch
safari usuwanie cookies	0					safari cookies	MatchingTermsTermsMatch
how to allow third party cookies in safari	0					safari cookies	MatchingTermsTermsMatch
how do i clear cookies in safari	0					safari cookies	MatchingTermsTermsMatch
partitioned cookies safari	0					safari cookies	MatchingTermsTermsMatch
smazat cookies safari	0					safari cookies	MatchingTermsTermsMatch
cookies verwijderen safari	0					safari cookies	MatchingTermsTermsMatch
how to delete cookies on ipad safari	0					safari cookies	MatchingTermsTermsMatch
cookies ios safari	0					safari cookies	MatchingTermsTermsMatch
clear cookies safari ios	0					safari cookies	MatchingTermsTermsMatch
safari clear cookies for website	0					safari cookies	MatchingTermsTermsMatch
safari cookies macbook	0					safari cookies	MatchingTermsTermsMatch
how to clear cookies on iphone safari	0					safari cookies	MatchingTermsTermsMatch
safari third party cookies	0					safari cookies	MatchingTermsTermsMatch
jak povolit cookies v safari	0					safari cookies	MatchingTermsTermsMatch
clear cookies mac safari	0					safari cookies	MatchingTermsTermsMatch
clearing cache and cookies in safari	0					safari cookies	MatchingTermsTermsMatch
delete cookies safari mac	0					safari cookies	MatchingTermsTermsMatch
safari cookies clear	0					safari cookies	MatchingTermsTermsMatch
safari cookies disabled	0					safari cookies	MatchingTermsTermsMatch
deleting cookies in safari	0					safari cookies	MatchingTermsTermsMatch
how to enable 3rd party cookies on safari	0					safari cookies	MatchingTermsTermsMatch
how to allow cookies on safari mac	0					safari cookies	MatchingTermsTermsMatch
safari delete cache and cookies	0					safari cookies	MatchingTermsTermsMatch
unblock cookies safari	0					safari cookies	MatchingTermsTermsMatch
safari cookies through iframe	0					safari cookies	MatchingTermsTermsMatch
clear cache and cookies on safari	0					safari cookies	MatchingTermsTermsMatch
macos safari clear cache and cookies	0					safari cookies	MatchingTermsTermsMatch
should i block all cookies on safari	0					safari cookies	MatchingTermsTermsMatch
enable cookies in safari mac	0					safari cookies	MatchingTermsTermsMatch
allow cookies safari	0					safari cookies	MatchingTermsTermsMatch
how to disable cookies in safari	0					safari cookies	MatchingTermsTermsMatch
cookies löschen safari	0					safari cookies	MatchingTermsTermsMatch
safari vymazání cookies	0					safari cookies	MatchingTermsTermsMatch
delete safari cookies mac	0					safari cookies	MatchingTermsTermsMatch
safari iphone clear cookies	0					safari cookies	MatchingTermsTermsMatch
cookies safari löschen	0					safari cookies	MatchingTermsTermsMatch
cookies löschen safari mac	0					safari cookies	MatchingTermsTermsMatch
ip adresa gdpr	0					ip adresa gdpr	MatchingTermsTermsMatch
gdpr ip adresa	0					ip adresa gdpr	MatchingTermsTermsMatch
co je pseudonymizace	50					pseudonymizace	MatchingQuestionsTermsMatch
pseudonymizace v oblasti osobních údajů znamená	10					pseudonymizace	MatchingQuestionsTermsMatch
co je to pseudonymizace	10					pseudonymizace	MatchingQuestionsTermsMatch
co je to pseudonymizace?	0					pseudonymizace	MatchingQuestionsTermsMatch
pseudonymizace co to je	0					pseudonymizace	MatchingQuestionsTermsMatch
pseudonymizace	150					pseudonymizace	MatchingTermsTermsMatch
pseudonymizace osobních údajů	60					pseudonymizace	MatchingTermsTermsMatch
význam slova pseudonymizace	20					pseudonymizace	MatchingTermsTermsMatch
pseudonymizace mysql	0					pseudonymizace	MatchingTermsTermsMatch
pseudonymizace dat	0					pseudonymizace	MatchingTermsTermsMatch
pseudonymizace databáze	0					pseudonymizace	MatchingTermsTermsMatch
pseudonymizace význam	0					pseudonymizace	MatchingTermsTermsMatch
gdpr pseudonymizace	0					pseudonymizace	MatchingTermsTermsMatch
anonymizace pseudonymizace	0					pseudonymizace	MatchingTermsTermsMatch
pseudonymizace anonymizace	0					pseudonymizace	MatchingTermsTermsMatch
pseudonymizace vs anonymizace	0					pseudonymizace	MatchingTermsTermsMatch
hashování	60	0		80		hashování	MatchingTermsTermsMatch
univerzální hashování	0					hashování	MatchingTermsTermsMatch
c# hashování	0					hashování	MatchingTermsTermsMatch
hashování hesla	0					hashování	MatchingTermsTermsMatch
dvojité hashování	0					hashování	MatchingTermsTermsMatch
hashování pascal	0					hashování	MatchingTermsTermsMatch
indexování a hashování	0					hashování	MatchingTermsTermsMatch
hashování hesel	0					hashování	MatchingTermsTermsMatch
kukaččí hashování	0					hashování	MatchingTermsTermsMatch
onetrust consent rate optimization	0					consent rate	MatchingTermsTermsMatch
0% consent rate detected in some regions	0					consent rate	MatchingTermsTermsMatch
consent rate	0					consent rate	MatchingTermsTermsMatch
consent rate optimization	0					consent rate	MatchingTermsTermsMatch
cookie consent acceptance rate	0					consent rate	MatchingTermsTermsMatch
cookie consent rate	0					consent rate	MatchingTermsTermsMatch
legitimní zájem	0					legitimní zájem	MatchingTermsTermsMatch
sampling in ga4	0					ga4 sampling	MatchingTermsTermsMatch
ga4 sampling limit	0					ga4 sampling	MatchingTermsTermsMatch
ga4 api sampling	0					ga4 sampling	MatchingTermsTermsMatch
data sampling in ga4	0					ga4 sampling	MatchingTermsTermsMatch
sampling ga4	0					ga4 sampling	MatchingTermsTermsMatch
ga4 sampling	0					ga4 sampling	MatchingTermsTermsMatch
ga4 data sampling	0					ga4 sampling	MatchingTermsTermsMatch
data sampling ga4	0					ga4 sampling	MatchingTermsTermsMatch
google signals	10	1		0		google signals	MatchingTermsTermsMatch
signals google	0					google signals	MatchingTermsTermsMatch
google sre golden signals	0					google signals	MatchingTermsTermsMatch
enable google signals	0					google signals	MatchingTermsTermsMatch
broad match signals google ads	0					google signals	MatchingTermsTermsMatch
google signals data collection	0					google signals	MatchingTermsTermsMatch
google consent signals	0					google signals	MatchingTermsTermsMatch
google signals removed	0					google signals	MatchingTermsTermsMatch
google signals privacy policy	0					google signals	MatchingTermsTermsMatch
google signals gdpr	0					google signals	MatchingTermsTermsMatch
golden signals google	0					google signals	MatchingTermsTermsMatch
google ads audience signals	0					google signals	MatchingTermsTermsMatch
google audience signals	0					google signals	MatchingTermsTermsMatch
enable google signals ga4	0					google signals	MatchingTermsTermsMatch
google signals pros and cons	0					google signals	MatchingTermsTermsMatch
google social signals	0					google signals	MatchingTermsTermsMatch
social signals google ranking algorithm	0					google signals	MatchingTermsTermsMatch
google signals explained	0					google signals	MatchingTermsTermsMatch
google signals google analytics 4	0					google signals	MatchingTermsTermsMatch
ranking signals google	0					google signals	MatchingTermsTermsMatch
activate google signals	0					google signals	MatchingTermsTermsMatch
google signals analytics	0					google signals	MatchingTermsTermsMatch
google golden signals	0					google signals	MatchingTermsTermsMatch
google analytics google signals	0					google signals	MatchingTermsTermsMatch
what are google signals	0					google signals	MatchingTermsTermsMatch
google signals and gdpr	0					google signals	MatchingTermsTermsMatch
google analytics 4 signals	0					google signals	MatchingTermsTermsMatch
google signals privacy policy example	0					google signals	MatchingTermsTermsMatch
little signals google	0					google signals	MatchingTermsTermsMatch
google ranking signals	0					google signals	MatchingTermsTermsMatch
what is google signals	0					google signals	MatchingTermsTermsMatch
google ads signals	0					google signals	MatchingTermsTermsMatch
google 4 golden signals	0					google signals	MatchingTermsTermsMatch
include google signals in reporting identity	0					google signals	MatchingTermsTermsMatch
google intent signals	0					google signals	MatchingTermsTermsMatch
turn on google signals	0					google signals	MatchingTermsTermsMatch
google sre four golden signals	0					google signals	MatchingTermsTermsMatch
google signals google analytics	0					google signals	MatchingTermsTermsMatch
google analytics signals	0					google signals	MatchingTermsTermsMatch
google signals reporting identity	0					google signals	MatchingTermsTermsMatch
google signals removed from reporting identity	0					google signals	MatchingTermsTermsMatch
social signals google ranking	0					google signals	MatchingTermsTermsMatch
google signals beta	0					google signals	MatchingTermsTermsMatch
google signals in ga4	0					google signals	MatchingTermsTermsMatch
ga4 google signals	0					google signals	MatchingTermsTermsMatch
google four golden signals	0					google signals	MatchingTermsTermsMatch
google signals ga4	0					google signals	MatchingTermsTermsMatch
google signals thresholding	0					google signals	MatchingTermsTermsMatch
google data signals	0					google signals	MatchingTermsTermsMatch
google ranking signals 2017	0					google signals	MatchingTermsTermsMatch
google analytics 4 google signals	0					google signals	MatchingTermsTermsMatch
audience signals google ads	0					google signals	MatchingTermsTermsMatch
google little signals	0					google signals	MatchingTermsTermsMatch
social signals google	0					google signals	MatchingTermsTermsMatch
bigquery sql create table	0					bigquery sql	MatchingTermsTermsMatch
bigquery sql course	0					bigquery sql	MatchingTermsTermsMatch
bigquery vs sql syntax	0					bigquery sql	MatchingTermsTermsMatch
substring sql bigquery	0					bigquery sql	MatchingTermsTermsMatch
bigquery sql workspace	0					bigquery sql	MatchingTermsTermsMatch
bigquery sql tutorial	0					bigquery sql	MatchingTermsTermsMatch
bigquery sql pivot	0					bigquery sql	MatchingTermsTermsMatch
bigquery sql if	0					bigquery sql	MatchingTermsTermsMatch
sql join bigquery	0					bigquery sql	MatchingTermsTermsMatch
is bigquery sql	0					bigquery sql	MatchingTermsTermsMatch
sql for bigquery	0					bigquery sql	MatchingTermsTermsMatch
bigquery sql insert into	0					bigquery sql	MatchingTermsTermsMatch
bigquery sql timestamp	0					bigquery sql	MatchingTermsTermsMatch
sql bigquery tutorial	0					bigquery sql	MatchingTermsTermsMatch
google cloud sql vs bigquery	0					bigquery sql	MatchingTermsTermsMatch
bigquery sql reference	0					bigquery sql	MatchingTermsTermsMatch
partition by sql bigquery	0					bigquery sql	MatchingTermsTermsMatch
bigquery sql regex	0					bigquery sql	MatchingTermsTermsMatch
extract year from date sql bigquery	0					bigquery sql	MatchingTermsTermsMatch
cloud sql to bigquery	0					bigquery sql	MatchingTermsTermsMatch
google bigquery sql tutorial	0					bigquery sql	MatchingTermsTermsMatch
sql bigquery	0					bigquery sql	MatchingTermsTermsMatch
cloud sql postgres to bigquery	0					bigquery sql	MatchingTermsTermsMatch
bigquery sql median	0					bigquery sql	MatchingTermsTermsMatch
bigquery sql translation	0					bigquery sql	MatchingTermsTermsMatch
bigquery sql interview questions	0					bigquery sql	MatchingTermsTermsMatch
bigquery sql substring	0					bigquery sql	MatchingTermsTermsMatch
bigquery sql between	0					bigquery sql	MatchingTermsTermsMatch
what sql does bigquery use	0					bigquery sql	MatchingTermsTermsMatch
bigquery sql data types	0					bigquery sql	MatchingTermsTermsMatch
bigquery sql	0					bigquery sql	MatchingTermsTermsMatch
dynamic sql bigquery	0					bigquery sql	MatchingTermsTermsMatch
google bigquery sql syntax	0					bigquery sql	MatchingTermsTermsMatch
bigquery sql editor	0					bigquery sql	MatchingTermsTermsMatch
bigquery sql partition by	0					bigquery sql	MatchingTermsTermsMatch
microsoft sql server to google bigquery	0					bigquery sql	MatchingTermsTermsMatch
bigquery dynamic sql	0					bigquery sql	MatchingTermsTermsMatch
sql talk with bigquery	0					bigquery sql	MatchingTermsTermsMatch
bigquery sql case	0					bigquery sql	MatchingTermsTermsMatch
bigquery sql current date	0					bigquery sql	MatchingTermsTermsMatch
bigquery sql where	0					bigquery sql	MatchingTermsTermsMatch
примеры sql-запросов bigquery	0					bigquery sql	MatchingTermsTermsMatch
bigquery to sql server	0					bigquery sql	MatchingTermsTermsMatch
bigquery create view sql	0					bigquery sql	MatchingTermsTermsMatch
bigquery sql split	0					bigquery sql	MatchingTermsTermsMatch
bigquery sql documentation	0					bigquery sql	MatchingTermsTermsMatch
ms sql cdc to google bigquery	0					bigquery sql	MatchingTermsTermsMatch
bigquery sql server	0					bigquery sql	MatchingTermsTermsMatch
coalesce sql bigquery	0					bigquery sql	MatchingTermsTermsMatch
bigquery sql like	0					bigquery sql	MatchingTermsTermsMatch
bigquery legacy sql	0					bigquery sql	MatchingTermsTermsMatch
bigquery copy table sql	0					bigquery sql	MatchingTermsTermsMatch
window function sql bigquery	0					bigquery sql	MatchingTermsTermsMatch
bigquery standard sql	0					bigquery sql	MatchingTermsTermsMatch
bigquery to cloud sql	0					bigquery sql	MatchingTermsTermsMatch
bigquery ga4 sql	0					bigquery sql	MatchingTermsTermsMatch
bigquery sql limit	0					bigquery sql	MatchingTermsTermsMatch
countif sql bigquery	0					bigquery sql	MatchingTermsTermsMatch
bigquery sql dialect	0					bigquery sql	MatchingTermsTermsMatch
with sql bigquery	0					bigquery sql	MatchingTermsTermsMatch
bigquery delete table sql	0					bigquery sql	MatchingTermsTermsMatch
join sql bigquery	0					bigquery sql	MatchingTermsTermsMatch
legacy sql bigquery	0					bigquery sql	MatchingTermsTermsMatch
create table bigquery sql	0					bigquery sql	MatchingTermsTermsMatch
datediff sql bigquery	0					bigquery sql	MatchingTermsTermsMatch
delete table bigquery sql	0					bigquery sql	MatchingTermsTermsMatch
bigquery sql cheat sheet	0					bigquery sql	MatchingTermsTermsMatch
bigquery sql round	0					bigquery sql	MatchingTermsTermsMatch
update sql bigquery	0					bigquery sql	MatchingTermsTermsMatch
bigquery insert sql	0					bigquery sql	MatchingTermsTermsMatch
bigquery sql array	0					bigquery sql	MatchingTermsTermsMatch
azure sql data warehouse vs bigquery	0					bigquery sql	MatchingTermsTermsMatch
bigquery sql comment	0					bigquery sql	MatchingTermsTermsMatch
sql workspace bigquery	0					bigquery sql	MatchingTermsTermsMatch
bigquery sql unnest	0					bigquery sql	MatchingTermsTermsMatch
bigquery sql string functions	0					bigquery sql	MatchingTermsTermsMatch
is bigquery sql or nosql	0					bigquery sql	MatchingTermsTermsMatch
bigquery sql split string	0					bigquery sql	MatchingTermsTermsMatch
bigquery sql parameters	0					bigquery sql	MatchingTermsTermsMatch
bigquery sql concatenate	0					bigquery sql	MatchingTermsTermsMatch
cloud sql vs bigquery	0					bigquery sql	MatchingTermsTermsMatch
unnest sql bigquery	0					bigquery sql	MatchingTermsTermsMatch
bigquery create table sql	0					bigquery sql	MatchingTermsTermsMatch
create table sql bigquery	0					bigquery sql	MatchingTermsTermsMatch
bigquery sql formatter	0					bigquery sql	MatchingTermsTermsMatch
bigquery sql syntax	0					bigquery sql	MatchingTermsTermsMatch
bigquery sql examples	0					bigquery sql	MatchingTermsTermsMatch
connect bigquery to sql server	0					bigquery sql	MatchingTermsTermsMatch
bigquery vs sql	0					bigquery sql	MatchingTermsTermsMatch
sql in bigquery	0					bigquery sql	MatchingTermsTermsMatch
bigquery sql language	0					bigquery sql	MatchingTermsTermsMatch
bigquery sql window functions	0					bigquery sql	MatchingTermsTermsMatch
bigquery create dataset sql	0					bigquery sql	MatchingTermsTermsMatch
sql server to bigquery	0					bigquery sql	MatchingTermsTermsMatch
bigquery sql join	0					bigquery sql	MatchingTermsTermsMatch
google bigquery sql	0					bigquery sql	MatchingTermsTermsMatch
bigquery vs sql server	0					bigquery sql	MatchingTermsTermsMatch
google cloud sql to bigquery	0					bigquery sql	MatchingTermsTermsMatch
bigquery sql functions	0					bigquery sql	MatchingTermsTermsMatch
bigquery add column to existing table sql	0					bigquery sql	MatchingTermsTermsMatch
bigquery sql optimizer	0					bigquery sql	MatchingTermsTermsMatch
hpe nonstop sql/mp to google bigquery	0					bigquery sql	MatchingTermsTermsMatch
bigquery sql replace	0					bigquery sql	MatchingTermsTermsMatch
ga4 bigquery sql	0					bigquery sql	MatchingTermsTermsMatch
sql to bigquery	0					bigquery sql	MatchingTermsTermsMatch
bigquery vs cloud sql	0					bigquery sql	MatchingTermsTermsMatch
query cloud sql from bigquery	0					bigquery sql	MatchingTermsTermsMatch
union sql bigquery	0					bigquery sql	MatchingTermsTermsMatch
troubleshooting common sql errors with bigquery	0					bigquery sql	MatchingTermsTermsMatch
qualify sql bigquery	0					bigquery sql	MatchingTermsTermsMatch
bigquery sql date functions	0					bigquery sql	MatchingTermsTermsMatch
sql alchemy bigquery	0					bigquery sql	MatchingTermsTermsMatch
sql vs bigquery	0					bigquery sql	MatchingTermsTermsMatch
bigquery sql injection	0					bigquery sql	MatchingTermsTermsMatch
bigquery sql contains	0					bigquery sql	MatchingTermsTermsMatch
current date sql bigquery	0					bigquery sql	MatchingTermsTermsMatch
bigquery sql variables	0					bigquery sql	MatchingTermsTermsMatch
cloud sql to bigquery replication	0					bigquery sql	MatchingTermsTermsMatch
bigquery sql date	0					bigquery sql	MatchingTermsTermsMatch
sql server cdc to google bigquery	0					bigquery sql	MatchingTermsTermsMatch
looker studio bigquery connector	0					looker studio bigquery	MatchingTermsTermsMatch
looker studio bigquery	0					looker studio bigquery	MatchingTermsTermsMatch
looker studio connect to bigquery	0					looker studio bigquery	MatchingTermsTermsMatch
bigquery and looker studio	0					looker studio bigquery	MatchingTermsTermsMatch
bigquery to looker studio	0					looker studio bigquery	MatchingTermsTermsMatch
bigquery looker studio	0					looker studio bigquery	MatchingTermsTermsMatch
bigquery cena	0					bigquery cena	MatchingTermsTermsMatch
ga4 to bigquery export	0					bigquery ga4 export	MatchingTermsTermsMatch
bigquery ga4 export	0					bigquery ga4 export	MatchingTermsTermsMatch
ga4 bigquery export documentation	0					bigquery ga4 export	MatchingTermsTermsMatch
export ga4 data to bigquery	0					bigquery ga4 export	MatchingTermsTermsMatch
export ga4 to bigquery	0					bigquery ga4 export	MatchingTermsTermsMatch
ga4 bigquery export official documentation	0					bigquery ga4 export	MatchingTermsTermsMatch
bigquery export schema ga4	0					bigquery ga4 export	MatchingTermsTermsMatch
ga4 export to bigquery	0					bigquery ga4 export	MatchingTermsTermsMatch
ga4 bigquery export schema	0					bigquery ga4 export	MatchingTermsTermsMatch
ga4 bigquery export	0					bigquery ga4 export	MatchingTermsTermsMatch
bigquery export ga4	0					bigquery ga4 export	MatchingTermsTermsMatch
bigquery ga4 export schema	0					bigquery ga4 export	MatchingTermsTermsMatch
ga4 export bigquery	0					bigquery ga4 export	MatchingTermsTermsMatch
ga4 bigquery export limit	0					bigquery ga4 export	MatchingTermsTermsMatch
power bi connect to google analytics	0					power bi google analytics	MatchingTermsTermsMatch
google analytics to power bi	0					power bi google analytics	MatchingTermsTermsMatch
power bi + google analytics	0					power bi google analytics	MatchingTermsTermsMatch
google analytics power bi dashboard	0					power bi google analytics	MatchingTermsTermsMatch
connect power bi to google analytics	0					power bi google analytics	MatchingTermsTermsMatch
power bi google analytics date range	0					power bi google analytics	MatchingTermsTermsMatch
power bi google analytics connector	0					power bi google analytics	MatchingTermsTermsMatch
power bi connect google analytics	0					power bi google analytics	MatchingTermsTermsMatch
power bi and google analytics	0					power bi google analytics	MatchingTermsTermsMatch
how to connect power bi to google analytics	0					power bi google analytics	MatchingTermsTermsMatch
power bi google analytics	0		80			power bi google analytics	MatchingTermsTermsMatch
google analytics with power bi	0					power bi google analytics	MatchingTermsTermsMatch
power bi google analytics sampling	0					power bi google analytics	MatchingTermsTermsMatch
google analytics in power bi	0					power bi google analytics	MatchingTermsTermsMatch
power bi google analytics limitations	0					power bi google analytics	MatchingTermsTermsMatch
power bi integration with google analytics	0					power bi google analytics	MatchingTermsTermsMatch
google analytics data in power bi	0					power bi google analytics	MatchingTermsTermsMatch
google analytics integration with power bi	0					power bi google analytics	MatchingTermsTermsMatch
power bi vs google analytics	0					power bi google analytics	MatchingTermsTermsMatch
power bi connect to google analytics 4	0					power bi google analytics	MatchingTermsTermsMatch
power bi with google analytics	0					power bi google analytics	MatchingTermsTermsMatch
google analytics into power bi	0					power bi google analytics	MatchingTermsTermsMatch
power bi google analytics 4 connector	0					power bi google analytics	MatchingTermsTermsMatch
google analytics and power bi	0					power bi google analytics	MatchingTermsTermsMatch
how to connect google analytics to power bi	0					power bi google analytics	MatchingTermsTermsMatch
power bi and google analytics 4	0					power bi google analytics	MatchingTermsTermsMatch
can power bi connect to google analytics	0					power bi google analytics	MatchingTermsTermsMatch
power bi google analytics template	0					power bi google analytics	MatchingTermsTermsMatch
power bi google analytics templates	0					power bi google analytics	MatchingTermsTermsMatch
google analytics 4 power bi	0					power bi google analytics	MatchingTermsTermsMatch
google analytics power bi template	0					power bi google analytics	MatchingTermsTermsMatch
google analytics connector power bi	0					power bi google analytics	MatchingTermsTermsMatch
power bi google analytics 4	0					power bi google analytics	MatchingTermsTermsMatch
google analytics power bi connector	0					power bi google analytics	MatchingTermsTermsMatch
power bi google analytics ga4	0					power bi google analytics	MatchingTermsTermsMatch
microsoft power bi google analytics	0					power bi google analytics	MatchingTermsTermsMatch
real-time google analytics data in power bi	0					power bi google analytics	MatchingTermsTermsMatch
power bi to google analytics	0					power bi google analytics	MatchingTermsTermsMatch
google analytics power bi	0					power bi google analytics	MatchingTermsTermsMatch
connect google analytics to power bi	0					power bi google analytics	MatchingTermsTermsMatch
power bi connector google analytics	0					power bi google analytics	MatchingTermsTermsMatch
connecting google analytics to power bi	0					power bi google analytics	MatchingTermsTermsMatch
power bi google analytics dashboard	0					power bi google analytics	MatchingTermsTermsMatch
google analytics vs power bi	0					power bi google analytics	MatchingTermsTermsMatch
power bi google analytics connector not working	0					power bi google analytics	MatchingTermsTermsMatch
marketing mix modeling	50		60			marketing mix modeling	MatchingTermsTermsMatch
marketing mix modeling guide	0					marketing mix modeling	MatchingTermsTermsMatch
marketing mix modeling machine learning analytics	0					marketing mix modeling	MatchingTermsTermsMatch
marketing mix modeling software	0					marketing mix modeling	MatchingTermsTermsMatch
marketing mix modeling step by step in r	0					marketing mix modeling	MatchingTermsTermsMatch
marketing mix modeling using excel	0					marketing mix modeling	MatchingTermsTermsMatch
marketing mix modeling use cases	0					marketing mix modeling	MatchingTermsTermsMatch
marketing mix modeling interview questions	0					marketing mix modeling	MatchingTermsTermsMatch
marketing mix modeling & optimization	0					marketing mix modeling	MatchingTermsTermsMatch
mma marketing mix modeling	0					marketing mix modeling	MatchingTermsTermsMatch
real-time marketing mix modeling	0					marketing mix modeling	MatchingTermsTermsMatch
benefits of marketing mix modeling	0					marketing mix modeling	MatchingTermsTermsMatch
marketing mix modeling tools	0					marketing mix modeling	MatchingTermsTermsMatch
marketing mix modeling youtube	0					marketing mix modeling	MatchingTermsTermsMatch
diy marketing mix modeling	0					marketing mix modeling	MatchingTermsTermsMatch
marketing mix modeling workflow	0					marketing mix modeling	MatchingTermsTermsMatch
marketing mix modeling blog	0					marketing mix modeling	MatchingTermsTermsMatch
marketing mix modeling dataset	0					marketing mix modeling	MatchingTermsTermsMatch
marketing mix modeling webinar	0					marketing mix modeling	MatchingTermsTermsMatch
marketing mix modeling towards data science	0					marketing mix modeling	MatchingTermsTermsMatch
automated marketing mix modeling	0					marketing mix modeling	MatchingTermsTermsMatch
marketing mix modeling bayesian	0					marketing mix modeling	MatchingTermsTermsMatch
automotive marketing mix modeling services	0					marketing mix modeling	MatchingTermsTermsMatch
marketing mix modeling dashboard	0					marketing mix modeling	MatchingTermsTermsMatch
marketing mix modeling book	0					marketing mix modeling	MatchingTermsTermsMatch
google marketing mix modeling	0					marketing mix modeling	MatchingTermsTermsMatch
marketing mix modeling vs attribution	0					marketing mix modeling	MatchingTermsTermsMatch
real time marketing mix modeling	0					marketing mix modeling	MatchingTermsTermsMatch
marketing mix modeling news	0					marketing mix modeling	MatchingTermsTermsMatch
how to do marketing mix modeling	0					marketing mix modeling	MatchingTermsTermsMatch
marketing mix modeling pooled regression	0					marketing mix modeling	MatchingTermsTermsMatch
marketing mix modeling solutions	0					marketing mix modeling	MatchingTermsTermsMatch
cpg marketing mix modeling solutions	0					marketing mix modeling	MatchingTermsTermsMatch
marketing mix modeling wiki	0					marketing mix modeling	MatchingTermsTermsMatch
marketing mix modeling algorithms	0					marketing mix modeling	MatchingTermsTermsMatch
top marketing mix modeling companies	0					marketing mix modeling	MatchingTermsTermsMatch
marketing mix modeling use case	0					marketing mix modeling	MatchingTermsTermsMatch
marketing mix modeling tutorial	0					marketing mix modeling	MatchingTermsTermsMatch
marketing mix and attribution modeling	0					marketing mix modeling	MatchingTermsTermsMatch
agile marketing mix modeling	0					marketing mix modeling	MatchingTermsTermsMatch
marketing modeling mix	0					marketing mix modeling	MatchingTermsTermsMatch
marketing mix modeling ppt	0					marketing mix modeling	MatchingTermsTermsMatch
marketing mix modeling usecase	0					marketing mix modeling	MatchingTermsTermsMatch
bayesian marketing mix modeling	0					marketing mix modeling	MatchingTermsTermsMatch
marketing mix modeling attribution	0					marketing mix modeling	MatchingTermsTermsMatch
marketing mix modeling presentation	0					marketing mix modeling	MatchingTermsTermsMatch
marketing mix modeling optimization	0					marketing mix modeling	MatchingTermsTermsMatch
marketing mix modeling services	0					marketing mix modeling	MatchingTermsTermsMatch
limitation of marketing mix modeling	0					marketing mix modeling	MatchingTermsTermsMatch
marketing mix modeling example	0					marketing mix modeling	MatchingTermsTermsMatch
marketing mix modeling methodology	0					marketing mix modeling	MatchingTermsTermsMatch
contemporary marketing mix modeling	0					marketing mix modeling	MatchingTermsTermsMatch
marketing mix modeling python	0					marketing mix modeling	MatchingTermsTermsMatch
marketing mix modeling course	0					marketing mix modeling	MatchingTermsTermsMatch
meta marketing mix modeling	0					marketing mix modeling	MatchingTermsTermsMatch
marketing mix modeling log-linear	0					marketing mix modeling	MatchingTermsTermsMatch
marketing mix modeling explained	0					marketing mix modeling	MatchingTermsTermsMatch
marketing mix modeling nielsen	0					marketing mix modeling	MatchingTermsTermsMatch
marketing mix modeling for dummies	0					marketing mix modeling	MatchingTermsTermsMatch
modern marketing mix modeling	0					marketing mix modeling	MatchingTermsTermsMatch
marketing mix modeling paper	0					marketing mix modeling	MatchingTermsTermsMatch
limitation of marketing-mix modeling	0					marketing mix modeling	MatchingTermsTermsMatch
cpg marketing mix modeling partner	0					marketing mix modeling	MatchingTermsTermsMatch
marketing mix modeling sas code	0					marketing mix modeling	MatchingTermsTermsMatch
marketing mix modeling step by step	0					marketing mix modeling	MatchingTermsTermsMatch
attribution modeling vs marketing mix modeling	0					marketing mix modeling	MatchingTermsTermsMatch
fast marketing mix modeling	0					marketing mix modeling	MatchingTermsTermsMatch
marketing mix modeling excel	0					marketing mix modeling	MatchingTermsTermsMatch
marketing mix modeling results	0					marketing mix modeling	MatchingTermsTermsMatch
marketing mix modeling nested modeling	0					marketing mix modeling	MatchingTermsTermsMatch
what is marketing mix modeling?	0					marketing mix modeling	MatchingTermsTermsMatch
marketing mix modeling bootcamp	0					marketing mix modeling	MatchingTermsTermsMatch
marketing mix modeling machine learning	0					marketing mix modeling	MatchingTermsTermsMatch
marketing mix modeling google	0					marketing mix modeling	MatchingTermsTermsMatch
marketing mix modeling sas	0					marketing mix modeling	MatchingTermsTermsMatch
marketing-mix modeling limitations	0					marketing mix modeling	MatchingTermsTermsMatch
free marketing mix modeling software	0					marketing mix modeling	MatchingTermsTermsMatch
marketing mix modeling companies	0					marketing mix modeling	MatchingTermsTermsMatch
why marketing mix modeling	0					marketing mix modeling	MatchingTermsTermsMatch
how does marketing mix modeling work	0					marketing mix modeling	MatchingTermsTermsMatch
marketing mix modeling vs media mix modeling	0					marketing mix modeling	MatchingTermsTermsMatch
marketing mix modeling pdf	0					marketing mix modeling	MatchingTermsTermsMatch
marketing mix modeling using r	0					marketing mix modeling	MatchingTermsTermsMatch
marketing mix modeling in pharma	0					marketing mix modeling	MatchingTermsTermsMatch
marketing mix modeling mmm	0					marketing mix modeling	MatchingTermsTermsMatch
marketing mix modeling in r	0					marketing mix modeling	MatchingTermsTermsMatch
marketing mix modeling sas example	0					marketing mix modeling	MatchingTermsTermsMatch
mmm marketing mix modeling	0					marketing mix modeling	MatchingTermsTermsMatch
what is marketing mix modeling	0					marketing mix modeling	MatchingTermsTermsMatch
marketing mix modeling iri	0					marketing mix modeling	MatchingTermsTermsMatch
marketing mix modeling vendors	0					marketing mix modeling	MatchingTermsTermsMatch
marketing mix modeling case study	0					marketing mix modeling	MatchingTermsTermsMatch
marketing mix modeling and optimization	0					marketing mix modeling	MatchingTermsTermsMatch
multi touch attribution vs marketing mix modeling	0					marketing mix modeling	MatchingTermsTermsMatch
inhousing marketing mix modeling	0					marketing mix modeling	MatchingTermsTermsMatch
marketing mix modeling jobs	0					marketing mix modeling	MatchingTermsTermsMatch
marketing mix modeling (mmm)	0					marketing mix modeling	MatchingTermsTermsMatch
apparel marketing mix modeling services	0					marketing mix modeling	MatchingTermsTermsMatch
restaurant marketing mix modeling services	0					marketing mix modeling	MatchingTermsTermsMatch
facebook marketing mix modeling	0					marketing mix modeling	MatchingTermsTermsMatch
marketing mix modeling accenture	0					marketing mix modeling	MatchingTermsTermsMatch
mix modeling marketing	0					marketing mix modeling	MatchingTermsTermsMatch
nielsen marketing mix modeling	0					marketing mix modeling	MatchingTermsTermsMatch
marketing mix modeling python example	0					marketing mix modeling	MatchingTermsTermsMatch
robyn marketing mix modeling	0					marketing mix modeling	MatchingTermsTermsMatch
marketing mix modeling regression	0					marketing mix modeling	MatchingTermsTermsMatch
marketing mix modeling usecases	0					marketing mix modeling	MatchingTermsTermsMatch
marketing mix modeling definition	0					marketing mix modeling	MatchingTermsTermsMatch
marketing mix modeling b2b	0					marketing mix modeling	MatchingTermsTermsMatch
marketing mix modeling training	0					marketing mix modeling	MatchingTermsTermsMatch
marketing mix modeling white paper	0					marketing mix modeling	MatchingTermsTermsMatch
marketing mix modeling multi-touch attribution	0					marketing mix modeling	MatchingTermsTermsMatch
marketing mix modeling data science	0					marketing mix modeling	MatchingTermsTermsMatch
marketing mix modeling how to	0					marketing mix modeling	MatchingTermsTermsMatch
understand attribution and marketing mix modeling	0					marketing mix modeling	MatchingTermsTermsMatch
mix marketing modeling	0					marketing mix modeling	MatchingTermsTermsMatch
marketing mix modeling facebook	0					marketing mix modeling	MatchingTermsTermsMatch
marketing mix modeling tool	0					marketing mix modeling	MatchingTermsTermsMatch
marketing mix modeling in python	0					marketing mix modeling	MatchingTermsTermsMatch
marketing mix modeling providers	0					marketing mix modeling	MatchingTermsTermsMatch
find me the top marketing mix modeling firms.	0					marketing mix modeling	MatchingTermsTermsMatch
hard drive data recovery clean room	0					data clean room	MatchingTermsTermsMatch
liveramp data clean room	0					data clean room	MatchingTermsTermsMatch
amazon data clean room	0					data clean room	MatchingTermsTermsMatch
data clean room とは	0					data clean room	MatchingTermsTermsMatch
facebook data clean room	0					data clean room	MatchingTermsTermsMatch
how does a data clean room work	0					data clean room	MatchingTermsTermsMatch
data recovery clean room service	0					data clean room	MatchingTermsTermsMatch
data clean room definition	0					data clean room	MatchingTermsTermsMatch
clean room data room	0					data clean room	MatchingTermsTermsMatch
data clean room examples	0					data clean room	MatchingTermsTermsMatch
clean room data recovery	0					data clean room	MatchingTermsTermsMatch
data clean room architecture	0					data clean room	MatchingTermsTermsMatch
clean room data	0					data clean room	MatchingTermsTermsMatch
google data clean room	0					data clean room	MatchingTermsTermsMatch
what is a data clean room	0					data clean room	MatchingTermsTermsMatch
data clean room solutions	0					data clean room	MatchingTermsTermsMatch
meta data clean room	0					data clean room	MatchingTermsTermsMatch
data clean room technology	0					data clean room	MatchingTermsTermsMatch
clean room data services	0					data clean room	MatchingTermsTermsMatch
data room vs clean room	0					data clean room	MatchingTermsTermsMatch
data clean room use cases	0					data clean room	MatchingTermsTermsMatch
data clean room google	0					data clean room	MatchingTermsTermsMatch
what is a clean room for data	0					data clean room	MatchingTermsTermsMatch
snowflake data clean room	0					data clean room	MatchingTermsTermsMatch
clean data room	0					data clean room	MatchingTermsTermsMatch
clean room data recovery cost	0					data clean room	MatchingTermsTermsMatch
data clean room	0					data clean room	MatchingTermsTermsMatch
line data clean room	0					data clean room	MatchingTermsTermsMatch
what is data clean room	0					data clean room	MatchingTermsTermsMatch
data recovery clean room	0					data clean room	MatchingTermsTermsMatch
data clean room providers	0					data clean room	MatchingTermsTermsMatch
data recovery clean room cost	0					data clean room	MatchingTermsTermsMatch
cookieless tracking	40					cookieless	MatchingTermsTermsMatch
cookieless attribution	30					cookieless	MatchingTermsTermsMatch
cookieless conversion tracking	30					cookieless	MatchingTermsTermsMatch
cookieless measurement	20					cookieless	MatchingTermsTermsMatch
cj cookieless publisher tag	10					cookieless	MatchingTermsTermsMatch
cookieless affiliate tracking	0					cookieless	MatchingTermsTermsMatch
cookieless asp.net	0					cookieless	MatchingTermsTermsMatch
cookieless analytics cookieless data	0					cookieless	MatchingTermsTermsMatch
cookieless solution	0					cookieless	MatchingTermsTermsMatch
cookieless website	0					cookieless	MatchingTermsTermsMatch
cookieless web analytics	0					cookieless	MatchingTermsTermsMatch
chrome cookieless 2024	0					cookieless	MatchingTermsTermsMatch
google cookieless future	0					cookieless	MatchingTermsTermsMatch
how to implement cookieless tracking	0					cookieless	MatchingTermsTermsMatch
google cookieless 2024	0					cookieless	MatchingTermsTermsMatch
cookieless domain	0					cookieless	MatchingTermsTermsMatch
cookieless marketing	0					cookieless	MatchingTermsTermsMatch
asp.net cookieless session	0					cookieless	MatchingTermsTermsMatch
cookieless ga4	0					cookieless	MatchingTermsTermsMatch
criteo cookieless	0					cookieless	MatchingTermsTermsMatch
facebook cookieless future	0					cookieless	MatchingTermsTermsMatch
cookieless tracking tool	0					cookieless	MatchingTermsTermsMatch
cookieless advertising solutions	0					cookieless	MatchingTermsTermsMatch
cdp cookieless	0					cookieless	MatchingTermsTermsMatch
cookieless era	0					cookieless	MatchingTermsTermsMatch
cookieless domain wordpress	0					cookieless	MatchingTermsTermsMatch
cookieless advertising company	0					cookieless	MatchingTermsTermsMatch
ga4 cookieless pings	0					cookieless	MatchingTermsTermsMatch
matomo cookieless tracking	0					cookieless	MatchingTermsTermsMatch
adform cookieless insights	0					cookieless	MatchingTermsTermsMatch
cookieless server side tracking	0					cookieless	MatchingTermsTermsMatch
cookieless 2024	0					cookieless	MatchingTermsTermsMatch
implementing cookieless future	0					cookieless	MatchingTermsTermsMatch
cookieless world google	0					cookieless	MatchingTermsTermsMatch
cookieless data	0					cookieless	MatchingTermsTermsMatch
cookieless forms authentication	0					cookieless	MatchingTermsTermsMatch
cookieless影響	0					cookieless	MatchingTermsTermsMatch
cookieless advertising google	0					cookieless	MatchingTermsTermsMatch
youtube cookieless	0					cookieless	MatchingTermsTermsMatch
google ads cookieless	0					cookieless	MatchingTermsTermsMatch
cookieless 2023	0					cookieless	MatchingTermsTermsMatch
cookieless ads	0					cookieless	MatchingTermsTermsMatch
what does it mean to be cookieless	0					cookieless	MatchingTermsTermsMatch
adobe analytics cookieless	0					cookieless	MatchingTermsTermsMatch
cookieless id	0					cookieless	MatchingTermsTermsMatch
google analytics cookieless tracking	0					cookieless	MatchingTermsTermsMatch
cookieless targeting solutions	0					cookieless	MatchingTermsTermsMatch
cookieless web	0					cookieless	MatchingTermsTermsMatch
analytics for cookieless	0					cookieless	MatchingTermsTermsMatch
cookieless marketing strategies	0					cookieless	MatchingTermsTermsMatch
cookieless session in asp.net core	0					cookieless	MatchingTermsTermsMatch
cookieless identity solution	0					cookieless	MatchingTermsTermsMatch
cookieless world.	0					cookieless	MatchingTermsTermsMatch
matomo cookieless	0					cookieless	MatchingTermsTermsMatch
cookieless browser	0					cookieless	MatchingTermsTermsMatch
cookieless icon	0					cookieless	MatchingTermsTermsMatch
cookieless advertising solution	0					cookieless	MatchingTermsTermsMatch
cookieless browsing	0					cookieless	MatchingTermsTermsMatch
cookieless future 2024	0					cookieless	MatchingTermsTermsMatch
advertising solutions in a cookieless world	0					cookieless	MatchingTermsTermsMatch
google going cookieless	0					cookieless	MatchingTermsTermsMatch
cookieless definition	0					cookieless	MatchingTermsTermsMatch
adobe analytics cookieless tracking	0					cookieless	MatchingTermsTermsMatch
cookieless	0					cookieless	MatchingTermsTermsMatch
serve static content from a cookieless domain	0					cookieless	MatchingTermsTermsMatch
what is cookieless	0					cookieless	MatchingTermsTermsMatch
cookieless tracking ga4	0					cookieless	MatchingTermsTermsMatch
implementing cookieless	0					cookieless	MatchingTermsTermsMatch
what is cookieless future	0					cookieless	MatchingTermsTermsMatch
cookieless indentity solution	0					cookieless	MatchingTermsTermsMatch
cookieless addressability	0					cookieless	MatchingTermsTermsMatch
cookieless personalization	0					cookieless	MatchingTermsTermsMatch
cookieless future explained	0					cookieless	MatchingTermsTermsMatch
advertising in a cookieless world	0					cookieless	MatchingTermsTermsMatch
cookieless pings ga4	0					cookieless	MatchingTermsTermsMatch
google cookieless tracking	0					cookieless	MatchingTermsTermsMatch
cookieless future solutions	0					cookieless	MatchingTermsTermsMatch
cookieless future advertising	0					cookieless	MatchingTermsTermsMatch
how to combat a cookieless future	0					cookieless	MatchingTermsTermsMatch
sessionstate cookieless	0					cookieless	MatchingTermsTermsMatch
cookieless chrome	0					cookieless	MatchingTermsTermsMatch
asp.net session cookieless	0					cookieless	MatchingTermsTermsMatch
google analytics 4 cookieless	0					cookieless	MatchingTermsTermsMatch
cookieless future 2023	0					cookieless	MatchingTermsTermsMatch
how to set up cookieless tracking in ga4	0					cookieless	MatchingTermsTermsMatch
cookieless strategy	0					cookieless	MatchingTermsTermsMatch
cookieless future google	0					cookieless	MatchingTermsTermsMatch
cookieless website analytics	0					cookieless	MatchingTermsTermsMatch
ready for a cookieless world	0					cookieless	MatchingTermsTermsMatch
cookieless web tracking	0					cookieless	MatchingTermsTermsMatch
cookieless analytics platform	0					cookieless	MatchingTermsTermsMatch
cookieless google ads	0					cookieless	MatchingTermsTermsMatch
cookieless tracking solutions	0					cookieless	MatchingTermsTermsMatch
preparing for cookieless future	0					cookieless	MatchingTermsTermsMatch
cookieless tracking google analytics	0					cookieless	MatchingTermsTermsMatch
cookieless future 2022	0					cookieless	MatchingTermsTermsMatch
cookieless tracking affiliate	0					cookieless	MatchingTermsTermsMatch
adform cookieless	0					cookieless	MatchingTermsTermsMatch
cookieless future	0					cookieless	MatchingTermsTermsMatch
a cookieless future	0					cookieless	MatchingTermsTermsMatch
cookieless digital marketing	0					cookieless	MatchingTermsTermsMatch
cookieless targeting	0					cookieless	MatchingTermsTermsMatch
retargeting in a cookieless world	0					cookieless	MatchingTermsTermsMatch
what is cookieless tracking	0					cookieless	MatchingTermsTermsMatch
cookieless authentication	0					cookieless	MatchingTermsTermsMatch
cookieless google analytics	0					cookieless	MatchingTermsTermsMatch
google cookieless world	0					cookieless	MatchingTermsTermsMatch
cookieless session	0					cookieless	MatchingTermsTermsMatch
cookieless pings	0					cookieless	MatchingTermsTermsMatch
posthog cookieless	0					cookieless	MatchingTermsTermsMatch
google analytics 4 cookieless tracking	0					cookieless	MatchingTermsTermsMatch
cookieless form analytics	0					cookieless	MatchingTermsTermsMatch
google cookieless solution	0					cookieless	MatchingTermsTermsMatch
is ga4 cookieless	0					cookieless	MatchingTermsTermsMatch
how do you prepare for a cookieless world	0					cookieless	MatchingTermsTermsMatch
cookieless internet	0					cookieless	MatchingTermsTermsMatch
cookieless environments	0					cookieless	MatchingTermsTermsMatch
preparing for a cookieless world	0					cookieless	MatchingTermsTermsMatch
chrome cookieless	0					cookieless	MatchingTermsTermsMatch
ga4 cookieless tracking	0					cookieless	MatchingTermsTermsMatch
cookieless ping	0					cookieless	MatchingTermsTermsMatch
google cookieless	0					cookieless	MatchingTermsTermsMatch
cookieless user tracking	0					cookieless	MatchingTermsTermsMatch
cookieless ad tracking	0					cookieless	MatchingTermsTermsMatch
posthog cookieless tracking	0					cookieless	MatchingTermsTermsMatch
first party data importance cookieless web	0					cookieless	MatchingTermsTermsMatch
cookieless cdp	0					cookieless	MatchingTermsTermsMatch
hrome cookieless	0					cookieless	MatchingTermsTermsMatch
impact of cookieless future	0					cookieless	MatchingTermsTermsMatch
contextual targeting cookieless	0					cookieless	MatchingTermsTermsMatch
cookieless retargeting	0					cookieless	MatchingTermsTermsMatch
how cookieless identity resolution	0					cookieless	MatchingTermsTermsMatch
cookieless solutions	0					cookieless	MatchingTermsTermsMatch
id5 cookieless	0					cookieless	MatchingTermsTermsMatch
how does cookieless work	0					cookieless	MatchingTermsTermsMatch
publicité cookieless	0					cookieless	MatchingTermsTermsMatch
cookieless 2022	0					cookieless	MatchingTermsTermsMatch
cookieless first party data	0					cookieless	MatchingTermsTermsMatch
cookieless dsp	0					cookieless	MatchingTermsTermsMatch
cookieless data activation	0					cookieless	MatchingTermsTermsMatch
measurement in a cookieless world	0					cookieless	MatchingTermsTermsMatch
cookieless ecommerce	0					cookieless	MatchingTermsTermsMatch
google analytics cookieless	0					cookieless	MatchingTermsTermsMatch
how to prepare for cookieless future	0					cookieless	MatchingTermsTermsMatch
bidtellect cookieless	0					cookieless	MatchingTermsTermsMatch
cookieless web analytics tools	0					cookieless	MatchingTermsTermsMatch
adobe cookieless future	0					cookieless	MatchingTermsTermsMatch
cookieless cookies	0					cookieless	MatchingTermsTermsMatch
posthog cookieless mode	0					cookieless	MatchingTermsTermsMatch
cookieless analytics	0					cookieless	MatchingTermsTermsMatch
facebook cookieless	0					cookieless	MatchingTermsTermsMatch
first party data cookieless world	0					cookieless	MatchingTermsTermsMatch
server side tracking cookieless	0					cookieless	MatchingTermsTermsMatch
cookieless session in asp.net	0					cookieless	MatchingTermsTermsMatch
mundo cookieless	0					cookieless	MatchingTermsTermsMatch
cookieless world	0					cookieless	MatchingTermsTermsMatch
ga4 cookieless	0					cookieless	MatchingTermsTermsMatch
what does cookieless future mean	0					cookieless	MatchingTermsTermsMatch
the cookieless future	0					cookieless	MatchingTermsTermsMatch
cookieless tracking gdpr	0					cookieless	MatchingTermsTermsMatch
cookieless google	0					cookieless	MatchingTermsTermsMatch
free cookieless analytics	0					cookieless	MatchingTermsTermsMatch
cookieless capabilities	0					cookieless	MatchingTermsTermsMatch
cookieless tracking solution	0					cookieless	MatchingTermsTermsMatch
cookieless google 2024	0					cookieless	MatchingTermsTermsMatch
cookieless advertising	0					cookieless	MatchingTermsTermsMatch
cookieless tracking einfach erklärt	0					cookieless	MatchingTermsTermsMatch
adobe cookieless	0					cookieless	MatchingTermsTermsMatch
how does cookieless tracking work	0					cookieless	MatchingTermsTermsMatch
cookieless browsers	0					cookieless	MatchingTermsTermsMatch
what is measurement protocol	0					measurement protocol	MatchingTermsTermsMatch
measurement protocol analytics	0					measurement protocol	MatchingTermsTermsMatch
measurement protocol ga	0					measurement protocol	MatchingTermsTermsMatch
the iconic ga measurement protocol php client	0					measurement protocol	MatchingTermsTermsMatch
firebase measurement protocol	0					measurement protocol	MatchingTermsTermsMatch
universal measurement and calibration protocol	0					measurement protocol	MatchingTermsTermsMatch
google analytics measurement protocol api	0					measurement protocol	MatchingTermsTermsMatch
measurement protocol example	0					measurement protocol	MatchingTermsTermsMatch
measurement protocol reference	0					measurement protocol	MatchingTermsTermsMatch
measurement protocol enhanced ecommerce	0					measurement protocol	MatchingTermsTermsMatch
ga4 measurement protocol php	0					measurement protocol	MatchingTermsTermsMatch
measurement protocol google analytics 4	0					measurement protocol	MatchingTermsTermsMatch
measurement protocol hit builder	0					measurement protocol	MatchingTermsTermsMatch
marvel crisis protocol measurement tools	0					measurement protocol	MatchingTermsTermsMatch
ga4 measurement protocol client_id	0					measurement protocol	MatchingTermsTermsMatch
measurement protocol	0					measurement protocol	MatchingTermsTermsMatch
ga4 measurement protocol session_id	0					measurement protocol	MatchingTermsTermsMatch
google analytics 4 measurement protocol	0					measurement protocol	MatchingTermsTermsMatch
theiconic/php-ga-measurement-protocol	0					measurement protocol	MatchingTermsTermsMatch
enhanced ecommerce measurement protocol	0					measurement protocol	MatchingTermsTermsMatch
ua measurement protocol	0					measurement protocol	MatchingTermsTermsMatch
teer measurement protocol	0					measurement protocol	MatchingTermsTermsMatch
ga4 measurement protocol client_id format	0					measurement protocol	MatchingTermsTermsMatch
measurement protocol builder	0					measurement protocol	MatchingTermsTermsMatch
google analytics measurement protocol parameters	0					measurement protocol	MatchingTermsTermsMatch
ga4 measurement protocol api	0					measurement protocol	MatchingTermsTermsMatch
measurement protocol session_id	0					measurement protocol	MatchingTermsTermsMatch
measurement protocol client id	0					measurement protocol	MatchingTermsTermsMatch
measurement protocol session id	0					measurement protocol	MatchingTermsTermsMatch
measurement protocol custom dimension	0					measurement protocol	MatchingTermsTermsMatch
google analytics measurement protocol example	0					measurement protocol	MatchingTermsTermsMatch
measurement protocol debug mode	0					measurement protocol	MatchingTermsTermsMatch
measurement protocol api secret	0					measurement protocol	MatchingTermsTermsMatch
ga4 measurement protocol parameters	0					measurement protocol	MatchingTermsTermsMatch
gtm measurement protocol	0					measurement protocol	MatchingTermsTermsMatch
ga4 measurement protocol session id	0					measurement protocol	MatchingTermsTermsMatch
measurement protocol parameters	0					measurement protocol	MatchingTermsTermsMatch
ga measurement protocol	0					measurement protocol	MatchingTermsTermsMatch
analytics measurement protocol	0					measurement protocol	MatchingTermsTermsMatch
measurement protocol ga4 purchase	0					measurement protocol	MatchingTermsTermsMatch
ga4 measurement protocol debug	0					measurement protocol	MatchingTermsTermsMatch
measurement protocol v2	0					measurement protocol	MatchingTermsTermsMatch
measurement protocol ga4 parameters	0					measurement protocol	MatchingTermsTermsMatch
universal analytics measurement protocol	0					measurement protocol	MatchingTermsTermsMatch
google analytics measurement protocol	0					measurement protocol	MatchingTermsTermsMatch
measurement protocol (google analytics 4)	0					measurement protocol	MatchingTermsTermsMatch
google measurement protocol	0					measurement protocol	MatchingTermsTermsMatch
measurement protocol ga4	0					measurement protocol	MatchingTermsTermsMatch
two-way active measurement protocol	0					measurement protocol	MatchingTermsTermsMatch
measurement protocol google analytics	0					measurement protocol	MatchingTermsTermsMatch
measurement protocol api secrets	0					measurement protocol	MatchingTermsTermsMatch
ga4 measurement protocol	0					measurement protocol	MatchingTermsTermsMatch
measurement protocol ua	0					measurement protocol	MatchingTermsTermsMatch
measurement protocol documentation	0					measurement protocol	MatchingTermsTermsMatch
measurement protocol api	0					measurement protocol	MatchingTermsTermsMatch
measurement protocol universal analytics	0					measurement protocol	MatchingTermsTermsMatch
aggregated event measurement protocol	0					measurement protocol	MatchingTermsTermsMatch
google measurement protocol ga4	0					measurement protocol	MatchingTermsTermsMatch
google analytics measurement protocol ga4	0					measurement protocol	MatchingTermsTermsMatch
gtm server container	0					gtm server container	MatchingTermsTermsMatch
gtm server-side container	0					gtm server container	MatchingTermsTermsMatch
server side gtm container	0					gtm server container	MatchingTermsTermsMatch
gtm server side container	0					gtm server container	MatchingTermsTermsMatch
gtm server side cloud run	0					cloud run gtm	MatchingTermsTermsMatch
consent mode advanced	0					consent mode advanced	MatchingTermsTermsMatch
advanced google consent mode	0					consent mode advanced	MatchingTermsTermsMatch
google consent mode v2 basic vs advanced	0					consent mode advanced	MatchingTermsTermsMatch
google consent mode basic vs advanced	0					consent mode advanced	MatchingTermsTermsMatch
advanced consent mode ga4	0					consent mode advanced	MatchingTermsTermsMatch
consent mode v2 basic vs advanced	0					consent mode advanced	MatchingTermsTermsMatch
google consent mode v2 advanced vs basic	0					consent mode advanced	MatchingTermsTermsMatch
google consent mode v2 advanced	0					consent mode advanced	MatchingTermsTermsMatch
advanced vs basic consent mode	0					consent mode advanced	MatchingTermsTermsMatch
consent mode basic vs advanced	0					consent mode advanced	MatchingTermsTermsMatch
consent mode advanced vs basic	0					consent mode advanced	MatchingTermsTermsMatch
advanced consent mode v2	0					consent mode advanced	MatchingTermsTermsMatch
cookiebot advanced consent mode	0					consent mode advanced	MatchingTermsTermsMatch
advanced consent mode	0					consent mode advanced	MatchingTermsTermsMatch
consent mode basic advanced	0					consent mode advanced	MatchingTermsTermsMatch
google consent mode advanced	0					consent mode advanced	MatchingTermsTermsMatch
consent mode v2 advanced	0					consent mode advanced	MatchingTermsTermsMatch
advanced consent mode google	0					consent mode advanced	MatchingTermsTermsMatch
basic vs advanced consent mode	0					consent mode advanced	MatchingTermsTermsMatch
google advanced consent mode	0					consent mode advanced	MatchingTermsTermsMatch
ga4 advanced consent mode	0					consent mode advanced	MatchingTermsTermsMatch
consent mode v2 basic	0					consent mode basic	MatchingTermsTermsMatch
basic consent mode	0					consent mode basic	MatchingTermsTermsMatch
consent mode basic	0					consent mode basic	MatchingTermsTermsMatch
google consent mode basic	0					consent mode basic	MatchingTermsTermsMatch
datová kvalita	0					datová kvalita	MatchingTermsTermsMatch
kvalita dat	150					kvalita dat	MatchingTermsTermsMatch
kvalita dat o obchodních partnerech	0					kvalita dat	MatchingTermsTermsMatch
kvalita otevřených dat je vyjádřena	0					kvalita dat	MatchingTermsTermsMatch
kvalita otevřených dat	0					kvalita dat	MatchingTermsTermsMatch