domain	keyword	volume	kd	cpc_cents	traffic	position	url	intents	language
advisio.cz	advisio	300	0	52	295	1	https://www.advisio.cz/	branded+local+navigational+informational+commercial	cs
advisio.cz	správa ppc kampaní	2200	5	67			https://www.advisio.cz/ppc/	local+informational+commercial	cs
advisio.cz	marketingová agentura ostrava	400	36	140			https://www.advisio.cz/	local+informational+commercial	cs
advisio.cz	jak indexovat web na google	1000	0		107	1		branded+informational	cs
advisio.cz	správa ppc	500	0	424	93	3	https://www.advisio.cz/ppc/	informational+commercial	cs
advisio.cz	marketingova agentura	700	54	289			https://www.advisio.cz/	local+informational+commercial	cs
advisio.cz	rezim ai	1400	34	8	55	1		branded+informational	cs
advisio.cz	seo správa	1000	0	131	50	6		local+informational+commercial	cs
advisio.cz	ugc tvůrce	700	0				https://www.advisio.cz/blog/odzvonilo-influencerum-vystridaji-je-ugc-tvurci/	informational+commercial	cs
advisio.cz	režim ai	1600	24	40	37	9		branded+informational	cs
advisio.cz	jak indexovat stránky na google	100	0	11	30	1	https://www.advisio.cz/blog/jak-indexovat-stranky-na-google-a-seznam/	branded+informational	cs
advisio.cz	moje firma seznam	450	0	119			https://www.advisio.cz/blog/jak-nasdilet-novemu-spravci-firemni-profil-na-firmy-cz-seznam-cz-a-na-moje-firma-google/	branded+informational+commercial	cs
advisio.cz	marketing ostrava	150	0	65			https://www.advisio.cz/	local+informational+commercial	cs
advisio.cz	jak přidat správce na instagramu	70	0	120	20	1		branded+informational	cs
advisio.cz	looker google	600	39		18	8		branded+navigational+informational	cs
advisio.cz	marketing agentura	250	46	234			https://www.advisio.cz/	local+informational+commercial	cs
advisio.cz	seo strategie	100	0	83			https://www.advisio.cz/blog/jak-a-kdy-stanovit-seo-strategii/	informational+commercial	cs
advisio.cz	meta business manager	600	0	172			https://www.advisio.cz/blog/jak-zalozit-business-manager/	branded+navigational+informational	cs
advisio.cz	indexace google	100	0	11	15	1	https://www.advisio.cz/blog/jak-indexovat-stranky-na-google-a-seznam/	branded+informational	cs
advisio.cz	indexování webových stránek	600	0		14	9		informational	cs
advisio.cz	ppc bannery	150	0	88	13	4	https://www.advisio.cz/blog/rozmery-banneru-a-responzivnich-reklam/	informational+commercial	cs
advisio.cz	google consent mode v2	100	34				https://www.advisio.cz/blog/google-consent-mode-v2-jak-mu-rozumet-a-proc-byste-ho-uz-davno-meli-mit/	branded+informational	cs
advisio.cz	digitální marketingová agentura	250	50	197			https://www.advisio.cz/	local+informational+commercial	cs
advisio.cz	ppc kampaň	200	2	252			https://www.advisio.cz/ppc/	informational+commercial	cs
advisio.cz	nejznámější političky	80	0				https://www.advisio.cz/blog/ceske-politicky-v-onlajne-jak-si-vedou/	informational	cs
advisio.cz	community management	100	0	3	10	3	https://www.advisio.cz/blog/5-tipu-jak-na-uspesny-community-management/	informational	cs
advisio.cz	ppc reklama	500	0	286	9	9	https://www.advisio.cz/ppc/	informational+commercial	cs
advisio.cz	adform	100	0	59	9	2	https://www.advisio.cz/blog/3-vyhody-vyuzivani-platformy-adform/	branded+navigational+informational+commercial	cs
advisio.cz	jak založit business manager	150	0	110			https://www.advisio.cz/blog/jak-zalozit-business-manager/	branded+informational	cs
advisio.cz	consent mode v2	100	33				https://www.advisio.cz/blog/google-consent-mode-v2-jak-mu-rozumet-a-proc-byste-ho-uz-davno-meli-mit/	branded+informational	cs
advisio.cz	ppc specialista junior	150	0	39	8	6	https://www.advisio.cz/kariera/junior-ppc-konzultant/	informational	cs
advisio.cz	marketingové firmy	150	1	69			https://www.advisio.cz/	local+informational+commercial	cs
advisio.cz	online marketing agentura	150	24	114			https://www.advisio.cz/	local+informational+commercial	cs
advisio.cz	správa kampaní	80	0		5	5		local+informational+commercial	cs
advisio.cz	indexace seznam	90	4		5	5	https://www.advisio.cz/blog/jak-indexovat-stranky-na-google-a-seznam/	branded+informational	cs
advisio.cz	display reklama	90	0	56	5	5	https://www.advisio.cz/blog/display-reklama-dobry-sluha-spatny-pan/	informational+commercial	cs
advisio.cz	práce copywriter	1200	0				https://www.advisio.cz/kariera/copywriter/	informational	cs
advisio.cz	looker studio	1400	21	56			https://www.advisio.cz/blog/google-looker-studio-vase-data-pod-kontrolou/	branded+navigational+informational+commercial	cs
advisio.cz	linkedin pro firmy	90	0		4	8	https://www.advisio.cz/blog/jak-nasdilet-novemu-spravci-firemni-profil-na-firmy-cz-seznam-cz-a-na-moje-firma-google/	branded+informational+commercial	cs
advisio.cz	založení business manageru	70	0	138			https://www.advisio.cz/blog/jak-zalozit-business-manager/	branded+informational	cs
advisio.cz	obchodní přirážka	50	0				https://www.advisio.cz/blog/jaky-je-rozdil-mezi-marzi-a-prirazkou-a-proc-by-to-mel-vedet-i-marketak/	informational	cs
advisio.cz	ui ux	200	0	51	4	8		informational	cs
advisio.cz	pno	1300	0	10			https://www.advisio.cz/blog/jak-spravne-stanovit-pno-a-co-vam-napovi-o-uspesnosti-kampani/	informational	cs
advisio.cz	reklamni agentura	70	0	121	4	9		local+informational+commercial	cs
advisio.cz	indexovat	60	0	2	4	4	https://www.advisio.cz/blog/jak-indexovat-stranky-na-google-a-seznam/	informational	cs
advisio.cz	typy reklam	60	0		3	7	https://www.advisio.cz/blog/zakladni-typy-reklam-pro-google-ads-a-sklik/	informational	cs
advisio.cz	ux ui	200	0	35	3	10		informational	cs
advisio.cz	české političky	80	0		3	6	https://www.advisio.cz/blog/ceske-politicky-v-onlajne-jak-si-vedou/	informational	cs
advisio.cz	zákazníka	60	0	14			https://www.advisio.cz/blog/desatero-spokojeneho-zakaznika/	informational+commercial	cs
advisio.cz	consent mode	40	20	106			https://www.advisio.cz/blog/google-consent-mode-v2-jak-mu-rozumet-a-proc-byste-ho-uz-davno-meli-mit/	branded+informational	cs
advisio.cz	přidat url seznam	80	1		3	7	https://www.advisio.cz/blog/jak-indexovat-stranky-na-google-a-seznam/	branded+informational	cs
advisio.cz	ppc reklama co to je	250	1	76			https://www.advisio.cz/ppc/	informational	cs
advisio.cz	indexování stránek	60	0	11			https://www.advisio.cz/blog/jak-indexovat-stranky-na-google-a-seznam/	informational+commercial	cs
advisio.cz	indexace webu	150	0	11	3	9		informational	cs
advisio.cz	ppc reklamy	150	1	286	3	9	https://www.advisio.cz/ppc/	informational+commercial	cs
advisio.cz	co je to tag	40	0		2	5		branded+informational	cs
advisio.cz	tvorba banneru	100	0	36			https://www.advisio.cz/blog/rozmery-banneru-a-responzivnich-reklam/	informational+commercial+transactional	cs
advisio.cz	marže vs přirážka	40	0		2	1	https://www.advisio.cz/blog/jaky-je-rozdil-mezi-marzi-a-prirazkou-a-proc-by-to-mel-vedet-i-marketak/	informational	cs
advisio.cz	jména youtuberů	30	0		2	5		informational	cs
advisio.cz	linkedin business manager	50	0		2	6		branded+informational+commercial	cs
advisio.cz	digitální agentura	350	19	191			https://www.advisio.cz/	branded+navigational+informational	cs
advisio.cz	rfm segmentace	40	0	68			https://www.advisio.cz/blog/rfm-a-clv-proc-s-nimi-pracovat/	informational+commercial	cs
advisio.cz	api index	30	2		2	4		informational	cs
advisio.cz	pno marketing	70	0	11	2	8		informational	cs
advisio.cz	google consent mode	50	19	175			https://www.advisio.cz/blog/google-consent-mode-v2-jak-mu-rozumet-a-proc-byste-ho-uz-davno-meli-mit/	branded+informational	cs
advisio.cz	seznam pridat url	50	1		2	6	https://www.advisio.cz/blog/jak-indexovat-stranky-na-google-a-seznam/	branded+informational	cs
advisio.cz	seo titulek	90	0	48	2	10	https://www.advisio.cz/blog/svata-seo-trojice-titulek-url-meta-description/	informational	cs
advisio.cz	co je to feed	300	0				https://www.advisio.cz/blog/5-veci-ktere-je-treba-vedet-o-produktovem-feedu/	informational	cs
advisio.cz	pmax kampaně	90	0	34	2	10	https://www.advisio.cz/blog/jak-tvorit-pmax-kampane-ktere-vydelavaji/	branded+informational+commercial	cs
advisio.cz	strukturovaná data	30	0	11	2	6	https://www.advisio.cz/blog/strukturovana-data/	informational	cs
advisio.cz	ppc kampaně	250	2	236	2	11	https://www.advisio.cz/ppc/	informational+commercial	cs
advisio.cz	e mail marketing	50	0	150			https://www.advisio.cz/e-mail-marketing/	informational+commercial	cs
advisio.cz	seznam moje firma	10	0		2	4	https://www.advisio.cz/blog/jak-nasdilet-novemu-spravci-firemni-profil-na-firmy-cz-seznam-cz-a-na-moje-firma-google/	branded+informational+commercial	cs
advisio.cz	tlačítková novela	40	0	2			https://www.advisio.cz/blog/faq-tlacitkova-novela-v-otazkach/	informational	cs
advisio.cz	obvyklá marže	40	0				https://www.advisio.cz/blog/jaky-je-rozdil-mezi-marzi-a-prirazkou-a-proc-by-to-mel-vedet-i-marketak/	informational	cs
advisio.cz	jak přidat vlastní hudbu na instagram	20	0				https://www.advisio.cz/blog/jak-nove-vkladat-hudbu-u-firemniho-instagram-reels/	branded+informational	cs
advisio.cz	css program	20	0	126	1	5	https://www.advisio.cz/css-program/	branded+informational+commercial	cs
advisio.cz	e-mail marketing	60	0	143			https://www.advisio.cz/e-mail-marketing/	informational+commercial	cs
advisio.cz	ugc creator co to je	50	0	14	1	9	https://www.advisio.cz/blog/odzvonilo-influencerum-vystridaji-je-ugc-tvurci/	informational	cs
advisio.cz	umela inteligence zkratka	40	0	27	1	8		informational	cs
advisio.cz	copywriter práce	250	0	8			https://www.advisio.cz/kariera/copywriter/	local+informational+transactional	cs
advisio.cz	obsahová reklama	70	0	24	1	7	https://www.advisio.cz/blog/vyvarujte-se-chyb-v-grafice-pro-responzivni-obsahovou-reklamu/	informational+commercial	cs
advisio.cz	microcopy	20	0				https://www.advisio.cz/blog/proc-je-dulezite-mit-vyladene-microcopy/	informational+commercial	cs
advisio.cz	marketing pro	20	5	23			https://www.advisio.cz/skoleni/digitalni-marketing-pro-eshopy/	branded+local+informational+commercial	cs
advisio.cz	busines manager	70	0	40			https://www.advisio.cz/blog/jak-zalozit-business-manager/	branded+navigational+informational+commercial	cs
advisio.cz	community manager	70	0	2	1	10		informational+commercial	cs
advisio.cz	google objevit	50	0				https://www.advisio.cz/blog/google-discover-nechte-se-objevit/	branded+informational	cs
advisio.cz	ppc	900	0	132	1	9		informational+commercial	cs
advisio.cz	co je pno	80	0		1	11	https://www.advisio.cz/blog/jak-spravne-stanovit-pno-a-co-vam-napovi-o-uspesnosti-kampani/	informational	cs
advisio.cz	přirážka	30	0		1	7	https://www.advisio.cz/blog/jaky-je-rozdil-mezi-marzi-a-prirazkou-a-proc-by-to-mel-vedet-i-marketak/	informational	cs
advisio.cz	nasdilet	40	0		1	11	https://www.advisio.cz/blog/google-tag-manager-jak-zalozit-a-nasdilet-ucet/	informational	cs
advisio.cz	business manager linkedin	20	1		1	9	https://www.advisio.cz/blog/5-kroku-jak-zalozit-business-manager-na-linkedin/	branded+navigational+informational	cs
advisio.cz	co je to marze	20	0		1	9		informational	cs
advisio.cz	nasdílet	40	0		0	5		informational	cs
advisio.cz	responzivní reklama	30	0		0	6		informational	cs
advisio.cz	filtry instagram	10	0	10			https://www.advisio.cz/blog/jak-vytvorit-ar-filtr-krok-za-krokem/	branded+informational	cs
advisio.cz	account management	40	0	21			https://www.advisio.cz/blog/o-praci-account-managera-koordinujeme-praci-na-projektu-musime-byt-proto-schopni-dotahovat-ukoly/	informational	cs
advisio.cz	online agentury	10	61	192	0	7	https://www.advisio.cz/	local+informational+commercial	cs
advisio.cz	významné české političky	10	0		0	8	https://www.advisio.cz/blog/ceske-politicky-v-onlajne-jak-si-vedou/	informational	cs
advisio.cz	seo console	1000	0		0	27		branded+informational	cs
advisio.cz	marže vs zisk	20	0		0	9		informational	cs
advisio.cz	ppc kampan	20	2	285			https://www.advisio.cz/ppc/	informational+commercial	cs
advisio.cz	technické seo	300	0	58			https://www.advisio.cz/seo/	informational+commercial	cs
advisio.cz	firmy cz admin	10	0	23	0	7		branded+navigational+informational	cs
advisio.cz	marketingova firma	50	39	79			https://www.advisio.cz/	local+informational+commercial	cs
advisio.cz	filtr instagram	0	0	10	0	1		branded+informational	cs
advisio.cz	třetích	30	0		0	10		informational	cs
advisio.cz	blog seo	100	0	73			https://www.advisio.cz/blog/jak-napsat-clanek-na-blog-spojte-ladne-copy-a-chytre-seo/	informational+commercial	cs
advisio.cz	filtry na instagramu	10	0				https://www.advisio.cz/blog/jak-vytvorit-ar-filtr-krok-za-krokem/	branded+informational	cs
advisio.cz	agentura roku	0	0		0	5		branded+informational+commercial	cs
advisio.cz	tone of voice	100	0	2			https://www.advisio.cz/blog/tone-of-voice-mluvte-jazykem-sveho-kmene/	informational	cs
advisio.cz	business manager fb	40	0	358			https://www.advisio.cz/blog/jak-zalozit-business-manager/	branded+navigational+informational+commercial	cs
advisio.cz	velikost banneru	80	0	14			https://www.advisio.cz/blog/rozmery-banneru-a-responzivnich-reklam/	informational+commercial	cs
advisio.cz	mybusiness	30	0	107	0	2	https://www.advisio.cz/blog/jak-zalozit-google-my-business-a-ziskat-recenze/	branded+informational+commercial	cs
advisio.cz	co je případová studie	150	0				https://www.advisio.cz/blog/rubrika/pripadova-studie/	informational	cs
advisio.cz	sprava ppc kampani	0	0		0	9	https://www.advisio.cz/ppc/	local+informational+commercial+transactional	cs
advisio.cz	data restart	150	0				https://www.advisio.cz/blog/data-restart-2022-novinky-u-consent-rate-crm-nebo-sgtm/	branded+informational+commercial	cs
advisio.cz	gap analyza	100	0				https://www.advisio.cz/blog/content-gap-analyza-objevte-a-vyplnte-mezery-na-vasem-webu/	informational	cs
advisio.cz	nejčastější fake profily	50	0				https://www.advisio.cz/blog/nenechte-se-napalit-podvodniky-na-facebooku-a-instagramu/	informational	cs
advisio.cz	facebook busines manager	10	0	305			https://www.advisio.cz/blog/jak-zalozit-business-manager/	branded+navigational+informational	cs
advisio.cz	seznam indexace	150	5		0	4	https://www.advisio.cz/blog/jak-indexovat-stranky-na-google-a-seznam/	branded+informational	cs
advisio.cz	some marketing	40	0	35			https://www.advisio.cz/blog/digitalni-marketing-2019-v-hlavni-roli/	branded+informational+commercial	cs
advisio.cz	copy writing	60	6	37			https://www.advisio.cz/blog/copywriting-aneb-umeni-textu/	informational+commercial	cs
advisio.cz	konec cookies třetích stran	0	0		0	5	https://www.advisio.cz/blog/co-jsou-cookies-tretich-stran-a-jak-jejich-konec-ovlivni-e-shopy/	informational	cs
advisio.cz	podvody na instagramu	0	0		0	10		branded+informational	cs
advisio.cz	historie ai	100	1	14			https://www.advisio.cz/blog/ai-restart-usnadneni-prace-v-kazdem-smeru/	informational	cs
advisio.cz	odblokování na fb	0	0		0	8		branded+informational	cs
advisio.cz	tagy co to je	150	0				https://www.advisio.cz/blog/heureka-spravujte-nove-tagy-jako-profik/	informational	cs
advisio.cz	ai restart	0	0				https://www.advisio.cz/blog/ai-restart-usnadneni-prace-v-kazdem-smeru/	branded+informational+commercial+transactional	cs
advisio.cz	web seo	700	11	191			https://www.advisio.cz/seo/	informational	cs
advisio.cz	chyť a pust	350	0	25			https://www.advisio.cz/klienti/chyt-a-pust/	branded+local+navigational+informational+commercial+transactional	cs
advisio.cz	jak vytvořit firemní facebook	90	0	5			https://www.advisio.cz/blog/jak-zalozit-business-manager/	branded+informational	cs
advisio.cz	rozměry bannerů google ads	30	0	60			https://www.advisio.cz/blog/rozmery-banneru-a-responzivnich-reklam/	branded+informational+commercial	cs
advisio.cz	marze	150	0	2	0	6		branded+informational+commercial	cs
advisio.cz	objevit	800	1		0	15		informational	cs
advisio.cz	krizová komunikace	100	0	45			https://www.advisio.cz/blog/5-pravidel-krizove-komunikace/	informational+commercial	cs
advisio.cz	ppc specialist	80	0	74			https://www.advisio.cz/blog/o-praci-ppc-specialisty-vzdy-se-snazim-byt-maximalni-oporou/	local+informational+commercial	cs
advisio.cz	facebook firemní profil	150	0	51			https://www.advisio.cz/blog/jak-zalozit-business-manager/	branded+informational	cs
advisio.cz	instinkt boost	10	0				https://www.advisio.cz/blog/case-study-energii-hracum-boost-kampanim-rust-trzeb-instinktu-o-49/	branded+informational+commercial+transactional	cs
advisio.cz	kaufland market	600	6	14			https://www.advisio.cz/blog/do-ceska-miri-marketplace-kauflandu-co-prinese-e-shopum/	branded+navigational+informational+commercial+transactional	cs
advisio.cz	jak přidat firmu na google	70	0	58			https://www.advisio.cz/blog/jak-zalozit-google-my-business-a-ziskat-recenze/	branded+informational	cs
advisio.cz	conversion api	20	20				https://www.advisio.cz/blog/conversion-api-jak-se-letos-zmenily-moznosti-reportovani/	branded+informational+commercial	cs
advisio.cz	pno meaning	80	0				https://www.advisio.cz/blog/jak-spravne-stanovit-pno-a-co-vam-napovi-o-uspesnosti-kampani/	informational	cs
advisio.cz	mailing	250	3	3			https://www.advisio.cz/e-mail-marketing/	informational+commercial	cs
advisio.cz	google kategorie	20	0				https://www.advisio.cz/blog/ackove-tipy-jak-na-produktovy-feed-pro-google-merchant-center/	branded+informational	cs
advisio.cz	data analytik	200	0	22			https://www.advisio.cz/datova-analytika/	informational+commercial	cs
advisio.cz	databy	0	0		0	3		branded+navigational+informational+commercial	cs
advisio.cz	podvodnici na fb	20	0				https://www.advisio.cz/blog/nenechte-se-napalit-podvodniky-na-facebooku-a-instagramu/	branded+informational	cs
advisio.cz	spolupráce s influencery	10	0	44			https://www.advisio.cz/skoleni/webinar-zorientujte-se-ve-svete-influenceru/	informational+commercial	cs
advisio.cz	výpočet pno	100	0				https://www.advisio.cz/blog/zisk-misto-kliku-jak-spravne-vyhodnocovat-kampane-podle-marze-a-pno/	informational	cs
advisio.cz	copycamp	30	0		0	4	https://www.advisio.cz/blog/copycamp-7-denicek-copywriterky/	branded+informational	cs
advisio.cz	co jsou to cookies	100	54	16			https://www.advisio.cz/blog/co-jsou-cookies-tretich-stran-a-jak-jejich-konec-ovlivni-e-shopy/	informational	cs
advisio.cz	pno vypocet	30	0				https://www.advisio.cz/blog/zisk-misto-kliku-jak-spravne-vyhodnocovat-kampane-podle-marze-a-pno/	informational	cs
advisio.cz	online marketing práce z domova	100	0	19			https://www.advisio.cz/kariera/	informational	cs
advisio.cz	rfm analýza	80	0	68			https://www.advisio.cz/blog/rfm-a-clv-proc-s-nimi-pracovat/	informational	cs
advisio.cz	bannerová reklama	80	0	83			https://www.advisio.cz/blog/zakladni-typy-reklam-pro-google-ads-a-sklik/	informational+commercial	cs
advisio.cz	shop roku 2023	0	25	40			https://www.advisio.cz/blog/ziskali-jsme-oceneni-agentura-roku-nasi-klienti-si-odnesli-11-oceneni/	branded+informational+commercial	cs
advisio.cz	případová studie vzor	100	0	9			https://www.advisio.cz/blog/rubrika/pripadova-studie/	informational	cs
advisio.cz	průměrná marže v maloobchodě	20	0				https://www.advisio.cz/blog/jaky-je-rozdil-mezi-marzi-a-prirazkou-a-proc-by-to-mel-vedet-i-marketak/	informational	cs
advisio.cz	account manager co to je	200	0	6			https://www.advisio.cz/blog/o-praci-account-managera-koordinujeme-praci-na-projektu-musime-byt-proto-schopni-dotahovat-ukoly/	informational	cs
advisio.cz	audit ppc	100	0	527			https://www.advisio.cz/ppc/	informational+commercial	cs
advisio.cz	marketingovy kalendar	20	0	45			https://www.advisio.cz/blog/marketingovy-kalendar-akci-2018/	informational+commercial	cs
advisio.cz	google serach console	10	79				https://www.advisio.cz/blog/co-to-je-google-search-console-a-jak-na-nej-navod/	branded+navigational+informational	cs
advisio.cz	seo optimalizace cena	1000	0	123			https://www.advisio.cz/seo/	informational+commercial	cs
advisio.cz	temu co to je	40	3				https://www.advisio.cz/blog/fenomen-jmenem-temu-jak-ovlivnuje-byznys-ceskych-e-shopu/	branded+informational+commercial	cs
advisio.cz	jak nastavit seo	150	1	150			https://www.advisio.cz/blog/jak-a-kdy-stanovit-seo-strategii/	informational	cs
advisio.cz	heureka srovnávač	20	0	16			https://www.advisio.cz/blog/vyplati-se-zapojit-do-srovnavacich-webu/	branded+informational+commercial	cs
advisio.cz	jak napsat článek	90	0	12			https://www.advisio.cz/blog/jak-napsat-clanek-na-blog-spojte-ladne-copy-a-chytre-seo/	informational	cs
advisio.cz	chyt a pust obchod	10	0	22			https://www.advisio.cz/klienti/chyt-a-pust/	branded+local+navigational+informational+commercial+transactional	cs
advisio.cz	firma na google	50	0	72			https://www.advisio.cz/blog/jak-nasdilet-novemu-spravci-firemni-profil-na-firmy-cz-seznam-cz-a-na-moje-firma-google/	branded+informational	cs
advisio.cz	co je to cookies	150	55	15			https://www.advisio.cz/blog/co-jsou-cookies-tretich-stran-a-jak-jejich-konec-ovlivni-e-shopy/	informational	cs
advisio.cz	jaký je rozdíl	50	0				https://www.advisio.cz/blog/jaky-je-rozdil-mezi-marzi-a-prirazkou-a-proc-by-to-mel-vedet-i-marketak/	informational	cs
advisio.cz	co to je temu	20	3				https://www.advisio.cz/blog/fenomen-jmenem-temu-jak-ovlivnuje-byznys-ceskych-e-shopu/	branded+informational+commercial	cs
advisio.cz	druhy reklam	80	0	31			https://www.advisio.cz/blog/zakladni-typy-reklam-pro-google-ads-a-sklik/	informational	cs
advisio.cz	výpočet prodejní ceny z marže	20	0				https://www.advisio.cz/blog/jaky-je-rozdil-mezi-marzi-a-prirazkou-a-proc-by-to-mel-vedet-i-marketak/	informational	cs
advisio.cz	google index	80	45	34			https://www.advisio.cz/blog/jak-indexovat-stranky-na-google-a-seznam/	branded+informational	cs
advisio.cz	jak natočit reels	30	44	18			https://www.advisio.cz/blog/jak-nove-vkladat-hudbu-u-firemniho-instagram-reels/	branded+informational	cs
advisio.cz	moje firma na googlu	150	0	37			https://www.advisio.cz/blog/jak-zalozit-google-my-business-a-ziskat-recenze/	branded+informational+commercial	cs
advisio.cz	podvody na facebooku	50	1				https://www.advisio.cz/blog/nenechte-se-napalit-podvodniky-na-facebooku-a-instagramu/	branded+informational	cs
advisio.cz	jak přidat hudbu k fotce	20	0	3			https://www.advisio.cz/blog/jak-nove-vkladat-hudbu-u-firemniho-instagram-reels/	informational	cs
advisio.cz	marže	1100	0	2	0	11		informational	cs
advisio.cz	prirazka	30	0		0	7	https://www.advisio.cz/blog/jaky-je-rozdil-mezi-marzi-a-prirazkou-a-proc-by-to-mel-vedet-i-marketak/	informational	cs
advisio.cz	kdy jsou	150	34				https://www.advisio.cz/blog/socialni-site-kdy-vam-pomohou-a-kdy-jsou-jen-ztratou-casu/	informational	cs
advisio.cz	metabusiness	150	4	132			https://www.advisio.cz/blog/jak-zalozit-business-manager/	branded+navigational+informational	cs
advisio.cz	výprodej na temu	30	1				https://www.advisio.cz/blog/fenomen-jmenem-temu-jak-ovlivnuje-byznys-ceskych-e-shopu/	branded+informational+commercial	cs
advisio.cz	podnikani online	10	0	16			https://www.advisio.cz/skoleni/webinar-pravni-zaklad-pro-online-podnikani/	informational+commercial	cs
advisio.cz	prodávají	40	0	33			https://www.advisio.cz/blog/jak-na-produktove-a-promo-fotky-ktere-skutecne-prodavaji/	informational	cs
advisio.cz	rubrika	30	0				https://www.advisio.cz/blog/rubrika/hr/	informational	cs
advisio.cz	business development	200	0	30			https://www.advisio.cz/kariera/business-development-support/	informational+commercial	cs
advisio.cz	avizio	30	0		0	7		branded+informational+commercial	cs
advisio.cz	jak využít umělou inteligenci	50	0				https://www.advisio.cz/blog/jak-vyuzit-umelou-inteligenci-v-ppc/	informational	cs
advisio.cz	podvodníci na marketplace	40	0	200			https://www.advisio.cz/blog/nenechte-se-napalit-podvodniky-na-facebooku-a-instagramu/	branded+informational	cs
advisio.cz	audit webu	80	0	115			https://www.advisio.cz/blog/proc-si-nechat-zpracovat-seo-audit/	informational+commercial	cs
advisio.cz	sociální síte	100	5	35			https://www.advisio.cz/blog/rubrika/socialni-site/	informational	cs
advisio.cz	meta popisek	250	0	55			https://www.advisio.cz/blog/svata-seo-trojice-titulek-url-meta-description/	informational	cs
advisio.cz	copywrighting	80	4				https://www.advisio.cz/blog/copywriting-aneb-umeni-textu/	informational+commercial	cs
advisio.cz	my business	1100	0	208	0	8	https://www.advisio.cz/blog/jak-zalozit-google-my-business-a-ziskat-recenze/	branded+informational+commercial	cs
advisio.cz	co je aplikace	100	0				https://www.advisio.cz/blog/setri-nas-cas-a-vase-penize-co-je-to-chytra-aplikace-advisio/	informational	cs
advisio.cz	marketing novinky	150	6	94			https://www.advisio.cz/blog/rubrika/aktuality/	informational+commercial	cs
advisio.cz	influencer co to je	100	0	2			https://www.advisio.cz/blog/zaklady-influencer-marketingu-1-cast/	informational	cs
advisio.cz	jak vypočítat marži	40	0				https://www.advisio.cz/blog/jaky-je-rozdil-mezi-marzi-a-prirazkou-a-proc-by-to-mel-vedet-i-marketak/	informational	cs
advisio.cz	upřednostňovat	20	0				https://www.advisio.cz/blog/heureka-meetup-1-jak-vyuzivat-heureka-marketplace/	informational	cs
advisio.cz	tržiště kaufland	10	0	20			https://www.advisio.cz/blog/do-ceska-miri-marketplace-kauflandu-co-prinese-e-shopum/	branded+local+navigational+informational+commercial	cs
advisio.cz	moje firma	7200	1	91			https://www.advisio.cz/blog/jak-nasdilet-novemu-spravci-firemni-profil-na-firmy-cz-seznam-cz-a-na-moje-firma-google/	branded+informational+commercial	cs
advisio.cz	google moje firma	800	0	29			https://www.advisio.cz/blog/jak-nasdilet-novemu-spravci-firemni-profil-na-firmy-cz-seznam-cz-a-na-moje-firma-google/	branded+navigational+informational	cs
advisio.cz	pmax	100	0	36			https://www.advisio.cz/blog/jak-tvorit-pmax-kampane-ktere-vydelavaji/	branded+informational+commercial	cs
advisio.cz	bussines manager	50	0	200			https://www.advisio.cz/blog/jak-zalozit-business-manager/	branded+informational+commercial	cs
advisio.cz	seznam přidat url	150	0				https://www.advisio.cz/blog/jak-indexovat-stranky-na-google-a-seznam/	informational	cs
advisio.cz	seznam add url	400	1				https://www.advisio.cz/blog/jak-indexovat-stranky-na-google-a-seznam/	branded+informational	cs
advisio.cz	popisky	70	0	15			https://www.advisio.cz/blog/delsi-popisky-kategorii-poslouzi-lepe-nez-ty-kratke/	informational+commercial	cs
advisio.cz	obchodní zástupce náplň práce	40	0	4			https://www.advisio.cz/blog/manipulace-nebo-tlak-jsou-mi-proti-srsti-klienty-ziskavam-uprimnosti/	informational	cs
advisio.cz	legitas	70	0				https://www.advisio.cz/skoleni/webinare-shop-2025-bez-pravnich-preslapu-s-legitas-vol-2/	branded+local+navigational+informational+commercial	cs
advisio.cz	tagy	200	1	15			https://www.advisio.cz/blog/heureka-spravujte-nove-tagy-jako-profik/	branded+informational+commercial	cs
advisio.cz	ppc specialista	500	0	336			https://www.advisio.cz/blog/o-praci-ppc-specialisty-vzdy-se-snazim-byt-maximalni-oporou/	informational	cs
advisio.cz	firmy.cz	450	64	38	0	27	https://www.advisio.cz/blog/jak-nasdilet-novemu-spravci-firemni-profil-na-firmy-cz-seznam-cz-a-na-moje-firma-google/	branded+navigational+informational+commercial	cs
advisio.cz	facebook faktury	20	0	132			https://www.advisio.cz/blog/jak-stahnout-faktury-z-facebooku-a-dalsich-reklamnich-sluzeb/	branded+informational	cs
advisio.cz	hrubá marže	90	0				https://www.advisio.cz/blog/jaky-je-rozdil-mezi-marzi-a-prirazkou-a-proc-by-to-mel-vedet-i-marketak/	informational	cs
advisio.cz	google merchant feed	30	14	163			https://www.advisio.cz/blog/ackove-tipy-jak-na-produktovy-feed-pro-google-merchant-center/	branded+informational	cs
advisio.cz	faktury facebook	10	0	110			https://www.advisio.cz/blog/jak-stahnout-faktury-z-facebooku-a-dalsich-reklamnich-sluzeb/	branded+informational	cs
advisio.cz	heureka api	80	0	78			https://www.advisio.cz/blog/heureka-meetup-1-jak-vyuzivat-heureka-marketplace/	branded+informational	cs
advisio.cz	analytika	300	0	6			https://www.advisio.cz/datova-analytika/	branded+local+informational+commercial	cs
advisio.cz	nakupy google	60	2	263			https://www.advisio.cz/blog/google-nakupy-konecne-i-na-slovensku/	branded+informational+commercial	cs
advisio.cz	searchconsole	60	82				https://www.advisio.cz/blog/co-to-je-google-search-console-a-jak-na-nej-navod/	branded+navigational+informational	cs
advisio.cz	google data studio	350	26	62			https://www.advisio.cz/blog/google-looker-studio-vase-data-pod-kontrolou/	branded+navigational+informational	cs
advisio.cz	google search console	9600	77	100			https://www.advisio.cz/blog/co-to-je-google-search-console-a-jak-na-nej-navod/	branded+navigational+informational	cs
advisio.cz	data studio	150	9	78			https://www.advisio.cz/blog/google-looker-studio-vase-data-pod-kontrolou/	branded+navigational+informational+commercial	cs
advisio.cz	datastudio	50	9	78			https://www.advisio.cz/blog/google-looker-studio-vase-data-pod-kontrolou/	branded+navigational+informational	cs
advisio.cz	copywriteri	100	0	44			https://www.advisio.cz/blog/copywriting-aneb-umeni-textu/	local+informational+commercial+transactional	cs
advisio.cz	xml feed heureka	40	2	107			https://www.advisio.cz/blog/jak-vyladit-produktovy-feed-pro-heureku-a-zbozi/	branded+informational	cs
advisio.cz	search console	4500	91	84			https://www.advisio.cz/blog/co-to-je-google-search-console-a-jak-na-nej-navod/	branded+informational	cs
advisio.cz	chyť	40	1	27			https://www.advisio.cz/klienti/chyt-a-pust/	branded+local+navigational+informational+commercial+transactional	cs
advisio.cz	specialisty	20	2				https://www.advisio.cz/blog/o-praci-ppc-specialisty-vzdy-se-snazim-byt-maximalni-oporou/	informational	cs
advisio.cz	proč nejde hudba v instastories	0	0				https://www.advisio.cz/blog/jak-nove-vkladat-hudbu-u-firemniho-instagram-reels/	branded+informational	cs
advisio.cz	obchodni marze	0	0				https://www.advisio.cz/blog/jaky-je-rozdil-mezi-marzi-a-prirazkou-a-proc-by-to-mel-vedet-i-marketak/	informational	cs
advisio.cz	firmy které nabízejí domácí práci	0	0	9			https://www.advisio.cz/blog/prakticke-nastroje-pro-praci-z-domu/	local+informational+commercial	cs
advisio.cz	jak udelat filtr	0	0				https://www.advisio.cz/blog/jak-vytvorit-ar-filtr-krok-za-krokem/	informational	cs
advisio.cz	nejde mi přidat hudba na instagramu	0	0				https://www.advisio.cz/blog/jak-nove-vkladat-hudbu-u-firemniho-instagram-reels/	branded+informational	cs
advisio.cz	recenze na obchod temu	0	0				https://www.advisio.cz/blog/fenomen-jmenem-temu-jak-ovlivnuje-byznys-ceskych-e-shopu/	branded+informational+commercial	cs
advisio.cz	jak přidat hudbu do stories	0	0				https://www.advisio.cz/blog/jak-nove-vkladat-hudbu-u-firemniho-instagram-reels/	branded+informational	cs
advisio.cz	objevit google	0	0				https://www.advisio.cz/blog/google-discover-nechte-se-objevit/	branded+informational	cs
advisio.cz	heureka temu	0	0				https://www.advisio.cz/blog/fenomen-jmenem-temu-jak-ovlivnuje-byznys-ceskych-e-shopu/	branded+informational+commercial	cs
advisio.cz	google feed specifikace	0	0		0	7	https://www.advisio.cz/blog/ackove-tipy-jak-na-produktovy-feed-pro-google-merchant-center/	branded+informational	cs
advisio.cz	hudba na instagramu	0	0		0	4		branded+informational	cs
advisio.cz	podvodníci na instagramu	0	0				https://www.advisio.cz/blog/nenechte-se-napalit-podvodniky-na-facebooku-a-instagramu/	branded+informational	cs
advisio.cz	hudba na instagramu není pro některé účty k dispozici	0	0				https://www.advisio.cz/blog/jak-nove-vkladat-hudbu-u-firemniho-instagram-reels/	branded+informational	cs
advisio.cz	kaufland cz marketplace	0	2				https://www.advisio.cz/blog/do-ceska-miri-marketplace-kauflandu-co-prinese-e-shopum/	branded+navigational+informational+commercial+transactional	cs
advisio.cz	omezena hudba na instagramu	0	0		0	4	https://www.advisio.cz/blog/jak-nove-vkladat-hudbu-u-firemniho-instagram-reels/	branded+informational	cs
advisio.cz	temu recenze obchodu	0	0				https://www.advisio.cz/blog/fenomen-jmenem-temu-jak-ovlivnuje-byznys-ceskych-e-shopu/	branded+informational+commercial	cs
advisio.cz	filtr na instagram	0	0	14			https://www.advisio.cz/blog/jak-vytvorit-ar-filtr-krok-za-krokem/	branded+informational	cs
antee.cz	ipo antee	1200	0	4	1551	1	https://ipo.antee.cz/	branded+navigational+informational	cs
antee.cz	e mail	1100	0	14	1111	1		informational+commercial	cs
antee.cz	webmail antee	800	0		579	1	https://webmail.antee.cz/	branded+navigational+informational	cs
antee.cz	antee	700	0	5	578	1	https://www.antee.cz/	branded+local+navigational+informational+commercial	cs
antee.cz	webmail.antee	300	0		416	1	https://webmail.antee.cz/	branded+navigational+transactional	cs
antee.cz	antee webmail	250	0		313	1	https://webmail.antee.cz/	branded+navigational+informational+transactional	cs
antee.cz	ipo.antee	250	0	18	271	1	https://ipo.antee.cz/	branded+navigational+informational	cs
antee.cz	antee přihlášení	200	0		240	1	https://ipo.antee.cz/	branded+navigational+transactional	cs
antee.cz	antee mail	150	0		153	1	https://webmail.antee.cz/	branded+navigational+informational	cs
antee.cz	webmail	5800	12	24			https://webmail.antee.cz/	navigational+informational	cs
antee.cz	business manager	1700	0	167	68	1		informational+commercial	cs
antee.cz	webmail přihlášení	1100	11	1			https://webmail.antee.cz/	navigational+transactional	cs
antee.cz	ipoantee	50	0		47	1	https://ipo.antee.cz/	branded+navigational+informational+transactional	cs
antee.cz	ipoante	60	0		44	1	https://ipo.antee.cz/	navigational+informational	cs
antee.cz	rentmil s.r.o. - vý	400	0				https://www.antee.cz/reference-antee/produkt/rentmil-sro	branded+local+navigational+informational+commercial	cs
antee.cz	sreality admin	150	0				https://navody.antee.cz/navody/produkt/zalozeni-uctu-realitni-kancelare-na-srealitycz	branded+navigational+informational	cs
antee.cz	ante	150	0		18	1	https://www.antee.cz/	branded+informational+commercial+transactional	cs
antee.cz	správa webu	200	0	142			https://www.antee.cz/sprava-webovych-stranek	local+informational+commercial	cs
antee.cz	optimalizace pro vyhledávače	450	1	178			https://www.antee.cz/seo-optimalizace-pro-vyhledavace	informational+commercial	cs
antee.cz	ppc kampaně	250	2	236	10	1	https://www.antee.cz/ppc-kampane	informational+commercial	cs
antee.cz	bazén zapuštěný	60	0	49	9	4		local+informational+commercial+transactional	cs
antee.cz	webma	150	12	27			https://webmail.antee.cz/	navigational+informational	cs
antee.cz	web seo	700	11	191			https://www.antee.cz/seo-optimalizace-pro-vyhledavace	informational	cs
antee.cz	jak přidat správce na instagramu	70	0	120	6	4	https://navody.antee.cz/navody-old	branded+informational	cs
antee.cz	pr clanek	100	0	77			https://www.antee.cz/blog/co-jsou-to-pr-clanky	informational+commercial	cs
antee.cz	plastový bazén do země	150	0		5	10		informational+commercial	cs
antee.cz	sms zprávy	200	3	11			https://navody.antee.cz/navody/produkt/sms-zpravy	informational	cs
antee.cz	seo optimalizace stránek	200	3				https://www.antee.cz/seo-optimalizace-pro-vyhledavace	informational+commercial	cs
antee.cz	nahrání obrázku	20	1				https://navody.antee.cz/navody-old/produkt/hromadne_vlozeni_obrazku	informational+transactional	cs
antee.cz	kuncicepo	150	10		4	9		local+navigational+informational	cs
antee.cz	seo analýza online	400	0	94	4	17		informational+commercial	cs
antee.cz	seo optimalizace pro vyhledávače	500	3	167			https://www.antee.cz/seo-optimalizace-pro-vyhledavace	informational+commercial	cs
antee.cz	web mail	250	12	3			https://webmail.antee.cz/	navigational+informational	cs
antee.cz	podvodné zprávy na messengeru	60	0		3	1	https://www.antee.cz/blog/bezpecne-chovani-na-internetu-jak-odhalit-podvodne-zpravy-na-facebooku	branded+informational	cs
antee.cz	perex co to je	100	0				https://www.antee.cz/blog/co-je-to-perex	informational	cs
antee.cz	seo titulek	90	0	48	3	8	https://www.antee.cz/blog/zaklady-seo-titulek-stranky	informational	cs
antee.cz	klíčové ukazatele výkonnosti	200	0				https://www.antee.cz/blog/klicove-ukazatele-vykonnosti-merte-a-zvysujte-uspech-vaseho-podnikani	informational	cs
antee.cz	zprávy sms	70	3	12			https://navody.antee.cz/navody/produkt/sms-zpravy	informational	cs
antee.cz	co je to perex	60	0		3	4	https://www.antee.cz/blog/co-je-to-perex	informational	cs
antee.cz	zapuštěný bazén cena	60	0		2	8		informational+commercial	cs
antee.cz	ga 4	150	69	87			https://www.antee.cz/nastaveni-ga4	branded+informational	cs
antee.cz	co je to doména	100	34	32	2	9	https://navody.antee.cz/navody/produkt/co-je-to-domena	informational	cs
antee.cz	založit instagram	40	0	18			https://navody.antee.cz/navody-old	branded+informational	cs
antee.cz	automatická odpověď dovolená	100	0		2	10	https://navody.antee.cz/navody-old/produkt/automaticka-odpoved-dovolena	informational	cs
antee.cz	konverze význam	150	0		2	1	https://www.antee.cz/blog/co-je-konverze	informational	cs
antee.cz	sms zpravy	90	3	8			https://navody.antee.cz/navody/produkt/sms-zpravy	informational	cs
antee.cz	vložení obsahu word	20	0		2	4		branded+informational	cs
antee.cz	co je perex	150	0		2	9	https://www.antee.cz/blog/co-je-to-perex	informational	cs
antee.cz	indexace webu	150	0	11	2	11		informational	cs
antee.cz	cookies web	80	0	15	2	8		informational	cs
antee.cz	antee ipo	0	1		2	1	https://ipo.antee.cz/	branded+navigational+informational	cs
antee.cz	jak založit instagram	50	0	9	2	8	https://navody.antee.cz/navody-old	branded+informational	cs
antee.cz	word vložení obsahu	10	0		2	1		branded+informational	cs
antee.cz	jak si založit instagram	50	0	120	1	8	https://navody.antee.cz/navody-old	branded+informational	cs
antee.cz	instagram založení účtu	20	12	120	1	5	https://navody.antee.cz/navody-old	branded+informational+transactional	cs
antee.cz	cena webu	80	0	134			https://www.antee.cz/cena-webovych-stranek	informational+commercial	cs
antee.cz	doména	450	46	105	1	18	https://navody.antee.cz/navody-old/produkt/co_je_domena	informational+commercial+transactional	cs
antee.cz	popisek anglicky	80	0		1	11		informational	cs
antee.cz	vytvoření ankety online	30	48	45			https://navody.antee.cz/navody-old/produkt/nova-anketa	informational+commercial+transactional	cs
antee.cz	kdo vlastni domenu	80	2	9			https://navody.antee.cz/navody-old/produkt/kdo_je_registrator_domeny	informational	cs
antee.cz	redesign webu	100	0	164			https://www.antee.cz/blog/redesign-webu-krok-k-uspesnemu-a-modernimu-webu	informational+commercial	cs
antee.cz	co je to domena	100	34	19	1	9	https://navody.antee.cz/navody/produkt/co-je-to-domena	informational	cs
antee.cz	cold call	90	0	35			https://www.antee.cz/blog/ukonci-rok-2022-cold-calling-a-jak-jinak-ziskat-klienty	informational+commercial	cs
antee.cz	vlastník domény	90	2	11			https://navody.antee.cz/navody-old/produkt/kdo_je_registrator_domeny	informational	cs
antee.cz	vytvoření ankety	40	0	26	1	9	https://navody.antee.cz/navody-old/produkt/nova-anketa	informational	cs
antee.cz	licenční smlouva vzor	30	0	46	1	5		informational	cs
antee.cz	vytvoreni gmail	100	5	41			https://navody.antee.cz/navody-old/produkt/vytvoreni-google-uctu	branded+informational+transactional	cs
antee.cz	doména 3. řádu	60	34	25	1	11		informational	cs
antee.cz	call to action příklady	20	20		1	8	https://www.antee.cz/blog/co-je-to-call-to-action	informational	cs
antee.cz	nastavení outlook	50	0	3	1	8	https://navody.antee.cz/navody-old/produkt/outlook	branded+informational	cs
antee.cz	cold calling	150	0	48			https://www.antee.cz/blog/ukonci-rok-2022-cold-calling-a-jak-jinak-ziskat-klienty	informational	cs
antee.cz	perex význam	20	0		1	1		informational	cs
antee.cz	posta zasova	40	0				https://zasova.antee.cz/ceska-posta-a-zasilkovna	branded+local+informational	cs
antee.cz	sms zpráva	100	13	8			https://navody.antee.cz/navody/produkt/sms-zpravy	informational+commercial+transactional	cs
antee.cz	počítadlo návštěvnosti webu	50	0				https://www.antee.cz/blog/mereni-navstevnosti-webovych-stranek	informational+commercial	cs
antee.cz	zbozi administrace	10	0		1	4	https://navody.antee.cz/navody-old	branded+navigational+informational	cs
antee.cz	založení instagramu	10	3	11	1	3	https://navody.antee.cz/navody-old	branded+informational	cs
antee.cz	ctr marketing	50	0	11	1	9	https://www.antee.cz/blog/jak-ctr-pomaha-vasim-kampanim	informational	cs
antee.cz	instagram nový účet	20	0	120	1	2	https://navody.antee.cz/navody-old	branded+informational+transactional	cs
antee.cz	registrátor domény	20	30	49	0	10	https://navody.antee.cz/navody-old/produkt/kdo_je_registrator_domeny	informational+commercial	cs
antee.cz	co je brand	30	0	18	0	10		informational	cs
antee.cz	google faktury	50	0	61			https://navody.antee.cz/navody/produkt/stazeni-faktury-v-google-ads	branded+informational+transactional	cs
antee.cz	perex ukázka	10	0		0	4	https://www.antee.cz/blog/co-je-to-perex	informational	cs
antee.cz	instagram ucet	10	0	120			https://navody.antee.cz/navody-old	branded+informational+transactional	cs
antee.cz	instagram účet	20	4	120			https://navody.antee.cz/navody-old	branded+informational+transactional	cs
antee.cz	jak sdílet profil na instagramu	10	0		0	7	https://navody.antee.cz/navody/produkt/sdileni-instagramu	branded+informational	cs
antee.cz	znakové sady	60	1				https://navody.antee.cz/navody-old/produkt/thunderbird-zmena-znakove-sady	informational	cs
antee.cz	co je to brand	50	0	12	0	11		informational	cs
antee.cz	výpočet pno	100	0				https://www.antee.cz/blog/pno-v-praxi-vytezte-maximum-z-kazde-koruny-investovane-do-reklamy	informational	cs
antee.cz	přesměrování emailu	20	0				https://navody.antee.cz/navody/produkt/presmerovani-e-mailu	informational	cs
antee.cz	webové stránky tvorba	400	42	290			https://www.antee.cz/tvorba-webovych-stranek	local+informational+commercial+transactional	cs
antee.cz	instagram vytvořit účet	10	0	120	0	2	https://navody.antee.cz/navody-old	branded+informational+transactional	cs
antee.cz	návštěvnosti	150	1	23	0	11	https://www.antee.cz/blog/mereni-navstevnosti-webovych-stranek	informational+commercial	cs
antee.cz	zavolame si	10	0				https://obchodnik.antee.cz/spoluprace-zdroj/zavolame-si	informational	cs
antee.cz	kunčice pod ondřejníkem	1000	0	9	0	26	https://www.antee.cz/reference-antee/produkt/obec-kuncice-pod-ondrejnikem	informational	cs
antee.cz	kdo vlastní doménu	30	2	12			https://navody.antee.cz/navody-old/produkt/kdo_je_registrator_domeny	informational	cs
antee.cz	co je ctr	50	0		0	11		informational	cs
antee.cz	instagram založení	10	12	120	0	7	https://navody.antee.cz/navody-old	branded+informational	cs
antee.cz	základy seo	800	0	52			https://www.antee.cz/blog/zaklady-seo-popisek-stranky	informational	cs
antee.cz	firmy cz admin	10	0	23	0	8		branded+navigational+informational	cs
antee.cz	spravce reklam	10	0	138			https://navody.antee.cz/navody/produkt/spravce-reklam	branded+informational+commercial	cs
antee.cz	jak vytvořit nový účet na instagramu	10	0	25	0	7	https://navody.antee.cz/navody-old	branded+informational	cs
antee.cz	instagram založit účet	10	14	150	0	8	https://navody.antee.cz/navody-old	branded+informational+transactional	cs
antee.cz	perex	1000	0	13			https://www.antee.cz/blog/co-je-to-perex	branded+informational+commercial	cs
antee.cz	automatické odpovědi outlook	100	0				https://navody.antee.cz/file.php	branded+informational	cs
antee.cz	jak přepnout účet na instagramu	0	0				https://navody.antee.cz/navody/produkt/sdileni-instagramu	branded+informational	cs
antee.cz	admin.sreality	0	1		0	2	https://navody.antee.cz/navody/produkt/zalozeni-uctu-realitni-kancelare-na-srealitycz	branded+navigational+transactional	cs
antee.cz	konverzní	800	0		0	27	https://www.antee.cz/blog/co-je-konverze	informational	cs
antee.cz	město chřibská	10	0				https://www.antee.cz/reference-antee/produkt/mesto-chribska	navigational+informational	cs
antee.cz	jak zjistit majitele domeny	80	2	12			https://navody.antee.cz/navody-old/produkt/kdo_je_registrator_domeny	informational	cs
antee.cz	text automatické odpovědi v nepřítomnosti	30	0				https://navody.antee.cz/file.php	informational	cs
antee.cz	jak nastavit v outlooku automatickou odpověď	50	0				https://navody.antee.cz/file.php	branded+informational	cs
antee.cz	sprava webu	100	1	78			https://www.antee.cz/sprava-webovych-stranek	local+informational+commercial	cs
antee.cz	admin sreality	0	0		0	4	https://navody.antee.cz/navody/produkt/zalozeni-uctu-realitni-kancelare-na-srealitycz	branded+navigational+transactional	cs
antee.cz	responzivni	150	0	29			https://www.antee.cz/blog/responzivni-webdesign	informational	cs
antee.cz	ppc reklamy	250	1	286			https://www.antee.cz/blog/efektivni-nastaveni-ppc-reklamy-na-facebooku-prakticky-navod-ke-stazeni	informational+commercial	cs
antee.cz	pošta zašová	150	0				https://zasova.antee.cz/ceska-posta-a-zasilkovna	branded+local+informational	cs
antee.cz	mailto odkaz	20	0				https://navody.antee.cz/navody-old/produkt/odkaz-za-email	informational	cs
antee.cz	meta popisek	250	0	55			https://www.antee.cz/blog/meta-tagy-a-popisky-skryte-zbrane-vaseho-webu-ktere-rozhoduji-o-uspechu	informational	cs
antee.cz	3zszdar	100	0		0	3	https://www.antee.cz/reference-antee/produkt/zakladni-skola-zdar-nad-sazavou-komenskeho-6	branded+local+navigational+informational	cs
antee.cz	zbozi.cz administrace	0	0	2	0	5	https://navody.antee.cz/navody-old	branded+navigational+informational	cs
antee.cz	kultura zašová	0	0				https://zasova.antee.cz/kultura	branded+local+navigational+informational	cs
antee.cz	návštěvnost stránek	30	0	59			https://www.antee.cz/blog/mereni-navstevnosti-webovych-stranek	informational+commercial	cs
antee.cz	xml feed	100	2	29	0	11	https://navody.antee.cz/navody/produkt/xml-feed	informational	cs
antee.cz	automatická odpověď	150	1	5			https://navody.antee.cz/navody/produkt/automaticka-odpoved	informational	cs
antee.cz	obrázky z písmen	10	0		0	9		informational+commercial	cs
antee.cz	css >	0	0		0	4		branded+informational	cs
antee.cz	jak zjistit vlastníka domény	80	2	11			https://navody.antee.cz/navody-old/produkt/kdo_je_registrator_domeny	informational	cs
antee.cz	milan janda	30	0				https://www.antee.cz/reference-antee/produkt/milan-janda	informational	cs
antee.cz	co je odstavec	0	0		0	9		informational	cs
antee.cz	call to action	150	29	6	0	10		informational	cs
antee.cz	kaolinový důl	150	1	2			http://nevren.antee.cz/kaolinovy-dul	local+informational	cs
antee.cz	redakcni system	90	8	85			https://www.antee.cz/redakcni-system-ipo	informational+commercial	cs
antee.cz	odstavce	50	0		0	5		informational	cs
antee.cz	instagram novy ucet	0	11	15	0	10	https://navody.antee.cz/navody-old	branded+informational+transactional	cs
antee.cz	ipo	1100	2	13	0	6	https://ipo.antee.cz/	informational	cs
antee.cz	správce sociálních sítí	350	0	80			https://www.antee.cz/sprava-socialnich-siti	informational	cs
antee.cz	email vytvoření	20	19	25			https://navody.antee.cz/navody-old/produkt/vytvoreni-google-uctu-vlastni-e-mail	informational+transactional	cs
antee.cz	co je to konverze	60	5				https://www.antee.cz/blog/co-je-konverze	informational	cs
antee.cz	google vytvoření účtu	20	4				https://navody.antee.cz/navody-old/produkt/vytvoreni-google-uctu	branded+informational+transactional	cs
antee.cz	hasičský hotel přibyslav	20	0	15			https://www.antee.cz/reference-antee/produkt/hasicsky-hotel-pribyslav	branded+local+navigational+informational+commercial	cs
antee.cz	css styly	30	1		0	5	https://navody.antee.cz/navody/produkt/css-styly	branded+informational	cs
antee.cz	vytvoření účtu gmail	10	4	17			https://navody.antee.cz/navody-old/produkt/vytvoreni-google-uctu	branded+informational+transactional	cs
antee.cz	správa sociálních sítí brigáda	150	0	18			https://www.antee.cz/specialista-na-socialni-site	local+informational	cs
antee.cz	kaolinovy dul	10	0	2			http://nevren.antee.cz/kaolinovy-dul	local+informational	cs
antee.cz	gmail vytvoření účtu	30	6				https://navody.antee.cz/navody-old/produkt/vytvoreni-google-uctu	branded+informational+transactional	cs
antee.cz	sociální sítě ikony	10	0				https://navody.antee.cz/navody-old/produkt/socialni_media	informational	cs
antee.cz	levova	50	0				https://zasova.antee.cz/zdravotnictvi	local+informational	cs
antee.cz	jak vytvořit email	100	11	19			https://navody.antee.cz/navody-old/produkt/vytvoreni-google-uctu-vlastni-e-mail	informational	cs
antee.cz	pr článek	100	0	96			https://www.antee.cz/blog/co-jsou-to-pr-clanky	informational+commercial	cs
antee.cz	automaticka odpoved outlook	10	0				https://navody.antee.cz/file.php	branded+informational	cs
antee.cz	tvorba webové stránky	350	42	213			https://www.antee.cz/tvorba-webovych-stranek	local+informational+commercial	cs
antee.cz	vlastní email	100	5	165			https://navody.antee.cz/navody-old/produkt/vytvoreni-google-uctu-vlastni-e-mail	informational+commercial+transactional	cs
antee.cz	faststone image viewer cz	20	1				https://navody.antee.cz/file.php	branded+informational+commercial+transactional	cs
antee.cz	čistím zoubky řízy řízy	10	0				http://ms-holedec.antee.cz/fotogalerie-skolni-rok-20222023/cistim-zoubky-rizy-rizy	informational	cs
antee.cz	přihlášení do mailu	150	31				https://ipo.antee.cz/	navigational+transactional	cs
antee.cz	spravce socialnich siti	150	0	54			https://www.antee.cz/sprava-socialnich-siti	informational	cs
antee.cz	pno vypocet	30	0				https://www.antee.cz/blog/pno-v-praxi-vytezte-maximum-z-kazde-koruny-investovane-do-reklamy	informational	cs
antee.cz	domena co to je	20	0	13			https://navody.antee.cz/navody/produkt/co-je-to-domena	informational	cs
antee.cz	dvoufázové ověření google	0	2		0	10	https://www.antee.cz/blog/proc-aktivovat-dvoufazove-overeni-pro-ucet-google-ads	branded+informational	cs
antee.cz	jak přesměrovat email	20	0				https://navody.antee.cz/navody/produkt/presmerovani-e-mailu	informational	cs
antee.cz	automatická odpověd	10	1				https://navody.antee.cz/navody-old/produkt/automaticka-odpoved-dovolena	informational	cs
antee.cz	datovy analytik	200	0	20			https://www.antee.cz/datovy-analytik	informational+commercial	cs
antee.cz	sms počet znaků	20	0				https://navody.antee.cz/navody/produkt/sms-zpravy	informational	cs
antee.cz	podvodnici na fb	20	0				https://www.antee.cz/blog/bezpecne-chovani-na-internetu-jak-odhalit-podvodne-zpravy-na-facebooku	branded+informational	cs
antee.cz	poklop system	0	0	22			https://www.antee.cz/reference-antee/produkt/poklopsystem-s-r-o	branded+local+navigational+informational+commercial	cs
antee.cz	slevové kupóny	150	11	24			https://navody.antee.cz/navody-old/produkt/slevove-kupony	informational+commercial+transactional	cs
antee.cz	faststone	100	1	4			https://navody.antee.cz/file.php	branded+informational+transactional	cs
antee.cz	ppc seo	10	0	100			https://www.antee.cz/specialista-online-marketingu-ppc-seo-e-mailing	informational+commercial	cs
antee.cz	datový analitik	30	0	84			https://www.antee.cz/datovy-analytik	informational+commercial	cs
antee.cz	web stranky	150	49	220			https://www.antee.cz/tvorba-webovych-stranek	informational+commercial	cs
antee.cz	co je to feed	300	0				https://navody.antee.cz/navody/produkt/xml-feed	informational	cs
antee.cz	jak poznat hacknutý messenger	80	0				https://www.antee.cz/blog/bezpecne-chovani-na-internetu-jak-odhalit-podvodne-zpravy-na-facebooku	branded+informational	cs
antee.cz	www stranky	150	52	62			https://www.antee.cz/tvorba-webovych-stranek	informational+commercial	cs
antee.cz	webové domény	100	44	54			https://navody.antee.cz/navody-old/produkt/kdo_je_registrator_domeny	informational+commercial+transactional	cs
antee.cz	týdenní plán tabulka domácích prací pro děti	150	0				https://fileserver.antee.cz/zskol/ESF/dokumenty/moderni.pdf	informational	cs
antee.cz	dort z plechovek piva návod	50	0				https://fileserver.antee.cz/zskol/ESF/dokumenty/moderni.pdf	informational	cs
antee.cz	co jsou to	150	0				https://navody.antee.cz/navody/produkt/co-jsou-to-cookies	informational	cs
antee.cz	online webináře	20	1	16			https://www.antee.cz/webinare-vzdelavani	informational+commercial	cs
antee.cz	co je pno	70	0				https://www.antee.cz/blog/pno-v-praxi-vytezte-maximum-z-kazde-koruny-investovane-do-reklamy	informational	cs
antee.cz	obchodní zástupce	350	0	4			https://www.antee.cz/obchodni-zastupce	local+informational	cs
antee.cz	vývoj webu	350	23	170			https://www.antee.cz/tvorba-webovych-stranek	local+informational+commercial	cs
antee.cz	co to je doména	80	0				https://navody.antee.cz/navody/produkt/co-je-to-domena	informational	cs
antee.cz	zuš podbořany	150	0				https://www.antee.cz/reference-antee/produkt/zus-podborany	branded+local+navigational+informational	cs
antee.cz	jak přeposlat email	40	0				https://navody.antee.cz/navody/produkt/presmerovani-e-mailu	informational	cs
antee.cz	vytvořit nový účet google	100	4	23			https://navody.antee.cz/navody-old/produkt/vytvoreni-google-uctu	branded+informational+transactional	cs
antee.cz	učňovské obory pro dívky	150	0	16			https://sszm.antee.cz/obory-vzdelani/ucebni-obory/obory-stredniho-vzdelani-bez-vyucniho-listu	informational	cs
antee.cz	jak vytvořit nový email	90	11	17			https://navody.antee.cz/navody-old/produkt/vytvoreni-google-uctu-vlastni-e-mail	informational	cs
antee.cz	nevřeň kaolinový důl	40	0	3			http://nevren.antee.cz/kaolinovy-dul	local+informational	cs
antee.cz	podvody na facebooku	50	1				https://www.antee.cz/blog/bezpecne-chovani-na-internetu-jak-odhalit-podvodne-zpravy-na-facebooku	branded+informational	cs
antee.cz	mybusiness	40	28	107			https://navody.antee.cz/navody/produkt/sdileni-google-my-business	branded+informational+commercial	cs
antee.cz	rezervační systém	400	38	88			https://www.antee.cz/rezervacni-system-reenio	informational+commercial	cs
antee.cz	googleseznam	20	24				https://navody.antee.cz/navody-old/produkt/vlozeni_mapy	branded+navigational+informational	cs
antee.cz	lehké střední školy	300	2	10			https://spszr.antee.cz/informace-pro-obory-stredni-skoly	informational	cs
antee.cz	obecná žádost vzor	40	0				https://cdn.antee.cz/documents/zadost-o-poskytnuti-informace.pdf	informational	cs
antee.cz	jak zjistit majitele domény	150	2	12			https://navody.antee.cz/navody-old/produkt/kdo_je_registrator_domeny	informational	cs
antee.cz	optimalizace webu	300	2	309			https://www.antee.cz/seo-optimalizace-pro-vyhledavace	informational+commercial	cs
antee.cz	telemarketing zákaz	10	2	65			https://www.antee.cz/blog/ukonci-rok-2022-cold-calling-a-jak-jinak-ziskat-klienty	informational	cs
antee.cz	analýza webových stránek	150	0	127			https://www.antee.cz/webova-analytika	informational+commercial	cs
antee.cz	mailové	40	2	4			https://navody.antee.cz/navody/produkt/velikost-e-mailove-schranky	informational+commercial	cs
antee.cz	merchant google	150	8	63			https://navody.antee.cz/navody/statistiky-a-online-marketing/google/google-merchant-center	branded+informational	cs
antee.cz	vytváření webových stránek	30	42	136			https://www.antee.cz/tvorba-webovych-stranek	informational+commercial	cs
antee.cz	sova z ruličky od toaletního papíru	80	0				https://fileserver.antee.cz/zskol/ESF/dokumenty/svet2.pdf	informational	cs
antee.cz	tabulka turnajový pavouk vzor	0	0				https://fileserver.antee.cz/zskol/ESF/dokumenty/moderni.pdf	informational	cs
antee.cz	položek	150	0	86			https://navody.antee.cz/navody/produkt/rucni-razeni-polozek	informational	cs
antee.cz	action praha	7100	0	8			https://ipo.antee.cz/	branded+local+informational+commercial	cs
antee.cz	xnview	200	1	4			https://navody.antee.cz/file.php	branded+informational+transactional	cs
antee.cz	cta praha	10	0				https://ipo.antee.cz/	branded+local+navigational+informational+commercial	cs
antee.cz	redakční systémy	80	1	25			https://www.antee.cz/blog/redakcni-systemy-aneb-co-je-cms	informational+commercial	cs
antee.cz	email doručená pošta	10	37				https://navody.antee.cz/navody/produkt/propojeni-emailu-s-externimi-poskytovateli	branded+navigational+informational	cs
antee.cz	moje firma na googlu	150	0	37			https://navody.antee.cz/navody/produkt/zalozeni-firemni-profil-na-google	branded+informational+commercial	cs
antee.cz	instagramu	150	4	1			https://navody.antee.cz/navody/produkt/sdileni-instagramu	branded+navigational+informational	cs
antee.cz	redesign	200	0	216			https://www.antee.cz/blog/redesign-webu-krok-k-uspesnemu-a-modernimu-webu	informational	cs
antee.cz	internetovy marketing	20	0	106			https://www.antee.cz/internetovy-marketing	informational+commercial	cs
antee.cz	co je konverze měny	40	0				https://www.antee.cz/blog/co-je-konverze	informational	cs
antee.cz	klávesové zkratky	1300	0	3	0	25		informational	cs
antee.cz	emailu	30	32	22			https://navody.antee.cz/navody/produkt/propojeni-emailu-s-externimi-poskytovateli	navigational+informational	cs
antee.cz	google účet založení	20	4	18			https://navody.antee.cz/navody-old/produkt/vytvoreni-google-uctu	branded+navigational+informational+transactional	cs
antee.cz	pno meaning	80	0				https://www.antee.cz/blog/pno-v-praxi-vytezte-maximum-z-kazde-koruny-investovane-do-reklamy	informational	cs
antee.cz	senior taxi plzeň cena	40	12	3			https://zasova.antee.cz/aktuality/seniortaxi-cenik-od-112023	branded+local+informational+commercial	cs
antee.cz	on-line marketing	90	0	107			https://www.antee.cz/internetovy-marketing	informational+commercial	cs
antee.cz	návštěvnost webu	100	0	81			https://www.antee.cz/blog/mereni-navstevnosti-webovych-stranek	informational+commercial	cs
antee.cz	koně na prodej	1700	0	2	0	25		local+commercial+transactional	cs
antee.cz	www.google.cz mapy	20	25				https://navody.antee.cz/navody/produkt/google-mapy	branded+navigational+informational	cs
antee.cz	slevové	30	11	8			https://navody.antee.cz/navody-old/produkt/slevove-kupony	informational+commercial+transactional	cs
antee.cz	internetová doména	200	11	97			https://navody.antee.cz/navody/produkt/co-je-to-domena	informational+commercial	cs
antee.cz	camva	1300	0	18	0	9		branded+informational+commercial	cs
antee.cz	senior taxi ústí nad labem	10	0	9			https://zasova.antee.cz/aktuality/seniortaxi-cenik-od-112023	branded+local+informational+commercial+transactional	cs
antee.cz	konverze měny co to je	20	0				https://www.antee.cz/blog/co-je-konverze	informational	cs
antee.cz	zalozeni	60	1	52			https://navody.antee.cz/navody-old	branded+informational+commercial+transactional	cs
antee.cz	www.webmail	150	15	92			https://webmail.antee.cz/	navigational+transactional	cs
antee.cz	formátování textu	40	0				https://navody.antee.cz/navody-old/produkt/formatovani_textu	informational	cs
antee.cz	jak zjistit návštěvnost webu	70	0	58			https://www.antee.cz/blog/mereni-navstevnosti-webovych-stranek	informational	cs
antee.cz	zlatá střední cesta	0	0				https://www.antee.cz/reference-antee/zlata-stredni-cesta	informational+commercial	cs
antee.cz	obec kunčice pod ondřejníkem	10	0				https://www.antee.cz/reference-antee/produkt/obec-kuncice-pod-ondrejnikem	navigational+informational	cs
antee.cz	google.commapy	0	81				https://navody.antee.cz/navody/produkt/google-mapy	branded+informational	cs
antee.cz	heureka xml feed	100	1	82			https://navody.antee.cz/navody/produkt/xml-feed	branded+informational+commercial	cs
antee.cz	správce reklam	60	0	110			https://navody.antee.cz/navody/produkt/spravce-reklam	branded+informational+commercial	cs
antee.cz	admin.zbozi	30	0				https://navody.antee.cz/navody-old	branded+informational+commercial	cs
antee.cz	zsnsvor	40	0				https://www.antee.cz/reference-antee/produkt/zs-a-ms-brno-namesti-svornosti-7	branded+local+navigational+informational	cs
antee.cz	vytvoření účtu google	100	4	24			https://navody.antee.cz/navody-old/produkt/vytvoreni-google-uctu	branded+informational+transactional	cs
antee.cz	založení účtu google	80	4	18			https://navody.antee.cz/navody/produkt/zalozeni-uctu-google-merchant-center	branded+informational+transactional	cs
antee.cz	difak	10	0				https://www.antee.cz/reference-antee/produkt/sos-difak-sro	branded+local+informational+commercial	cs
antee.cz	oaholesovice	50	0				https://www.antee.cz/reference-antee/produkt/obchodni-akademie-holesovice	branded+local+navigational+informational	cs
antee.cz	bavimesesportem	0	0				https://www.antee.cz/textove-reference-zdroj/bavimesesportemcz	branded+local+informational	cs
antee.cz	internetový marketing	100	0	164			https://www.antee.cz/internetovy-marketing	informational+commercial	cs
antee.cz	titulek	250	0				https://www.antee.cz/blog/zaklady-seo-titulek-stranky	informational	cs
antee.cz	přihlásit se na email	350	50	6			https://webmail.antee.cz/	navigational+transactional	cs
antee.cz	4zscheb	40	0				https://www.antee.cz/reference-antee/produkt/4-zakladni-skola-cheb	branded+local+navigational+informational	cs
antee.cz	email přihlášení	8400	41	18			https://webmail.antee.cz/	navigational	cs
antee.cz	utm parametry	150	0	13			https://www.antee.cz/blog/rucni-vs-automaticke-utm-znackovani-jako-nastroj-efektivniho-marketingu	informational+commercial	cs
antee.cz	přihlášení	4800	28	39			https://ipo.antee.cz/	navigational	cs
antee.cz	koně prodej	100	0	5			https://agrotradestables.antee.cz/kone-na-prodej	local+commercial+transactional	cs
antee.cz	popisky	70	0	15			https://www.antee.cz/blog/meta-tagy-a-popisky-skryte-zbrane-vaseho-webu-ktere-rozhoduji-o-uspechu	informational+commercial	cs
antee.cz	vytvořit gmail	450	8	47			https://navody.antee.cz/navody-old/produkt/vytvoreni-google-uctu	branded+informational+transactional	cs
antee.cz	www.sre	70	50				https://navody.antee.cz/navody/produkt/zalozeni-uctu-realitni-kancelare-na-srealitycz	branded+navigational+informational+commercial	cs
antee.cz	artemia	100	0	23			https://www.antee.cz/blog/pripadova-studie-artemia-sro	informational+commercial+transactional	cs
antee.cz	responzivní	150	1	54			https://www.antee.cz/blog/responzivni-webdesign	informational	cs
antee.cz	dvoufázové ověření	250	2	17			https://www.antee.cz/blog/proc-aktivovat-dvoufazove-overeni-pro-ucet-google-ads	informational	cs
antee.cz	garnataurus	250	0	39			https://www.antee.cz/blog/pripadova-studie-garnataurus-sro	branded+local+informational+commercial	cs
antee.cz	pila martinice	150	0	49			https://www.antee.cz/reference-antee/produkt/pila-martinice-sro	branded+local+informational+commercial	cs
antee.cz	obchodní akademie holešovice	400	0	25			https://www.antee.cz/reference-antee/produkt/obchodni-akademie-holesovice	branded+local+navigational+informational	cs
antee.cz	xml feed heureka	40	2	107			https://navody.antee.cz/navody/produkt/xml-feed	branded+informational	cs
antee.cz	založení gmailu	100	5	18			https://navody.antee.cz/navody-old/produkt/vytvoreni-google-uctu	branded+informational	cs
antee.cz	zbozi.cz	9000	10	15			https://navody.antee.cz/navody-old	branded+navigational+informational+commercial	cs
antee.cz	ctr	900	2	12			https://www.antee.cz/blog/jak-ctr-pomaha-vasim-kampanim	informational+commercial	cs
antee.cz	ppc specialista	500	0	336			https://www.antee.cz/senior-ppc-specialista	informational	cs
antee.cz	¨se	700	38		0	22		branded+navigational+informational	cs
antee.cz	objednávek	150	0	109			https://navody.antee.cz/navody-old/produkt/nastaveni_objednavek	local+informational+commercial	cs
antee.cz	domény	400	73	92			https://navody.antee.cz/navody-old/produkt/kdo_je_registrator_domeny	informational+commercial+transactional	cs
antee.cz	4.zš cheb	40	0				https://www.antee.cz/reference-antee/produkt/4-zakladni-skola-cheb	branded+local+navigational+informational	cs
antee.cz	přihlášení email	2300	51	3			https://ipo.antee.cz/	informational	cs
antee.cz	kaolinový důl nevřeň	200	0	2			http://nevren.antee.cz/kaolinovy-dul	local+informational	cs
antee.cz	se,	700	52		0	23		branded+navigational+informational	cs
antee.cz	www seznam.cz	900	52	1			https://ipo.antee.cz/neprehlednete	branded+navigational	cs
antee.cz	se¨	60	40				https://www.antee.cz/blog/sem-marketingovy-nastroj-pro-rust-vaseho-byznysu	informational	cs
antee.cz	shopy	60	41	44			https://www.antee.cz/e-shopy-stare	informational+commercial	cs
antee.cz	vytvořit google účet	300	4	29			https://navody.antee.cz/navody-old/produkt/vytvoreni-google-uctu	branded+informational+transactional	cs
antee.cz	ga4	600	90	67			https://www.antee.cz/nastaveni-ga4	branded+informational+commercial	cs
antee.cz	mail.cz	20	22	14			https://webmail.antee.cz/	branded+navigational+informational	cs
antee.cz	copywriting.cz	50	1	38			https://www.antee.cz/copywriting	informational+commercial	cs
antee.cz	podvodné zprávy na messengeru 2023	0	0				https://www.antee.cz/blog/bezpecne-chovani-na-internetu-jak-odhalit-podvodne-zpravy-na-facebooku	branded+informational	cs
antee.cz	rozvazej pivo.cz	0	0		0	2		branded+navigational+informational+commercial	cs
antee.cz	přihlášení do e-mailu	0	31				https://ipo.antee.cz/	navigational+informational	cs
antee.cz	automatická odpověď.cz	0	1				https://navody.antee.cz/navody-old/produkt/automaticka-odpoved-dovolena	branded+navigational+informational	cs
antee.cz	ipo antee přihlášení	0	0		0	1	https://ipo.antee.cz/	branded+navigational+transactional	cs
antee.cz	obrázky ze znaků	0	0		0	6		informational	cs
antee.cz	příklady automatické odpovědi v nepřítomnosti	0	0				https://navody.antee.cz/file.php	informational	cs
antee.cz	jak psat odstavce	0	0		0	11		informational	cs
antee.cz	formátování textu word	0	0				https://navody.antee.cz/navody-old/produkt/vlozeni_z_ms_word	branded+informational	cs
antee.cz	sreality statistika	0	4				https://navody.antee.cz/navody/statistiky-a-online-marketing/seznam/srealitycz	branded+informational+commercial	cs
antee.cz	google adwords přihlášení	10	0	57			https://navody.antee.cz/navody-old/produkt/ads	branded+navigational+informational+transactional	cs
antee.cz	zbozi.cz prihlaseni	0	6	9	0	2		branded+navigational+transactional	cs
antee.cz	ipo antee webmail	0	0		0	1	https://webmail.antee.cz/	branded+navigational	cs
antee.cz	jak účtovat faktury od google 2022	0	0				https://navody.antee.cz/navody/produkt/stazeni-faktury-v-google-ads	branded+informational	cs
antee.cz	instagram podpora cz	0	0	120			https://navody.antee.cz/navody-old	branded+navigational+informational	cs
antee.cz	míša landová věk	0	0				https://fileserver.antee.cz/zskol/ESF/dokumenty/svet2.pdf	informational	cs
antee.cz	oaholesovice.cz	0	0		0	3	https://www.antee.cz/reference-antee/produkt/obchodni-akademie-holesovice	branded+local+navigational+informational	cs
antee.cz	mlýn a kříž	0	0				https://zasova.antee.cz/byvaly-rudolfuv-mlyn	branded+informational	cs
antee.cz	tvorba web stránek	0	34	194			https://www.antee.cz/tvorba-webovych-stranek	local+informational+commercial	cs
anycoders.cz	git	2900	0	16	118	1		branded+informational	cs
anycoders.cz	e2e	150	2	26	72	1		informational	cs
anycoders.cz	tvorba webových stránek české budějovice	1200	23	131			https://www.anycoders.cz/	local+informational+commercial+transactional	cs
anycoders.cz	ppc agentura	150	0	425	32	2		local+informational+commercial	cs
anycoders.cz	seo - marketing	600	34	159	26	8		informational	cs
anycoders.cz	accelerated mobile pages	300	73		23	4		branded+informational	cs
anycoders.cz	marketing seo	250	19	83	14	6	https://www.anycoders.cz/vice/proc-samotne-seo-nestaci-sem-jako-komplexni-pohled-na-marketing-ve-vyhledavacich	informational	cs
anycoders.cz	kebab case	80	23		13	1		informational	cs
anycoders.cz	seo in marketing	900	35	171	12	11		informational	cs
anycoders.cz	ips	1000	7	9	10	10		informational+commercial	cs
anycoders.cz	er diagram	400	0	6	9	2		informational	cs
anycoders.cz	seo optimalizace stránek	200	3				https://www.anycoders.cz/vice/seo--jak-se-dostat-na-prvni-stranku-googlu	informational+commercial	cs
anycoders.cz	web marketing seo	90	2		7	4		informational	cs
anycoders.cz	cors	250	59	3	6	1		informational	cs
anycoders.cz	seo google	150	0	122	6	1	https://www.anycoders.cz/vice/seo--jak-se-dostat-na-prvni-stranku-googlu	branded+informational+commercial	cs
anycoders.cz	http 404	200	9	8	6	6		informational	cs
anycoders.cz	short	400	17	9	6	6		informational	cs
anycoders.cz	backlog	600	0	20	5	9		informational	cs
anycoders.cz	attention span	250	44		5	7		informational	cs
anycoders.cz	předmět emailu	50	0		4	6	https://www.anycoders.cz/slovnik/predmet-emailu	informational	cs
anycoders.cz	core web vitals	200	78	56			https://www.anycoders.cz/vice/core-web-vitals	branded+informational	cs
anycoders.cz	aria	300	13	11	3	2		informational+commercial	cs
anycoders.cz	bleed	50	5		3	1		informational	cs
anycoders.cz	ui ux	200	0	51	3	10		informational	cs
anycoders.cz	digital marketing seo	200	81	30	3	12		informational	cs
anycoders.cz	e2e test	20	0	89	3	1		informational	cs
anycoders.cz	xhr	70	33		3	6		informational	cs
anycoders.cz	jak nahrát podcast na spotify	20	0		2	1	https://www.anycoders.cz/vice/jak-nahrat-podcast-na-spotify	branded+informational	cs
anycoders.cz	pay as you go	30	5		2	2		informational+commercial	cs
anycoders.cz	co je ups	150	0	14	2	10		informational	cs
anycoders.cz	adwords	500	0	86	2	1		branded+informational+commercial	cs
anycoders.cz	seo novinky	900	0	89	2	20		informational+commercial	cs
anycoders.cz	pay per click	150	6	93			https://www.anycoders.cz/slovnik/ppc	informational+commercial	cs
anycoders.cz	http 200	50	6		2	7		informational	cs
anycoders.cz	cogs význam	10	0		2	1		informational	cs
anycoders.cz	logo návrh	20	0	33	2	3		informational+commercial	cs
anycoders.cz	backend developer	200	0	20			https://www.anycoders.cz/jobs/backend-developer	informational	cs
anycoders.cz	co je rgb	30	0		2	2		informational	cs
anycoders.cz	foss	150	54	157	2	8		informational	cs
anycoders.cz	co je retence	150	0		1	8		informational	cs
anycoders.cz	co znamena fomo	50	1				https://www.anycoders.cz/slovnik/fomo	informational	cs
anycoders.cz	web vitals	60	60	48			https://www.anycoders.cz/vice/core-web-vitals	branded+informational	cs
anycoders.cz	affiliate programs	20	0	62	1	4		informational+commercial	cs
anycoders.cz	ppc specialist	80	0	74			https://www.anycoders.cz/jobs/ppc-specialist	local+informational+commercial	cs
anycoders.cz	mmm	100	0	6	1	8		branded+informational	cs
anycoders.cz	pay-as-you-go	10	6		1	3		informational+commercial	cs
anycoders.cz	co je cmyk	60	0				https://www.anycoders.cz/slovnik/cmyk	informational	cs
anycoders.cz	also asked	10	13				https://www.anycoders.cz/slovnik/lide-se-take-ptaji	informational	cs
anycoders.cz	fomo	2800	8	5			https://www.anycoders.cz/slovnik/fomo	informational	cs
anycoders.cz	open rate	100	0				https://www.anycoders.cz/slovnik/open-rate	informational	cs
anycoders.cz	co je frekvence	80	0		1	9		informational	cs
anycoders.cz	software na míru	80	0	282			https://www.anycoders.cz/software-development	local+informational+commercial	cs
anycoders.cz	double opt-in	70	0	3			https://www.anycoders.cz/slovnik/double-opt-in	informational	cs
anycoders.cz	seo ppc	30	7	114	1	9	https://www.anycoders.cz/vice/proc-samotne-seo-nestaci-sem-jako-komplexni-pohled-na-marketing-ve-vyhledavacich	informational+commercial	cs
anycoders.cz	meta pixel	30	70	21	1	9		branded+informational	cs
anycoders.cz	language models	10	0		1	3		informational	cs
anycoders.cz	virtual private network	50	72	73	1	10		informational	cs
anycoders.cz	payg	30	0		1	7		informational	cs
anycoders.cz	seo web marketing	10	0		1	5		informational+commercial	cs
anycoders.cz	fomo význam	800	0	4			https://www.anycoders.cz/slovnik/fomo	informational	cs
anycoders.cz	co je cpm	50	0		0	9		informational	cs
anycoders.cz	ctr	1200	28	12	0	24	https://www.anycoders.cz/slovnik/ctr	informational+commercial	cs
anycoders.cz	co je to frekvence	40	1		0	9		informational	cs
anycoders.cz	google geminy	0	0		0	3		branded+informational	cs
anycoders.cz	dos utok	30	0	202			https://www.anycoders.cz/slovnik/dos-a-ddos-utok	informational	cs
anycoders.cz	value proposition	250	0	4	0	19		informational	cs
anycoders.cz	spotify rss	20	0				https://www.anycoders.cz/vice/jak-nahrat-podcast-na-spotify	branded+informational	cs
anycoders.cz	co je to ups	600	0	17	0	26		informational	cs
anycoders.cz	ppc seo	10	0	100	0	7	https://www.anycoders.cz/vice/proc-samotne-seo-nestaci-sem-jako-komplexni-pohled-na-marketing-ve-vyhledavacich	informational+commercial	cs
anycoders.cz	co je předmět	100	1				https://www.anycoders.cz/slovnik/predmet-emailu	informational	cs
anycoders.cz	optimalizace telefonu	80	0	15			https://www.anycoders.cz/sluzby/optimalizace-webu-pro-mobilni-zarizeni-responzivni-design	informational	cs
anycoders.cz	google seo	300	96	113	0	7	https://www.anycoders.cz/vice/seo--jak-se-dostat-na-prvni-stranku-googlu	branded+informational	cs
anycoders.cz	kratka videa	0	0	16	0	2		informational	cs
anycoders.cz	online marketing agentura	150	24	114			https://www.anycoders.cz/	local+informational+commercial	cs
anycoders.cz	jak nahrát podcast	0	0		0	7	https://www.anycoders.cz/vice/jak-nahrat-podcast-na-spotify	informational	cs
anycoders.cz	jak vytvořit podcast	0	0	1	0	7	https://www.anycoders.cz/vice/jak-nahrat-podcast-na-spotify	informational	cs
anycoders.cz	tyden v letnaku	0	0	211			https://www.anycoders.cz/reference/tyden-v-letnaku	branded+local+informational	cs
anycoders.cz	adwords google	20	4	32	0	3		branded+informational+commercial	cs
anycoders.cz	rss spotify	30	0				https://www.anycoders.cz/vice/jak-nahrat-podcast-na-spotify	branded+informational	cs
anycoders.cz	sem marketing	200	0	5			https://www.anycoders.cz/slovnik/sem	informational	cs
anycoders.cz	google bussines	80	0	28	0	2		branded+informational+commercial	cs
anycoders.cz	online agentura	40	40	192			https://www.anycoders.cz/	local+informational+commercial	cs
anycoders.cz	optimalizace webu	300	2	309			https://www.anycoders.cz/vice/optimalizace-webu-pro-mobil-je-v-2024-nezbytnosti	informational+commercial	cs
anycoders.cz	nuxt	400	8	27	0	5		branded+navigational+informational	cs
anycoders.cz	míra okamžitého opuštění	50	0		0	7		informational	cs
anycoders.cz	legacy	300	0	7	0	7		informational+commercial	cs
anycoders.cz	beckend	30	0	33			https://www.anycoders.cz/sluzby/backend-development	informational	cs
anycoders.cz	front end developer	100	0	23			https://www.anycoders.cz/jobs/frontend-developer	informational+commercial	cs
anycoders.cz	pwa aplikace	100	0	83			https://www.anycoders.cz/sluzby/vyvoj-progresivnich-webovych-aplikaci-pwa	informational	cs
anycoders.cz	aws	3400	76	27	0	6		branded+informational+commercial	cs
anycoders.cz	jak zviditelnit eshop	10	0	38			https://www.anycoders.cz/vice/tiktok-marketing-eshop	informational+commercial	cs
anycoders.cz	click through rate	40	66	10			https://www.anycoders.cz/slovnik/ctr	informational	cs
anycoders.cz	zrušit populární vyhledávání	40	0				https://www.anycoders.cz/vice/jak-zlepsit-seo-v-roce-2025-ai-optimalizace	informational	cs
anycoders.cz	co je to předmět	60	1				https://www.anycoders.cz/slovnik/predmet-emailu	informational	cs
anycoders.cz	pwa	450	80	67			https://www.anycoders.cz/sluzby/vyvoj-progresivnich-webovych-aplikaci-pwa	informational	cs
anycoders.cz	inizio internet media s.r.o.	600	0				https://www.anycoders.cz/	branded+local+navigational+informational	cs
anycoders.cz	b2b význam	200	0	1			https://www.anycoders.cz/slovnik/b2b	informational	cs
anycoders.cz	uživatelské testování	200	0	50			https://www.anycoders.cz/sluzby/uzivatelske-testovani-a-expertni-hodnoceni-softwaru	informational	cs
anycoders.cz	aws amazon	30	41	127	0	5		branded+navigational+informational+commercial	cs
anycoders.cz	lts	30	19		0	6		informational	cs
anycoders.cz	www stranky	150	52	62			https://www.anycoders.cz/webove-stranky	informational+commercial	cs
anycoders.cz	on-line marketing	90	0	107			https://www.anycoders.cz/online-marketing	informational+commercial	cs
anycoders.cz	tisk brožur	150	0	90			https://www.anycoders.cz/sluzby/grafika-a-tisk-brozur-brozury-na-klic	informational+commercial+transactional	cs
anycoders.cz	persona	600	0	11	0	26		informational+commercial	cs
anycoders.cz	rebrending	40	0	33			https://www.anycoders.cz/sluzby/navrh-a-redesign-znacky-rebranding	informational	cs
anycoders.cz	marketingový audit	10	0	69			https://www.anycoders.cz/vice/audit-zdarma-jen-marketingovy-trik-jak-ziskat-skutecne-objektivni-hodnoceni	informational	cs
anycoders.cz	frontend development	10	48	41			https://www.anycoders.cz/sluzby/frontend-development	informational+commercial	cs
anycoders.cz	barevný model cmyk	60	1				https://www.anycoders.cz/slovnik/cmyk	informational	cs
anycoders.cz	phishing co to je	400	1	3			https://www.anycoders.cz/slovnik/phishing	informational	cs
anycoders.cz	tdd	150	0	12	0	10		informational	cs
anycoders.cz	technické seo	300	0	58			https://www.anycoders.cz/vice/seo--jak-se-dostat-na-prvni-stranku-googlu	informational+commercial	cs
anycoders.cz	audit webu	80	0	115			https://www.anycoders.cz/sluzby/komplexni-webove-audity-technicke-obsahove-ux	informational+commercial	cs
anycoders.cz	antoni	50	0	94	0	8		branded+informational+commercial	cs
anycoders.cz	jak nastavit seo	150	1	150			https://www.anycoders.cz/vice/seo--jak-se-dostat-na-prvni-stranku-googlu	informational	cs
anycoders.cz	dos vs ddos	10	3				https://www.anycoders.cz/slovnik/dos-a-ddos-utok	informational	cs
anycoders.cz	pmax	80	0	36	0	10		branded+informational+commercial	cs
anycoders.cz	upgates	1100	7	71	0	15		branded+navigational+informational+commercial	cs
anycoders.cz	ads	700	5	101	0	15		branded+informational+commercial	cs
anycoders.cz	s3	1100	0	6	0	17		branded+informational+commercial	cs
anycoders.cz	ppc specialista	500	0	336			https://www.anycoders.cz/jobs/ppc-specialist	informational	cs
anycoders.cz	prvni chodska	200	0	8			https://www.anycoders.cz/reference/prvni-chodska	branded+local+navigational+informational+commercial	cs
anycoders.cz	značka frekvence	0	1		0	9		informational	cs
anycoders.cz	faktura od google a dph	0	0		0	9		branded+informational+transactional	cs
anycoders.cz	my business google	30	8	42	0	2		branded+informational+commercial	cs
boppc.cz	audit ppc	100	0	527			https://www.boppc.cz/sluzby/ppc-audit	informational+commercial	cs
boppc.cz	správa ppc kampaní	2200	5	67			https://www.boppc.cz/sluzby	local+informational+commercial	cs
boppc.cz	správa ppc	900	4	424			https://www.boppc.cz/sluzby	informational+commercial	cs
boppc.cz	sprava ppc kampani	0	2				https://www.boppc.cz/sluzby	local+informational+commercial+transactional	cs
boppc.cz	správce reklam facebook	30	0	103	0	9		branded+informational+commercial	cs
cernovsky.cz	email marketing	3500	0	218	285	1	https://www.cernovsky.cz/marketing/email-marketing/	informational+commercial	cs
cernovsky.cz	coworking praha	500	19	84			https://www.cernovsky.cz/produktivita-seberozvoj/coworking-praha/	local+informational+commercial	cs
cernovsky.cz	sociální sítě	1700	3	43	67	4	https://www.cernovsky.cz/marketing/top-10-socialni-site/	informational	cs
cernovsky.cz	podcast co to je	150	0	58	62	1		informational	cs
cernovsky.cz	cowork praha	150	20	76			https://www.cernovsky.cz/produktivita-seberozvoj/coworking-praha/	local+informational+commercial	cs
cernovsky.cz	nejpoužívanější sociální sítě	100	2	25	39	1	https://www.cernovsky.cz/marketing/top-10-socialni-site/	informational+commercial	cs
cernovsky.cz	webová analytika	80	0	112	23	1	https://www.cernovsky.cz/weby-e-shopy/webova-analytika/	informational+commercial	cs
cernovsky.cz	reklamní texty	70	0	26			https://www.cernovsky.cz/marketing/texty-v-reklame-marketingu/	informational+commercial	cs
cernovsky.cz	knihovna reklam	350	0	340			https://www.cernovsky.cz/marketing/jak-najit-facebook-reklamu-konkurence/	branded+informational	cs
cernovsky.cz	ai nástroje	200	54	34	19	3	https://www.cernovsky.cz/marketing/ai-nastroje/	informational+commercial	cs
cernovsky.cz	socialni site	700	0	29	19	1	https://www.cernovsky.cz/marketing/top-10-socialni-site/	informational	cs
cernovsky.cz	marketing restaurace	100	10	63	18	2		informational+commercial	cs
cernovsky.cz	knihovna reklam facebook	300	0	145	16	6	https://www.cernovsky.cz/marketing/jak-najit-facebook-reklamu-konkurence/	branded+navigational+informational	cs
cernovsky.cz	jak vytvořit reklamu na facebooku	200	0	34			https://www.cernovsky.cz/marketing/facebook-reklama-jak-na-ni/	branded+informational+commercial	cs
cernovsky.cz	nové sociální sítě	30	2	37	14	1	https://www.cernovsky.cz/marketing/top-10-socialni-site/	informational+commercial	cs
cernovsky.cz	druhy sociálních sítí	40	2		14	2	https://www.cernovsky.cz/marketing/druhy-socialnich-siti/	informational	cs
cernovsky.cz	socialní sítě	150	5	24			https://www.cernovsky.cz/marketing/top-10-socialni-site/	informational+commercial	cs
cernovsky.cz	nejpoužívanější sociální sítě v čr	60	3	22	13	1	https://www.cernovsky.cz/marketing/top-10-socialni-site/	informational+commercial	cs
cernovsky.cz	jak udělat reels	70	52	17			https://www.cernovsky.cz/marketing/instagram-reels/	branded+informational	cs
cernovsky.cz	bereal	100	1	0	12	1	https://www.cernovsky.cz/marketing/bereal/	branded+informational	cs
cernovsky.cz	nejlepší fotobanky	90	0	54	12	3		informational+commercial	cs
cernovsky.cz	coworking space praha	90	3	100	11	5	https://www.cernovsky.cz/produktivita-seberozvoj/coworking-praha/	local+informational+commercial	cs
cernovsky.cz	jak na instagram	200	0	10	11	7	https://www.cernovsky.cz/marketing/jak-uspet-na-instagramu/	branded+informational	cs
cernovsky.cz	jak být úspěšný na instagramu	40	0	21	11	1	https://www.cernovsky.cz/marketing/jak-uspet-na-instagramu/	branded+informational	cs
cernovsky.cz	sociální sitě	80	4	34			https://www.cernovsky.cz/marketing/top-10-socialni-site/	informational	cs
cernovsky.cz	nejlepší ai aplikace	150	48	34	10	1		informational+commercial	cs
cernovsky.cz	jak vytvořit reels na instagramu	70	56	9	9	1	https://www.cernovsky.cz/marketing/instagram-reels/	branded+informational	cs
cernovsky.cz	reklamní text	20	0	21	9	1	https://www.cernovsky.cz/marketing/texty-v-reklame-marketingu/	informational	cs
cernovsky.cz	wordpress web	100	95	133	9	3	https://www.cernovsky.cz/weby-e-shopy/wordpress-webove-stranky-pro-vsechny/	branded+informational+commercial+transactional	cs
cernovsky.cz	propagace restaurace	50	0		9	2		informational+commercial	cs
cernovsky.cz	facebook reklamy	100	0	145	9	3	https://www.cernovsky.cz/marketing/facebook-reklama-jak-na-ni/	branded+informational+commercial	cs
cernovsky.cz	b2b b2c	100	0	3			https://www.cernovsky.cz/marketing/b2c-b2b-marketing-chyby-rozdily/	informational+commercial	cs
cernovsky.cz	coworking space	150	22	121			https://www.cernovsky.cz/produktivita-seberozvoj/coworking-praha/	local+informational+commercial+transactional	cs
cernovsky.cz	marketingový mix	350	0	29	7	6		informational	cs
cernovsky.cz	marketing pro restaurace	40	7	77	7	2	https://www.cernovsky.cz/marketing/marketing-pro-restaurace-kavarny/	informational+commercial	cs
cernovsky.cz	online marketing influencer	300	31		6	10		informational+commercial	cs
cernovsky.cz	seznam sociálních sítí	50	0	22	6	1	https://www.cernovsky.cz/marketing/top-10-socialni-site/	informational	cs
cernovsky.cz	reels co to je	100	0		5	5	https://www.cernovsky.cz/marketing/instagram-reels/	branded+informational	cs
cernovsky.cz	4p marketingový mix	100	0	67			https://www.cernovsky.cz/marketing/marketingovy-mix-4p/	informational	cs
cernovsky.cz	praha coworking	40	0	65	5	3	https://www.cernovsky.cz/produktivita-seberozvoj/coworking-praha/	local+informational+commercial	cs
cernovsky.cz	jak udělat reels na instagramu	80	0	21	5	4	https://www.cernovsky.cz/marketing/instagram-reels/	branded+informational	cs
cernovsky.cz	nejznámější sociální sítě	30	2		5	2	https://www.cernovsky.cz/marketing/top-10-socialni-site/	informational	cs
cernovsky.cz	marketingový trychtýř	100	0		5	5	https://www.cernovsky.cz/marketing/marketingovy-trychtyr/	informational	cs
cernovsky.cz	jak udělat reels z fotek	70	49	14	5	4	https://www.cernovsky.cz/marketing/instagram-reels/	branded+informational	cs
cernovsky.cz	reklama na linkedin	20	0	49	5	2	https://www.cernovsky.cz/marketing/linkedin-reklama-moznosti-cileni/	branded+informational+commercial	cs
cernovsky.cz	instagram reels	90	42	7	5	6	https://www.cernovsky.cz/marketing/instagram-reels/	branded+informational	cs
cernovsky.cz	ai technologie	100	4	17			https://www.cernovsky.cz/marketing/ai-nastroje/	informational	cs
cernovsky.cz	sociální site	20	3	34	4	1	https://www.cernovsky.cz/marketing/top-10-socialni-site/	informational	cs
cernovsky.cz	sdílené kanceláře	200	5	72			https://www.cernovsky.cz/produktivita-seberozvoj/coworking-praha/	local+informational+commercial	cs
cernovsky.cz	socialni sit	150	5	16	4	2		informational	cs
cernovsky.cz	linkedin reklama	30	0	70	4	2	https://www.cernovsky.cz/marketing/linkedin-reklama-moznosti-cileni/	branded+informational+commercial	cs
cernovsky.cz	tiktok reklamy	100	0	174			https://www.cernovsky.cz/marketing/tiktok-reklama/	branded+informational+commercial	cs
cernovsky.cz	české sociální sítě	80	0		4	1	https://www.cernovsky.cz/marketing/top-10-socialni-site/	informational	cs
cernovsky.cz	e-mail marketing	60	0	143	4	1	https://www.cernovsky.cz/marketing/email-marketing/	informational+commercial	cs
cernovsky.cz	jaké jsou sociální sítě	50	5	31	4	4	https://www.cernovsky.cz/marketing/druhy-socialnich-siti/	informational	cs
cernovsky.cz	reels na instagramu	10	52	31	4	1	https://www.cernovsky.cz/marketing/instagram-reels/	branded+informational	cs
cernovsky.cz	nejlepsi ai aplikace	40	39	5	4	1		informational+commercial	cs
cernovsky.cz	co je reels	150	51				https://www.cernovsky.cz/marketing/instagram-reels/	branded+informational	cs
cernovsky.cz	jak na tiktok	90	0	21			https://www.cernovsky.cz/marketing/tiktok-vyhody-tipy/	branded+informational	cs
cernovsky.cz	bereal co to je	10	0				https://www.cernovsky.cz/marketing/bereal/	branded+informational	cs
cernovsky.cz	personalizované	150	1				https://www.cernovsky.cz/marketing/personalizovana-reklama/	local+informational+commercial+transactional	cs
cernovsky.cz	tic toc	100	37	9	3	7		branded+navigational+informational	cs
cernovsky.cz	druhy umělé inteligence	30	46		3	1	https://www.cernovsky.cz/marketing/ai-nastroje/	informational	cs
cernovsky.cz	marketingový mix 4p	250	0	29	3	6	https://www.cernovsky.cz/marketing/marketingovy-mix-4p/	informational	cs
cernovsky.cz	sociální sítě seznam	80	4	22	3	6	https://www.cernovsky.cz/marketing/top-10-socialni-site/	branded+informational	cs
cernovsky.cz	tiktok reklama	30	0	99			https://www.cernovsky.cz/marketing/tiktok-reklama/	branded+informational+commercial	cs
cernovsky.cz	soc site	10	0		3	1	https://www.cernovsky.cz/marketing/top-10-socialni-site/	informational+commercial	cs
cernovsky.cz	jak vytvořit reels z fotek	50	33	17	3	5	https://www.cernovsky.cz/marketing/instagram-reels/	branded+informational	cs
cernovsky.cz	jak zvýšit dosah na instagramu	90	0				https://www.cernovsky.cz/marketing/jak-uspet-na-instagramu/	branded+informational	cs
cernovsky.cz	marketing mix 4p	150	0				https://www.cernovsky.cz/marketing/marketingovy-mix-4p/	informational+commercial	cs
cernovsky.cz	všechny sociální sítě	50	0	33	3	1	https://www.cernovsky.cz/marketing/top-10-socialni-site/	informational	cs
cernovsky.cz	chatboot	40	0	93	3	4		informational+commercial	cs
cernovsky.cz	je whatsapp sociální síť	80	0				https://www.cernovsky.cz/marketing/top-10-socialni-site/	branded+informational	cs
cernovsky.cz	personalizaci	50	0	19			https://www.cernovsky.cz/marketing/personalizovana-reklama/	informational+commercial	cs
cernovsky.cz	tvorba reels	40	33	22	2	4	https://www.cernovsky.cz/marketing/instagram-reels/	branded+informational+commercial	cs
cernovsky.cz	4 p marketingu	30	0		2	1	https://www.cernovsky.cz/marketing/marketingovy-mix-4p/	informational	cs
cernovsky.cz	nejlepší umělá inteligence	150	1	32			https://www.cernovsky.cz/marketing/ai-nastroje/	informational+commercial	cs
cernovsky.cz	sociální aplikace	50	8	24			https://www.cernovsky.cz/marketing/top-10-socialni-site/	informational+commercial	cs
cernovsky.cz	chatbot co to je	40	0				https://www.cernovsky.cz/en/marketing/chatbot-marketing/	informational	cs
cernovsky.cz	co je chatbot	40	1				https://www.cernovsky.cz/en/marketing/chatbot-marketing/	informational	cs
cernovsky.cz	chatboti	90	1	93			https://www.cernovsky.cz/en/marketing/chatbot-marketing/	informational	cs
cernovsky.cz	marketing mix	70	2	31	2	1		informational	cs
cernovsky.cz	tvorba webových stránek wordpress	100	2	137			https://www.cernovsky.cz/weby-e-shopy/wordpress-webove-stranky-pro-vsechny/	branded+informational+commercial	cs
cernovsky.cz	co znamená uživatel instagramu	60	0				https://www.cernovsky.cz/marketing/top-10-socialni-site/	informational	cs
cernovsky.cz	marketing email	40	58	155	2	7	https://www.cernovsky.cz/marketing/email-marketing/	informational+commercial	cs
cernovsky.cz	sociální síte	20	2	35	2	1	https://www.cernovsky.cz/marketing/top-10-socialni-site/	informational	cs
cernovsky.cz	video marketing	300	0	22			https://www.cernovsky.cz/marketing/video-reklama-online/	informational+commercial	cs
cernovsky.cz	conversion api	20	20				https://www.cernovsky.cz/marketing/facebook-conversions-api/	branded+informational+commercial	cs
cernovsky.cz	influencer marketing	700	0	117	2	19	https://www.cernovsky.cz/marketing/influencer-marketing-navod/	informational+commercial	cs
cernovsky.cz	4p marketing mix	70	10		2	10	https://www.cernovsky.cz/marketing/marketingovy-mix-4p/	informational	cs
cernovsky.cz	reklama facebook	90	0	319	2	7		branded+informational+commercial	cs
cernovsky.cz	meta knihovna reklam	60	0	283	2	9	https://www.cernovsky.cz/marketing/jak-najit-facebook-reklamu-konkurence/	branded+informational	cs
cernovsky.cz	facebook knihovna reklam	30	0	329	2	6	https://www.cernovsky.cz/marketing/jak-najit-facebook-reklamu-konkurence/	branded+navigational+informational	cs
cernovsky.cz	instagram reel	90	56	5			https://www.cernovsky.cz/marketing/instagram-reels/	branded+informational	cs
cernovsky.cz	tvorba webu wordpress	100	3	136			https://www.cernovsky.cz/weby-e-shopy/wordpress-webove-stranky-pro-vsechny/	branded+local+informational+commercial	cs
cernovsky.cz	4 p marketing	80	0				https://www.cernovsky.cz/marketing/marketingovy-mix-4p/	informational+commercial	cs
cernovsky.cz	ig reels	30	36	24	1	2	https://www.cernovsky.cz/marketing/instagram-reels/	branded+informational	cs
cernovsky.cz	na instagramu	40	0		1	1	https://www.cernovsky.cz/marketing/jak-uspet-na-instagramu/	branded+informational	cs
cernovsky.cz	co je tik tok	40	3	23	1	6	https://www.cernovsky.cz/marketing/tiktok-vyhody-tipy/	branded+informational	cs
cernovsky.cz	je youtube sociální síť	80	1				https://www.cernovsky.cz/marketing/top-10-socialni-site/	branded+informational	cs
cernovsky.cz	nejnovější sociální sítě	10	1	43	1	2	https://www.cernovsky.cz/marketing/top-10-socialni-site/	informational+commercial	cs
cernovsky.cz	maximální délka reels	20	15				https://www.cernovsky.cz/marketing/instagram-reels/	branded+informational	cs
cernovsky.cz	personalizací	40	0				https://www.cernovsky.cz/marketing/personalizovana-reklama/	informational+commercial	cs
cernovsky.cz	rozdíl mezi reels a stories	70	46				https://www.cernovsky.cz/marketing/instagram-reels/	branded+informational	cs
cernovsky.cz	jak používat instagram	40	0	250	1	9	https://www.cernovsky.cz/marketing/jak-uspet-na-instagramu/	branded+informational	cs
cernovsky.cz	co je to tiktok	90	0				https://www.cernovsky.cz/marketing/tiktok-vyhody-tipy/	branded+informational	cs
cernovsky.cz	e mail marketing	50	0	150			https://www.cernovsky.cz/marketing/email-marketing/	informational+commercial	cs
cernovsky.cz	kolik stoji reklama na instagramu	40	0	43			https://www.cernovsky.cz/marketing/influencer-marketing-navod/	branded+informational+commercial	cs
cernovsky.cz	jak pracovat s instagramem	40	0		1	9	https://www.cernovsky.cz/marketing/jak-uspet-na-instagramu/	branded+informational	cs
cernovsky.cz	personalizovaná reklama	30	0		1	4	https://www.cernovsky.cz/marketing/personalizovana-reklama/	informational+commercial	cs
cernovsky.cz	reklama na youtube	50	0	62			https://www.cernovsky.cz/marketing/youtube-reklama-navod/	branded+informational+commercial	cs
cernovsky.cz	reklamy na tiktoku	40	0	90			https://www.cernovsky.cz/marketing/tiktok-reklama/	branded+informational+commercial	cs
cernovsky.cz	střihač videí	40	0	17			https://www.cernovsky.cz/strihani-videi-podnikatel/	informational+commercial	cs
cernovsky.cz	loga sociálních sítí	60	0		1	10		informational+commercial	cs
cernovsky.cz	sociální sít	10	0	34	1	1	https://www.cernovsky.cz/marketing/top-10-socialni-site/	informational	cs
cernovsky.cz	generace xyz	40	1				https://www.cernovsky.cz/marketing/generace-xyz-reklama/	informational	cs
cernovsky.cz	kniha o spánku	20	0	7	1	6		informational+commercial+transactional	cs
cernovsky.cz	seo - blog	700	90	104	1	23		informational+commercial	cs
cernovsky.cz	tik tok reklama	60	0	99			https://www.cernovsky.cz/marketing/tiktok-reklama/	branded+informational+commercial	cs
cernovsky.cz	jak mít více followers na instagramu	150	30		1	18		branded+informational+commercial	cs
cernovsky.cz	typy umělé inteligence	30	42	19	1	8	https://www.cernovsky.cz/marketing/ai-nastroje/	informational	cs
cernovsky.cz	reklamy facebook	20	0	120	1	6		branded+informational+commercial	cs
cernovsky.cz	facebook conversion api	10	14	110			https://www.cernovsky.cz/marketing/facebook-conversions-api/	branded+informational	cs
cernovsky.cz	jak natočit reels	10	39	18	1	6	https://www.cernovsky.cz/marketing/instagram-reels/	branded+informational	cs
cernovsky.cz	facebook reklama	100	0	189	1	8	https://www.cernovsky.cz/marketing/facebook-reklama-jak-na-ni/	branded+informational+commercial	cs
cernovsky.cz	co jsou reels	30	55				https://www.cernovsky.cz/marketing/instagram-reels/	branded+informational	cs
cernovsky.cz	reklama na tiktoku	30	0	90	1	10	https://www.cernovsky.cz/marketing/tiktok-reklama/	branded+informational+commercial	cs
cernovsky.cz	umělá inteligence program	20	1				https://www.cernovsky.cz/marketing/ai-nastroje/	informational+commercial	cs
cernovsky.cz	co je to reel	10	0		1	7		branded+informational	cs
cernovsky.cz	sociální dilema	20	1		0	9		branded+informational	cs
cernovsky.cz	co jsou sociální sítě	10	2	11	0	7	https://www.cernovsky.cz/marketing/top-10-socialni-site/	informational	cs
cernovsky.cz	reels instagram	10	31	11	0	5		branded+informational	cs
cernovsky.cz	al inteligence	500	26	14			https://www.cernovsky.cz/marketing/ai-nastroje/	informational	cs
cernovsky.cz	canva zdarma	7600	29	14			https://www.cernovsky.cz/marketing/canva-grafika/	branded+informational+commercial	cs
cernovsky.cz	reklamní slogany příklady	80	0				https://www.cernovsky.cz/marketing/texty-v-reklame-marketingu/	informational	cs
cernovsky.cz	reel instagram	10	36	16	0	7	https://www.cernovsky.cz/marketing/instagram-reels/	branded+informational	cs
cernovsky.cz	co je reel	10	55		0	7	https://www.cernovsky.cz/marketing/instagram-reels/	branded+informational	cs
cernovsky.cz	tiktok co to je	20	1		0	11		branded+informational	cs
cernovsky.cz	co je to reels	10	56		0	7		branded+informational	cs
cernovsky.cz	reklama na facebook	10	0	120	0	6		branded+informational+commercial	cs
cernovsky.cz	coworking centrum	40	8	65			https://www.cernovsky.cz/produktivita-seberozvoj/coworking-praha/	local+informational+commercial	cs
cernovsky.cz	personalizované reklamy	0	0		0	4	https://www.cernovsky.cz/marketing/personalizovana-reklama/	informational	cs
cernovsky.cz	marketing video	10	0				https://www.cernovsky.cz/marketing/video-reklama-online/	informational+commercial	cs
cernovsky.cz	ai program	50	2	28			https://www.cernovsky.cz/marketing/ai-nastroje/	informational+commercial	cs
cernovsky.cz	produktový mix	40	0	50			https://www.cernovsky.cz/marketing/marketingovy-mix-4p/	informational+commercial	cs
cernovsky.cz	reklama na facebooku	200	0	168			https://www.cernovsky.cz/marketing/reklamni-formaty-na-facebooku/	branded+informational+commercial	cs
cernovsky.cz	sledování videí za peníze tiktok	150	0	8			https://www.cernovsky.cz/marketing/tiktok-vyhody-tipy/	branded+informational+commercial	cs
cernovsky.cz	marketing podcast	40	0	14			https://www.cernovsky.cz/marketing/jak-na-podcast-marketing/	informational	cs
cernovsky.cz	popisky do bia na ig	80	0				https://www.cernovsky.cz/marketing/jak-uspet-na-instagramu/	branded+informational	cs
cernovsky.cz	vybrat eshop	150	3	153			https://www.cernovsky.cz/weby-e-shopy/kdyz-vytvarite-e-shop-jake-reseni-zvolit/	informational+commercial	cs
cernovsky.cz	personalizace reklam	20	1		0	8	https://www.cernovsky.cz/marketing/personalizovana-reklama/	informational	cs
cernovsky.cz	stories formát	20	0				https://www.cernovsky.cz/marketing/reklamni-formaty-na-facebooku/	branded+informational	cs
cernovsky.cz	chat boot	20	7	18			https://www.cernovsky.cz/marketing/chatbot-marketing/	informational+commercial	cs
cernovsky.cz	reklamě	20	0	39			https://www.cernovsky.cz/marketing/texty-v-reklame-marketingu/	informational	cs
cernovsky.cz	fotky z pinterestu	40	0				https://www.cernovsky.cz/marketing/socialni-sit-pinterest/	branded+informational	cs
cernovsky.cz	vydělávání na tiktoku	10	0	9	0	9		branded+informational+commercial	cs
cernovsky.cz	sociální síť	250	7	40			https://www.cernovsky.cz/marketing/druhy-socialnich-siti/	informational	cs
cernovsky.cz	ppc reklama co to je	250	1	76			https://www.cernovsky.cz/marketing/ppc-reklama/	informational	cs
cernovsky.cz	pinterest česká republika	0	0				https://www.cernovsky.cz/marketing/socialni-sit-pinterest/	branded+navigational+informational	cs
cernovsky.cz	jak vydělávat na tiktoku	90	0	35			https://www.cernovsky.cz/marketing/tiktok-vyhody-tipy/	branded+informational+commercial	cs
cernovsky.cz	jak na wordpress	90	0	72			https://www.cernovsky.cz/weby-e-shopy/wordpress-webove-stranky-pro-vsechny/	branded+informational	cs
cernovsky.cz	ppc kampaně	400	2	236			https://www.cernovsky.cz/marketing/ppc-reklama/	informational+commercial	cs
cernovsky.cz	influencera	20	0	23			https://www.cernovsky.cz/marketing/influencer-marketing-navod/	informational+commercial	cs
cernovsky.cz	fb událost rozměry	30	0				https://www.cernovsky.cz/marketing/reklamni-formaty-na-facebooku/	branded+informational	cs
cernovsky.cz	simon sinek začněte s proč	70	0	13			https://www.cernovsky.cz/produktivita-seberozvoj/zacnete-s-proc-simon-sinek/	branded+informational+commercial+transactional	cs
cernovsky.cz	podcast marketing	40	0	15			https://www.cernovsky.cz/marketing/jak-na-podcast-marketing/	informational+commercial	cs
cernovsky.cz	marketingovy mix	70	0	61	0	11	https://www.cernovsky.cz/marketing/marketingovy-mix-4p/	informational	cs
cernovsky.cz	velikost banneru	80	0	14			https://www.cernovsky.cz/marketing/reklamni-formaty-na-facebooku/	informational+commercial	cs
cernovsky.cz	pinterest - česká republika	0	0				https://www.cernovsky.cz/marketing/socialni-sit-pinterest/	branded+navigational+informational	cs
cernovsky.cz	jak stříhat videa na instagramu	10	0	20			https://www.cernovsky.cz/marketing/instagram-reels/	branded+informational	cs
cernovsky.cz	wordpress cz	70	23	120	0	8	https://www.cernovsky.cz/weby-e-shopy/wordpress-webove-stranky-pro-vsechny/	branded+navigational+informational	cs
cernovsky.cz	ig reels format	20	9	120			https://www.cernovsky.cz/marketing/instagram-reels/	branded+informational	cs
cernovsky.cz	spolupráce s influencery cena	40	0	32			https://www.cernovsky.cz/en/marketing/influencer-marketing-navod/	informational+commercial	cs
cernovsky.cz	co je influencer	450	0	1			https://www.cernovsky.cz/marketing/influencer-marketing-navod/	informational	cs
cernovsky.cz	co je bereal	0	0		0	11	https://www.cernovsky.cz/marketing/bereal/	branded+informational	cs
cernovsky.cz	tiktok platí za sledování videí	70	0	60			https://www.cernovsky.cz/marketing/tiktok-vyhody-tipy/	branded+informational	cs
cernovsky.cz	co je to wordpress	200	0				https://www.cernovsky.cz/weby-e-shopy/wordpress-webove-stranky-pro-vsechny/	branded+informational	cs
cernovsky.cz	influence marketing	40	0	55			https://www.cernovsky.cz/marketing/influencer-marketing-navod/	informational+commercial	cs
cernovsky.cz	free fotobanky	40	13	50			https://www.cernovsky.cz/marketing/nejlepsi-fotobanky-free/	informational	cs
cernovsky.cz	be real aplikace	0	0		0	10	https://www.cernovsky.cz/marketing/bereal/	branded+informational	cs
cernovsky.cz	nejlepší eshop zdarma	80	7	121			https://www.cernovsky.cz/weby-e-shopy/kdyz-vytvarite-e-shop-jake-reseni-zvolit/	informational+commercial	cs
cernovsky.cz	personalizace co to je	20	0				https://www.cernovsky.cz/marketing/personalizovana-reklama/	informational	cs
cernovsky.cz	jak si vydělat na tiktoku	0	0	10	0	10		branded+informational+commercial	cs
cernovsky.cz	videi	40	1	3			https://www.cernovsky.cz/strihani-videi-podnikatel/	informational	cs
cernovsky.cz	stříhání videí	50	0	26			https://www.cernovsky.cz/strihani-videi-podnikatel/	informational+commercial	cs
cernovsky.cz	co je coworking	150	0				https://www.cernovsky.cz/produktivita-seberozvoj/coworking-praha/	informational	cs
cernovsky.cz	cookies lista	20	3	27			https://www.cernovsky.cz/weby-e-shopy/gdpr-cookie-lista-na-webu/	informational	cs
cernovsky.cz	blog seo	100	0	73			https://www.cernovsky.cz/marketing/jak-na-seo/	informational+commercial	cs
cernovsky.cz	jak sestříhat video na instagram	30	0	15			https://www.cernovsky.cz/marketing/instagram-reels/	branded+informational	cs
cernovsky.cz	kdy postovat na tiktok	90	0				https://www.cernovsky.cz/marketing/instagram-reels/	branded+informational	cs
cernovsky.cz	canva co to je	150	0				https://www.cernovsky.cz/en/marketing/canva-grafika/	branded+informational	cs
cernovsky.cz	jak sdílet reels ve stories	0	0				https://www.cernovsky.cz/marketing/instagram-reels/	branded+informational	cs
cernovsky.cz	spolupráce s influencery	10	0	44			https://www.cernovsky.cz/marketing/influencer-marketing-navod/	informational+commercial	cs
cernovsky.cz	vznik facebooku v čr	20	0				https://www.cernovsky.cz/marketing/top-10-socialni-site/	branded+informational	cs
cernovsky.cz	aplikace na reels	20	0	11			https://www.cernovsky.cz/marketing/instagram-reels/	branded+informational+commercial	cs
cernovsky.cz	jak získat sledující na tiktoku	90	0	22			https://www.cernovsky.cz/marketing/tiktok-vyhody-tipy/	branded+informational	cs
cernovsky.cz	reklama na	90	0	63			https://www.cernovsky.cz/marketing/reklama-na-twitteru/	informational+commercial	cs
cernovsky.cz	canva cena	200	0	28			https://www.cernovsky.cz/marketing/canva-grafika/	branded+informational+commercial	cs
cernovsky.cz	marketing 4p	40	3	28	0	9	https://www.cernovsky.cz/marketing/marketingovy-mix-4p/	informational	cs
cernovsky.cz	rozměry bannerů google ads	30	0	60			https://www.cernovsky.cz/marketing/reklamni-formaty-na-facebooku/	branded+informational+commercial	cs
cernovsky.cz	co je adblock	30	0		0	11		branded+informational	cs
cernovsky.cz	jaká jsem generace	200	2				https://www.cernovsky.cz/marketing/generace-xyz-reklama/	informational	cs
cernovsky.cz	linkedin marketing	90	55	45			https://www.cernovsky.cz/marketing/linkedin-socialni-sit/	branded+informational+commercial	cs
cernovsky.cz	kdy byl založen instagram	40	0				https://www.cernovsky.cz/marketing/jak-uspet-na-instagramu/	branded+informational	cs
cernovsky.cz	4p marketing	90	2	49	0	11	https://www.cernovsky.cz/marketing/marketingovy-mix-4p/	informational	cs
cernovsky.cz	vánoční reklamy	20	0				https://www.cernovsky.cz/marketing/top-3-nejlepsi-vanocni-reklamy-roku-2020/	informational+commercial	cs
cernovsky.cz	co working space prague	40	5	144			https://www.cernovsky.cz/produktivita-seberozvoj/coworking-praha/	local+informational+commercial	cs
cernovsky.cz	porno ve třech	250	0				https://www.cernovsky.cz/marketing/videoreklama-facebook-instagram/	informational	cs
cernovsky.cz	generace rozdeleni	100	0				https://www.cernovsky.cz/marketing/generace-xyz-reklama/	informational	cs
cernovsky.cz	od kolika je instagram	400	0				https://www.cernovsky.cz/marketing/top-10-socialni-site/	branded+informational	cs
cernovsky.cz	nejlepší reklama	80	0	46			https://www.cernovsky.cz/marketing/top-7-nejlepsi-svetove-reklamy-2020/	informational+commercial	cs
cernovsky.cz	ppc reklamy	250	1	286			https://www.cernovsky.cz/marketing/ppc-reklama/	informational+commercial	cs
cernovsky.cz	we work praha	100	1	80			https://www.cernovsky.cz/produktivita-seberozvoj/coworking-praha/	branded+local+informational+commercial+transactional	cs
cernovsky.cz	strihani video	20	1	16			https://www.cernovsky.cz/strihani-videi-podnikatel/	informational+commercial	cs
cernovsky.cz	4p	500	0	1			https://www.cernovsky.cz/marketing/marketingovy-mix-4p/	informational+commercial	cs
cernovsky.cz	facebook marketing	40	1	106			https://www.cernovsky.cz/marketing/facebook-reklama-jak-na-ni/	branded+informational+commercial	cs
cernovsky.cz	impact hub k10	70	4				https://www.cernovsky.cz/en/produktivita-seberozvoj/coworking-praha/	branded+local+informational+commercial	cs
cernovsky.cz	wework prague	200	1	64			https://www.cernovsky.cz/produktivita-seberozvoj/coworking-praha/	branded+local+informational+commercial	cs
cernovsky.cz	socialni media	50	0	34			https://www.cernovsky.cz/marketing/druhy-socialnich-siti/	informational	cs
cernovsky.cz	hashtagy na instagramu	10	0	5			https://www.cernovsky.cz/marketing/jak-uspet-na-instagramu/	branded+informational	cs
cernovsky.cz	coworking space prague	200	12	81			https://www.cernovsky.cz/produktivita-seberozvoj/coworking-praha/	local+informational+commercial	cs
cernovsky.cz	chytrá inteligence	1500	9	10			https://www.cernovsky.cz/marketing/ai-nastroje/	informational+commercial	cs
cernovsky.cz	impact hub praha k10	10	2				https://www.cernovsky.cz/produktivita-seberozvoj/coworking-praha/	branded+local+navigational+informational+commercial	cs
cernovsky.cz	influencer	6800	5	17			https://www.cernovsky.cz/marketing/influencer-marketing-navod/	informational+commercial	cs
cernovsky.cz	webove stránky	150	45	99			https://www.cernovsky.cz/weby-e-shopy/wordpress-webove-stranky-pro-vsechny/	informational+commercial	cs
cernovsky.cz	simon sinek knihy	60	0	4			https://www.cernovsky.cz/produktivita-seberozvoj/zacnete-s-proc-simon-sinek/	informational+commercial	cs
cernovsky.cz	canva cz	100	0				https://www.cernovsky.cz/marketing/canva-grafika/	branded+navigational+informational+commercial	cs
cernovsky.cz	cowork ostrava	50	3	90			https://www.cernovsky.cz/produktivita-seberozvoj/coworking-praha/	local+informational+commercial	cs
cernovsky.cz	instagram stories rozměry	20	0				https://www.cernovsky.cz/marketing/reklamni-formaty-na-facebooku/	branded+informational	cs
cernovsky.cz	shoptet vs shopify	50	0	100			https://www.cernovsky.cz/weby-e-shopy/kdyz-vytvarite-e-shop-jake-reseni-zvolit/	branded+informational+commercial	cs
cernovsky.cz	facebook reklama cena	250	0	128			https://www.cernovsky.cz/marketing/facebook-reklama-jak-na-ni/	branded+informational+commercial	cs
cernovsky.cz	texty do bia	10	0				https://www.cernovsky.cz/marketing/jak-uspet-na-instagramu/	informational	cs
cernovsky.cz	chytra inteligence	200	9	10			https://www.cernovsky.cz/marketing/ai-nastroje/	informational+commercial	cs
cernovsky.cz	nejlepsi cas na post instagram	30	0				https://www.cernovsky.cz/marketing/instagram-reels/	branded+informational	cs
cernovsky.cz	influencer plat	250	0				https://www.cernovsky.cz/marketing/influencer-marketing-navod/	informational	cs
cernovsky.cz	wework národní	30	0	104			https://www.cernovsky.cz/produktivita-seberozvoj/coworking-praha/	branded+local+informational+commercial+transactional	cs
cernovsky.cz	jak se vydělává na tiktoku	10	0				https://www.cernovsky.cz/marketing/tiktok-vyhody-tipy/	branded+informational+commercial	cs
cernovsky.cz	see think do care	150	0	23			https://www.cernovsky.cz/en/marketing/stdc-see-think-do-care/	informational	cs
cernovsky.cz	jak propagovat instagram	100	0	17			https://www.cernovsky.cz/marketing/instagram-reels/	branded+informational+commercial	cs
cernovsky.cz	wordpress návod pro začátečníky	100	0	23			https://www.cernovsky.cz/weby-e-shopy/wordpress-webove-stranky-pro-vsechny/	branded+informational	cs
cernovsky.cz	anonymni sledovani instagram	40	0				https://www.cernovsky.cz/marketing/jak-uspet-na-instagramu/	branded+informational	cs
cernovsky.cz	jak se naučit seo?	100	0				https://www.cernovsky.cz/marketing/jak-na-seo/	informational	cs
cernovsky.cz	fotobanka prodej fotek	150	4	30			https://www.cernovsky.cz/marketing/nejlepsi-fotobanky-free/	informational+commercial	cs
cernovsky.cz	umělá inteligence referát	10	0	20			https://www.cernovsky.cz/marketing/ai-nastroje/	informational	cs
cernovsky.cz	příspěvky na instagram	10	0	120			https://www.cernovsky.cz/marketing/jak-uspet-na-instagramu/	branded+informational	cs
cernovsky.cz	co je b2c	150	0				https://www.cernovsky.cz/marketing/b2c-b2b-marketing-chyby-rozdily/	informational	cs
cernovsky.cz	jak udělat webové stránky	250	6	112			https://www.cernovsky.cz/weby-e-shopy/wordpress-webove-stranky-pro-vsechny/	informational+commercial	cs
cernovsky.cz	ai tvorba prezentace	60	0				https://www.cernovsky.cz/marketing/ai-nastroje/	informational+commercial	cs
cernovsky.cz	proč spime	50	2				https://www.cernovsky.cz/produktivita-seberozvoj/proc-spime-matthew-walker/	branded+informational+commercial	cs
cernovsky.cz	jak si udělat webové stránky	50	6	114			https://www.cernovsky.cz/weby-e-shopy/wordpress-webove-stranky-pro-vsechny/	informational	cs
cernovsky.cz	ppc	900	0	132	0	27		informational+commercial	cs
cernovsky.cz	fotky na ig	70	0				https://www.cernovsky.cz/marketing/jak-uspet-na-instagramu/	branded+informational	cs
cernovsky.cz	knihy o spánku	20	0	7			https://www.cernovsky.cz/produktivita-seberozvoj/proc-spime-matthew-walker/	informational+commercial	cs
cernovsky.cz	4e marketing	60	0				https://www.cernovsky.cz/marketing/marketingovy-mix-4p/	informational	cs
cernovsky.cz	generativní ai	200	0	37			https://www.cernovsky.cz/marketing/ai-nastroje/	informational	cs
cernovsky.cz	co znamená influencer	200	0				https://www.cernovsky.cz/marketing/influencer-marketing-navod/	informational	cs
cernovsky.cz	jak založit webové stránky	40	6	78			https://www.cernovsky.cz/weby-e-shopy/wordpress-webove-stranky-pro-vsechny/	informational+commercial	cs
cernovsky.cz	umělá inteligence (ai) zdarma	1200	1				https://www.cernovsky.cz/marketing/ai-nastroje/	informational	cs
cernovsky.cz	co je to linkedin	250	0	7			https://www.cernovsky.cz/marketing/linkedin-socialni-sit/	branded+informational	cs
cernovsky.cz	mailing	250	3	3			https://www.cernovsky.cz/marketing/email-marketing/	informational+commercial	cs
cernovsky.cz	umělá inteligence free	40	2	15			https://www.cernovsky.cz/marketing/ai-nastroje/	informational+commercial	cs
cernovsky.cz	sociální sítě ikony	10	0				https://www.cernovsky.cz/marketing/druhy-socialnich-siti/	informational	cs
cernovsky.cz	aplikace umělá inteligence	450	1	20			https://www.cernovsky.cz/marketing/ai-nastroje/	informational+commercial	cs
cernovsky.cz	5p marketing	60	0				https://www.cernovsky.cz/marketing/marketingovy-mix-4p/	informational+commercial	cs
cernovsky.cz	jak pracovat s umělou inteligencí	150	2	8			https://www.cernovsky.cz/marketing/ai-nastroje/	informational	cs
cernovsky.cz	základy seo	800	0	52			https://www.cernovsky.cz/marketing/jak-na-seo/	informational	cs
cernovsky.cz	pno vypocet	30	0				https://www.cernovsky.cz/en/marketing/facebook-kampan-struktura/	informational	cs
cernovsky.cz	we work prague	30	1	92			https://www.cernovsky.cz/produktivita-seberozvoj/coworking-praha/	branded+local+informational+commercial	cs
cernovsky.cz	sociální sítě prezentace	40	0				https://www.cernovsky.cz/marketing/druhy-socialnich-siti/	informational	cs
cernovsky.cz	jak udělat webovou stránku	350	6	92			https://www.cernovsky.cz/weby-e-shopy/wordpress-webove-stranky-pro-vsechny/	informational+commercial	cs
cernovsky.cz	cookie banner	40	48	110			https://www.cernovsky.cz/weby-e-shopy/gdpr-cookie-lista-na-webu/	informational+commercial	cs
cernovsky.cz	al umela inteligence	40	23	24			https://www.cernovsky.cz/marketing/ai-nastroje/	informational	cs
cernovsky.cz	jak funguje twitter	20	3				https://www.cernovsky.cz/marketing/reklama-na-twitteru/	branded+informational	cs
cernovsky.cz	od kolikati je instagram	20	0				https://www.cernovsky.cz/marketing/top-10-socialni-site/	branded+informational	cs
cernovsky.cz	ai texty	60	5	12			https://www.cernovsky.cz/marketing/ai-nastroje/	informational+commercial	cs
cernovsky.cz	influencer co to je	100	0	2			https://www.cernovsky.cz/marketing/influencer-marketing-navod/	informational	cs
cernovsky.cz	4ps of marketing	20	38	28			https://www.cernovsky.cz/marketing/marketingovy-mix-4p/	informational	cs
cernovsky.cz	kdo má nejvíce sledujících na instagramu	10	0	38			https://www.cernovsky.cz/marketing/top-10-socialni-site/	branded+informational	cs
cernovsky.cz	ppc seo	10	0	100			https://www.cernovsky.cz/marketing/ppc-reklama/	informational+commercial	cs
cernovsky.cz	popisky	70	0	15			https://www.cernovsky.cz/en/weby-e-shopy/popisky-na-webu/	informational+commercial	cs
cernovsky.cz	fotobanka free	150	26	12			https://www.cernovsky.cz/marketing/nejlepsi-fotobanky-free/	informational+commercial	cs
cernovsky.cz	wordpress	4200	83	71	0	13	https://www.cernovsky.cz/weby-e-shopy/wordpress-webove-stranky-pro-vsechny/	branded+informational	cs
cernovsky.cz	drtinova 557/10	30	0				https://www.cernovsky.cz/produktivita-seberozvoj/coworking-praha/	local+informational+commercial	cs
cernovsky.cz	online střih videa	10	0	21			https://www.cernovsky.cz/strihani-videi-podnikatel/	informational	cs
cernovsky.cz	bere.al	0	4		0	11	https://www.cernovsky.cz/marketing/bereal/	branded+navigational+informational	cs
cernovsky.cz	canvy	900	2	16	0	15		branded+navigational+informational+commercial	cs
cernovsky.cz	příspěvků	40	44	14			https://www.cernovsky.cz/marketing/post-planner-planovac-socialni-site/	branded+informational	cs
cernovsky.cz	canva program	700	0	29	0	16		branded+informational+commercial	cs
cernovsky.cz	marketingový mix služeb	20	0				https://www.cernovsky.cz/marketing/marketingovy-mix-4p/	informational	cs
cernovsky.cz	sociální síť online	90	3				https://www.cernovsky.cz/marketing/druhy-socialnich-siti/	branded+informational+commercial+transactional	cs
cernovsky.cz	drtinova 10	40	0				https://www.cernovsky.cz/produktivita-seberozvoj/coworking-praha/	local+informational+commercial	cs
cernovsky.cz	hub praha	90	3	69			https://www.cernovsky.cz/produktivita-seberozvoj/coworking-praha/	branded+local+informational+commercial	cs
cernovsky.cz	kratke porno	150	0				https://www.cernovsky.cz/strihani-videi-podnikatel/	informational	cs
cernovsky.cz	co je to instagram	100	0	6			https://www.cernovsky.cz/marketing/instagram-reels/	branded+informational	cs
cernovsky.cz	instagramu	150	4	1			https://www.cernovsky.cz/marketing/jak-uspet-na-instagramu/	branded+navigational+informational	cs
cernovsky.cz	webové	90	24	126			https://www.cernovsky.cz/weby-e-shopy/wordpress-webove-stranky-pro-vsechny/	informational+commercial	cs
cernovsky.cz	sklik klíčová slova	70	0	27			https://www.cernovsky.cz/marketing/reklama-v-google-ads-reklama-na-facebooku/	branded+informational+commercial	cs
cernovsky.cz	analytika	300	0	6			https://www.cernovsky.cz/weby-e-shopy/webova-analytika/	branded+local+informational+commercial	cs
cernovsky.cz	začněte	200	0	10			https://www.cernovsky.cz/produktivita-seberozvoj/zacnete-s-proc-simon-sinek/	branded+informational+commercial+transactional	cs
cernovsky.cz	socialni dilema	0	2		0	9		branded+informational	cs
consentio.cz	souhlas gdpr	30	0	34	1	11		informational	cs
consentio.cz	co je dpo	0	0		0	10		informational	cs
cookies-spravne.cz	cookie lišta zdarma	50	7	22	8	2		informational+commercial+transactional	cs
cookies-spravne.cz	cookies lišta	100	16	27	4	9		informational	cs
cookies-spravne.cz	cookie lišta	100	17	27	3	8		informational	cs
cookies-spravne.cz	cookies text	10	0	23	0	3		informational	cs
cookies-spravne.cz	cookie	900	73	12			https://cookies-spravne.cz/	informational+commercial+transactional	cs
cookies-spravne.cz	cookies lista	20	3	27			https://cookies-spravne.cz/	informational	cs
datamind.cz	data engineering	150	32	35	26	1		informational+commercial	cs
datamind.cz	rfm segmentace	40	0	68			https://www.datamind.cz/cz/Sluzby-Data-Science/prediktivni-rfm-segmentace	informational+commercial	cs
datamind.cz	dataops	40	12		2	7		informational+commercial	cs
datamind.cz	marketingové analýzy	80	0	62			https://www.datamind.cz/cz/Sluzby-Data-Science/marketingove-analyzy	informational+commercial	cs
datamind.cz	bi reporting	150	9	97			https://www.datamind.cz/cz/Sluzby-Data-Science/reporting-bi	informational+commercial	cs
datamind.cz	churn	150	1	44			https://www.datamind.cz/cz/Sluzby-Data-Science/churn-analyza	informational	cs
datamind.cz	web analytics	40	81	131	1	9		informational+commercial	cs
datamind.cz	loyalty programs	10	67	104			https://www.datamind.cz/en/services/Loyalty-programs	informational+commercial	cs
datamind.cz	marketingová analýza	80	0	60			https://www.datamind.cz/cz/Sluzby-Data-Science/marketingove-analyzy	informational	cs
datamind.cz	ml prague	0	0				https://www.datamind.cz/cz/blog/ML_Prague_2025	branded+informational+commercial	cs
datamind.cz	rfm analýza	80	0	68			https://www.datamind.cz/cz/Sluzby-Data-Science/prediktivni-rfm-segmentace	informational	cs
datamind.cz	ai/ml	30	50				https://www.datamind.cz/cz/Sluzby-Data-Science/umela-intelingence-AI-ML-machine-learning-neural-net	informational	cs
datamind.cz	segmentace význam	30	0				https://www.datamind.cz/cz/ziskavani-zakazniku/trzni-segmentace	informational	cs
datamind.cz	loyalty program	150	68	104			https://www.datamind.cz/en/services/Loyalty-programs	informational+commercial	cs
datamind.cz	relevance	150	0	29			https://www.datamind.cz/cz/blog/kanaly-nebo-relevance	informational+commercial	cs
datamind.cz	rapid miner	10	6				https://www.datamind.cz/cz/blog/Data-mining-zdarma-rapid-miner-v-praxi	branded+informational+commercial	cs
datamind.cz	rapidminer	20	26				https://www.datamind.cz/cz/blog/Data-mining-zdarma-rapid-miner-v-praxi	branded+informational+commercial	cs
datamind.cz	keebola	50	0	81			https://www.datamind.cz/cz/Sluzby-Data-Science/keboola	branded+informational+commercial	cs
datamind.cz	kebola	70	0	98			https://www.datamind.cz/cz/Sluzby-Data-Science/keboola	branded+informational+commercial	cs
datamind.cz	statistica	40	4	49			https://www.datamind.cz/cz/blog/Statisticky-software-jak-na-vyber-statistickeho-software	branded+informational+commercial	cs
datamind.cz	typologie zákazníků	0	0				https://www.datamind.cz/cz/Sluzby-Data-Science/segmentace-zakazniku	informational	cs
datanimals.com	jak vytvořit reklamu na facebooku	90	0	34	8	1	https://www.datanimals.com/data-a-penize/jak-vytvorit-reklamu-na-facebooku-kompletni-navod-tipy-triky-umisteni	branded+informational+commercial	cs
datanimals.com	online marketing	900	0	112	2	8		informational+commercial	cs
datanimals.com	marketing online	150	0	90	1	11		informational+commercial	cs
datanimals.com	správa ppc kampaní	2200	5	67			https://www.datanimals.com/pokrocila-sprava-ppc-kampani	local+informational+commercial	cs
datanimals.com	reklama na fb	70	0	193	1	6		branded+informational+commercial	cs
datanimals.com	reklama na facebooku	200	0	168			https://www.datanimals.com/data-a-penize/jak-vytvorit-reklamu-na-facebooku-kompletni-navod-tipy-triky-umisteni	branded+informational+commercial	cs
datanimals.com	vylepšení	10	0				https://www.datanimals.com/data-a-penize/automaticka-vylepseni-kampani-a-proc-si-na-ne-davat-pozor	informational+commercial	cs
datanimals.com	cross sell	100	0	3			https://www.datanimals.com/data-a-penize/cross-sell-a-lead-sell-report-k-cemu-slouzi-a-jak-ho-vytvorit	informational+commercial	cs
datanimals.com	sprava ppc kampani	0	2				https://www.datanimals.com/pokrocila-sprava-ppc-kampani	local+informational+commercial+transactional	cs
datanimals.com	marketing agentura	250	46	234			https://www.datanimals.com/	local+informational+commercial	cs
datanimals.com	online agentura	40	40	192			https://www.datanimals.com/	local+informational+commercial	cs
datanimals.com	facebook reklama	150	0	189			https://www.datanimals.com/data-a-penize/jak-vytvorit-reklamu-na-facebooku-kompletni-navod-tipy-triky-umisteni	branded+informational+commercial	cs
datanimals.com	dovezuauto	10	0	52			https://www.datanimals.com/pripadove-studie-file/pripadova-studie-dovezuauto	branded+local+informational+commercial	cs
datanimals.com	cross-sell	60	0	5			https://www.datanimals.com/data-a-penize/cross-sell-a-lead-sell-report-k-cemu-slouzi-a-jak-ho-vytvorit	informational+commercial	cs
datanimals.com	business animals	0	0				https://www.datanimals.com/	branded+informational+commercial	cs
datanimals.com	reklamu ￼	0	0				https://www.datanimals.com/data-a-penize/jak-vytvorit-reklamu-na-facebooku-kompletni-navod-tipy-triky-umisteni	informational+commercial	cs
datimo.ai	rfm analýza	90	0	68	3	7		informational	cs
datimo.ai	rfm segmentace	30	0	68	1	9		informational+commercial	cs
datimo.ai	obrátkovost	20	0		1	8		informational	cs
digitalniarchitekti.cz	keboola	1300	0	57	172	2	https://digitalniarchitekti.cz/clanek/keboola/	branded+navigational+informational+commercial	cs
digitalniarchitekti.cz	looker studio	1100	0	56	131	2	https://digitalniarchitekti.cz/clanek/looker-studio-vizualizacni-nastroj/	branded+navigational+informational+commercial	cs
digitalniarchitekti.cz	xd	2000	0	2	61	1		informational	cs
digitalniarchitekti.cz	fireflies	400	13	26	41	5		branded+informational+commercial	cs
digitalniarchitekti.cz	kebola	60	3	98	40	1	https://digitalniarchitekti.cz/clanek/keboola/	branded+informational+commercial	cs
digitalniarchitekti.cz	looker google	600	39		36	5		branded+navigational+informational	cs
digitalniarchitekti.cz	utm parametry	100	0	13	33	1	https://digitalniarchitekti.cz/clanek/utm-parametry-k-cemu-slouzi/	informational+commercial	cs
digitalniarchitekti.cz	utm	600	53	31	28	4	https://digitalniarchitekti.cz/clanek/utm-parametry-k-cemu-slouzi/	informational	cs
digitalniarchitekti.cz	smartlook	700	0	462	25	3	https://digitalniarchitekti.cz/clanek/smartlook-video/	branded+informational+commercial	cs
digitalniarchitekti.cz	dat	1200	33	77	24	3		informational+commercial	cs
digitalniarchitekti.cz	google looker	250	23	43	19	1	https://digitalniarchitekti.cz/clanek/looker-studio-vizualizacni-nastroj/	branded+informational+commercial	cs
digitalniarchitekti.cz	google tag manager	1900	81	42	19	1		branded+navigational+informational+commercial	cs
digitalniarchitekti.cz	rfm	100	0	19	19	1	https://digitalniarchitekti.cz/clanek/rfm-analyza-segmentace-zakazniku/	informational+commercial	cs
digitalniarchitekti.cz	dbt	200	0	17			https://digitalniarchitekti.cz/clanek/data-build-tool-dbt/	informational	cs
digitalniarchitekti.cz	google looker studio	700	0	85	16	1	https://digitalniarchitekti.cz/clanek/looker-studio-vizualizacni-nastroj/	branded+informational+commercial	cs
digitalniarchitekti.cz	seznam webmaster tool	450	0		16	1		branded+informational+commercial	cs
digitalniarchitekti.cz	data restart	150	0				https://digitalniarchitekti.cz/clanek/data-restart-2023/	branded+informational+commercial	cs
digitalniarchitekti.cz	google analytics 4	300	67	101			https://digitalniarchitekti.cz/produkty/nastaveni-ga4/	branded+informational	cs
digitalniarchitekti.cz	rfm analyza	40	0	68	11	1	https://digitalniarchitekti.cz/clanek/rfm-analyza-segmentace-zakazniku/	informational+commercial	cs
digitalniarchitekti.cz	ga 4	100	2	87	7	4	https://digitalniarchitekti.cz/clanek/rozdily-mezi-ga4-vs-ga4-360/	branded+informational	cs
digitalniarchitekti.cz	keebola	60	0	81	7	1	https://digitalniarchitekti.cz/clanek/keboola/	branded+informational+commercial	cs
digitalniarchitekti.cz	uuid	350	81	1	7	1	https://digitalniarchitekti.cz/clanek/uuid-jako-pomocnik-v-datove-analytice/	informational	cs
digitalniarchitekti.cz	tag manager	500	60	59	5	1	https://digitalniarchitekti.cz/clanek/google-tag-manager-pro-vas-byznys/	branded+informational+commercial	cs
digitalniarchitekti.cz	jak funguje ai	300	40	5	5	11		informational	cs
digitalniarchitekti.cz	rfm segmentace	30	0	68	4	2	https://digitalniarchitekti.cz/clanek/rfm-analyza-segmentace-zakazniku/	informational+commercial	cs
digitalniarchitekti.cz	rfm analýza	90	0	68	4	1	https://digitalniarchitekti.cz/clanek/rfm-analyza-segmentace-zakazniku/	informational	cs
digitalniarchitekti.cz	umělá inteligence využití	70	38	14	4	7		informational	cs
digitalniarchitekti.cz	onetrust	50	11	87			https://digitalniarchitekti.cz/clanek/onetrust/	branded+navigational+informational+commercial	cs
digitalniarchitekti.cz	ai co to je	200	2	14			https://digitalniarchitekti.cz/clanek/jak-funguje-ai/	informational	cs
digitalniarchitekti.cz	ppc specialista co to je	200	0	82			https://digitalniarchitekti.cz/clanek/co-by-mel-ppc-specialista-vedet-o-analytice/	informational	cs
digitalniarchitekti.cz	data lake	40	5	16	3	3	https://digitalniarchitekti.cz/clanek/data-lake/	informational	cs
digitalniarchitekti.cz	flat zone	300	0	24			https://digitalniarchitekti.cz/clanek/pripadova-studie-flat-zone/	branded+informational+commercial	cs
digitalniarchitekti.cz	fireflies šmejdi	30	0				https://digitalniarchitekti.cz/clanek/fireflies-ai-revoluce-v-automatizaci-zaznamu-a-analyzy-schuzek/	informational	cs
digitalniarchitekti.cz	business intelligence co to je	100	0	36			https://digitalniarchitekti.cz/clanek/business-intelligence/	informational	cs
digitalniarchitekti.cz	linkedin nevýhody	100	0				https://digitalniarchitekti.cz/clanek/linkedin-recruiter-lite/	branded+informational	cs
digitalniarchitekti.cz	google tag	200	59	36	2	6	https://digitalniarchitekti.cz/clanek/google-tag-manager-pro-vas-byznys/	branded+informational	cs
digitalniarchitekti.cz	linkedin recruiter lite	20	0	100			https://digitalniarchitekti.cz/clanek/linkedin-recruiter-lite/	branded+navigational+informational	cs
digitalniarchitekti.cz	google optimize	40	7	31	2	1	https://digitalniarchitekti.cz/clanek/google-optimize/	branded+informational	cs
digitalniarchitekti.cz	ab testování	500	0	29			https://digitalniarchitekti.cz/produkty/experimenty-ab-testovani/	informational	cs
digitalniarchitekti.cz	smart look	20	0	170			https://digitalniarchitekti.cz/clanek/smartlook-video/	branded+informational+commercial	cs
digitalniarchitekti.cz	github co to je	70	0		2	8	https://digitalniarchitekti.cz/clanek/github/	branded+informational	cs
digitalniarchitekti.cz	konverzní poměr	150	0	16	2	1		informational+commercial	cs
digitalniarchitekti.cz	google looker data studio	40	47		2	7		branded+navigational+informational+commercial	cs
digitalniarchitekti.cz	deepnote	400	0	58			https://digitalniarchitekti.cz/clanek/deepnote/	branded+navigational+informational+commercial+transactional	cs
digitalniarchitekti.cz	big query	90	23	163			https://digitalniarchitekti.cz/clanek/bigquery-google-cloud-platforma/	branded+informational	cs
digitalniarchitekti.cz	google cloud run	10	2	154	1	4	https://digitalniarchitekti.cz/clanek/google-cloud-run/	branded+navigational+informational+commercial	cs
digitalniarchitekti.cz	bigquery	20	0	35	1	1	https://digitalniarchitekti.cz/clanek/bigquery-google-cloud-platforma/	branded+informational+commercial	cs
digitalniarchitekti.cz	audit webu	80	0	115			https://digitalniarchitekti.cz/produkty/analyticky-audit-webu/	informational+commercial	cs
digitalniarchitekti.cz	cloud run	10	3	30	1	1	https://digitalniarchitekti.cz/clanek/google-cloud-run/	branded+navigational+informational+commercial	cs
digitalniarchitekti.cz	co je xd	50	0				https://digitalniarchitekti.cz/clanek/adobe-xd-komplexni-nastroj-pro-design/	informational	cs
digitalniarchitekti.cz	google tag manager co to je	40	1	50	1	9		branded+informational	cs
digitalniarchitekti.cz	zpracování dat	0	0	82	1	1	https://digitalniarchitekti.cz/zpracovani-transformace-dat/	informational+commercial	cs
digitalniarchitekti.cz	utm parametr	20	0	12	1	1	https://digitalniarchitekti.cz/clanek/utm-parametry-k-cemu-slouzi/	informational	cs
digitalniarchitekti.cz	co je to github	40	0		1	11	https://digitalniarchitekti.cz/clanek/github/	branded+informational	cs
digitalniarchitekti.cz	veronika vacková	20	0		1	1	https://digitalniarchitekti.cz/veronika-vackova/	informational	cs
digitalniarchitekti.cz	cloud co to je	100	0	17			https://digitalniarchitekti.cz/clanek/digitalni-architekti-funguji-na-cloudu/	informational	cs
digitalniarchitekti.cz	segmentace zákazníků	40	0	122			https://digitalniarchitekti.cz/clanek/co-to-je-rfm-analyza/	informational	cs
digitalniarchitekti.cz	self service	40	0	16	1	7		informational+commercial	cs
digitalniarchitekti.cz	vizualizace dat	30	0	57	1	9	https://digitalniarchitekti.cz/vizualizace-dat-manazerske-prehledy/	informational	cs
digitalniarchitekti.cz	google signals	10	1		0	6	https://digitalniarchitekti.cz/clanek/google-signaly-i-cast/	branded+informational	cs
digitalniarchitekti.cz	co je to report	30	0		0	10		informational	cs
digitalniarchitekti.cz	data studio google	30	23	230	0	4	https://digitalniarchitekti.cz/clanek/looker-studio-vizualizacni-nastroj/	branded+navigational+informational	cs
digitalniarchitekti.cz	segmentace trhu	50	0	23			https://digitalniarchitekti.cz/clanek/co-to-je-rfm-analyza/	informational	cs
digitalniarchitekti.cz	geolokace ip	100	0				https://digitalniarchitekti.cz/clanek/gtm-geolokace-a-pocasi-ve-webove-analytice/	informational	cs
digitalniarchitekti.cz	google big query	0	4	55	0	3	https://digitalniarchitekti.cz/clanek/bigquery-google-cloud-platforma/	branded+informational+commercial	cs
digitalniarchitekti.cz	segmentace trhu příklad	10	0				https://digitalniarchitekti.cz/clanek/co-to-je-rfm-analyza/	informational	cs
digitalniarchitekti.cz	cookies lista	10	12	27	0	10		informational	cs
digitalniarchitekti.cz	ochutnej ořech eshop	90	1	58			https://digitalniarchitekti.cz/clanek/od-redesignu-k-datove-revoluci-uspech-ochutnej-orech/	branded+navigational+commercial+transactional	cs
digitalniarchitekti.cz	tag management	10	61	43			https://digitalniarchitekti.cz/clanek/google-tag-manager-pro-vas-byznys/	informational+commercial	cs
digitalniarchitekti.cz	utm tag	10	49		0	8	https://digitalniarchitekti.cz/clanek/utm-parametry-k-cemu-slouzi/	informational	cs
digitalniarchitekti.cz	prace s daty	900	0	6			https://digitalniarchitekti.cz/clanek/prace-s-daty/	informational	cs
digitalniarchitekti.cz	keboola logo	10	0	123	0	1		branded+informational	cs
digitalniarchitekti.cz	práce s daty	10	0	140	0	11	https://digitalniarchitekti.cz/clanek/prace-s-daty/	informational	cs
digitalniarchitekti.cz	data studio	150	9	78	0	3	https://digitalniarchitekti.cz/clanek/looker-studio-vizualizacni-nastroj/	branded+navigational+informational+commercial	cs
digitalniarchitekti.cz	co je to google	20	5		0	9		branded+informational	cs
digitalniarchitekti.cz	google bigquery	10	11	79	0	4	https://digitalniarchitekti.cz/clanek/bigquery-google-cloud-platforma/	branded+informational+commercial	cs
digitalniarchitekti.cz	webová analytika	80	0	112	0	6	https://digitalniarchitekti.cz/webova-analytika-digitalni-analytika/	informational+commercial	cs
digitalniarchitekti.cz	attribution	50	1				https://digitalniarchitekti.cz/clanek/attribution-modeling/	informational	cs
digitalniarchitekti.cz	google app script	20	24	17			https://digitalniarchitekti.cz/clanek/google-apps-script/	branded+informational	cs
digitalniarchitekti.cz	jak vypočítat marži	40	0				https://digitalniarchitekti.cz/produkty/vypocet-marze-v-realnem-case/	informational	cs
digitalniarchitekti.cz	canva co to je	150	0				https://digitalniarchitekti.cz/clanek/canva-revoluce-v-grafickem-designu-pro-kazdeho/	branded+informational	cs
digitalniarchitekti.cz	google pixelbook go	10	2				https://digitalniarchitekti.cz/clanek/google-chrome/	branded+informational+commercial+transactional	cs
digitalniarchitekti.cz	power bi co to je	200	0	22			https://digitalniarchitekti.cz/clanek/power-bi/	branded+informational	cs
digitalniarchitekti.cz	datastudio	50	16	78	0	3	https://digitalniarchitekti.cz/clanek/looker-studio-vizualizacni-nastroj/	branded+navigational+informational	cs
digitalniarchitekti.cz	postman	2300	20	9	0	5	https://digitalniarchitekti.cz/clanek/postman-kompletni-nastroj-pro-api-vyvoj/	branded+navigational+informational+commercial+transactional	cs
digitalniarchitekti.cz	workspace google	10	71	104			https://digitalniarchitekti.cz/clanek/zefektivnete-praci-s-google-workspace/	branded+navigational+informational+commercial+transactional	cs
digitalniarchitekti.cz	script app	20	48				https://digitalniarchitekti.cz/clanek/google-apps-script/	branded+informational	cs
digitalniarchitekti.cz	ga4	900	2	67	0	5	https://digitalniarchitekti.cz/produkty/nastaveni-ga4/	branded+informational+commercial	cs
digitalniarchitekti.cz	jak se počítá marže	200	0				https://digitalniarchitekti.cz/produkty/vypocet-marze-v-realnem-case/	informational	cs
digitalniarchitekti.cz	xd adobe	0	28	52	0	7		branded+informational	cs
digitalniarchitekti.cz	co je github	0	0	2	0	10	https://digitalniarchitekti.cz/clanek/github/	branded+informational	cs
digitalniarchitekti.cz	bi analytik	30	0	23			https://digitalniarchitekti.cz/business-intelligence-a-proc-ji-resit/	informational	cs
digitalniarchitekti.cz	marze vypocet	30	0				https://digitalniarchitekti.cz/produkty/vypocet-marze-v-realnem-case/	informational	cs
digitalniarchitekti.cz	datovy analytik	200	0	20			https://digitalniarchitekti.cz/kariera-datovy-analytik/	informational+commercial	cs
digitalniarchitekti.cz	data analytik	200	0	22			https://digitalniarchitekti.cz/kariera-datovy-analytik/	informational+commercial	cs
digitalniarchitekti.cz	výpočet zisku v procentech	10	5				https://digitalniarchitekti.cz/produkty/vypocet-marze-v-realnem-case/	informational	cs
digitalniarchitekti.cz	datalayer	30	0				https://digitalniarchitekti.cz/produkty/datova-vrstva/	informational	cs
digitalniarchitekti.cz	co to znamena xd	0	0				https://digitalniarchitekti.cz/clanek/adobe-xd-komplexni-nastroj-pro-design/	informational	cs
digitalniarchitekti.cz	translate page	30	70	18			https://digitalniarchitekti.cz/clanek/digitalni-architekti-funguji-na-cloudu/	informational	cs
digitalniarchitekti.cz	konverzní poměr výpočet	250	0				https://digitalniarchitekti.cz/clanek/optimalizace-konverzniho-pomeru/	informational	cs
digitalniarchitekti.cz	segmentace význam	30	0				https://digitalniarchitekti.cz/clanek/co-to-je-rfm-analyza/	informational	cs
digitalniarchitekti.cz	marketingova strategie	90	0	92			https://digitalniarchitekti.cz/clanek/co-obsahuje-marketingova-strategie/	informational+commercial	cs
digitalniarchitekti.cz	looker	150	73	56	0	5	https://digitalniarchitekti.cz/clanek/looker-studio-vizualizacni-nastroj/	branded+informational+commercial	cs
digitalniarchitekti.cz	prace z daty	60	0				https://digitalniarchitekti.cz/clanek/prace-s-daty/	informational	cs
digitalniarchitekti.cz	jak se pocita marze	20	0				https://digitalniarchitekti.cz/produkty/vypocet-marze-v-realnem-case/	informational	cs
digitalniarchitekti.cz	hangouts google	10	41				https://digitalniarchitekti.cz/clanek/google-chrome/	branded+navigational+informational	cs
digitalniarchitekti.cz	parametry	300	0	12			https://digitalniarchitekti.cz/clanek/utm-parametry-k-cemu-slouzi/	informational	cs
digitalniarchitekti.cz	digitalni	20	41				https://digitalniarchitekti.cz/	informational+commercial	cs
digitalniarchitekti.cz	datový analitik	30	0	84			https://digitalniarchitekti.cz/kariera-datovy-analytik/	informational+commercial	cs
digitalniarchitekti.cz	google task	200	63	75			https://digitalniarchitekti.cz/clanek/google-chrome/	branded+informational	cs
digitalniarchitekti.cz	adobe xd	30	0	24	0	8	https://digitalniarchitekti.cz/clanek/adobe-xd-komplexni-nastroj-pro-design/	branded+informational	cs
digitalniarchitekti.cz	google data studio	300	2	62	0	5	https://digitalniarchitekti.cz/clanek/looker-studio-vizualizacni-nastroj/	branded+navigational+informational	cs
digitalniarchitekti.cz	cíle marketingu	70	0				https://digitalniarchitekti.cz/clanek/marketing-meter-indikator-vyspelosti-marketingu-firmy-a-strategicke-rizeni-marketingu/	informational	cs
digitalniarchitekti.cz	výpočet prodejní ceny z marže	20	0				https://digitalniarchitekti.cz/clanek/vypocet-marze-v-realnem-case/	informational	cs
digitalniarchitekti.cz	jak založit kavárnu	60	0	2			https://digitalniarchitekti.cz/clanek/jak-marketingove-otevrit-kavarnu/	informational+commercial	cs
digitalniarchitekti.cz	fb pixel	50	0	26			https://digitalniarchitekti.cz/clanek/facebook-pixel/	branded+informational	cs
digitalniarchitekti.cz	chrome doplňky	30	3				https://digitalniarchitekti.cz/clanek/google-chrome/	branded+informational+commercial+transactional	cs
digitalniarchitekti.cz	co je git	150	0	14			https://digitalniarchitekti.cz/clanek/github/	branded+informational	cs
digitalniarchitekti.cz	caflou aplikace	10	0				https://digitalniarchitekti.cz/clanek/caflou/	branded+informational+commercial	cs
digitalniarchitekti.cz	hrubá marže výpočet	20	0				https://digitalniarchitekti.cz/clanek/vypocet-marze-v-realnem-case/	informational	cs
digitalniarchitekti.cz	pno vypocet	30	0				https://digitalniarchitekti.cz/clanek/spojeni-dat-z-marketingovych-systemu-a-databazi/	informational	cs
digitalniarchitekti.cz	vpn co to je	1200	2	8			https://digitalniarchitekti.cz/clanek/vpn-jak-si-spravne-vybrat/	informational	cs
digitalniarchitekti.cz	test rychlosti webu	100	32	133			https://digitalniarchitekti.cz/produkty/analyza-rychlosti-webu/	informational	cs
digitalniarchitekti.cz	obvyklá marže	40	0				https://digitalniarchitekti.cz/produkty/vypocet-marze-v-realnem-case/	informational	cs
digitalniarchitekti.cz	marketing firmy	50	0	31			https://digitalniarchitekti.cz/clanek/marketing-meter-indikator-vyspelosti-marketingu-firmy-a-strategicke-rizeni-marketingu/	informational+commercial	cs
digitalniarchitekti.cz	vecerni skola	0	0	49			https://digitalniarchitekti.cz/vecerni-skola-marketingu-plzen/	local+informational	cs
digitalniarchitekti.cz	facebook pixel	200	0	41	0	9	https://digitalniarchitekti.cz/clanek/facebook-pixel/	branded+informational	cs
digitalniarchitekti.cz	ochrana dat	50	0	91			https://digitalniarchitekti.cz/clanek/ochrana-soukromi-a-ochrana-dat/	informational	cs
digitalniarchitekti.cz	onboarding	1000	0	82			https://digitalniarchitekti.cz/produkty/onboarding-proces/	informational+commercial	cs
digitalniarchitekti.cz	clarity	1400	61	19	0	7		branded+informational+commercial	cs
digitalniarchitekti.cz	business intelligence analyst	20	9	68			https://digitalniarchitekti.cz/clanek/rozhodujte-rychle-a-efektivne-s-vyutitim-business-intelligence/	informational+commercial	cs
digitalniarchitekti.cz	kebula	30	13	123	0	7		branded+informational+commercial	cs
digitalniarchitekti.cz	api co to je	150	0				https://digitalniarchitekti.cz/clanek/postman-kompletni-nastroj-pro-api-vyvoj/	informational	cs
digitalniarchitekti.cz	gtm	900	2	52	0	7		branded+informational	cs
digitalniarchitekti.cz	dashlane	150	17	13			https://digitalniarchitekti.cz/clanek/dashlane/	branded+navigational+informational+commercial+transactional	cs
digitalniarchitekti.cz	marketingové strategie	300	0	102			https://digitalniarchitekti.cz/clanek/co-obsahuje-marketingova-strategie/	informational+commercial	cs
digitalniarchitekti.cz	marketingová analýza	80	0	60			https://digitalniarchitekti.cz/clanek/co-obsahuje-marketingova-strategie/	informational	cs
digitalniarchitekti.cz	google apps script	200	27	6			https://digitalniarchitekti.cz/clanek/google-apps-script/	branded+informational	cs
digitalniarchitekti.cz	consent mode v2	100	33				https://digitalniarchitekti.cz/clanek/google-consent-mode-2-0/	branded+informational	cs
digitalniarchitekti.cz	google.pl	100	2				https://digitalniarchitekti.cz/clanek/digitalni-architekti-funguji-na-cloudu/	branded+navigational+informational	cs
digitalniarchitekti.cz	analýza webových stránek	150	0	127			https://digitalniarchitekti.cz/produkty/analyza-rychlosti-webu/	informational+commercial	cs
digitalniarchitekti.cz	překladač ̈	50	59	1			https://digitalniarchitekti.cz/clanek/digitalni-architekti-funguji-na-cloudu/	informational	cs
digitalniarchitekti.cz	onboarding co to je	150	0				https://digitalniarchitekti.cz/produkty/onboarding-proces/	informational	cs
digitalniarchitekti.cz	co jsou soubory cookies	20	58	11			https://digitalniarchitekti.cz/soubory-cookies/	informational	cs
digitalniarchitekti.cz	dynamics	100	2	13	0	8		branded+informational+commercial	cs
digitalniarchitekti.cz	www.google.pl	20	23				https://digitalniarchitekti.cz/clanek/digitalni-architekti-funguji-na-cloudu/	branded+navigational	cs
digitalniarchitekti.cz	marketing roi	30	0				https://digitalniarchitekti.cz/clanek/mereni-navratnosti-investic-roi-v-e-commerce-co-se-skutecne-vyplati/	informational	cs
digitalniarchitekti.cz	lookerstudio	30	33	56	0	8		branded+navigational+informational	cs
digitalniarchitekti.cz	al umela inteligence	40	23	24			https://digitalniarchitekti.cz/clanek/jak-funguje-ai/	informational	cs
digitalniarchitekti.cz	a+b	40	0				https://digitalniarchitekti.cz/produkty/experimenty-ab-testovani/	informational	cs
digitalniarchitekti.cz	cookies soubory	70	56	16			https://digitalniarchitekti.cz/soubory-cookies/	informational	cs
digitalniarchitekti.cz	marek čech	90	0				https://digitalniarchitekti.cz/marek-cech/	informational	cs
digitalniarchitekti.cz	marketingová propagace	200	0	38			https://digitalniarchitekti.cz/marketingova-strategie-naucte-se-ridit-vas-marketing-efektivne/	informational	cs
digitalniarchitekti.cz	google cloud	1100	45	80	0	9	https://digitalniarchitekti.cz/clanek/digitalni-architekti-funguji-na-cloudu/	branded+navigational+informational+commercial	cs
digitalniarchitekti.cz	googletagmanager	20	81	87	0	8	https://digitalniarchitekti.cz/clanek/google-tag-manager-pro-vas-byznys/	branded+navigational+informational	cs
digitalniarchitekti.cz	see think do care	150	0	23			https://digitalniarchitekti.cz/clanek/naplanujte-marketingovou-strategii-s-stdc-ramcem-see-think-do-care/	informational	cs
digitalniarchitekti.cz	výpočet pno	100	0				https://digitalniarchitekti.cz/produkty/analytika-ppc-kampani/	informational	cs
digitalniarchitekti.cz	google pl	80	6	9			https://digitalniarchitekti.cz/clanek/digitalni-architekti-funguji-na-cloudu/	branded+navigational	cs
digitalniarchitekti.cz	co je lead	30	0				https://digitalniarchitekti.cz/produkty/hodnoceni-kvality-leadu-spojeni-pohledu-webove-analytiky-a-marketingu/	informational	cs
digitalniarchitekti.cz	a/b testování	60	0				https://digitalniarchitekti.cz/produkty/experimenty-ab-testovani/	informational+commercial	cs
digitalniarchitekti.cz	datalake	10	43	49	0	9	https://digitalniarchitekti.cz/clanek/data-lake/	informational	cs
digitalniarchitekti.cz	pixel facebook	30	0	110			https://digitalniarchitekti.cz/clanek/facebook-pixel/	branded+informational	cs
digitalniarchitekti.cz	návštěvnosti	100	2	23			https://digitalniarchitekti.cz/clanek/postup-vylouceni-interni-navstevnosti/	informational+commercial	cs
digitalniarchitekti.cz	google analitic	60	87	29			https://digitalniarchitekti.cz/clanek/google-analytics/	branded+navigational+informational	cs
digitalniarchitekti.cz	caflou	1700	0	22			https://digitalniarchitekti.cz/clanek/caflou/	branded+navigational+informational+commercial	cs
digitalniarchitekti.cz	workspace	800	57	76			https://digitalniarchitekti.cz/clanek/zefektivnete-praci-s-google-workspace/	branded+informational+commercial	cs
digitalniarchitekti.cz	google certifikace	10	3				https://digitalniarchitekti.cz/clanek/certifikace-google-partners/	branded+informational+commercial	cs
digitalniarchitekti.cz	appscript	20	36				https://digitalniarchitekti.cz/clanek/google-apps-script/	branded+navigational+informational	cs
digitalniarchitekti.cz	cx	450	0	6			https://digitalniarchitekti.cz/clanek/analyza-zakaznicke-zkusenosti/	informational	cs
digitalniarchitekti.cz	relevantnost	70	0				https://digitalniarchitekti.cz/stitek/relevantnost-dat/	informational	cs
digitalniarchitekti.cz	ppc specialista	500	0	336			https://digitalniarchitekti.cz/clanek/co-by-mel-ppc-specialista-vedet-o-analytice/	informational	cs
digitalniarchitekti.cz	historie google chrome	20	0				https://digitalniarchitekti.cz/clanek/google-chrome/	branded+informational	cs
digitalniarchitekti.cz	dynamický remarketing	200	0	21			https://digitalniarchitekti.cz/produkty/nastaveni-dynamickeho-remarketingu/	branded+informational	cs
digitalniarchitekti.cz	be real times	0	2				https://digitalniarchitekti.cz/clanek/real-time-analytics/	branded+informational	cs
digitalniarchitekti.cz	konec cookies třetích stran	0	0				https://digitalniarchitekti.cz/clanek/konec-cookies-3-stran/	informational	cs
digitalniarchitekti.cz	ochutnejořech.cz	0	0	48	0	7		branded+navigational+commercial+transactional	cs
digitalniarchitekti.cz	bára soukupová	0	0		0	7		informational	cs
digitalniarchitekti.cz	výroční zpráva 2022	0	1				https://digitalniarchitekti.cz/clanek/vyrocni-zprava-2022/	informational	cs
digitalniarchitekti.cz	blokovače reklam nejsou na youtube povoleny	0	0				https://digitalniarchitekti.cz/clanek/co-by-mel-seo-specialista-vedet-o-analytice/	branded+informational	cs
digitalniarchitekti.cz	python využití	0	1	5			https://digitalniarchitekti.cz/clanek/python-pomocnik-pri-praci-s-daty/	branded+informational	cs
digitalniarchitekti.cz	kdy bude black friday 2023	0	1	59			https://digitalniarchitekti.cz/clanek/webova-analytika-black-friday-a-jak-tento-fenomen-vyuzit-na-max/	branded+informational+commercial	cs
digitalniarchitekti.cz	google ana	0	88		0	4		branded+informational+commercial	cs
foxy.cz	marketingová agentura brno	200	40	201			https://www.foxy.cz/	local+informational+commercial	cs
foxy.cz	motion graphics	900	56	31	235	1	https://www.foxy.cz/blog/co-je-to-motion-graphic-design/	informational+commercial	cs
foxy.cz	chyba 404 stránka nenalezena	4900	1		174	8		informational	cs
foxy.cz	konverzní marketing	1300	0		75	6		informational	cs
foxy.cz	ui ux design	4800	0	47	64	1	https://www.foxy.cz/blog/co-je-to-ux-a-ui-design-webu/	informational+commercial	cs
foxy.cz	foxy	1100	13	10	56	1	https://www.foxy.cz/	branded+local+informational+commercial	cs
foxy.cz	seo linkbuilder	700	40	200	37	6		informational+commercial	cs
foxy.cz	online marketing agentura	100	56	114	31	2	https://www.foxy.cz/	local+informational+commercial	cs
foxy.cz	reklamní agentura brno	100	22	141	22	4	https://www.foxy.cz/	local+informational+commercial	cs
foxy.cz	marketingový slovník	200	0		17	6		informational+commercial	cs
foxy.cz	vektorová grafika	600	0	21	16	1	https://www.foxy.cz/blog/co-je-to-vektorova-grafika/	informational+commercial	cs
foxy.cz	barter	900	2	1	15	1		informational	cs
foxy.cz	online marketing brno	80	4	180			https://www.foxy.cz/	local+informational+commercial	cs
foxy.cz	základní barvy	500	0	15	15	2		informational	cs
foxy.cz	barvy	4300	31	27	15	1		informational+commercial	cs
foxy.cz	marketingová firma	250	46	79	14	7	https://www.foxy.cz/	local+informational+commercial	cs
foxy.cz	jak vytvořit newsletter	90	0	56	13	1	https://www.foxy.cz/blog/jak-vytvorit-newsletter-ktery-zaujme/	informational+commercial	cs
foxy.cz	b2c marketing	150	0	18			https://www.foxy.cz/blog/co-je-to-b2b-a-b2c-marketing/	informational	cs
foxy.cz	co je to banner	200	0				https://www.foxy.cz/blog/reklamni-bannery/	informational	cs
foxy.cz	marketingova agentura brno	150	39	145	11	6	https://www.foxy.cz/	local+informational+commercial	cs
foxy.cz	marketingová agentura	800	41	234	10	13		local+informational+commercial	cs
foxy.cz	konverzní poměr výpočet	100	0		10	1	https://www.foxy.cz/blog/co-je-konverzni-pomer/	informational	cs
foxy.cz	html5 bannery	20	0	46	10	1	https://www.foxy.cz/blog/co-je-to-html5-banner/	informational+commercial	cs
foxy.cz	rss feed	200	24	25	10	1		informational	cs
foxy.cz	robots.txt sitemap	100	7	9			https://www.foxy.cz/blog/co-je-to-sitemap-xml-a-robots-txt-a-proc-jsou-dulezite-pro-vas-web/	informational	cs
foxy.cz	marketingova firma	50	39	79			https://www.foxy.cz/	local+informational+commercial	cs
foxy.cz	omnichannel marketing	70	0	104			https://www.foxy.cz/blog/omnichannel-marketing/	informational+commercial	cs
foxy.cz	agentura brno	100	16	37			https://www.foxy.cz/	local+informational+commercial	cs
foxy.cz	social proof	30	56		7	2	https://www.foxy.cz/blog/co-je-to-social-proof-a-jak-funguje-v-marketing/	informational	cs
foxy.cz	imprese	600	0	18	6	7	https://www.foxy.cz/blog/co-je-to-imprese-a-jak-se-v-marketingu-meri/	informational	cs
foxy.cz	co je banner	150	0	29	6	4	https://www.foxy.cz/blog/reklamni-bannery/	informational	cs
foxy.cz	reklamni agentura brno	80	28	107	6	7	https://www.foxy.cz/	local+informational+commercial	cs
foxy.cz	html5 banner	20	0	46	5	1	https://www.foxy.cz/blog/co-je-to-html5-banner/	informational	cs
foxy.cz	bounce rate co to je	200	0				https://www.foxy.cz/blog/co-je-to-bounce-rate-a-jak-ji-snizit/	informational	cs
foxy.cz	cta tlačítko	100	0				https://www.foxy.cz/blog/co-je-to-cta-a-6-tipu-jak-ji-dobre-napsat/	informational	cs
foxy.cz	bcg matice	150	0	11	4	1	https://www.foxy.cz/blog/co-je-to-bostonska-matice-priklady-z-praxe/	branded+informational	cs
foxy.cz	b2b b2c	100	0	3			https://www.foxy.cz/blog/co-je-to-b2b-a-b2c-marketing/	informational+commercial	cs
foxy.cz	omni channel marketing	30	43	104			https://www.foxy.cz/blog/omnichannel-marketing/	informational	cs
foxy.cz	co je perex	150	0		4	6	https://www.foxy.cz/blog/co-je-to-perex-a-proc-je-pro-psani-textu-dulezity/	informational	cs
foxy.cz	online agentury	10	61	192	3	1		local+informational+commercial	cs
foxy.cz	konverzní	800	0		3	14	https://www.foxy.cz/blog/co-je-konverzni-pomer/	informational	cs
foxy.cz	online marketingová agentura	90	0	224	3	8	https://www.foxy.cz/	local+informational+commercial	cs
foxy.cz	ux a ui	200	0	5			https://www.foxy.cz/blog/co-je-to-ux-a-ui-design-webu/	informational	cs
foxy.cz	míra okamžitého opuštění	50	0				https://www.foxy.cz/blog/co-je-to-bounce-rate-a-jak-ji-snizit/	informational	cs
foxy.cz	digitální agentura brno	90	43	91			https://www.foxy.cz/	local+informational+commercial	cs
foxy.cz	kpi marketing	80	0	38			https://www.foxy.cz/blog/co-jsou-to-kpis-a-proc-jsou-tyto-metriky-v-marketingu-dulezite/	informational	cs
foxy.cz	cpc marketing	50	0	19	2	7	https://www.foxy.cz/blog/co-v-marketingu-znamenaji-zkratky-cpa-cpc-cpt-cpm-cpv/	informational	cs
foxy.cz	ux design	900	2	59	2	19		informational	cs
foxy.cz	pmax kampaně	150	0	34			https://www.foxy.cz/blog/10-nejlepsich-performance-max-skriptu-cast-1/	branded+informational+commercial	cs
foxy.cz	co je to perex	60	0		2	5	https://www.foxy.cz/blog/co-je-to-perex-a-proc-je-pro-psani-textu-dulezity/	informational	cs
foxy.cz	http 404	200	1	8			https://www.foxy.cz/blog/chyba-404/	informational	cs
foxy.cz	hezký font písma	20	0		2	2	https://www.foxy.cz/blog/jak-zvolit-spravny-font-a-proc-je-klicem-dobre-komunikace/	informational+commercial	cs
foxy.cz	banner co to je	50	0	17			https://www.foxy.cz/blog/reklamni-bannery/	informational	cs
foxy.cz	cpm marketing	70	0				https://www.foxy.cz/blog/co-v-marketingu-znamenaji-zkratky-cpa-cpc-cpt-cpm-cpv/	informational	cs
foxy.cz	dsa kampaně	40	0	10	2	6	https://www.foxy.cz/blog/jak-na-tvorbu-dynamic-search-ads-dsa-z-feedu/	branded+informational+commercial	cs
foxy.cz	jaké jsou základní barvy	70	0		2	9		informational	cs
foxy.cz	marketing brno	40	3	89			https://www.foxy.cz/	local+informational+commercial	cs
foxy.cz	google firemní profil	30	0		2	5		branded+informational	cs
foxy.cz	omni-channel marketing	30	32	104			https://www.foxy.cz/blog/omnichannel-marketing/	informational	cs
foxy.cz	firemni profil	30	0		2	5		branded+informational+commercial	cs
foxy.cz	co je imprese	70	0		2	4	https://www.foxy.cz/blog/co-je-to-imprese-a-jak-se-v-marketingu-meri/	informational	cs
foxy.cz	co je cpc	60	0		2	1	https://www.foxy.cz/blog/co-v-marketingu-znamenaji-zkratky-cpa-cpc-cpt-cpm-cpv/	informational	cs
foxy.cz	share of search	20	1				https://www.foxy.cz/blog/co-je-to-share-of-search-na-google/	informational	cs
foxy.cz	perex co to je	90	0		2	10		informational	cs
foxy.cz	barvy na platno	60	43	13	2	1		informational+commercial+transactional	cs
foxy.cz	co je to barter	20	0		1	4		informational	cs
foxy.cz	chyba 404	200	0	2	1	7	https://www.foxy.cz/blog/chyba-404/	informational	cs
foxy.cz	bostonska matice	50	0				https://www.foxy.cz/blog/co-je-to-bostonska-matice-priklady-z-praxe/	branded+informational	cs
foxy.cz	ui	2600	45	25	1	23		informational	cs
foxy.cz	modelling or modeling	20	0		1	3		informational	cs
foxy.cz	pno zkratka	80	0		1	9	https://www.foxy.cz/blog/co-je-to-pno-a-jak-s-nim-pracovat/	informational	cs
foxy.cz	ctr zkratka	10	0		1	4		informational	cs
foxy.cz	marketing agentura	250	46	234			https://www.foxy.cz/	local+informational+commercial	cs
foxy.cz	firemní profil google	30	0	30	1	7		branded+informational	cs
foxy.cz	html5	150	87	29			https://www.foxy.cz/blog/co-je-to-html5-banner/	informational	cs
foxy.cz	3 základní barvy	40	0		1	2		informational	cs
foxy.cz	cpc	350	1	11			https://www.foxy.cz/blog/co-v-marketingu-znamenaji-zkratky-cpa-cpc-cpt-cpm-cpv/	informational+commercial	cs
foxy.cz	stdc model	40	0		1	9	https://www.foxy.cz/blog/co-je-to-stdc-model/	informational	cs
foxy.cz	social media agency	40	24	32			https://www.foxy.cz/en/services/social-networks/	local+informational+commercial	cs
foxy.cz	spolupráce s influencery cena	40	0	32			https://www.foxy.cz/sluzby/influencer-marketing/	informational+commercial	cs
foxy.cz	motion graphic	10	56	41	1	3	https://www.foxy.cz/blog/co-je-to-motion-graphic-design/	informational+commercial	cs
foxy.cz	firemní profil	10	0		1	5		branded+informational	cs
foxy.cz	co je ui	150	0	2	1	8		informational	cs
foxy.cz	responzivní reklama	30	0		1	4	https://www.foxy.cz/blog/co-je-to-responzivni-reklama/	informational	cs
foxy.cz	google firmy	450	0	30	1	8		branded+navigational+informational	cs
foxy.cz	brand awareness co to je	30	0		1	8		informational	cs
foxy.cz	co je vektorová grafika	30	0		1	8		informational	cs
foxy.cz	google vizitka	20	0	40	1	7		branded+informational+commercial	cs
foxy.cz	marketingové agentury brno	10	22	136	1	8	https://www.foxy.cz/	local+informational+commercial	cs
foxy.cz	patkové a bezpatkové písmo	80	2				https://www.foxy.cz/blog/jak-zvolit-spravny-font-a-proc-je-klicem-dobre-komunikace/	informational	cs
foxy.cz	html banner	10	0		1	8	https://www.foxy.cz/blog/co-je-to-html5-banner/	informational	cs
foxy.cz	komplementární barvy	80	0	6	1	11	https://www.foxy.cz/blog/jak-grafici-pracuji-s-barvami/	informational	cs
foxy.cz	omnichannel	250	0	101			https://www.foxy.cz/blog/omnichannel-marketing/	informational+commercial	cs
foxy.cz	aida model	100	0				https://www.foxy.cz/blog/co-je-to-aida-model-v-marketingu/	informational	cs
foxy.cz	4 základní barvy	60	1				https://www.foxy.cz/blog/jak-grafici-pracuji-s-barvami/	informational+commercial	cs
foxy.cz	remarketing co to je	20	0		1	9		informational	cs
foxy.cz	design webu	200	0	152			https://www.foxy.cz/blog/co-je-to-ux-a-ui-design-webu/	informational+commercial	cs
foxy.cz	doplnkove barvy	30	0				https://www.foxy.cz/blog/jak-grafici-pracuji-s-barvami/	informational	cs
foxy.cz	marketingova agentura	700	61	289	0	29	https://www.foxy.cz/	local+informational+commercial	cs
foxy.cz	roas	500	0	8	0	23	https://www.foxy.cz/blog/co-je-to-roas-a-jak-jej-vypocitat/	informational	cs
foxy.cz	základy typografie	10	0		0	10		informational	cs
foxy.cz	matice bcg	20	0		0	9	https://www.foxy.cz/blog/co-je-to-bostonska-matice-priklady-z-praxe/	branded+informational	cs
foxy.cz	výpočet pno	100	0				https://www.foxy.cz/blog/co-je-to-pno-a-jak-s-nim-pracovat/	informational	cs
foxy.cz	co je logotyp	10	0		0	7		informational	cs
foxy.cz	barvy které se k sobě hodí	20	0		0	2		informational	cs
foxy.cz	cpm výpočet	20	0				https://www.foxy.cz/blog/co-v-marketingu-znamenaji-zkratky-cpa-cpc-cpt-cpm-cpv/	informational	cs
foxy.cz	bcg analyza	10	0		0	9		branded+informational	cs
foxy.cz	banner reklama	30	0	87	0	4		local+informational+commercial+transactional	cs
foxy.cz	co je to share	50	0				https://www.foxy.cz/blog/co-je-to-share-of-search-na-google/	informational	cs
foxy.cz	co je to bounce rate	10	0		0	6		informational	cs
foxy.cz	personalizace co to je	20	0				https://www.foxy.cz/blog/co-je-to-personalizace-mailu-a-proc-je-dulezita/	informational	cs
foxy.cz	meta titulek	10	0		0	10		informational	cs
foxy.cz	influencer marketing	700	0	117	0	28	https://www.foxy.cz/sluzby/influencer-marketing/	informational+commercial	cs
foxy.cz	pno meaning	80	0				https://www.foxy.cz/blog/co-je-to-pno-a-jak-s-nim-pracovat/	informational	cs
foxy.cz	ui/ux design	100	49	94	0	21		informational	cs
foxy.cz	firemní účet google	40	0	171	0	9		branded+navigational+informational+transactional	cs
foxy.cz	online agentura	40	40	192			https://www.foxy.cz/	local+informational+commercial	cs
foxy.cz	co je to konverze	60	5				https://www.foxy.cz/blog/co-je-to-konverze-a-jake-jsou-zpusoby-mereni/	informational	cs
foxy.cz	co je to vektorová grafika	10	1		0	9	https://www.foxy.cz/blog/co-je-to-vektorova-grafika/	informational	cs
foxy.cz	co je cpm	60	0				https://www.foxy.cz/blog/co-v-marketingu-znamenaji-zkratky-cpa-cpc-cpt-cpm-cpv/	informational	cs
foxy.cz	bostonská matice	20	0				https://www.foxy.cz/blog/co-je-to-bostonska-matice-priklady-z-praxe/	branded+informational	cs
foxy.cz	marketer b2b	10	0				https://www.foxy.cz/blog/co-je-to-b2b-a-b2c-marketing/	informational+commercial	cs
foxy.cz	co je pno	70	0				https://www.foxy.cz/blog/co-je-to-pno-a-jak-s-nim-pracovat/	informational	cs
foxy.cz	co je b2c	150	0				https://www.foxy.cz/blog/co-je-to-b2b-a-b2c-marketing/	informational	cs
foxy.cz	pno vypocet	30	0				https://www.foxy.cz/blog/co-je-to-pno-a-jak-s-nim-pracovat/	informational	cs
foxy.cz	ctr	1200	28	12	0	30	https://www.foxy.cz/blog/co-je-to-ctr-a-jak-se-meri/	informational+commercial	cs
foxy.cz	kpi co to je	100	0	1			https://www.foxy.cz/blog/co-jsou-to-kpis-a-proc-jsou-tyto-metriky-v-marketingu-dulezite/	informational	cs
foxy.cz	vizuály	10	0		0	10		informational+commercial	cs
foxy.cz	impresse	10	0	127	0	7	https://www.foxy.cz/blog/co-je-to-imprese-a-jak-se-v-marketingu-meri/	informational	cs
foxy.cz	co je reklama	200	0				https://www.foxy.cz/blog/co-je-to-responzivni-reklama/	informational	cs
foxy.cz	vektorová grafika formáty	10	0		0	9	https://www.foxy.cz/blog/co-je-to-vektorova-grafika/	informational	cs
foxy.cz	co jsou metadata	10	0		0	11		informational	cs
foxy.cz	komplementární	200	0		0	4		informational	cs
foxy.cz	typografie pravidla	10	1		0	10		informational	cs
foxy.cz	google profil	10	3		0	4		branded+informational	cs
foxy.cz	formáty vektorové grafiky	20	0				https://www.foxy.cz/blog/co-je-to-vektorova-grafika/	informational	cs
foxy.cz	google účet založení	20	4	18			https://www.foxy.cz/blog/zalozeni-reklamnich-uctu-google-ads-a-sklik/	branded+navigational+informational+transactional	cs
foxy.cz	marketingové kanály	80	0	39			https://www.foxy.cz/blog/omnichannel-marketing/	informational+commercial	cs
foxy.cz	cta	700	28	29	0	16		branded+informational	cs
foxy.cz	google tag	300	59	36			https://www.foxy.cz/blog/co-je-to-google-tag-manager-a-k-cemu-slouzi/	branded+informational	cs
foxy.cz	kpis	150	67	11	0	11	https://www.foxy.cz/blog/co-jsou-to-kpis-a-proc-jsou-tyto-metriky-v-marketingu-dulezite/	informational	cs
foxy.cz	ručně psané ozdobné psací písmo	20	0	12			https://www.foxy.cz/blog/jak-zvolit-spravny-font-a-proc-je-klicem-dobre-komunikace/	informational+commercial+transactional	cs
foxy.cz	co je font	70	0				https://www.foxy.cz/blog/jak-zvolit-spravny-font-a-proc-je-klicem-dobre-komunikace/	informational	cs
foxy.cz	newsletter	1500	1	62	0	15	https://www.foxy.cz/blog/jak-vytvorit-newsletter-ktery-zaujme/	informational	cs
foxy.cz	google moje firma	800	0	29	0	12		branded+navigational+informational	cs
foxy.cz	agentury brno	40	22	25			https://www.foxy.cz/	local+informational+commercial	cs
foxy.cz	jaký je to font	10	1				https://www.foxy.cz/blog/jak-zvolit-spravny-font-a-proc-je-klicem-dobre-komunikace/	informational	cs
foxy.cz	fonty pisma	70	2	12			https://www.foxy.cz/blog/jak-zvolit-spravny-font-a-proc-je-klicem-dobre-komunikace/	informational	cs
foxy.cz	ux ui	300	2	35			https://www.foxy.cz/blog/co-je-to-ux-a-ui-design-webu/	informational	cs
foxy.cz	bcg analýza	40	0		0	8		branded+informational	cs
foxy.cz	založení účtu google	30	0	18	0	4		branded+informational+transactional	cs
foxy.cz	ugc tvůrce	700	0				https://www.foxy.cz/sluzby/ugc-marketing/	informational+commercial	cs
foxy.cz	pmax	100	0	36			https://www.foxy.cz/blog/10-nejlepsich-performance-max-skriptu-cast-1/	branded+informational+commercial	cs
foxy.cz	see think do care	150	0	23			https://www.foxy.cz/blog/co-je-to-stdc-model/	informational	cs
foxy.cz	ui design	250	8	36			https://www.foxy.cz/blog/co-je-to-ux-a-ui-design-webu/	informational	cs
foxy.cz	a+b	40	0				https://www.foxy.cz/blog/co-je-to-ab-testovano-a-jak-jej-vyuzit/	informational	cs
foxy.cz	ctr marketing	80	0	11			https://www.foxy.cz/blog/co-je-to-ctr-a-jak-se-meri/	informational	cs
foxy.cz	tři základní barvy	40	2				https://www.foxy.cz/blog/jak-grafici-pracuji-s-barvami/	informational	cs
foxy.cz	bannery online	90	0	24			https://www.foxy.cz/blog/reklamni-bannery/	informational+commercial+transactional	cs
foxy.cz	jaké barvy se k sobě hodí	90	0	8			https://www.foxy.cz/blog/jak-grafici-pracuji-s-barvami/	informational	cs
foxy.cz	omni channel	50	0	93			https://www.foxy.cz/blog/omnichannel-marketing/	informational	cs
foxy.cz	druhy pismen	50	0				https://www.foxy.cz/blog/jak-zvolit-spravny-font-a-proc-je-klicem-dobre-komunikace/	informational	cs
foxy.cz	které barvy se k sobě hodí	50	0				https://www.foxy.cz/blog/jak-grafici-pracuji-s-barvami/	informational	cs
foxy.cz	vektorova grafika	150	37	20	0	10	https://www.foxy.cz/blog/co-je-to-vektorova-grafika/	informational	cs
foxy.cz	fondy písma	0	1				https://www.foxy.cz/blog/jak-zvolit-spravny-font-a-proc-je-klicem-dobre-komunikace/	informational+commercial+transactional	cs
foxy.cz	linkbuilding seo	200	0	130			https://www.foxy.cz/sluzby/seo-a-linkbuilding/	informational+commercial	cs
foxy.cz	rastrová vs vektorová grafika	10	0				https://www.foxy.cz/blog/co-je-to-vektorova-grafika/	informational	cs
foxy.cz	jak jdou barvy po sobě	70	0				https://www.foxy.cz/blog/jak-grafici-pracuji-s-barvami/	informational	cs
foxy.cz	metadata	600	5	218	0	9		informational	cs
foxy.cz	rss čtečka	100	0	109			https://www.foxy.cz/blog/co-je-to-rss/	informational+commercial	cs
foxy.cz	web ui	40	70				https://www.foxy.cz/blog/co-je-to-ux-a-ui-design-webu/	informational+commercial	cs
foxy.cz	12 základních barev	40	0				https://www.foxy.cz/blog/jak-grafici-pracuji-s-barvami/	informational+commercial+transactional	cs
foxy.cz	ppc bannery	200	0	88			https://www.foxy.cz/blog/reklamni-bannery/	informational+commercial	cs
foxy.cz	reklamní bannery	90	0	55			https://www.foxy.cz/blog/reklamni-bannery/	informational+commercial+transactional	cs
foxy.cz	fonty čísel	40	0				https://www.foxy.cz/blog/jak-zvolit-spravny-font-a-proc-je-klicem-dobre-komunikace/	informational	cs
foxy.cz	obsahová reklama	200	0	24			https://www.foxy.cz/blog/co-je-to-responzivni-reklama/	informational+commercial	cs
foxy.cz	cpt zkratka	20	0				https://www.foxy.cz/blog/co-v-marketingu-znamenaji-zkratky-cpa-cpc-cpt-cpm-cpv/	informational	cs
foxy.cz	reklamní banery	60	1	81			https://www.foxy.cz/blog/reklamni-bannery/	local+informational+commercial+transactional	cs
foxy.cz	influence marketing	40	0	55			https://www.foxy.cz/sluzby/influencer-marketing/	informational+commercial	cs
foxy.cz	metrika	80	0				https://www.foxy.cz/blog/co-je-metrika-a-dimenze-a-jaky-maji-v-marketingu-vyznam/	branded+informational+commercial	cs
foxy.cz	vzory písma	30	2				https://www.foxy.cz/blog/jak-zvolit-spravny-font-a-proc-je-klicem-dobre-komunikace/	informational+commercial	cs
foxy.cz	logotyp	150	0	25	0	9		informational+commercial	cs
foxy.cz	banner	2600	5	26	0	19	https://www.foxy.cz/blog/reklamni-bannery/	informational+commercial	cs
foxy.cz	rastrová a vektorová grafika	150	0				https://www.foxy.cz/blog/co-je-to-vektorova-grafika/	informational	cs
foxy.cz	nasdilet	40	0				https://www.foxy.cz/blog/jak-nasdilet-pristupy-do-google-ads-a-skliku/	informational	cs
foxy.cz	typ pisma	60	1	12			https://www.foxy.cz/blog/jak-zvolit-spravny-font-a-proc-je-klicem-dobre-komunikace/	informational+commercial	cs
foxy.cz	reklamni baner	100	0	107			https://www.foxy.cz/blog/reklamni-bannery/	informational+commercial+transactional	cs
foxy.cz	cíle marketingu	70	0				https://www.foxy.cz/blog/co-jsou-to-kpis-a-proc-jsou-tyto-metriky-v-marketingu-dulezite/	informational	cs
foxy.cz	marketing novinky	150	6	94			https://www.foxy.cz/blog/	informational+commercial	cs
foxy.cz	jak zjistit font	10	0				https://www.foxy.cz/blog/jak-zvolit-spravny-font-a-proc-je-klicem-dobre-komunikace/	informational	cs
foxy.cz	blog marketing	60	1	24			https://www.foxy.cz/blog/	informational+commercial	cs
foxy.cz	písmo druhy	100	0	2			https://www.foxy.cz/blog/jak-zvolit-spravny-font-a-proc-je-klicem-dobre-komunikace/	informational	cs
foxy.cz	404	500	3	13	0	17	https://www.foxy.cz/blog/chyba-404/	informational	cs
foxy.cz	typografie	1100	0	4	0	14	https://www.foxy.cz/blog/co-je-to-typografie-a-jaka-jsou-jeji-zakladni-pravidla/	informational	cs
foxy.cz	b2b význam	200	0	1			https://www.foxy.cz/blog/co-je-to-b2b-a-b2c-marketing/	informational	cs
foxy.cz	analýza webových stránek	150	0	127			https://www.foxy.cz/sluzby/seo-a-linkbuilding/	informational+commercial	cs
foxy.cz	styl písma word	10	0				https://www.foxy.cz/blog/jak-zvolit-spravny-font-a-proc-je-klicem-dobre-komunikace/	branded+informational	cs
foxy.cz	perex	1000	0	13			https://www.foxy.cz/blog/co-je-to-perex-a-proc-je-pro-psani-textu-dulezity/	branded+informational+commercial	cs
foxy.cz	spolupráce s influencery	10	0	44			https://www.foxy.cz/sluzby/influencer-marketing/	informational+commercial	cs
foxy.cz	co je konverze měny	40	0				https://www.foxy.cz/blog/co-je-to-konverze-a-jake-jsou-zpusoby-mereni/	informational	cs
foxy.cz	bezpatková písma	20	0				https://www.foxy.cz/blog/co-je-to-typografie-a-jaka-jsou-jeji-zakladni-pravidla/	informational+commercial	cs
foxy.cz	typy písmen	20	1				https://www.foxy.cz/blog/jak-zvolit-spravny-font-a-proc-je-klicem-dobre-komunikace/	informational	cs
foxy.cz	infografika	700	3	31			https://www.foxy.cz/blog/co-je-to-infografika/	informational	cs
foxy.cz	cpt	400	0	14			https://www.foxy.cz/blog/co-v-marketingu-znamenaji-zkratky-cpa-cpc-cpt-cpm-cpv/	branded+informational	cs
foxy.cz	zavřít reklamu	600	0	19			https://www.foxy.cz/blog/reklamni-bannery/	informational	cs
foxy.cz	organický	30	0				https://www.foxy.cz/blog/co-je-to-organicky-dosah/	informational	cs
foxy.cz	psací font	20	0				https://www.foxy.cz/blog/jak-zvolit-spravny-font-a-proc-je-klicem-dobre-komunikace/	informational+commercial+transactional	cs
foxy.cz	rastrová grafika	300	0	7	0	29		informational	cs
foxy.cz	styl písma	450	0	5			https://www.foxy.cz/blog/jak-zvolit-spravny-font-a-proc-je-klicem-dobre-komunikace/	informational	cs
foxy.cz	patkové písmo word	50	2				https://www.foxy.cz/blog/jak-zvolit-spravny-font-a-proc-je-klicem-dobre-komunikace/	branded+informational	cs
foxy.cz	a/b testování	60	0				https://www.foxy.cz/blog/co-je-to-ab-testovano-a-jak-jej-vyuzit/	informational+commercial	cs
foxy.cz	ppc specialista	500	0	336			https://www.foxy.cz/kariera/juniorni-ppc-specialista/	informational	cs
foxy.cz	font psací písmo	20	1	4			https://www.foxy.cz/blog/jak-zvolit-spravny-font-a-proc-je-klicem-dobre-komunikace/	informational+commercial+transactional	cs
foxy.cz	metriky	60	0				https://www.foxy.cz/blog/co-je-metrika-a-dimenze-a-jaky-maji-v-marketingu-vyznam/	informational	cs
foxy.cz	nativni	50	0				https://www.foxy.cz/blog/co-je-to-nativni-reklama/	informational	cs
foxy.cz	založení gmailu	100	5	18			https://www.foxy.cz/blog/zalozeni-reklamnich-uctu-google-ads-a-sklik/	branded+informational	cs
foxy.cz	nativní	200	0				https://www.foxy.cz/blog/co-je-to-nativni-reklama/	informational	cs
foxy.cz	банер	40	15				https://www.foxy.cz/blog/reklamni-bannery/	informational+commercial	cs
foxy.cz	tag manager	450	52	59			https://www.foxy.cz/blog/co-je-to-google-tag-manager-a-k-cemu-slouzi/	branded+informational+commercial	cs
foxy.cz	specialistka	20	0	3			https://www.foxy.cz/kariera/junior-seo-specialista-specialistka/	branded+informational+commercial	cs
foxy.cz	seznam add url	400	1				https://www.foxy.cz/blog/jak-na-tvorbu-dynamic-search-ads-dsa-z-feedu/	branded+informational	cs
foxy.cz	google adwords přihlášení	10	0	57			https://www.foxy.cz/blog/zalozeni-reklamnich-uctu-google-ads-a-sklik/	branded+navigational+informational+transactional	cs
gameplan.cz	digitální agentura liberec	200	25	88			https://gameplan.cz/	local+informational+commercial	cs
gameplan.cz	správa ppc kampaní	300	0	67	47	4		local+informational+commercial	cs
gameplan.cz	seo optimalizace liberec	350	2	58			https://gameplan.cz/marketing/seo-optimalizace-stranek/	local+informational+commercial	cs
gameplan.cz	seo liberec	300	2	28			https://gameplan.cz/marketing/seo-optimalizace-stranek/	local+informational+commercial	cs
gameplan.cz	game plan	100	39				https://gameplan.cz/	branded+informational+commercial+transactional	cs
gameplan.cz	gameplan	10	55		7	1	https://gameplan.cz/	branded+informational+commercial	cs
gameplan.cz	správa instagramu	150	0	68			https://gameplan.cz/marketing/sprava-socialnich-siti/	branded+local+informational+commercial	cs
gameplan.cz	konverzní trychtýř	100	0	29	6	6		informational	cs
gameplan.cz	kamerový systém	1000	0	37	6	11		informational+commercial	cs
gameplan.cz	social media manager	250	0	36	5	9		informational+commercial	cs
gameplan.cz	léčivé hudební nástroje	50	0				https://gameplan.cz/portfolio/lecive-nastroje/	branded+local+informational+commercial+transactional	cs
gameplan.cz	jakou rychlost internetu zvolit	30	0	34	2	7		informational	cs
gameplan.cz	marketing liberec	30	0	70	2	1		local+informational	cs
gameplan.cz	reakční doba člověka	70	0				https://gameplan.cz/reakcni-doby-jak-zvysit-pocet-konverzi-s-minimalnimi-naklady/	informational	cs
gameplan.cz	zákazníci	50	0	48			https://gameplan.cz/proc-potrebujete-vedet-kdo-jsou-vasi-zakaznici/	informational	cs
gameplan.cz	фрилансер	20	0	8	1	6		informational+commercial+transactional	cs
gameplan.cz	community management	150	0	3			https://gameplan.cz/jak-na-community-management-a-proc-ho-nepodcenit/	informational	cs
gameplan.cz	marketingová agentura liberec	20	52	120	1	11	https://gameplan.cz/	local+informational+commercial	cs
gameplan.cz	seo optimalizace cena	1000	0	123			https://gameplan.cz/jak-na-seo-optimalizaci/	informational+commercial	cs
gameplan.cz	webdesigner	90	1	90			https://gameplan.cz/kariera/graphic-web-designer-wanted/	local+informational+commercial	cs
gameplan.cz	nabírat	40	0				https://gameplan.cz/jak-nabirat-efektivne-zamestnance-levneji-nez-pres-personalni-agenturu/	informational	cs
gameplan.cz	zkratka url	70	1				https://gameplan.cz/jak-pracovat-s-utm/	informational+commercial	cs
gameplan.cz	hotel pelikán	60	0	14			https://gameplan.cz/portfolio/relax-hotel-pelikan/	branded+local+informational+commercial+transactional	cs
gameplan.cz	digitální agentura	350	19	191			https://gameplan.cz/	branded+navigational+informational	cs
gameplan.cz	marketingový audit	10	0	69			https://gameplan.cz/vyvoj/audit-online-projektu/	informational	cs
gameplan.cz	jaká rychlost internetu v mobilu je dostačující	70	0	34			https://tkmb.gameplan.cz/9-tipu-jak-vybrat-spravne-internetove-pripojeni/	informational	cs
gameplan.cz	shoptet vs shopify	50	0	100			https://gameplan.cz/woocommerce-nebo-shoptet/	branded+informational+commercial	cs
gameplan.cz	lecive nastroje	300	0				https://gameplan.cz/portfolio/lecive-nastroje/	branded+local+navigational+informational+commercial	cs
gameplan.cz	utm parametry	150	0	13			https://gameplan.cz/jak-pracovat-s-utm/	informational+commercial	cs
gameplan.cz	cantine	40	0				https://gameplan.cz/portfolio/fresh-cantine/	local+informational+commercial	cs
gameplan.cz	tvorba webu liberec	0	25				https://gameplan.cz/		cs
gameplan.cz	fresh bistro kantyna	0	0	14			https://gameplan.cz/portfolio/fresh-cantine/	branded+local+navigational+informational+commercial	cs
impnet.cz	srank	500	0		76	1	https://www.impnet.cz/srank	branded+informational	cs
impnet.cz	hreflang	150	55	11	54	1	https://www.impnet.cz/blog/co-je-to-atribut-hreflang-jak-ho-pouzivat-a-nejcastejsi-chyby/	informational	cs
impnet.cz	realitní software	100	27	136	30	2	https://www.impnet.cz/blog/srovnani-8-nejlepsich-systemu-pro-realitky-jaky-vybrat/	informational+commercial	cs
impnet.cz	meta description	150	70	29	24	3	https://www.impnet.cz/blog/jak-spravne-psat-meta-description-a-jak-ma-byt-dlouhy/	informational	cs
impnet.cz	sales navigator	200	0	28	19	1	https://www.impnet.cz/blog/jak-funguje-propagace-skrze-placeny-sales-navigator-na-linkedin/	branded+informational+commercial	cs
impnet.cz	klišé	300	0				https://www.impnet.cz/klise	informational	cs
impnet.cz	pop3 vs imap	100	11	2	17	1	https://www.impnet.cz/blog/pop3-vs-imap-ktery-protokol-je-lepsi/	informational	cs
impnet.cz	nps zkratka	200	0		15	4	https://www.impnet.cz/blog/nps-zjistete-spokojenost-vasich-zakazniku/	branded+informational	cs
impnet.cz	longtail	150	2	25			https://www.impnet.cz/longtail	informational+commercial	cs
impnet.cz	blogerka	70	0				https://www.impnet.cz/bloger-ka	informational	cs
impnet.cz	long tail	150	0	12	14	3	https://www.impnet.cz/longtail	informational+commercial	cs
impnet.cz	platebni brany	90	51	186			https://www.impnet.cz/blog/13-nejlepsich-platebnich-bran-pro-majitele-e-shopu/	informational+commercial	cs
impnet.cz	srovnání platebních bran	50	20	106			https://www.impnet.cz/blog/13-nejlepsich-platebnich-bran-pro-majitele-e-shopu/	informational+commercial	cs
impnet.cz	metadescription	600	0	16	12	1		informational	cs
impnet.cz	profilová fotka na fb	150	0				https://www.impnet.cz/blog/ztracite-se-v-rozmerech-obrazku-na-facebooku-tady-mate-prehled-tech-nejdulezitejsich/	branded+informational	cs
impnet.cz	meta popis	100	0	6	10	3	https://www.impnet.cz/blog/jak-spravne-psat-meta-description-a-jak-ma-byt-dlouhy/	informational	cs
impnet.cz	perex co to je	100	0				https://www.impnet.cz/perex	informational	cs
impnet.cz	klišé význam	80	0				https://www.impnet.cz/klise	informational	cs
impnet.cz	cpc marketing	100	0	19			https://www.impnet.cz/cpc	informational	cs
impnet.cz	optimalizace rychlosti webu	200	0		8	6		informational+commercial	cs
impnet.cz	imp	250	0	18	7	1	https://www.impnet.cz/	informational	cs
impnet.cz	co je to kpi	150	0				https://www.impnet.cz/kpi	informational	cs
impnet.cz	google consent mode v2	100	34				https://www.impnet.cz/blog/google-consent-mode-v2-co-je-treba-vedet-a-jak-implementovat/	branded+informational	cs
impnet.cz	penalizace	200	0				https://www.impnet.cz/blog/penalizace-od-google-jak-ji-najit-opravit-a-jak-se-ji-vyhnout/	informational	cs
impnet.cz	libilo se	200	0				https://www.impnet.cz/blog/v-jakych-slovech-nejcasteji-chybujete/	informational	cs
impnet.cz	kpi zkratka	700	0	7			https://www.impnet.cz/kpi	informational	cs
impnet.cz	titulek	250	0				https://www.impnet.cz/titulek	informational	cs
impnet.cz	meta popisek	100	1	55	5	5	https://www.impnet.cz/blog/jak-spravne-psat-meta-description-a-jak-ma-byt-dlouhy/	informational	cs
impnet.cz	usp	500	1	23			https://www.impnet.cz/usp	informational	cs
impnet.cz	description	250	0	298	5	1		informational	cs
impnet.cz	co je to influencer	250	0	4			https://www.impnet.cz/influencer	informational	cs
impnet.cz	google tag manager co to je	200	0	50			https://www.impnet.cz/google-tag-manager-gtm	branded+informational	cs
impnet.cz	vytvoření podpisu online	40	0	27	5	5		informational+commercial+transactional	cs
impnet.cz	lookalike	70	0				https://www.impnet.cz/lookalike	informational+commercial	cs
impnet.cz	infulencer	50	5	14			https://www.impnet.cz/influencer	informational+commercial	cs
impnet.cz	co je influencer	450	0	1			https://www.impnet.cz/influencer	informational	cs
impnet.cz	platební brány srovnání	40	30	132	4	5	https://www.impnet.cz/blog/13-nejlepsich-platebnich-bran-pro-majitele-e-shopu/	informational+commercial	cs
impnet.cz	direct mailing	100	0	60			https://www.impnet.cz/direct-mailing.php	informational+commercial	cs
impnet.cz	influencer	7600	0	17	4	13	https://www.impnet.cz/influencer	informational+commercial	cs
impnet.cz	influencerka co to je	250	1	13			https://www.impnet.cz/influencer	informational	cs
impnet.cz	co je to epos	600	0				https://www.impnet.cz/epos	informational	cs
impnet.cz	usp marketing	100	0				https://www.impnet.cz/blog/jak-napsat-usp-ktere-vas-business-vystreli-do-nebes/	informational	cs
impnet.cz	platební brány	150	56	232			https://www.impnet.cz/blog/13-nejlepsich-platebnich-bran-pro-majitele-e-shopu/	informational+commercial	cs
impnet.cz	linkedin sales navigator	200	43	19	4	3	https://www.impnet.cz/blog/jak-funguje-propagace-skrze-placeny-sales-navigator-na-linkedin/	branded+informational+commercial+transactional	cs
impnet.cz	platební brána zdarma	30	24	191			https://www.impnet.cz/blog/13-nejlepsich-platebnich-bran-pro-majitele-e-shopu/	informational+commercial	cs
impnet.cz	analýza klíčových slov	1000	2	106			https://www.impnet.cz/analyza-klicovych-slov.php	informational	cs
impnet.cz	headline	300	0				https://www.impnet.cz/headline	informational	cs
impnet.cz	titulek článku	40	0				https://www.impnet.cz/titulek	informational	cs
impnet.cz	seo service	50	0	164	3	7		local+informational+commercial	cs
impnet.cz	co je to perex	100	0				https://www.impnet.cz/perex	informational	cs
impnet.cz	platební brana	450	65	238			https://www.impnet.cz/blog/13-nejlepsich-platebnich-bran-pro-majitele-e-shopu/	informational+commercial	cs
impnet.cz	pop vs imap	20	5				https://www.impnet.cz/blog/pop3-vs-imap-ktery-protokol-je-lepsi/	informational	cs
impnet.cz	co je to copywriting	150	0	4			https://www.impnet.cz/copywriting-2	informational	cs
impnet.cz	co je influencerka	150	1	13			https://www.impnet.cz/influencer	informational	cs
impnet.cz	facebook událost rozměry	20	0				https://www.impnet.cz/blog/ztracite-se-v-rozmerech-obrazku-na-facebooku-tady-mate-prehled-tech-nejdulezitejsich/	branded+informational	cs
impnet.cz	klise	100	0				https://www.impnet.cz/klise	informational	cs
impnet.cz	zkratka kpi	150	0				https://www.impnet.cz/kpi	informational	cs
impnet.cz	co znamená influencer	200	0				https://www.impnet.cz/influencer	informational	cs
impnet.cz	co je saas	100	0	1	2	10	https://www.impnet.cz/blog/software-uz-si-nekoupite-a-je-to-dobre-co-je-saas-a-proc-na-nej-prejit/	informational	cs
impnet.cz	co je epos	400	0				https://www.impnet.cz/epos	informational	cs
impnet.cz	co je marketplace	50	0	16			https://www.impnet.cz/market-place	informational	cs
impnet.cz	epos co to je	150	0				https://www.impnet.cz/epos	informational	cs
impnet.cz	consent mode v2	50	28		2	2	https://www.impnet.cz/blog/google-consent-mode-v2-co-je-treba-vedet-a-jak-implementovat/	branded+informational	cs
impnet.cz	marketing aktuality	40	0		2	9		branded+informational	cs
impnet.cz	fb událost rozměry	30	0				https://www.impnet.cz/blog/ztracite-se-v-rozmerech-obrazku-na-facebooku-tady-mate-prehled-tech-nejdulezitejsich/	branded+informational	cs
impnet.cz	data layer	30	9				https://www.impnet.cz/data-layer	informational	cs
impnet.cz	školení linkbuilding	300	2	43	2	16		informational+commercial	cs
impnet.cz	saas co to je	90	0		2	10	https://www.impnet.cz/blog/software-uz-si-nekoupite-a-je-to-dobre-co-je-saas-a-proc-na-nej-prejit/	informational	cs
impnet.cz	návrh loga	350	2	37			https://www.impnet.cz/tvorba-loga.php	informational+commercial+transactional	cs
impnet.cz	copywrighting	70	1		1	9		informational+commercial	cs
impnet.cz	meta tag description	40	81	77			https://www.impnet.cz/blog/jak-spravne-psat-meta-description-a-jak-ma-byt-dlouhy/	informational	cs
impnet.cz	claim	400	0	61			https://www.impnet.cz/claim	informational+commercial	cs
impnet.cz	technické seo	300	0	58			https://www.impnet.cz/blog/technicke-seo-8-nejdulezitejsich-bodu-na-ktere-nezapominat/	informational+commercial	cs
impnet.cz	facebook příspěvek rozměry	30	0				https://www.impnet.cz/blog/ztracite-se-v-rozmerech-obrazku-na-facebooku-tady-mate-prehled-tech-nejdulezitejsich/	branded+informational	cs
impnet.cz	responzivni	150	0	29			https://www.impnet.cz/blog/responzivni-vs-adaptivni-design-ktery-je-lepsi/	informational	cs
impnet.cz	co je perex	150	0				https://www.impnet.cz/perex	informational	cs
impnet.cz	sales navigator linkedin	50	79	25	1	9	https://www.impnet.cz/blog/jak-funguje-propagace-skrze-placeny-sales-navigator-na-linkedin/	branded+informational+commercial+transactional	cs
impnet.cz	co to je influencer	50	0				https://www.impnet.cz/influencer	informational	cs
impnet.cz	líbila	150	0				https://www.impnet.cz/blog/v-jakych-slovech-nejcasteji-chybujete/	informational	cs
impnet.cz	featured snippets	60	47				https://www.impnet.cz/blog/jak-vyuzit-featured-snippets-pro-vyssi-navstevnost/	branded+informational	cs
impnet.cz	imap vs pop	20	5				https://www.impnet.cz/blog/pop3-vs-imap-ktery-protokol-je-lepsi/	informational	cs
impnet.cz	instagram pro začátečníky	20	0		1	1		branded+informational	cs
impnet.cz	konverze význam	150	2				https://www.impnet.cz/konverze	informational	cs
impnet.cz	cookies co to je	40	0	21	1	8		informational	cs
impnet.cz	co znamená influencerka	40	0				https://www.impnet.cz/influencer	informational	cs
impnet.cz	newsfeed	40	0	87			https://www.impnet.cz/newsfeed	branded+informational	cs
impnet.cz	kdo je to influencer	150	0	4			https://www.impnet.cz/influencer	informational	cs
impnet.cz	impnet	0	0		1	1	https://www.impnet.cz/	branded+local+navigational+informational+commercial	cs
impnet.cz	dvoufázové ověření instagram	20	0				https://www.impnet.cz/blog/zabezpeceni-facebook-a-instagram-uctu/	branded+informational	cs
impnet.cz	úvodní fotka na fb	20	0				https://www.impnet.cz/blog/ztracite-se-v-rozmerech-obrazku-na-facebooku-tady-mate-prehled-tech-nejdulezitejsich/	branded+informational	cs
impnet.cz	influencer co to je	100	0	2			https://www.impnet.cz/influencer	informational	cs
impnet.cz	co je php	50	0	4	1	9	https://www.impnet.cz/blog/proc-je-php-paskvil-a-proc-se-presto-tak-hojne-pouziva/	branded+informational	cs
impnet.cz	copywritting	60	0	38	1	9		informational+commercial	cs
impnet.cz	profilové fotky na fb	60	0				https://www.impnet.cz/blog/ztracite-se-v-rozmerech-obrazku-na-facebooku-tady-mate-prehled-tech-nejdulezitejsich/	branded+informational	cs
impnet.cz	co je to barter	50	1				https://www.impnet.cz/barter	informational	cs
impnet.cz	záložní kód instagram	20	0				https://www.impnet.cz/blog/zabezpeceni-facebook-a-instagram-uctu/	branded+informational	cs
impnet.cz	pwa	450	80	67			https://www.impnet.cz/blog/v-cem-tkvi-kouzlo-pwa-aplikaci/	informational	cs
impnet.cz	ctr marketing	50	0	11	1	8	https://www.impnet.cz/ctr	informational	cs
impnet.cz	instagram návod	20	22	120	1	8		branded+informational	cs
impnet.cz	anchor text	70	0	4			https://www.impnet.cz/anchor-text	informational	cs
impnet.cz	rychlost webu google	100	12	135			https://www.impnet.cz/blog/optimalizace-pres-google-pagespeed-insights-prakticke-informace-jak-zvysit-rychlost-vaseho-webu/	branded+informational	cs
impnet.cz	co je to klišé	10	0				https://www.impnet.cz/klise	informational	cs
impnet.cz	logo návrh	100	2	33			https://www.impnet.cz/tvorba-loga.php	informational+commercial	cs
impnet.cz	copyediting	50	7				https://www.impnet.cz/copyediting	informational	cs
impnet.cz	instagram navod	20	0	150	1	9		branded+informational	cs
impnet.cz	co je klišé	10	0				https://www.impnet.cz/klise	informational	cs
impnet.cz	firemní logo	30	0	72	1	9		informational+commercial	cs
impnet.cz	ai tvorba prezentace	60	0				https://www.impnet.cz/blog/tvorba-prezentaci-s-ai/	informational+commercial	cs
impnet.cz	imp net	10	0		1	2	https://www.impnet.cz/	branded+local+navigational+informational+commercial	cs
impnet.cz	redakcni system	40	0	85	1	11	https://www.impnet.cz/blog/redakcni-system-brave-cms-a-informacni-systemy-abra/	informational+commercial	cs
impnet.cz	hledáme copywritera	70	0	9			https://www.impnet.cz/kariera-copy	informational+transactional	cs
impnet.cz	mailing	250	3	3			https://www.impnet.cz/direct-mailing.php	informational+commercial	cs
impnet.cz	php jazyk	20	0	4	0	9		branded+informational	cs
impnet.cz	velikost úvodní fotky na fb	20	0		0	7	https://www.impnet.cz/blog/ztracite-se-v-rozmerech-obrazku-na-facebooku-tady-mate-prehled-tech-nejdulezitejsich/	branded+informational	cs
impnet.cz	vyroba loga	80	6	37			https://www.impnet.cz/tvorba-loga.php	informational+commercial+transactional	cs
impnet.cz	pwa aplikace	100	0	83			https://www.impnet.cz/blog/v-cem-tkvi-kouzlo-pwa-aplikaci/	informational	cs
impnet.cz	co je ctr	50	0		0	9		informational	cs
impnet.cz	co je to url	300	1				https://www.impnet.cz/url-adresa	informational	cs
impnet.cz	nofollow	30	50	2	0	8	https://www.impnet.cz/follow-x-nofollow	informational	cs
impnet.cz	co je barter	80	1				https://www.impnet.cz/barter	informational	cs
impnet.cz	universal analytics	50	86	23			https://www.impnet.cz/blog/universal-analytics-konci-prejdete-na-google-analytics-4/	branded+informational+commercial	cs
impnet.cz	prezentace ai	600	0	15			https://www.impnet.cz/blog/tvorba-prezentaci-s-ai/	informational+commercial	cs
impnet.cz	nejčastější klišé	20	0				https://www.impnet.cz/klise	informational	cs
impnet.cz	tagy co to je	150	0				https://www.impnet.cz/meta-tagy	informational	cs
impnet.cz	google tag	300	59	36			https://www.impnet.cz/google-tag-manager-gtm	branded+informational	cs
impnet.cz	strukturovaná data	30	0	11			https://www.impnet.cz/blog/co-jsou-strukturovana-data-rich-snippety-a-proc-byste-je-meli-pouzivat/	informational	cs
impnet.cz	co je to php	20	0		0	9	https://www.impnet.cz/blog/proc-je-php-paskvil-a-proc-se-presto-tak-hojne-pouziva/	branded+informational	cs
impnet.cz	co je to freelancer	60	0				https://www.impnet.cz/freelancer	informational	cs
impnet.cz	tip typ rozdíl	250	0				https://www.impnet.cz/blog/v-jakych-slovech-nejcasteji-chybujete/	informational	cs
impnet.cz	rel noopener	0	5	2	0	4	https://www.impnet.cz/blog/jak-odstranit-rel-atribut-s-hodnotami-noopener-a-noreferrer-z-odkazu-redakcniho-systemu-wordpress/	informational	cs
impnet.cz	pr clanek	100	0	77			https://www.impnet.cz/pr-clanek	informational+commercial	cs
impnet.cz	logo firem	30	0	22	0	8		informational+commercial	cs
impnet.cz	busines manager	70	0	40			https://www.impnet.cz/blog/co-je-to-business-manager-a-jak-ho-nastavit/	branded+navigational+informational+commercial	cs
impnet.cz	pagespeed google	30	79	41			https://www.impnet.cz/blog/optimalizace-pres-google-pagespeed-insights-prakticke-informace-jak-zvysit-rychlost-vaseho-webu/	branded+navigational+informational	cs
impnet.cz	usp sipo	10	0				https://www.impnet.cz/usp	branded+informational+commercial	cs
impnet.cz	vytvoření loga	150	0	33			https://www.impnet.cz/tvorba-loga.php	informational+commercial	cs
impnet.cz	chatbot co to je	40	0				https://www.impnet.cz/blog/chatbot-pomocnik-s-umelou-inteligenci/	informational	cs
impnet.cz	originální profilová fotka	20	0	15			https://www.impnet.cz/blog/ztracite-se-v-rozmerech-obrazku-na-facebooku-tady-mate-prehled-tech-nejdulezitejsich/	informational	cs
impnet.cz	seo titulek	80	0	48			https://www.impnet.cz/title-stranky	informational	cs
impnet.cz	agency navigator	10	0				https://www.impnet.cz/blog/jak-funguje-propagace-skrze-placeny-sales-navigator-na-linkedin/	branded+informational+commercial	cs
impnet.cz	navrh loga	60	2	30			https://www.impnet.cz/tvorba-loga.php	informational+commercial	cs
impnet.cz	zní to jako klišé	0	0				https://www.impnet.cz/klise	informational	cs
impnet.cz	co je komunikace	10	0		0	11		informational	cs
impnet.cz	uvodni fotka	10	0				https://www.impnet.cz/blog/ztracite-se-v-rozmerech-obrazku-na-facebooku-tady-mate-prehled-tech-nejdulezitejsich/	informational	cs
impnet.cz	patkové a bezpatkové písmo	80	2				https://www.impnet.cz/blog/vice-nez-100-000-fontu-je-k-dispozici-jak-ale-vybrat-ten-spravny-pro-vas-projekt/	informational	cs
impnet.cz	co je to gdpr	30	11	18			https://www.impnet.cz/gdpr	branded+informational	cs
impnet.cz	facebook dvoufázové ověření	0	0	17	0	8		branded+informational	cs
impnet.cz	time managment	40	3	12			https://www.impnet.cz/blog/jak-na-efektivni-time-management/	informational	cs
impnet.cz	google pagerank	200	73	67			https://www.impnet.cz/pagerank	branded+informational	cs
impnet.cz	typ tip rozdíl	30	0				https://www.impnet.cz/blog/v-jakych-slovech-nejcasteji-chybujete/	informational	cs
impnet.cz	co je platební brána	40	6	24			https://www.impnet.cz/blog/13-nejlepsich-platebnich-bran-pro-majitele-e-shopu/	informational+commercial	cs
impnet.cz	url adresa	450	2	87			https://www.impnet.cz/url-adresa	informational	cs
impnet.cz	stránce	100	0	47			https://www.impnet.cz/blog/skryty-obsah-a-text-na-strance-a-seo-jak-to-udelat-dobre/	informational	cs
impnet.cz	zpětný odkaz	150	0	122			https://www.impnet.cz/zpetny-odkaz	informational	cs
impnet.cz	filtry instagram	0	0	10	0	8		branded+informational	cs
impnet.cz	rozměr fotky	50	1	8			https://www.impnet.cz/blog/ztracite-se-v-rozmerech-obrazku-na-facebooku-tady-mate-prehled-tech-nejdulezitejsich/	informational	cs
impnet.cz	loga firem obrázky	10	0				https://www.impnet.cz/blog/nalezitosti-firemniho-loga-a-jak-s-nim-spravne-pracovat/	informational+commercial	cs
impnet.cz	konec cookies třetích stran	0	0		0	9	https://www.impnet.cz/blog/konec-cookies-tretich-stran-v-google-chrome/	informational	cs
impnet.cz	meta tag	200	55				https://www.impnet.cz/meta-tagy	informational	cs
impnet.cz	stránkování	10	0		0	3		informational	cs
impnet.cz	co je cpc	70	0				https://www.impnet.cz/cpc	informational	cs
impnet.cz	linkbuilding seo	200	0	130			https://www.impnet.cz/linkbuilding.php	informational+commercial	cs
impnet.cz	standardní velikost fotografie	60	0	9			https://www.impnet.cz/blog/ztracite-se-v-rozmerech-obrazku-na-facebooku-tady-mate-prehled-tech-nejdulezitejsich/	informational	cs
impnet.cz	co je to konverze	60	5				https://www.impnet.cz/konverze	informational	cs
impnet.cz	barion recenze	60	0	271			https://www.impnet.cz/blog/13-nejlepsich-platebnich-bran-pro-majitele-e-shopu/	branded+informational+commercial	cs
impnet.cz	návrh loga online	90	0	27			https://www.impnet.cz/tvorba-loga.php	informational+commercial	cs
impnet.cz	tip a typ rozdil	80	0				https://www.impnet.cz/blog/v-jakych-slovech-nejcasteji-chybujete/	informational	cs
impnet.cz	pište pro nás	20	0				https://www.impnet.cz/blog/piste-na-web-uderne-texty-ktere-zaujmou-a-prodaji/	informational	cs
impnet.cz	pavel vodička	10	0				https://www.impnet.cz/en/autori/pavel-vodicka/	informational	cs
impnet.cz	nps výpočet	20	2	47			https://www.impnet.cz/blog/nps-zjistete-spokojenost-vasich-zakazniku/	branded+informational	cs
impnet.cz	payu recenze	80	0	42			https://www.impnet.cz/blog/13-nejlepsich-platebnich-bran-pro-majitele-e-shopu/	branded+informational+commercial	cs
impnet.cz	neuromarketing	70	0	34			https://www.impnet.cz/blog/neuromarketing-uzitecny-sluha-nebo-zly-pan/	informational	cs
impnet.cz	realitni servery	50	37	22			https://www.impnet.cz/blog/srovnani-8-nejlepsich-systemu-pro-realitky-jaky-vybrat/	informational+commercial	cs
impnet.cz	seo linkbuilding	150	0	117			https://www.impnet.cz/linkbuilding.php	informational+commercial	cs
impnet.cz	imap vs pop3	80	4	2	0	8	https://www.impnet.cz/blog/pop3-vs-imap-ktery-protokol-je-lepsi/	informational	cs
impnet.cz	co znamena url	250	2				https://www.impnet.cz/url-adresa	informational	cs
impnet.cz	co je software	900	2	166			https://www.impnet.cz/blog/software-uz-si-nekoupite-a-je-to-dobre-co-je-saas-a-proc-na-nej-prejit/	informational	cs
impnet.cz	adaptivni	30	0				https://www.impnet.cz/blog/responzivni-vs-adaptivni-design-ktery-je-lepsi/	informational	cs
impnet.cz	profilove obrazky	30	0				https://www.impnet.cz/blog/ztracite-se-v-rozmerech-obrazku-na-facebooku-tady-mate-prehled-tech-nejdulezitejsich/	informational	cs
impnet.cz	jak vymyslet logo	90	0	14			https://www.impnet.cz/tvorba-loga.php	informational+commercial	cs
impnet.cz	profilová fotka instagram	20	0				https://www.impnet.cz/blog/ztracite-se-v-rozmerech-obrazku-na-facebooku-tady-mate-prehled-tech-nejdulezitejsich/	branded+informational	cs
impnet.cz	jak založit business manager	150	0	110			https://www.impnet.cz/blog/co-je-to-business-manager-a-jak-ho-nastavit/	branded+informational	cs
impnet.cz	kpi co to je	100	0	1			https://www.impnet.cz/kpi	informational	cs
impnet.cz	platebni metody	70	5	29			https://www.impnet.cz/blog/13-nejlepsich-platebnich-bran-pro-majitele-e-shopu/	informational+commercial	cs
impnet.cz	marketingový mix	350	0	29	0	20		informational	cs
impnet.cz	design loga	100	10	38			https://www.impnet.cz/tvorba-loga.php	local+informational+commercial	cs
impnet.cz	sklik bannery	50	0	93			https://www.impnet.cz/blog/velkosti-bannerov-v-obsahovej-sieti-google-ads-a-sklik/	branded+informational+commercial	cs
impnet.cz	co to je url	200	1				https://www.impnet.cz/url-adresa	informational	cs
impnet.cz	neverbalni	30	0				https://www.impnet.cz/blog/neverbalni-komunikace-prozradi-vic-nez-slova/	informational	cs
impnet.cz	webová adresa	40	1	117			https://www.impnet.cz/url-adresa	informational	cs
impnet.cz	meta tagy	200	1				https://www.impnet.cz/meta-tagy	informational	cs
impnet.cz	gtpr	60	0				https://www.impnet.cz/pagerank	informational	cs
impnet.cz	fotka na profil	10	0				https://www.impnet.cz/blog/ztracite-se-v-rozmerech-obrazku-na-facebooku-tady-mate-prehled-tech-nejdulezitejsich/	informational+commercial	cs
impnet.cz	imap pop3	10	1				https://www.impnet.cz/blog/pop3-vs-imap-ktery-protokol-je-lepsi/	informational	cs
impnet.cz	zobrazení profilové fotky na instagramu	20	0				https://www.impnet.cz/blog/ztracite-se-v-rozmerech-obrazku-na-facebooku-tady-mate-prehled-tech-nejdulezitejsich/	branded+informational	cs
impnet.cz	zkratka a podobně	0	0				https://www.impnet.cz/cta	informational	cs
impnet.cz	realitni server	10	18	22			https://www.impnet.cz/blog/srovnani-8-nejlepsich-systemu-pro-realitky-jaky-vybrat/	informational+commercial	cs
impnet.cz	co je pno	70	0				https://www.impnet.cz/pno	informational	cs
impnet.cz	co je to blog	150	1				https://www.impnet.cz/bloger-ka	informational	cs
impnet.cz	pno meaning	80	0				https://www.impnet.cz/pno	informational	cs
impnet.cz	registrace ochranné známky cena	60	1	59			https://www.impnet.cz/blog/chrante-si-sve-dusevni-vlastnictvi-pomuzeme-vam-s-ochrannou-znamkou/	informational+commercial	cs
impnet.cz	consent mode	40	20	106			https://www.impnet.cz/blog/google-consent-mode-v2-co-je-treba-vedet-a-jak-implementovat/	branded+informational	cs
impnet.cz	vyskakovací okna android	50	0	1			https://www.impnet.cz/blog/mate-na-svych-strankach-vyskakovaci-okna-pozor-at-si-na-vas-nevyskoci-google/	branded+informational	cs
impnet.cz	perex	1000	0	13			https://www.impnet.cz/perex	branded+informational+commercial	cs
impnet.cz	online marketing agentura	150	24	114			https://www.impnet.cz/blog/co-si-pohlidat-pri-zmene-agentury-pro-online-marketing/	local+informational+commercial	cs
impnet.cz	správa sociálních sítí brigáda	150	0	18			https://www.impnet.cz/kariera-expert-na-socialni-site	local+informational	cs
impnet.cz	vizuální styl	60	1				https://www.impnet.cz/jednotny-vizualni-styl.php	informational	cs
impnet.cz	layer	250	45				https://www.impnet.cz/data-layer	informational	cs
impnet.cz	saas	2000	34	38			https://www.impnet.cz/blog/software-uz-si-nekoupite-a-je-to-dobre-co-je-saas-a-proc-na-nej-prejit/	informational+commercial	cs
impnet.cz	pokročilé vyhledávání google	150	0				https://www.impnet.cz/blog/google-ai-overviews-prichazi-revoluce-ve-vyhledavani/	branded+informational	cs
impnet.cz	formát obrázku	20	1				https://www.impnet.cz/blog/ztracite-se-v-rozmerech-obrazku-na-facebooku-tady-mate-prehled-tech-nejdulezitejsich/	informational	cs
impnet.cz	jak udelat logo	10	0	13			https://www.impnet.cz/tvorba-loga.php	informational+commercial	cs
impnet.cz	platební brána	700	55	205	0	13		informational+commercial	cs
impnet.cz	platební brána stripe	60	0	140			https://www.impnet.cz/blog/13-nejlepsich-platebnich-bran-pro-majitele-e-shopu/	branded+informational+commercial	cs
impnet.cz	co je chatbot	40	1				https://www.impnet.cz/blog/chatbot-pomocnik-s-umelou-inteligenci/	informational	cs
impnet.cz	co je tag	200	0				https://www.impnet.cz/meta-tagy	informational	cs
impnet.cz	velikost fotky na instagram	30	0	4			https://www.impnet.cz/blog/ztracite-se-v-rozmerech-obrazku-na-facebooku-tady-mate-prehled-tech-nejdulezitejsich/	branded+informational	cs
impnet.cz	co znamen	80	2				https://www.impnet.cz/stavovy-kod-200	informational	cs
impnet.cz	mailhosting	150	0	124			https://www.impnet.cz/blog/microsoft-exchange-vs-klasicky-mailhosting/	informational+commercial+transactional	cs
impnet.cz	claims	100	0				https://www.impnet.cz/claim	informational+commercial	cs
impnet.cz	tvorba webu brno	40	22	166			https://www.impnet.cz/tvorba-webovych-stranek-brno.php	local+informational+commercial	cs
impnet.cz	směnný obchod	30	0				https://www.impnet.cz/barter	informational	cs
impnet.cz	budget	1100	0	37			https://www.impnet.cz/budget	branded+local+informational+commercial+transactional	cs
impnet.cz	rozměry fotografií	150	1	17			https://www.impnet.cz/blog/ztracite-se-v-rozmerech-obrazku-na-facebooku-tady-mate-prehled-tech-nejdulezitejsich/	informational	cs
impnet.cz	pop-up okno	200	0	11			https://www.impnet.cz/blog/mate-na-svych-strankach-vyskakovaci-okna-pozor-at-si-na-vas-nevyskoci-google/	informational	cs
impnet.cz	audit webu	80	0	115			https://www.impnet.cz/audit-a-kontrola-webu.php	informational+commercial	cs
impnet.cz	imap	200	0	9			https://www.impnet.cz/blog/pop3-vs-imap-ktery-protokol-je-lepsi/	informational	cs
impnet.cz	rozměry bannerů google ads	30	0	60			https://www.impnet.cz/blog/velkosti-bannerov-v-obsahovej-sieti-google-ads-a-sklik/	branded+informational+commercial	cs
impnet.cz	platební terminály srovnání	40	6	103			https://www.impnet.cz/blog/13-nejlepsich-platebnich-bran-pro-majitele-e-shopu/	informational+commercial	cs
impnet.cz	nejnovější sociální sítě	70	1	43			https://www.impnet.cz/kategorie/socialni-site/	informational+commercial	cs
impnet.cz	fb pixel	50	0	26			https://www.impnet.cz/fb-pixel	branded+informational	cs
impnet.cz	návrhy loga	200	2	35			https://www.impnet.cz/tvorba-loga.php	informational+commercial	cs
impnet.cz	obchodní zástupce náplň práce	40	0	4			https://www.impnet.cz/en/kariera-obchodni-zastupce	informational	cs
impnet.cz	velikost fotografie mb	40	1				https://www.impnet.cz/blog/ztracite-se-v-rozmerech-obrazku-na-facebooku-tady-mate-prehled-tech-nejdulezitejsich/	informational	cs
impnet.cz	rozmery fotek	90	0	10			https://www.impnet.cz/blog/ztracite-se-v-rozmerech-obrazku-na-facebooku-tady-mate-prehled-tech-nejdulezitejsich/	informational+commercial	cs
impnet.cz	výpočet pno	100	0				https://www.impnet.cz/pno	informational	cs
impnet.cz	brand význam	20	0	18			https://www.impnet.cz/brand	informational	cs
impnet.cz	google zboží	50	2	2			https://www.impnet.cz/blog/google-nakupy-krok-za-krokem-zalozeni/	branded+informational+commercial	cs
impnet.cz	co si dát na profilovku	30	0				https://www.impnet.cz/blog/ztracite-se-v-rozmerech-obrazku-na-facebooku-tady-mate-prehled-tech-nejdulezitejsich/	informational	cs
impnet.cz	fotografie rozměry	60	1	12			https://www.impnet.cz/blog/ztracite-se-v-rozmerech-obrazku-na-facebooku-tady-mate-prehled-tech-nejdulezitejsich/	informational+commercial	cs
impnet.cz	verbalni komunikace	90	0				https://www.impnet.cz/blog/neverbalni-komunikace-prozradi-vic-nez-slova/	informational	cs
impnet.cz	rfm analýza	80	0	68			https://www.impnet.cz/blog/co-znamena-zakaznicka-analytika-a-na-co-se-soustredit/	informational	cs
impnet.cz	bartrový obchod	10	3				https://www.impnet.cz/barter	informational	cs
impnet.cz	jak se jmenovat na instagramu	30	0				https://www.impnet.cz/blog/co-je-to-business-manager-a-jak-ho-nastavit/	branded+informational	cs
impnet.cz	jaký zvolit formát fotografie	30	0				https://www.impnet.cz/blog/ztracite-se-v-rozmerech-obrazku-na-facebooku-tady-mate-prehled-tech-nejdulezitejsich/	informational	cs
impnet.cz	shoptet platební brána	30	1	109			https://www.impnet.cz/blog/13-nejlepsich-platebnich-bran-pro-majitele-e-shopu/	branded+informational+commercial	cs
impnet.cz	realman	70	6	59	0	8		branded+navigational+informational+commercial	cs
impnet.cz	ochranná znamka	40	8	68			https://www.impnet.cz/blog/chrante-si-sve-dusevni-vlastnictvi-pomuzeme-vam-s-ochrannou-znamkou/	informational	cs
impnet.cz	realko	0	0		0	8		branded+local+navigational+informational+commercial	cs
impnet.cz	velikost fotografie	150	1	21			https://www.impnet.cz/blog/ztracite-se-v-rozmerech-obrazku-na-facebooku-tady-mate-prehled-tech-nejdulezitejsich/	informational	cs
impnet.cz	buget	50	0	26			https://www.impnet.cz/budget	branded+local+navigational+informational+commercial+transactional	cs
impnet.cz	vypnout populární vyhledávání	20	0				https://www.impnet.cz/blog/skryty-obsah-a-text-na-strance-a-seo-jak-to-udelat-dobre/	informational	cs
impnet.cz	nps	900	19	26	0	10		branded+informational+commercial	cs
impnet.cz	ochraná známka	70	8	63			https://www.impnet.cz/blog/chrante-si-sve-dusevni-vlastnictvi-pomuzeme-vam-s-ochrannou-znamkou/	informational	cs
impnet.cz	website seo	20	94	363			https://www.impnet.cz/seo2	informational+commercial	cs
impnet.cz	co je konverze měny	40	0				https://www.impnet.cz/konverze	informational	cs
impnet.cz	seo-servis	50	0	65			https://www.impnet.cz/blog/6-duvodu-proc-jsou-seo-servis-a-dalsi-podobne-seomaty-k-nicemu/	branded+navigational+informational+commercial	cs
impnet.cz	influencera	20	0	23			https://www.impnet.cz/influencer	informational+commercial	cs
impnet.cz	tržiště kaufland	10	0	20			https://www.impnet.cz/blog/marketplace-objevte-vyhody-online-trziste-budoucnosti/	branded+local+navigational+informational+commercial	cs
impnet.cz	miluju ho	20	0				https://www.impnet.cz/blog/pisete-opravdu-uzitecny-obsah-ktery-google-miluje-6-tipu-jak-na-to/	informational	cs
impnet.cz	armymarket	80	0	19	0	8		branded+navigational+informational+commercial+transactional	cs
impnet.cz	jak udělat logo	150	0	13			https://www.impnet.cz/tvorba-loga.php	informational+commercial	cs
impnet.cz	neverbální komunikace	1300	0	11			https://www.impnet.cz/blog/neverbalni-komunikace-prozradi-vic-nez-slova/	informational	cs
impnet.cz	pagerank	80	22	60			https://www.impnet.cz/pagerank	branded+informational	cs
impnet.cz	být či nebýt to je oč tu běží	20	0				https://www.impnet.cz/blog/byt-ci-nebyt-na-stazi-to-je-oc-tu-bezi/	informational	cs
impnet.cz	adresa url	450	1				https://www.impnet.cz/url-adresa	informational	cs
impnet.cz	webmaster tools	200	52	253			https://www.impnet.cz/search-console	branded+informational	cs
impnet.cz	freelencer	100	21	32			https://www.impnet.cz/freelancer	branded+navigational+informational+commercial	cs
impnet.cz	pr článek	100	0	96			https://www.impnet.cz/pr-clanek	informational+commercial	cs
impnet.cz	seoservis	40	0	70			https://www.impnet.cz/blog/6-duvodu-proc-jsou-seo-servis-a-dalsi-podobne-seomaty-k-nicemu/	branded+navigational+informational+commercial	cs
impnet.cz	podvodné emaily	100	2	119			https://www.impnet.cz/blog/proc-funguji-podvodne-e-maily-neustale-jsme-duverivi/	informational	cs
impnet.cz	tagy	200	1	15			https://www.impnet.cz/meta-tagy	branded+informational+commercial	cs
impnet.cz	typ nebo tip	800	0	1			https://www.impnet.cz/blog/v-jakych-slovech-nejcasteji-chybujete/	informational	cs
impnet.cz	nonverbální komunikace	10	0	6			https://www.impnet.cz/blog/neverbalni-komunikace-prozradi-vic-nez-slova/	informational	cs
impnet.cz	facebook pixel	200	2	41			https://www.impnet.cz/blog/co-je-facebook-pixel-a-k-cemu-je-urceny/	branded+informational	cs
impnet.cz	tag manager	450	52	59			https://www.impnet.cz/google-tag-manager-gtm	branded+informational+commercial	cs
impnet.cz	kpis	150	0	11			https://www.impnet.cz/kpi	informational	cs
impnet.cz	marketingovy mix	200	0	61			https://www.impnet.cz/blog/marketingovy-mix-jak-ho-muzete-vyuzit/	informational	cs
impnet.cz	klíše	30	0				https://www.impnet.cz/klise	informational	cs
impnet.cz	gtm	900	2	52	0	17		branded+informational	cs
impnet.cz	responzivní	150	1	54			https://www.impnet.cz/blog/responzivni-vs-adaptivni-design-ktery-je-lepsi/	informational	cs
impnet.cz	bussines manager	50	0	200			https://www.impnet.cz/blog/co-je-to-business-manager-a-jak-ho-nastavit/	branded+informational+commercial	cs
impnet.cz	money.cz	40	3	17			https://www.impnet.cz/ucetni-system-money	branded+navigational+informational+commercial	cs
impnet.cz	copywriteri	100	0	44			https://www.impnet.cz/blog/5-veci-na-ktere-copywriteri-casto-zapominaji-ktere-to-jsou/	local+informational+commercial+transactional	cs
impnet.cz	marketingový mix 4p	400	0	29			https://www.impnet.cz/blog/marketingovy-mix-jak-ho-muzete-vyuzit/	informational	cs
impnet.cz	adaptivní	30	0				https://www.impnet.cz/blog/responzivni-vs-adaptivni-design-ktery-je-lepsi/	informational	cs
impnet.cz	eller	10	4	46			https://www.impnet.cz/en/autori/tomas-eller/	local+informational	cs
impnet.cz	marketplace	12000	0	25	0	26	https://www.impnet.cz/market-place	branded+informational+commercial	cs
impnet.cz	nákupy google	70	2	29			https://www.impnet.cz/blog/google-nakupy-krok-za-krokem-zalozeni/	branded+informational+commercial	cs
impnet.cz	formát fotek	90	0	21			https://www.impnet.cz/blog/ztracite-se-v-rozmerech-obrazku-na-facebooku-tady-mate-prehled-tech-nejdulezitejsich/	informational+commercial	cs
impnet.cz	aktualizace google	40	3	4			https://www.impnet.cz/blog/aktualizace-vyhledavani-google-jak-sly-updaty-po-sobe-a-co-prinesly/	branded+informational	cs
impnet.cz	computop	20	0				https://www.impnet.cz/blog/13-nejlepsich-platebnich-bran-pro-majitele-e-shopu/	branded+navigational+informational+commercial	cs
impnet.cz	ctr	900	2	12			https://www.impnet.cz/ctr	informational+commercial	cs
impnet.cz	nakupy google	60	2	263			https://www.impnet.cz/blog/google-nakupy-krok-za-krokem-zalozeni/	branded+informational+commercial	cs
impnet.cz	googletagmanager	100	52	87			https://www.impnet.cz/google-tag-manager-gtm	branded+navigational+informational	cs
impnet.cz	verbální	70	0				https://www.impnet.cz/blog/neverbalni-komunikace-prozradi-vic-nez-slova/	informational	cs
impnet.cz	zákazníky	70	2	21			https://www.impnet.cz/systemy-pro-komunikaci.php	informational+commercial	cs
impnet.cz	přímý marketing	80	0	64			https://www.impnet.cz/blog/oficialni-zprava-uoou-gdpr-primy-marketing-nezastavi/	informational	cs
impnet.cz	pixel facebook	30	0	110			https://www.impnet.cz/blog/co-je-facebook-pixel-a-k-cemu-je-urceny/	branded+informational	cs
impnet.cz	searchconsole	60	82				https://www.impnet.cz/search-console	branded+navigational+informational	cs
janpospisil.cz	seo specialista	800	0	193	256	1		local+informational+commercial	cs
janpospisil.cz	seo cena	800	0	92	147	3		informational+commercial+transactional	cs
janpospisil.cz	specialista seo	700	0	1014	77	3		informational+commercial	cs
janpospisil.cz	seo zdarma	900	0	1	66	1		informational+commercial	cs
janpospisil.cz	seo copywriter	500	1	71	57	3		informational+commercial	cs
janpospisil.cz	seo odborník	600	0	66	47	1		local+informational+commercial	cs
janpospisil.cz	collabim recenze	1000	0	76	44	6		branded+informational+commercial	cs
janpospisil.cz	nástroj na seo	1900	0		43	9		informational+commercial	cs
janpospisil.cz	test seo	500	61	95	41	4		informational+commercial	cs
janpospisil.cz	seo kontrola	800	2	105	39	7		informational+commercial	cs
janpospisil.cz	google search console přihlášení	600	0		38	2		branded+navigational	cs
janpospisil.cz	seo - katalogy	1100	0		36	1		informational+commercial	cs
janpospisil.cz	marketingová kancelář	100	0		33	1		local+informational+commercial	cs
janpospisil.cz	seo program	800	0	114	25	2		informational+commercial	cs
janpospisil.cz	jak indexovat web na google	1000	0		24	9		branded+informational	cs
janpospisil.cz	mlm	700	0	44	22	1		informational+commercial	cs
janpospisil.cz	seo h1	300	8	12	21	5		informational	cs
janpospisil.cz	http 403	350	6	1	18	1		informational	cs
janpospisil.cz	collabim zkušenosti	250	0		18	5		branded+informational+commercial	cs
janpospisil.cz	403 forbidden	500	0	5	16	1		informational	cs
janpospisil.cz	seo ai	150	0	59	16	3		informational+commercial	cs
janpospisil.cz	lighthouse	800	10	2	15	1		branded+informational	cs
janpospisil.cz	chatbot	1400	37	10	15	1		informational+commercial	cs
janpospisil.cz	počet zpětných odkazů	200	0	275	15	1		informational	cs
janpospisil.cz	lokální seo	250	0	106	15	1		informational+commercial	cs
janpospisil.cz	seo správa	1000	0	131	13	12		local+informational+commercial	cs
janpospisil.cz	seo analýza online	400	0	94	13	12		informational+commercial	cs
janpospisil.cz	seo hodnocení	600	2	94	13	11		informational+commercial	cs
janpospisil.cz	seo expert	700	0	236	12	9		local+informational+commercial	cs
janpospisil.cz	seo optimalizace zdarma	200	0	209	12	7		informational+commercial	cs
janpospisil.cz	seo české budějovice	600	0	144	12	1		local+informational+commercial	cs
janpospisil.cz	marketingové kanály	90	0	39	11	2		informational+commercial	cs
janpospisil.cz	seo co to je	350	3	88	11	1		informational	cs
janpospisil.cz	http 503	250	0	7	11	1		informational	cs
janpospisil.cz	marketingový mix 7p	100	0	29	11	4		informational	cs
janpospisil.cz	guerilla marketing příklady	100	0	32	10	1		informational	cs
janpospisil.cz	seo ceník	450	0	85	10	10		informational+commercial	cs
janpospisil.cz	surfer seo	70	28	147	10	2		branded+informational+commercial	cs
janpospisil.cz	seo surfer	60	38		10	2		branded+informational+commercial	cs
janpospisil.cz	seo agency	350	54	181	9	2		local+informational+commercial	cs
janpospisil.cz	chatboot	40	0	93	9	2		informational+commercial	cs
janpospisil.cz	error 500	400	24	7	9	3		informational	cs
janpospisil.cz	http 500	150	18	5	9	1		informational	cs
janpospisil.cz	seo kurz	150	1	93	9	7		informational+commercial+transactional	cs
janpospisil.cz	moz	150	24	200	8	2		branded+navigational+informational+commercial	cs
janpospisil.cz	breadcrumb	90	75	10	8	1		informational	cs
janpospisil.cz	503 http	50	0		7	1		informational	cs
janpospisil.cz	copywriting seo	90	0	71	7	5		informational	cs
janpospisil.cz	guerilla marketing	500	1	43	6	8		informational	cs
janpospisil.cz	403	350	0	3	6	1		informational	cs
janpospisil.cz	seo blog	200	75	73	6	1		informational+commercial	cs
janpospisil.cz	seo console	1000	0		6	15		branded+informational	cs
janpospisil.cz	sufer seo	60	9		6	3		branded+navigational+informational+commercial	cs
janpospisil.cz	rozšířený marketingový mix	80	0		6	6		informational	cs
janpospisil.cz	seo konzultace	700	0	263	6	7		local+informational+commercial+transactional	cs
janpospisil.cz	jak funguje seo	200	2	68	6	1		informational	cs
janpospisil.cz	503	250	0	10	5	1		informational	cs
janpospisil.cz	content marketing	2800	4	94	5	19		informational+commercial	cs
janpospisil.cz	serp	250	0	41	5	1		informational	cs
janpospisil.cz	7p marketingový mix	100	0	13	5	6		informational	cs
janpospisil.cz	zpětné odkazy	150	0	122	5	9		informational+commercial	cs
janpospisil.cz	co je perex	150	0		4	5		informational	cs
janpospisil.cz	primy marketing	100	0	23	4	7		informational	cs
janpospisil.cz	seo analýza	500	0	147	4	6		informational+commercial	cs
janpospisil.cz	copywriter seo	500	0	127	4	14		informational	cs
janpospisil.cz	perex co to je	90	0		4	6		informational	cs
janpospisil.cz	seo text	150	0	104	3	10		informational	cs
janpospisil.cz	surfseo	60	9	42	3	2		branded+navigational+informational+commercial	cs
janpospisil.cz	atribuční modely	30	0		3	4		informational	cs
janpospisil.cz	seo media	150	0	202	3	3		informational+commercial	cs
janpospisil.cz	kontrola odkazů na webu	70	0	51	3	8		informational	cs
janpospisil.cz	mlm co to je	70	1		3	6		informational	cs
janpospisil.cz	seo test	80	27	75	3	11		informational+commercial	cs
janpospisil.cz	čím nahradit sůl	30	0				https://www.janpospisil.cz/moc-soli-skodi-mam-8-tipu-jak-nahradit-sul/	informational	cs
janpospisil.cz	suferseo	50	0		3	2		branded+informational+commercial	cs
janpospisil.cz	plánovač klíčových slov	100	0	145	2	2		branded+informational+commercial	cs
janpospisil.cz	rozdíl mezi http a https	300	0	11	2	16		informational	cs
janpospisil.cz	tags	150	14	2	2	1		informational	cs
janpospisil.cz	guerrilla marketing	80	10	14	2	1		informational	cs
janpospisil.cz	keywords for seo	10	0	59	2	1		informational+commercial	cs
janpospisil.cz	accelerated mobile pages	300	73		2	15		branded+informational	cs
janpospisil.cz	looker google	600	39		2	18		branded+navigational+informational	cs
janpospisil.cz	co je to perex	60	0		2	6		informational	cs
janpospisil.cz	ctr	1200	28	12	2	18		informational+commercial	cs
janpospisil.cz	stdc framework	50	2		2	8		branded+informational	cs
janpospisil.cz	seo kurzy	70	0	92	2	9		informational+commercial+transactional	cs
janpospisil.cz	zpětný odkaz	100	0	122	2	10		informational	cs
janpospisil.cz	politický marketing	90	0	27	2	10		informational	cs
janpospisil.cz	robots.txt sitemap	50	6	9	2	10		informational	cs
janpospisil.cz	atribuční model	30	0		1	5		informational	cs
janpospisil.cz	meta popisek	100	1	55	1	11		informational	cs
janpospisil.cz	google lighthouse	150	26	1199	1	6		branded+informational	cs
janpospisil.cz	analyza klicovych slov	450	3	101	1	22		informational	cs
janpospisil.cz	majestic seo	450	0	38	1	3		branded+navigational+informational+commercial	cs
janpospisil.cz	chatbot co to je	40	3		1	9		informational	cs
janpospisil.cz	plánovač klíčových slov google	100	0	50	1	9		branded+informational	cs
janpospisil.cz	jak na analýzu klíčových slov	150	3	60	1	17		informational	cs
janpospisil.cz	seo keyword	10	0	59	1	3		informational+commercial	cs
janpospisil.cz	mlm marketing	50	0	30	1	11		informational+commercial	cs
janpospisil.cz	seo eshop	1200	0	97	0	29		informational+commercial	cs
janpospisil.cz	školení linkbuilding	300	2	43	0	23		informational+commercial	cs
janpospisil.cz	nofollow	30	50	2	0	9		informational	cs
janpospisil.cz	základy seo	200	0	52	0	24		informational	cs
janpospisil.cz	co je roi	700	0	7	0	25		informational	cs
janpospisil.cz	pozice ve vyhledavačích	350	25	72	0	26		informational	cs
janpospisil.cz	seo analyza	100	2	177	0	8		informational+commercial	cs
janpospisil.cz	roas	500	0	8	0	26		informational	cs
janpospisil.cz	copyrighting co to je	20	0		0	11		informational	cs
janpospisil.cz	web design	600	1	106	0	30		local+informational+commercial	cs
janpospisil.cz	perex význam	20	0		0	10		informational	cs
janpospisil.cz	analýza klíčových slov	500	4	106	0	19		informational	cs
janpospisil.cz	multilevel	50	0		0	11		informational+commercial	cs
janpospisil.cz	jan pospisil	40	0				https://www.janpospisil.cz/	informational	cs
janpospisil.cz	seo nástroje	600	0	68	0	12		informational+commercial	cs
janpospisil.cz	přímý marketing	60	0	64	0	8		informational	cs
janpospisil.cz	marketingový mix	350	0	29	0	21		informational	cs
janpospisil.cz	multi level marketing	70	0	17	0	10		informational+commercial	cs
janpospisil.cz	ppc	900	0	132	0	19		informational+commercial	cs
janpospisil.cz	serferseo	40	22		0	5		branded+navigational+informational+commercial	cs
janpospisil.cz	404	500	3	13	0	25		informational	cs
janpospisil.cz	colabim	800	0	22	0	11		branded+informational+commercial	cs
janpospisil.cz	ga4	900	2	67	0	17		branded+informational+commercial	cs
janpospisil.cz	pagespeed insights	450	94	106	0	27		branded+navigational+informational	cs
jirifranek.cz	vykonnostni marketing pro e shop	3200	0		707	2		informational+commercial	cs
jirifranek.cz	seo služby	700	4	273			https://jirifranek.cz/seo-sluzby/	local+informational+commercial+transactional	cs
jirifranek.cz	obsahová strategie	250	0	99			https://jirifranek.cz/co-je-obsahova-strategie/	informational+commercial	cs
jirifranek.cz	seo cena	800	0	92	62	6		informational+commercial+transactional	cs
jirifranek.cz	lokální seo	600	0	106			https://jirifranek.cz/lokalni-seo/	informational+commercial	cs
jirifranek.cz	seznam indexace	250	3				https://jirifranek.cz/web-neni-videt/	branded+informational	cs
jirifranek.cz	seo eshopu	1500	0	97	43	9		informational+commercial	cs
jirifranek.cz	co je to marketing	600	0	66	35	5	https://jirifranek.cz/co-to-je-marketing/	informational	cs
jirifranek.cz	looker studio	1100	0	56	33	8	https://jirifranek.cz/data-studio/	branded+navigational+informational+commercial	cs
jirifranek.cz	e-commerce	600	1	65	24	1		informational	cs
jirifranek.cz	seo agentura	900	4	337			https://jirifranek.cz/jak-vybrat-seo-specialistu/	local+informational+commercial	cs
jirifranek.cz	e commerce	450	6	75	16	1		informational+commercial	cs
jirifranek.cz	odkazy zdarma	500	0		15	8		informational+commercial	cs
jirifranek.cz	jak nastavit seo	150	1	150			https://jirifranek.cz/seo-pro-zacatecniky/	informational	cs
jirifranek.cz	jak na seo	450	2	88			https://jirifranek.cz/seo-pro-zacatecniky/	informational	cs
jirifranek.cz	školení linkbuilding	300	2	43	13	1		informational+commercial	cs
jirifranek.cz	jak funguje seo	150	4	68			https://jirifranek.cz/seo-pro-zacatecniky/	informational	cs
jirifranek.cz	looker google	600	39		11	10		branded+navigational+informational	cs
jirifranek.cz	pno zkratka	150	0				https://jirifranek.cz/co-je-pno/	informational	cs
jirifranek.cz	seo optimalizace pro vyhledávače	3900	0	167	10	18		informational+commercial	cs
jirifranek.cz	zpetne odkazy	350	0	122			https://jirifranek.cz/zpetne-odkazy-zdarma/	informational+commercial	cs
jirifranek.cz	internet marketing	200	0	105			https://jirifranek.cz/co-je-to-online-marketing/	informational	cs
jirifranek.cz	jak se naučit seo?	20	0		7	1	https://jirifranek.cz/seo-pro-zacatecniky/	informational	cs
jirifranek.cz	vybrat eshop	150	3	153			https://jirifranek.cz/jak-vybrat-nejlepsi-e-shopove-reseni/	informational+commercial	cs
jirifranek.cz	segmentace zákazníků	20	0	122	7	1		informational	cs
jirifranek.cz	online marketing	800	0	112			https://jirifranek.cz/co-je-to-online-marketing/	informational+commercial	cs
jirifranek.cz	seo strategie	100	0	83			https://jirifranek.cz/seo-pro-zacatecniky/	informational+commercial	cs
jirifranek.cz	základy seo	200	0	52	6	10	https://jirifranek.cz/seo-skoleni/	informational	cs
jirifranek.cz	co to je marketing	200	0				https://jirifranek.cz/co-to-je-marketing/	informational	cs
jirifranek.cz	pr článek	100	0	96			https://jirifranek.cz/co-je-pr-clanek/	informational+commercial	cs
jirifranek.cz	jak indexovat stránky na google	100	0	11	6	1		branded+informational	cs
jirifranek.cz	marketingovy plan	200	0	36			https://jirifranek.cz/co-je-marketingovy-plan/	informational	cs
jirifranek.cz	e-commerce co to je	200	0	20	5	1		informational	cs
jirifranek.cz	rfm analyza	40	0	68	5	1	https://jirifranek.cz/rfm-analyza/	informational+commercial	cs
jirifranek.cz	ppc kampaně	250	2	236	5	3	https://jirifranek.cz/co-je-to-ppc-reklama/	informational+commercial	cs
jirifranek.cz	marketing co to je	150	0	24	5	5	https://jirifranek.cz/co-to-je-marketing/	informational	cs
jirifranek.cz	marketing online	150	0	90			https://jirifranek.cz/co-je-to-online-marketing/	informational+commercial	cs
jirifranek.cz	nejlepší eshop	80	1	72	5	5	https://jirifranek.cz/srovnani-e-shopovych-reseni/	informational+commercial	cs
jirifranek.cz	product ads	40	1	77			https://jirifranek.cz/co-to-je-product-ads/	branded+informational+commercial	cs
jirifranek.cz	co je ecommerce	100	0	20	5	6		informational	cs
jirifranek.cz	ppc specialista co to je	200	0	82			https://jirifranek.cz/ppc-specialista/	informational	cs
jirifranek.cz	zpětné odkazy	150	0	122			https://jirifranek.cz/zpetne-odkazy-zdarma/	informational+commercial	cs
jirifranek.cz	seo eshop	1200	0	97	5	18	https://jirifranek.cz/seo-eshop/	informational+commercial	cs
jirifranek.cz	marketing definice	200	0	28	4	6	https://jirifranek.cz/co-to-je-marketing/	informational	cs
jirifranek.cz	rfm analýza	90	0	68	4	1	https://jirifranek.cz/rfm-analyza/	informational	cs
jirifranek.cz	platební brány srovnání	30	19	132			https://jirifranek.cz/srovnani-platebnich-bran/	informational+commercial	cs
jirifranek.cz	nejlepsi eshop	40	0	72	4	1	https://jirifranek.cz/srovnani-e-shopovych-reseni/	informational+commercial	cs
jirifranek.cz	co to je seo	150	2	25			https://jirifranek.cz/seo-pro-zacatecniky/	informational	cs
jirifranek.cz	ecommerce co to je	50	0	23	4	1		informational	cs
jirifranek.cz	internetový marketing	100	0	164			https://jirifranek.cz/co-je-to-online-marketing/	informational+commercial	cs
jirifranek.cz	heureka ads	40	1				https://jirifranek.cz/co-to-je-product-ads/	branded+informational+commercial	cs
jirifranek.cz	výpočet pno	100	0				https://jirifranek.cz/co-je-pno/	informational	cs
jirifranek.cz	fanpage co to je	100	0				https://jirifranek.cz/linkbuilding-fanpage-na-facebooku/	branded+informational	cs
jirifranek.cz	co je pno	70	0				https://jirifranek.cz/co-je-pno/	informational	cs
jirifranek.cz	co je e-commerce	100	0	24	4	1		informational	cs
jirifranek.cz	eshop řešení	20	2	238			https://jirifranek.cz/srovnani-e-shopovych-reseni/	informational+commercial	cs
jirifranek.cz	definice marketingu	200	0	43	4	7	https://jirifranek.cz/co-to-je-marketing/	informational	cs
jirifranek.cz	umělá inteligence text	70	0	18			https://jirifranek.cz/vytvareni-textu-pomoci-umele-inteligence/	informational+commercial	cs
jirifranek.cz	srovnání platebních bran	50	20	106			https://jirifranek.cz/srovnani-platebnich-bran/	informational+commercial	cs
jirifranek.cz	e commerce co to je	150	0	20	3	9		informational	cs
jirifranek.cz	onlinemarketing	100	0	116			https://jirifranek.cz/co-je-to-online-marketing/	informational+commercial	cs
jirifranek.cz	marketing význam	60	0		3	5	https://jirifranek.cz/co-to-je-marketing/	informational	cs
jirifranek.cz	roas výpočet	80	0				https://jirifranek.cz/co-je-roas/	informational	cs
jirifranek.cz	on-line marketing	90	0	107			https://jirifranek.cz/co-je-to-online-marketing/	informational+commercial	cs
jirifranek.cz	seo kurz	150	2	93			https://jirifranek.cz/seo-skoleni/	informational+commercial+transactional	cs
jirifranek.cz	eshop platforma	30	1	195			https://jirifranek.cz/srovnani-e-shopovych-reseni/	informational+commercial	cs
jirifranek.cz	klub pátečníků	40	0		3	6	https://jirifranek.cz/studie/patecnici/	branded+local+navigational+informational	cs
jirifranek.cz	upgates vs shoptet	40	0	113			https://jirifranek.cz/jak-vybrat-nejlepsi-e-shopove-reseni/	branded+informational+commercial	cs
jirifranek.cz	data driven marketing	30	0				https://jirifranek.cz/co-je-data-driven-marketing/	informational	cs
jirifranek.cz	co je hashtag	250	3		2	1		informational	cs
jirifranek.cz	pno výpočet	70	0				https://jirifranek.cz/co-je-pno/	informational	cs
jirifranek.cz	co je marketing	400	0	48			https://jirifranek.cz/co-to-je-marketing/	informational	cs
jirifranek.cz	roas	500	0	8	2	15	https://jirifranek.cz/co-je-roas/	informational	cs
jirifranek.cz	co je to feed	80	0		2	6		informational	cs
jirifranek.cz	ecomerce	60	6	70	2	1		informational+commercial	cs
jirifranek.cz	produktové video	50	0	74	2	1	https://jirifranek.cz/jak-vytvorit-produktova-videa/	informational+commercial+transactional	cs
jirifranek.cz	eshop zdarma na vlastní doméně	150	5	121			https://jirifranek.cz/srovnani-e-shopovych-reseni/	informational+commercial	cs
jirifranek.cz	seo wordpress	80	0	61			https://jirifranek.cz/jak-na-seo-wordpress/	branded+informational+commercial	cs
jirifranek.cz	umělá inteligence psaní textů	30	40	16	2	6	https://jirifranek.cz/vytvareni-textu-pomoci-umele-inteligence/	informational+commercial	cs
jirifranek.cz	ai psani textu	50	0	12			https://jirifranek.cz/vytvareni-textu-pomoci-umele-inteligence/	informational+commercial	cs
jirifranek.cz	jak pr	70	0				https://jirifranek.cz/co-je-pr-clanek/	informational	cs
jirifranek.cz	umělá inteligence na psaní textu	40	0	16			https://jirifranek.cz/vytvareni-textu-pomoci-umele-inteligence/	informational+commercial	cs
jirifranek.cz	co je e commerce	70	0	20	2	8		informational	cs
jirifranek.cz	css program	80	0	126			https://jirifranek.cz/co-je-google-css/	branded+informational+commercial	cs
jirifranek.cz	linkbuildingu	200	1		2	14		informational	cs
jirifranek.cz	jak zvýšit návštěvnost webu	300	0	107			https://jirifranek.cz/reseni/nekonecna-navstevnost/	informational	cs
jirifranek.cz	growth hacker	70	12	62	2	7	https://jirifranek.cz/jsem-growth-hacker/	informational+commercial	cs
jirifranek.cz	growth hacking	60	33	62			https://jirifranek.cz/jsem-growth-hacker/	informational+commercial	cs
jirifranek.cz	persona marketing	80	0				https://jirifranek.cz/co-je-persona/	informational	cs
jirifranek.cz	ai psaní textu	50	0	12			https://jirifranek.cz/vytvareni-textu-pomoci-umele-inteligence/	informational+commercial	cs
jirifranek.cz	e-komerce	20	0	45	1	1		informational	cs
jirifranek.cz	marketing pro	20	5	23			https://jirifranek.cz/eshop-marketing/	branded+local+informational+commercial	cs
jirifranek.cz	jak vytvořit umělou inteligenci	10	9		1	4	https://jirifranek.cz/vlastni-ai-model/	informational	cs
jirifranek.cz	e comerce	30	6	67	1	1		informational+commercial	cs
jirifranek.cz	marketingový plán	250	0	88			https://jirifranek.cz/co-je-marketingovy-plan/	informational	cs
jirifranek.cz	umela inteligence psani textu	10	37	33	1	5	https://jirifranek.cz/vytvareni-textu-pomoci-umele-inteligence/	informational+commercial	cs
jirifranek.cz	pno vypocet	30	0				https://jirifranek.cz/co-je-pno/	informational	cs
jirifranek.cz	internetovy marketing	20	0	106			https://jirifranek.cz/co-je-to-online-marketing/	informational+commercial	cs
jirifranek.cz	on line marketing	20	0	115			https://jirifranek.cz/co-je-to-online-marketing/	informational+commercial	cs
jirifranek.cz	seo co to je	350	3	88	1	18		informational	cs
jirifranek.cz	audit ppc	100	0	527			https://jirifranek.cz/audity/	informational+commercial	cs
jirifranek.cz	marketing vyznam	50	0				https://jirifranek.cz/co-to-je-marketing/	informational	cs
jirifranek.cz	cílová skupina marketing	80	0				https://jirifranek.cz/co-je-persona/	informational	cs
jirifranek.cz	vypocet pno	40	0				https://jirifranek.cz/co-je-pno/	informational	cs
jirifranek.cz	co je ssl	60	0	10			https://jirifranek.cz/co-je-ssl/	branded+informational	cs
jirifranek.cz	marketing na internetu	10	0	70			https://jirifranek.cz/co-je-to-online-marketing/	informational+commercial	cs
jirifranek.cz	rfm segmentace	30	0	68	1	10	https://jirifranek.cz/rfm-analyza/	informational+commercial	cs
jirifranek.cz	umělá inteligence texty	40	6	18			https://jirifranek.cz/vytvareni-textu-pomoci-umele-inteligence/	informational+commercial	cs
jirifranek.cz	featured snippet	250	47	180			https://jirifranek.cz/co-je-featured-snippet/	branded+informational	cs
jirifranek.cz	hastagy	60	1	6	1	11		informational	cs
jirifranek.cz	ppc reklama co to je	250	1	76			https://jirifranek.cz/co-je-to-ppc-reklama/	informational	cs
jirifranek.cz	psaní textu umělá inteligence	10	42	21	1	7	https://jirifranek.cz/vytvareni-textu-pomoci-umele-inteligence/	informational+commercial	cs
jirifranek.cz	co znamená hashtag	40	2		1	9		informational	cs
jirifranek.cz	ecommerce	700	35	69	1	18		informational+commercial	cs
jirifranek.cz	seo agentury	600	1		1	22		local+informational+commercial	cs
jirifranek.cz	seo optimalizace eshopu	250	0	200	1	20		informational+commercial	cs
jirifranek.cz	struktura webu	600	0	65	1	22		informational	cs
jirifranek.cz	indexace seznam	90	4		1	15		branded+informational	cs
jirifranek.cz	správce sociálních sítí	350	0	80			https://jirifranek.cz/jak-vybrat-spravce-socek/	informational	cs
jirifranek.cz	psaní s umělou inteligencí	20	0	8			https://jirifranek.cz/vytvareni-textu-pomoci-umele-inteligence/	informational+commercial	cs
jirifranek.cz	e shop rychle	60	0	46			https://jirifranek.cz/eshop-rychle/	branded+navigational+informational+commercial+transactional	cs
jirifranek.cz	eshop rychle cz	30	0	1			https://jirifranek.cz/srovnani-e-shopovych-reseni/	branded+navigational+informational+commercial+transactional	cs
jirifranek.cz	seo správa	1000	0	131	0	28		local+informational+commercial	cs
jirifranek.cz	seo katalogy	1300	1		0	29		informational+commercial	cs
jirifranek.cz	marketingový poradce	10	0	66	0	12		local+informational+commercial	cs
jirifranek.cz	pr clanek	100	0	77			https://jirifranek.cz/co-je-pr-clanek/	informational+commercial	cs
jirifranek.cz	seo kurzy	80	2	92			https://jirifranek.cz/seo-skoleni/	informational+commercial+transactional	cs
jirifranek.cz	marketingova strategie	90	0	92			https://jirifranek.cz/marketingova-strategie/	informational+commercial	cs
jirifranek.cz	psychografická segmentace	10	0		0	9		informational	cs
jirifranek.cz	google ads nápověda	10	0	343	0	9		branded+informational	cs
jirifranek.cz	seo specialista	800	0	193	0	32		local+informational+commercial	cs
jirifranek.cz	e-comerce	30	6	71	0	8		informational+commercial	cs
jirifranek.cz	ppc reklamy	250	1	286			https://jirifranek.cz/co-je-to-ppc-reklama/	informational+commercial	cs
jirifranek.cz	spravce socialnich siti	150	0	54			https://jirifranek.cz/jak-vybrat-spravce-socek/	informational	cs
jirifranek.cz	e shop zdarma	40	9	203			https://jirifranek.cz/srovnani-e-shopovych-reseni/	informational+commercial	cs
jirifranek.cz	nejlepší eshop zdarma	80	7	121			https://jirifranek.cz/srovnani-e-shopovych-reseni/	informational+commercial	cs
jirifranek.cz	cíle marketingu	70	0				https://jirifranek.cz/co-to-je-marketing/	informational	cs
jirifranek.cz	hashtah	30	2	30	0	11		informational	cs
jirifranek.cz	loga firem obrázky	10	0				https://jirifranek.cz/rozmery-loga/	informational+commercial	cs
jirifranek.cz	reklamy na tiktoku	40	0	90			https://jirifranek.cz/co-to-je-tiktok-reklama/	branded+informational+commercial	cs
jirifranek.cz	rfm	100	3	19			https://jirifranek.cz/rfm-analyza/	informational+commercial	cs
jirifranek.cz	segmentace význam	30	0				https://jirifranek.cz/segmentace-zakazniku/	informational	cs
jirifranek.cz	co znamena hashtag	0	2		0	8		informational	cs
jirifranek.cz	pno meaning	80	0				https://jirifranek.cz/co-je-pno/	informational	cs
jirifranek.cz	hashatg	0	2	30	0	6		informational	cs
jirifranek.cz	správa ppc kampaní	2200	5	67			https://jirifranek.cz/sluzby/ppc-reklama/	local+informational+commercial	cs
jirifranek.cz	moje firma na googlu	150	0	37			https://jirifranek.cz/zalozte-si-svuj-firemni-profil-na-moje-firma-na-google/	branded+informational+commercial	cs
jirifranek.cz	cookies lista	20	3	27			https://jirifranek.cz/jak-nastavit-cookies-listu/	informational	cs
jirifranek.cz	technické seo	300	0	58			https://jirifranek.cz/jak-na-technicke-seo/	informational+commercial	cs
jirifranek.cz	marketingová strategie propagace	150	0		0	30		informational+commercial	cs
jirifranek.cz	umela inteligence text	0	1	18			https://jirifranek.cz/vytvareni-textu-pomoci-umele-inteligence/	informational+commercial	cs
jirifranek.cz	indexace google	100	0	11	0	9		branded+informational	cs
jirifranek.cz	heshtag	0	1	30	0	11		informational	cs
jirifranek.cz	shoptet import	40	0	65			https://jirifranek.cz/jak-prevest-eshop-na-shoptet/	branded+informational	cs
jirifranek.cz	feed	600	0	22	0	11		informational	cs
jirifranek.cz	jak propagovat eshop	100	0	110			https://jirifranek.cz/eshop-marketing/	informational+commercial	cs
jirifranek.cz	ppc specialist	80	0	74			https://jirifranek.cz/jak-vybrat-ppc-specialistu/	local+informational+commercial	cs
jirifranek.cz	hasteg	90	1	4	0	7		informational	cs
jirifranek.cz	firma na google	50	0	72			https://jirifranek.cz/zalozte-si-svuj-firemni-profil-na-moje-firma-na-google/	branded+informational	cs
jirifranek.cz	hashatag	0	1	30	0	11		informational	cs
jirifranek.cz	moje firma seznam	450	0	119			https://jirifranek.cz/zalozte-si-svuj-firemni-profil-na-moje-firma-na-google/	branded+informational+commercial	cs
jirifranek.cz	barbara kiedron	20	0				https://jirifranek.cz/studie/eva-kiedronova/	local+informational+commercial	cs
jirifranek.cz	snipet	20	0				https://jirifranek.cz/co-je-featured-snippet/	informational	cs
jirifranek.cz	reklama na tiktoku	30	0	90			https://jirifranek.cz/tiktok-ads/	branded+informational+commercial	cs
jirifranek.cz	porovnání cen heureka	10	0	10			https://jirifranek.cz/jak-vyhodnocovat-zbozaky/	branded+informational+commercial	cs
jirifranek.cz	jak přidat firmu na google	70	0	58			https://jirifranek.cz/zalozte-si-svuj-firemni-profil-na-moje-firma-na-google/	branded+informational	cs
jirifranek.cz	hashtag facebook	10	4		0	6		branded+informational	cs
jirifranek.cz	návštěvnosti	100	2	23			https://jirifranek.cz/reseni/nekonecna-navstevnost/	informational+commercial	cs
jirifranek.cz	generátor klíčových slov	150	0	116			https://jirifranek.cz/co-je-kanibalizace-klicovych-slov/	informational+commercial	cs
jirifranek.cz	co je seo	1200	3	21	0	19		informational	cs
jirifranek.cz	shoptet vs shopify	50	0	100			https://jirifranek.cz/jak-vybrat-nejlepsi-e-shopove-reseni/	branded+informational+commercial	cs
jirifranek.cz	psychologické triky manipulace	30	0				https://jirifranek.cz/psychologicke-triky/	informational	cs
jirifranek.cz	co je reklama	200	0				https://jirifranek.cz/co-to-je-facebook-reklama/	informational	cs
jirifranek.cz	analýza klíčových slov	1000	2	106			https://jirifranek.cz/analyza-klicovych-slov/	informational	cs
jirifranek.cz	marketing	3700	0	94			https://jirifranek.cz/co-to-je-marketing/	informational	cs
jirifranek.cz	nejlepší české e-shopy	50	14	49			https://jirifranek.cz/srovnani-e-shopovych-reseni/	informational+commercial	cs
jirifranek.cz	jak zapnout cookies	100	3	18			https://jirifranek.cz/jak-nastavit-cookies-listu/	informational	cs
jirifranek.cz	jak zviditelnit eshop	10	0	38			https://jirifranek.cz/jak-na-seo-eshop-rychle/	informational+commercial	cs
jirifranek.cz	psychologické triky	20	0				https://jirifranek.cz/psychologicke-triky/	informational	cs
jirifranek.cz	co je to hashtag	150	0	2	0	10		informational	cs
jirifranek.cz	moje firma	7200	1	91			https://jirifranek.cz/zalozte-si-svuj-firemni-profil-na-moje-firma-na-google/	branded+informational+commercial	cs
jirifranek.cz	píár význam	60	0				https://jirifranek.cz/co-je-pr-clanek/	informational	cs
jirifranek.cz	google reklama	200	1	198			https://jirifranek.cz/adwords-akademie-2-18-ziskejte-zkusenost-s-google-vyhledavanim/	branded+informational+commercial	cs
jirifranek.cz	seo linkbuilding	150	0	117			https://jirifranek.cz/category/seo-linkbuilding/page/5/	informational+commercial	cs
jirifranek.cz	platební brana	450	65	238			https://jirifranek.cz/srovnani-platebnich-bran/	informational+commercial	cs
jirifranek.cz	маркетинг	150	9	25			https://jirifranek.cz/co-to-je-marketing/	informational	cs
jirifranek.cz	seznam moje firma	30	1				https://jirifranek.cz/zalozte-si-svuj-firemni-profil-na-moje-firma-na-google/	branded+informational+commercial	cs
jirifranek.cz	co je lead	30	0				https://jirifranek.cz/jak-vyhodnocovat-leady/	informational	cs
jirifranek.cz	product	200	12	6			https://jirifranek.cz/co-to-je-product-ads/	informational+commercial	cs
jirifranek.cz	největší eshopy v čr	50	1	26			https://jirifranek.cz/srovnani-e-shopovych-reseni/	informational+commercial	cs
jirifranek.cz	strategie vs taktika	30	0				https://jirifranek.cz/marketingova-strategie/	informational	cs
jirifranek.cz	heureka vrácení zboží	20	0	9			https://jirifranek.cz/heureka/	branded+informational+transactional	cs
jirifranek.cz	správa ppc	900	4	424			https://jirifranek.cz/sluzby/ppc-reklama/	informational+commercial	cs
jirifranek.cz	nasdilet	40	0				https://jirifranek.cz/jak-nasdilet-pristupy/	informational	cs
jirifranek.cz	ai texty	60	5	12			https://jirifranek.cz/vytvareni-textu-pomoci-umele-inteligence/	informational+commercial	cs
jirifranek.cz	marketingové strategie	300	0	102			https://jirifranek.cz/marketingova-strategie/	informational+commercial	cs
jirifranek.cz	google kategorie	20	0				https://jirifranek.cz/google-nakupy-slovensko/	branded+informational	cs
jirifranek.cz	audity	80	0				https://jirifranek.cz/audity/	informational+commercial	cs
jirifranek.cz	jak fotit oblečení na prodej	10	0	20			https://jirifranek.cz/jak-na-kvalitni-produktove-fotky/	informational	cs
jirifranek.cz	marketingové nástroje	250	0	39			https://jirifranek.cz/10-zpusobu-jak-rozjet-byznys-pomoci-ai-marketingove-nastroje-ktere-zmeni-vas-pristup/	informational+commercial	cs
jirifranek.cz	^hashtag	10	1		0	11		informational	cs
jirifranek.cz	vyhledávání hlasem	150	0				https://jirifranek.cz/hlasove-nakupovani/	informational	cs
jirifranek.cz	seznam pridat url	60	0				https://jirifranek.cz/web-neni-videt/	branded+informational	cs
jirifranek.cz	reklama na facebooku	200	0	168			https://jirifranek.cz/co-to-je-facebook-reklama/	branded+informational+commercial	cs
jirifranek.cz	marketingová analýza	80	0	60			https://jirifranek.cz/marketingova-strategie/	informational	cs
jirifranek.cz	rozměry bannerů google ads	30	0	60			https://jirifranek.cz/rozmery-loga/	branded+informational+commercial	cs
jirifranek.cz	sprava ppc kampani	0	2				https://jirifranek.cz/sluzby/ppc-reklama/	local+informational+commercial+transactional	cs
jirifranek.cz	google moje firma	800	0	29	0	21	https://jirifranek.cz/zalozte-si-svuj-firemni-profil-na-moje-firma-na-google/	branded+navigational+informational	cs
jirifranek.cz	marketingový plán vzor	60	0	51			https://jirifranek.cz/co-je-marketingovy-plan/	informational	cs
jirifranek.cz	hasttag	10	1	19	0	11		informational	cs
jirifranek.cz	co znamená pr	100	0				https://jirifranek.cz/co-je-pr-clanek/	informational	cs
jirifranek.cz	marketingova agentura	700	54	289			https://jirifranek.cz/jak-vybrat-marketingovou-agenturu/	local+informational+commercial	cs
jirifranek.cz	web seo	700	11	191			https://jirifranek.cz/seo-pro-zacatecniky/	informational	cs
jirifranek.cz	google firma	450	20	29			https://jirifranek.cz/zalozte-si-svuj-firemni-profil-na-moje-firma-na-google/	branded+informational+commercial	cs
jirifranek.cz	platební terminály srovnání	40	6	103			https://jirifranek.cz/srovnani-platebnich-bran/	informational+commercial	cs
jirifranek.cz	seo expert	700	6	236			https://jirifranek.cz/jak-vybrat-seo-specialistu/	local+informational+commercial	cs
jirifranek.cz	najlepsza firma seo	10	1				https://jirifranek.cz/jak-vybrat-seo-specialistu/	informational+commercial	cs
jirifranek.cz	ppc reklama cena	30	0	316			https://jirifranek.cz/sluzby/ppc-reklama/	informational+commercial	cs
jirifranek.cz	ai přepis textu	60	2	21			https://jirifranek.cz/vytvareni-textu-pomoci-umele-inteligence/	informational+commercial	cs
jirifranek.cz	seo titulek	80	0	48			https://jirifranek.cz/jak-na-seo-mioweb/	informational	cs
jirifranek.cz	tipy na fotky	30	0				https://jirifranek.cz/jak-na-kvalitni-produktove-fotky/	informational	cs
jirifranek.cz	co je to css	70	2				https://jirifranek.cz/co-je-google-css/	branded+informational	cs
jirifranek.cz	seo consulting	60	11	128			https://jirifranek.cz/seo-sluzby/	local+informational+commercial	cs
jirifranek.cz	co je https	50	0				https://jirifranek.cz/co-je-ssl/	informational	cs
jirifranek.cz	zrušit populární vyhledávání	40	0				https://jirifranek.cz/seo-eshop/	informational	cs
jirifranek.cz	obchodní strategie	350	0	49			https://jirifranek.cz/marketingova-strategie/	informational	cs
jirifranek.cz	pr význam	60	0				https://jirifranek.cz/co-je-pr-clanek/	informational	cs
jirifranek.cz	indexování stránek	60	0	11			https://jirifranek.cz/web-neni-videt/	informational+commercial	cs
jirifranek.cz	cenotvorba	150	2	26			https://jirifranek.cz/cenotvorba-pro-e-shopu-jak-na-uspesnou-cenotvorbe-pro-vyssi-zisky/	informational+commercial	cs
jirifranek.cz	page seo	350	60	94			https://jirifranek.cz/seo-pro-zacatecniky/	informational	cs
jirifranek.cz	fanpage	100	38				https://jirifranek.cz/linkbuilding-fanpage-na-facebooku/	informational	cs
jirifranek.cz	srovnávače zboží	100	48	12			https://jirifranek.cz/jak-vyhodnocovat-zbozaky/	informational+commercial	cs
jirifranek.cz	marketing agentura	250	46	234			https://jirifranek.cz/jak-vybrat-marketingovou-agenturu/	local+informational+commercial	cs
jirifranek.cz	ssl	600	68	33			https://jirifranek.cz/co-je-ssl/	informational+commercial	cs
jirifranek.cz	komunikační strategie vzor	100	0	49			https://jirifranek.cz/marketingova-strategie/	informational	cs
jirifranek.cz	facebook reklama	150	0	189			https://jirifranek.cz/facebook-ads/	branded+informational+commercial	cs
jirifranek.cz	meta popisek	250	0	55			https://jirifranek.cz/jak-na-seo-mioweb/	informational	cs
jirifranek.cz	heureka porovnání cen zboží	30	0	7			https://jirifranek.cz/jak-spravne-stanovit-cenu-produktu/	branded+informational+commercial	cs
jirifranek.cz	eshophodinek	0	27	18	0	8	https://jirifranek.cz/studie/eshophodinek/	branded+navigational+informational+commercial+transactional	cs
jirifranek.cz	ads	700	61	101			https://jirifranek.cz/adwords-akademie-naucte-se-zaklady-adwords/	branded+informational+commercial	cs
jirifranek.cz	objednejobed	10	0				https://jirifranek.cz/portfolio/tiffinity/	branded+navigational+commercial+transactional	cs
jirifranek.cz	návštěvnost stránek	30	0	59			https://jirifranek.cz/zvyseni-navstevnosti-stranek-v-10-krocich/	informational+commercial	cs
jirifranek.cz	platební brány	150	56	232			https://jirifranek.cz/srovnani-platebnich-bran/	informational+commercial	cs
jirifranek.cz	marketingové plánování	10	0	35			https://jirifranek.cz/co-je-marketingovy-plan/	informational	cs
jirifranek.cz	ppc specialista	500	0	336			https://jirifranek.cz/jak-vybrat-ppc-specialistu/	informational	cs
jirifranek.cz	google certifikace	10	3				https://jirifranek.cz/tag/google-ads-certifikace/	branded+informational+commercial	cs
jirifranek.cz	ga4	600	90	67			https://jirifranek.cz/jak-vyhodnocovat-ga4/	branded+informational+commercial	cs
jirifranek.cz	infografika	700	3	31			https://jirifranek.cz/originalni-zpusob-linkbuildingu-c-8-infografika/	informational	cs
jirifranek.cz	data studio	150	9	78			https://jirifranek.cz/data-studio/	branded+navigational+informational+commercial	cs
jirifranek.cz	datastudio	50	9	78			https://jirifranek.cz/data-studio/	branded+navigational+informational	cs
jirifranek.cz	návštěvnost webu	100	0	81			https://jirifranek.cz/zvyseni-navstevnosti-stranek-v-10-krocich/	informational+commercial	cs
jirifranek.cz	eshoprychle	90	1	41			https://jirifranek.cz/eshop-rychle/	branded+navigational+informational+commercial+transactional	cs
jirifranek.cz	ads google	150	28	75			https://jirifranek.cz/adwords-akademie-naucte-se-zaklady-adwords/	branded+informational+commercial	cs
jirifranek.cz	eva kiedroňová	450	0	24			https://jirifranek.cz/studie/eva-kiedronova/	informational+commercial	cs
jirifranek.cz	produktu	400	1	19			https://jirifranek.cz/jak-psat-popisky-produktu/	informational+commercial	cs
jirifranek.cz	google analitic	60	87	29			https://jirifranek.cz/nastaveni-google-analytics/	branded+navigational+informational	cs
jirifranek.cz	adwords	450	64	86			https://jirifranek.cz/adwords-akademie-naucte-se-zaklady-adwords/	branded+informational+commercial	cs
jirifranek.cz	nakupy google	60	2	263			https://jirifranek.cz/google-nakupy-slovensko/	branded+informational+commercial	cs
jirifranek.cz	metriky	60	0				https://jirifranek.cz/metriky-obsahovy-marketing/	informational	cs
jirifranek.cz	evakiedronova	30	0	24			https://jirifranek.cz/studie/eva-kiedronova/	navigational+informational+commercial+transactional	cs
jirifranek.cz	přímý marketing	80	0	64			https://jirifranek.cz/co-to-je-marketing/	informational	cs
jirifranek.cz	sklik klíčová slova	70	0	27			https://jirifranek.cz/analyza-klicovych-slov-sklik-adwords/	branded+informational+commercial	cs
jirifranek.cz	slevoman	10	0	34			https://jirifranek.cz/14-cest-jak-prilakat-zpetne-odkazy/	branded+navigational+informational+commercial	cs
jirifranek.cz	darujhovno.cz	50	0				https://jirifranek.cz/obsahovy-marketing-pravidla/	branded+navigational+informational+commercial+transactional	cs
jirifranek.cz	pryard	20	0				https://jirifranek.cz/co-je-pr-clanek/	branded+informational+commercial+transactional	cs
jirifranek.cz	dynamický remarketing	200	0	21			https://jirifranek.cz/nastaveni-dynamickych-kampani/	branded+informational	cs
jirifranek.cz	xml feed heureka	40	2	107			https://jirifranek.cz/heureka/	branded+informational	cs
jirifranek.cz	segmentace trhu příklad	0	2		0	6	https://jirifranek.cz/segmentace-zakazniku/	informational	cs
jirifranek.cz	jak změnit jméno na tiktoku	0	0				https://jirifranek.cz/jak-nastavit-tiktok-pixel/	branded+informational	cs
jirifranek.cz	hahstag	0	0	30	0	10		informational	cs
jirifranek.cz	typologie zákazníků	0	0				https://jirifranek.cz/segmentace-zakazniku/	informational	cs
jirifranek.cz	nejlepší zahraniční e-shopy	0	0	25	0	5		informational+commercial	cs
jirifranek.cz	seo [	0	8				https://jirifranek.cz/seo-pro-zacatecniky/	informational	cs
jirifranek.cz	e-shop rychle admin	0	0				https://jirifranek.cz/eshop-rychle/	branded+navigational+informational	cs
jirifranek.cz	jiří franěk	0	0		0	4	https://jirifranek.cz/	informational	cs
jirifranek.cz	eva kiedroňová eshop	0	0	47			https://jirifranek.cz/studie/eva-kiedronova/	branded+navigational+commercial+transactional	cs
jirifranek.cz	ai text.cz	0	8	11			https://jirifranek.cz/vytvareni-textu-pomoci-umele-inteligence/	branded+informational	cs
jirifranek.cz	escoli recenze	0	20	33			https://jirifranek.cz/srovnani-e-shopovych-reseni/	branded+informational+commercial	cs
khoder.cz	conversion	150	0	8	16	3		informational	cs
khoder.cz	break even point	90	9	22	8	1		informational	cs
khoder.cz	konverzní poměr výpočet	100	0		3	8		informational	cs
khoder.cz	zautomatizovat	0	0		0	7		informational	cs
leadhub.co	leadhub	800	0	72	989	1	https://www.leadhub.co/cs	branded+informational+commercial	cs
leadhub.co	slevové kódy	3500	26	12			https://podpora.leadhub.co/category/33-slevove-kody	informational+commercial+transactional	cs
leadhub.co	ctr	1200	28	12	36	1		informational+commercial	cs
leadhub.co	oslovení v emailu	500	0	3	27	5		informational	cs
leadhub.co	meta ads	800	84	367	24	8		branded+informational+commercial	cs
leadhub.co	jak vytvořit newsletter	90	0	56	20	1		informational+commercial	cs
leadhub.co	newslettery	80	0	90	8	1		informational+commercial	cs
leadhub.co	cross selling	150	2	3	7	1		informational	cs
leadhub.co	ctor	40	0		7	1		informational	cs
leadhub.co	clv	400	2	39	7	1		branded+informational	cs
leadhub.co	mailing	250	21	3	7	1	https://www.leadhub.co/cs/ebooks/13-tipu	informational+commercial	cs
leadhub.co	marketing ppc	200	1	218	6	7		branded+navigational+informational+commercial	cs
leadhub.co	sms marketing	90	0	74	6	6		informational+commercial	cs
leadhub.co	cpc	350	0	11	6	1		informational+commercial	cs
leadhub.co	xml feed	100	2	29	5	3		informational	cs
leadhub.co	upsell	200	1	5	5	1		informational+commercial	cs
leadhub.co	lead magnet	100	13	11	5	7		informational+commercial	cs
leadhub.co	cross-sell	40	0	5	4	1		informational+commercial	cs
leadhub.co	retence zákazníků	60	0	43	4	1		informational+commercial	cs
leadhub.co	co je ads	30	0		3	1		branded+informational+commercial	cs
leadhub.co	newsletter	1500	1	62	3	8		informational	cs
leadhub.co	cta	700	28	29	3	8		branded+informational	cs
leadhub.co	preheader	50	0				https://podpora.leadhub.co/article/137-jak-vlozit-preheader	informational	cs
leadhub.co	cookies soubory	20	0	16	3	2		informational	cs
leadhub.co	throttling	20	1		3	1		informational	cs
leadhub.co	co je pop up	150	1		3	10		informational	cs
leadhub.co	rfm segmentace	30	0	68	2	5		informational+commercial	cs
leadhub.co	tagy co to je	70	0		2	6		informational	cs
leadhub.co	ip adresim	50	45	62	2	8		informational	cs
leadhub.co	tags	150	14	2	2	1		informational	cs
leadhub.co	sklik logo	100	0		2	8		branded+informational+commercial	cs
leadhub.co	lead ads	40	2	132	2	6	https://podpora.leadhub.co/article/73-vyuziti-facebook-lead-ads	branded+informational+commercial	cs
leadhub.co	pop-up okno	100	0	11	2	9	https://podpora.leadhub.co/article/120-jak-spustit-popup-okno	informational	cs
leadhub.co	opt-in	60	0	3	2	6		informational	cs
leadhub.co	opt in	60	0		2	6		informational	cs
leadhub.co	double opt-in	70	0	3			https://podpora.leadhub.co/article/264-jak-nastavit-double-opt-in	informational	cs
leadhub.co	newsletter co to je	100	0	29	2	8		informational	cs
leadhub.co	aov	20	0	38	2	1		informational	cs
leadhub.co	google postmaster	10	3		1	4	https://podpora.leadhub.co/article/217-jak-napojit-domenu-do-google-postmaster-tools	branded+navigational+informational	cs
leadhub.co	cdp	300	0	197	1	5		branded+navigational+informational+commercial	cs
leadhub.co	miroslav udan	60	0		1	10		informational	cs
leadhub.co	popup okno	80	1	11			https://podpora.leadhub.co/article/120-jak-spustit-popup-okno	informational	cs
leadhub.co	rfm analyza	40	0	68	1	9		informational+commercial	cs
leadhub.co	double opt in	70	0	3			https://podpora.leadhub.co/article/264-jak-nastavit-double-opt-in	informational	cs
leadhub.co	rfm	100	0	19	1	6		informational+commercial	cs
leadhub.co	segmentace zákazníků	20	0	122	1	7		informational	cs
leadhub.co	retence význam	70	0		1	3		informational	cs
leadhub.co	youtube gif	20	48				https://podpora.leadhub.co/article/136-jak-vlozit-odkaz-na-youtubeyoutube-gif	branded+informational	cs
leadhub.co	k svátku nebo ke svátku	90	0				https://podpora.leadhub.co/article/78-jak-nastavit-prani-k-svatku	informational	cs
leadhub.co	customer data platform	40	60	194	1	10		informational+commercial	cs
leadhub.co	ab testování	500	0	29			https://podpora.leadhub.co/article/235-a-b-testovani-e-mailovych-kampani	informational	cs
leadhub.co	databáze kontaktů	20	0	28	1	9		informational+commercial	cs
leadhub.co	miroslav uďan	30	0		1	11		informational	cs
leadhub.co	forpsi spf	10	0				https://podpora.leadhub.co/article/11-jak-nastavit-dns-pro-forpsi	branded+informational	cs
leadhub.co	bounce	200	0	22	0	3		informational+commercial	cs
leadhub.co	webový formulář	250	1	23			https://podpora.leadhub.co/article/177-webovy-prvek-formular-pro-ziskani-kontaktu	informational+commercial	cs
leadhub.co	vše nejlepší k svátku pro muže	70	0				https://www.leadhub.co/cs/campaigns/name-day-wishes	informational	cs
leadhub.co	forpsi dkim	10	0		0	10	https://podpora.leadhub.co/article/11-jak-nastavit-dns-pro-forpsi	branded+informational	cs
leadhub.co	personalizaci	50	0	19			https://podpora.leadhub.co/article/13-jak-spravne-nastavit-v-e-mailu-personalizaci	informational+commercial	cs
leadhub.co	gif obrázky	50	0	22			https://podpora.leadhub.co/article/97-gif-slozeny-z-obrazku	informational	cs
leadhub.co	import kontaktů	30	0				https://podpora.leadhub.co/article/46-jak-importovat-kontakty-do-leadhubu	informational	cs
leadhub.co	jak vytvořit gif z fotek	90	0	2			https://podpora.leadhub.co/article/97-gif-slozeny-z-obrazku	informational	cs
leadhub.co	adresa odesílatele	0	0		0	7		informational	cs
leadhub.co	a+b	40	0				https://podpora.leadhub.co/article/236-jak-nastavit-a-b-testovani	informational	cs
leadhub.co	tvorba gifu	40	0	2			https://podpora.leadhub.co/article/96-predpripravena-galerie-gif-sablon	informational	cs
leadhub.co	adwords google	20	4	32	0	3		branded+informational+commercial	cs
leadhub.co	shoptet favicon	0	0	218	0	11		branded+informational	cs
leadhub.co	facebook lead ads	50	34	221			https://podpora.leadhub.co/article/73-vyuziti-facebook-lead-ads	branded+informational+commercial	cs
leadhub.co	vytvoření gifu	20	0	1			https://podpora.leadhub.co/article/96-predpripravena-galerie-gif-sablon	informational	cs
leadhub.co	s předstihem	10	0				https://podpora.leadhub.co/article/215-prani-k-svatku-s-predstihem	informational	cs
leadhub.co	sklik nápověda	100	0	9			https://podpora.leadhub.co/category/175-sklik	branded+informational	cs
leadhub.co	animovaný gif	20	0				https://podpora.leadhub.co/article/97-gif-slozeny-z-obrazku	informational	cs
leadhub.co	utm parametry	150	0	13			https://podpora.leadhub.co/article/62-utm-parametry-a-nazev-kampane	informational+commercial	cs
leadhub.co	export kontaktů	20	0				https://podpora.leadhub.co/article/7-jak-exportovat-kontakty-ze-smartemailingu	informational	cs
leadhub.co	ke svátku nebo k svátku	70	0				https://www.leadhub.co/cs/campaigns/name-day-wishes	informational	cs
leadhub.co	ikonky	70	0	47			https://podpora.leadhub.co/article/108-jak-pracovat-s-objektem-ikonky	informational+transactional	cs
leadhub.co	crm	3500	9	130	0	9		informational+commercial	cs
leadhub.co	e shop rychle	60	0	46			https://podpora.leadhub.co/article/212-integrace-e-shop-rychle	branded+navigational+informational+commercial+transactional	cs
leadhub.co	k svátku přání	150	0				https://www.leadhub.co/cs/campaigns/name-day-wishes	informational	cs
leadhub.co	ads	700	5	101	0	5		branded+informational+commercial	cs
leadhub.co	cac	500	0	4	0	5		informational	cs
leadhub.co	popup	250	0	16	0	9	https://podpora.leadhub.co/article/115-jak-vytvorit-popup	informational	cs
leadhub.co	prání k svátku	20	0				https://www.leadhub.co/cs/campaigns/name-day-wishes	informational	cs
leadhub.co	sociální sítě ikony	10	0				https://podpora.leadhub.co/article/108-jak-pracovat-s-objektem-ikonky	informational	cs
leadhub.co	analityka	20	0		0	6		informational+commercial	cs
leadhub.co	prani k svatku	2500	0	3			https://www.leadhub.co/cs/campaigns/name-day-wishes	informational	cs
leadhub.co	postmaster	90	0		0	7	https://podpora.leadhub.co/article/217-jak-napojit-domenu-do-google-postmaster-tools	branded+informational	cs
leadhub.co	overeno zakazniky	20	2	21			https://podpora.leadhub.co/article/223-dynamicke-hodnoceni-heureka	branded+informational+commercial	cs
leadhub.co	k svátku	300	0	3			https://www.leadhub.co/cs/campaigns/name-day-wishes	informational+commercial	cs
leadhub.co	eshop rychle cz	30	0	1			https://podpora.leadhub.co/article/212-integrace-e-shop-rychle	branded+navigational+informational+commercial+transactional	cs
leadhub.co	ctr v	10	43		0	7		branded+informational	cs
leadhub.co	ads google	150	8	75	0	9		branded+informational+commercial	cs
leadhub.co	youtube to gif	90	63				https://podpora.leadhub.co/article/136-jak-vlozit-odkaz-na-youtubeyoutube-gif	branded+informational	cs
leadhub.co	přání ke svátku	150	0	36			https://www.leadhub.co/cs/campaigns/name-day-wishes	informational	cs
leadhub.co	sklik	1500	4	134	0	13		branded+navigational+informational+commercial	cs
leadhub.co	a/b testování	60	0				https://podpora.leadhub.co/article/235-a-b-testovani-e-mailovych-kampani	informational+commercial	cs
leadhub.co	ьфшд	90	0	15	0	10		informational	cs
leadhub.co	vytvořit gif	20	0	1			https://podpora.leadhub.co/article/97-gif-slozeny-z-obrazku	informational	cs
leadhub.co	dobít kredit	1200	33	18			https://podpora.leadhub.co/article/248-jak-dobit-kredit-pro-sms-kampane	local+informational+commercial+transactional	cs
leadhub.co	forpsi domeny	40	0	79			https://podpora.leadhub.co/article/11-jak-nastavit-dns-pro-forpsi	branded+navigational+informational+commercial+transactional	cs
leadhub.co	heureka ověřeno zákazníky	150	8	29			https://podpora.leadhub.co/article/223-dynamicke-hodnoceni-heureka	branded+informational+commercial	cs
leadhub.co	dekovacka	100	0				https://podpora.leadhub.co/article/222-jak-propojit-dekovacka-cz	branded+informational+commercial	cs
leadhub.co	odpocet	200	0	2			https://podpora.leadhub.co/article/92-jak-do-kampane-vlozit-odpocet-countdown-timer	informational	cs
leadhub.co	eshoprychle	90	1	41			https://podpora.leadhub.co/article/212-integrace-e-shop-rychle	branded+navigational+informational+commercial+transactional	cs
leadhub.co	produktů	400	4	20			https://podpora.leadhub.co/article/151-doporucovani-produktu-z-kategorie	informational+commercial	cs
leadhub.co	napojení	50	0				https://podpora.leadhub.co/category/199-integrace---napojeni-platforem	branded+informational	cs
magnas.cz	brand manuál	70	0	24	21	1		informational+commercial	cs
magnas.cz	brand manual	200	0	44	14	1		informational+commercial	cs
magnas.cz	google analytics universal	100	1	32			https://www.magnas.cz/google-analytics-universal-konci-jste-pripraveni/	branded+informational	cs
magnas.cz	publikační plán	30	0	35	3	4		informational	cs
magnas.cz	manuál	100	0	3	1	6		informational	cs
magnas.cz	mediální plán	20	0		1	6		informational	cs
magnas.cz	media plán	30	0		1	8		informational+commercial	cs
magnas.cz	brandmanual	40	0	71	0	3		informational+commercial+transactional	cs
magnas.cz	plošné vysílání	10	0	66	0	29		informational+commercial	cs
magnas.cz	hr země	50	1				https://www.magnas.cz/na-hr-konferenci-mezi-radky-jsme-predstavili-emloyer-branding/	informational	cs
magnas.cz	inzerát	1100	8	10			https://www.magnas.cz/10-tipu-co-ma-rikat-a-jak-ma-vypadat-efektivni-inzerat/	informational+commercial+transactional	cs
magnas.cz	midjourney návod	10	0	4			https://www.magnas.cz/zacinate-s-midjourney-mame-pro-vas-pruvodce-generovanim-obrazku/	branded+informational	cs
magnas.cz	jak napsat inzerát	70	0	9			https://www.magnas.cz/10-tipu-co-ma-rikat-a-jak-ma-vypadat-efektivni-inzerat/	informational	cs
magnas.cz	locus	50	20	1			https://www.magnas.cz/locus-map/	branded+navigational+informational+commercial+transactional	cs
magnas.cz	obrázků	60	3	9			https://www.magnas.cz/zacinate-s-midjourney-mame-pro-vas-pruvodce-generovanim-obrazku/	informational+commercial	cs
magnas.cz	legrand	1000	1	11			https://www.magnas.cz/legrand/	branded+navigational+informational+commercial	cs
magnas.cz	knowlimits	80	0	87			https://www.magnas.cz/en/do-noveho-roku-jsme-vstoupili-silnejsi-spojili-jsme-se-s-knowlimits/	branded+local+informational+commercial	cs
magnas.cz	midjouney	0	0	36	0	3		branded+informational	cs
mariemullerova.cz	nástroj na seo	1900	0		1	28		informational+commercial	cs
mariemullerova.cz	¨se	700	38		0	20		branded+navigational+informational	cs
mariemullerova.cz	se,	700	52		0	21		branded+navigational+informational	cs
marketingppc.cz	landing page	800	57	49			https://www.marketingppc.cz/ppc/landing-page/	informational	cs
marketingppc.cz	pno	1300	0	10			https://www.marketingppc.cz/ppc/pno/	informational	cs
marketingppc.cz	digital marketing	4000	0	141	196	1	https://www.marketingppc.cz/ppc/digitalni-marketing/	informational+commercial	cs
marketingppc.cz	reklamu	6100	0	135			https://www.marketingppc.cz/google-ads/jak-napsat-google-ads-reklamu/	informational+commercial	cs
marketingppc.cz	snapchat	3900	9	1	143	2		branded+navigational+informational	cs
marketingppc.cz	ga4	900	2	67	135	1	https://www.marketingppc.cz/google-analytics/google-analytics-4/	branded+informational+commercial	cs
marketingppc.cz	sklik	1500	4	134	130	4		branded+navigational+informational+commercial	cs
marketingppc.cz	propagace eshopu	250	0	193			https://www.marketingppc.cz/marketing/jak-propagovat-eshop/	informational+commercial	cs
marketingppc.cz	konverzní marketing	1300	0		117	4		informational	cs
marketingppc.cz	výkonnostní marketing	200	0	177	109	1	https://www.marketingppc.cz/ppc/vykonnostni-marketing/	informational+commercial	cs
marketingppc.cz	marketingový mix 7p	200	0	29			https://www.marketingppc.cz/ppc/marketingovy-mix/	informational	cs
marketingppc.cz	ugc	5800	0	67	96	1	https://www.marketingppc.cz/socialni-site/jak-na-ugc/	informational+commercial	cs
marketingppc.cz	b2b	7400	0	18			https://www.marketingppc.cz/ppc/b2b/	branded+navigational+informational+commercial+transactional	cs
marketingppc.cz	digitální marketing	600	1	107	82	1	https://www.marketingppc.cz/ppc/digitalni-marketing/	informational+commercial	cs
marketingppc.cz	ugc co to je	600	0	13	81	1	https://www.marketingppc.cz/socialni-site/jak-na-ugc/	informational	cs
marketingppc.cz	facebook business manager	2000	0	147			https://www.marketingppc.cz/socialni-site/facebook-business-manager/	branded+navigational+informational	cs
marketingppc.cz	meta ads	800	84	367	78	2		branded+informational+commercial	cs
marketingppc.cz	ppc	900	0	132	65	1	https://www.marketingppc.cz/ppc/co-je-to-ppc/	informational+commercial	cs
marketingppc.cz	jak propagovat eshop	100	0	110			https://www.marketingppc.cz/marketing/jak-propagovat-eshop/	informational+commercial	cs
marketingppc.cz	7p	80	0	37			https://www.marketingppc.cz/ppc/marketingovy-mix/	informational+commercial	cs
marketingppc.cz	roas	500	0	8	53	1	https://www.marketingppc.cz/ppc/roas/	informational	cs
marketingppc.cz	správa ppc	900	4	424			https://www.marketingppc.cz/sprava-ppc/	informational+commercial	cs
marketingppc.cz	rozšířený marketingový mix	100	0				https://www.marketingppc.cz/ppc/marketingovy-mix/	informational	cs
marketingppc.cz	marketing ppc	200	1	218	46	1	https://www.marketingppc.cz/	branded+navigational+informational+commercial	cs
marketingppc.cz	správa ppc kampaní	2200	5	67			https://www.marketingppc.cz/sprava-ppc/	local+informational+commercial	cs
marketingppc.cz	looker studio	1400	21	56			https://www.marketingppc.cz/ppc/looker-studio/	branded+navigational+informational+commercial	cs
marketingppc.cz	landing page co to je	150	0	29	43	1	https://www.marketingppc.cz/ppc/landing-page/	informational	cs
marketingppc.cz	bounce rate co to je	200	0				https://www.marketingppc.cz/ppc/bounce-rate/	informational	cs
marketingppc.cz	google search console	8900	0	100	41	1	https://www.marketingppc.cz/marketing/google-search-console-vyuziti/	branded+navigational+informational	cs
marketingppc.cz	ppc agentura	200	22	425			https://www.marketingppc.cz/	local+informational+commercial	cs
marketingppc.cz	moje firma	7200	1	91			https://www.marketingppc.cz/ppc/firemni-profil-google/	branded+informational+commercial	cs
marketingppc.cz	rebranding	450	0	68	39	1	https://www.marketingppc.cz/ppc/rebranding/	informational	cs
marketingppc.cz	online marketing	900	0	112	38	1	https://www.marketingppc.cz/ppc/online-marketing-pojem/	informational+commercial	cs
marketingppc.cz	google consent mode v2	100	34				https://www.marketingppc.cz/google-analytics/consent-mode-v2/	branded+informational	cs
marketingppc.cz	4p	500	0	1			https://www.marketingppc.cz/marketing/4p-marketingu-marketingovy-mix/	informational+commercial	cs
marketingppc.cz	google ads remarketing	100	14	30	37	1	https://www.marketingppc.cz/google-ads/google-ads-remarketing/	branded+informational	cs
marketingppc.cz	youtube shorts	600	53	1			https://www.marketingppc.cz/ppc/youtube-shorts/	branded+navigational+informational	cs
marketingppc.cz	ppc marketing	600	1	197	36	3	https://www.marketingppc.cz/uvod-do-ppc-marketingu/	informational+commercial	cs
marketingppc.cz	business manager	1600	0	167			https://www.marketingppc.cz/socialni-site/facebook-business-manager/	informational+commercial	cs
marketingppc.cz	co je ugc	150	0		32	2	https://www.marketingppc.cz/socialni-site/jak-na-ugc/	informational	cs
marketingppc.cz	b2b b2c	80	0	3	32	1	https://www.marketingppc.cz/ppc/b2b-b2c/	informational+commercial	cs
marketingppc.cz	seo social	1100	27		32	9		informational+commercial	cs
marketingppc.cz	b2b vs b2c	100	11		32	1	https://www.marketingppc.cz/ppc/b2b-b2c/	informational	cs
marketingppc.cz	prompt	1000	0	18			https://www.marketingppc.cz/ppc/prompt/	informational	cs
marketingppc.cz	7p marketingový mix	100	0	13	31	1	https://www.marketingppc.cz/ppc/marketingovy-mix/	informational	cs
marketingppc.cz	ugc tvůrce	700	0				https://www.marketingppc.cz/socialni-site/jak-na-ugc/	informational+commercial	cs
marketingppc.cz	co je landing page	150	0	35	29	1	https://www.marketingppc.cz/ppc/landing-page/	informational	cs
marketingppc.cz	google analytics 4	250	1	101	28	3	https://www.marketingppc.cz/google-analytics/google-analytics-4/	branded+informational	cs
marketingppc.cz	4p marketingový mix	100	0	67			https://www.marketingppc.cz/marketing/4p-marketingu-marketingovy-mix/	informational	cs
marketingppc.cz	video marketing	300	16	22	26	1		informational+commercial	cs
marketingppc.cz	microsoft ads	600	43	234	26	6	https://www.marketingppc.cz/ppc/microsoft-ads/	branded+navigational+informational+commercial+transactional	cs
marketingppc.cz	kpi	2800	0	11			https://www.marketingppc.cz/ppc/kpi/	informational	cs
marketingppc.cz	7p marketing	80	0				https://www.marketingppc.cz/ppc/marketingovy-mix/	informational	cs
marketingppc.cz	ai nástroje	200	54	34	24	1	https://www.marketingppc.cz/marketing/ai-neni-jen-chatgpt/	informational+commercial	cs
marketingppc.cz	marketing na facebooku	300	0	63			https://www.marketingppc.cz/socialni-site/jak-nastavit-facebook-reklamu-jako-profesional/	branded+informational+commercial	cs
marketingppc.cz	lead	800	0	8			https://www.marketingppc.cz/ppc/lead/	informational+commercial	cs
marketingppc.cz	google looker studio	300	31	85			https://www.marketingppc.cz/ppc/looker-studio/	branded+informational+commercial	cs
marketingppc.cz	ppc sem	150	0	196	23	2		informational	cs
marketingppc.cz	konverzní poměr výpočet	100	0		22	2	https://www.marketingppc.cz/ppc/konverzni-pomer/	informational	cs
marketingppc.cz	pno marketing	70	0	11	22	1	https://www.marketingppc.cz/ppc/pno/	informational	cs
marketingppc.cz	marketing mix	70	2	31	21	1	https://www.marketingppc.cz/ppc/marketingovy-mix/	informational	cs
marketingppc.cz	swot strategie	600	0	19			https://www.marketingppc.cz/marketing/analyza-swot/	informational	cs
marketingppc.cz	b2b marketing	350	17	51	20	6	https://www.marketingppc.cz/marketing/b2b-marketing/	informational+commercial	cs
marketingppc.cz	konverzní	600	0				https://www.marketingppc.cz/ppc/co-je-to-konverze/	informational	cs
marketingppc.cz	heatmap	350	69	29			https://www.marketingppc.cz/ppc/heatmap/	informational	cs
marketingppc.cz	socialni site	700	0	29	19	1	https://www.marketingppc.cz/socialni-site/tipy-jak-na-socialni-site/	informational	cs
marketingppc.cz	výkonostní marketing	90	0		18	1	https://www.marketingppc.cz/ppc/vykonnostni-marketing/	informational+commercial	cs
marketingppc.cz	co je to branding	100	0	12			https://www.marketingppc.cz/ppc/branding/	informational	cs
marketingppc.cz	utm	600	53	31	18	7	https://www.marketingppc.cz/ppc/utm-parametry/	informational	cs
marketingppc.cz	prompty pro chatgpt	600	0	14	17	9		branded+informational	cs
marketingppc.cz	b2b co to je	400	0	18	17	1	https://www.marketingppc.cz/ppc/b2b/	informational	cs
marketingppc.cz	co je canva	300	0	3	17	5		branded+informational	cs
marketingppc.cz	onlinemarketing	80	0	116	17	1	https://www.marketingppc.cz/ppc/online-marketing-pojem/	informational+commercial	cs
marketingppc.cz	sem marketing	100	5	5	17	2	https://www.marketingppc.cz/ppc/sem/	informational	cs
marketingppc.cz	seo youtube	150	15	30	17	2	https://www.marketingppc.cz/marketing/youtube-seo/	branded+informational+commercial	cs
marketingppc.cz	landing pages	80	56	73	17	1	https://www.marketingppc.cz/ppc/landing-page/	informational+commercial	cs
marketingppc.cz	kpi příklady	100	0	8			https://www.marketingppc.cz/ppc/kpi/	informational	cs
marketingppc.cz	moje firma seznam	450	0	119			https://www.marketingppc.cz/ppc/firemni-profil-google/	branded+informational+commercial	cs
marketingppc.cz	analýza klíčových slov	500	4	106	16	4	https://www.marketingppc.cz/ppc/analyza-klicovych-slov/	informational	cs
marketingppc.cz	ppc kampaně	250	2	236	16	4	https://www.marketingppc.cz/uvod-do-ppc-marketingu/	informational+commercial	cs
marketingppc.cz	marketing 4p	40	3	28	16	2	https://www.marketingppc.cz/marketing/4p-marketingu-marketingovy-mix/	informational	cs
marketingppc.cz	konverzní poměr	150	0	16	16	1	https://www.marketingppc.cz/ppc/konverzni-pomer/	informational+commercial	cs
marketingppc.cz	usp	500	80	23	15	3	https://www.marketingppc.cz/ppc/usp/	informational	cs
marketingppc.cz	console google search	200	81	82	15	5	https://www.marketingppc.cz/marketing/google-search-console-vyuziti/	branded+navigational+informational	cs
marketingppc.cz	bounce rate	150	79	12			https://www.marketingppc.cz/ppc/bounce-rate/	informational	cs
marketingppc.cz	ga 4	100	2	87	15	1	https://www.marketingppc.cz/google-analytics/google-analytics-4/	branded+informational	cs
marketingppc.cz	nové sociální sítě	90	0	37			https://www.marketingppc.cz/socialni-site/hlavni-trendy-socialnich-siti/	informational+commercial	cs
marketingppc.cz	ppc agency	50	36		15	1	https://www.marketingppc.cz/en/	local+informational+commercial	cs
marketingppc.cz	performance max	90	0	30			https://www.marketingppc.cz/google-ads/performance-max/	branded+informational+commercial	cs
marketingppc.cz	unique selling proposition	90	54	43	14	2	https://www.marketingppc.cz/ppc/usp/	informational	cs
marketingppc.cz	kpi ukazatele	150	0	23	14	1	https://www.marketingppc.cz/ppc/kpi/	informational	cs
marketingppc.cz	co je pno	80	0		14	1	https://www.marketingppc.cz/ppc/pno/	informational	cs
marketingppc.cz	ppc zkratka	250	0	44			https://www.marketingppc.cz/ppc/co-je-to-ppc/	informational	cs
marketingppc.cz	marketingový mix produkt	150	0				https://www.marketingppc.cz/ppc/marketingovy-mix/	informational	cs
marketingppc.cz	marketing sociálních sítí	250	0	72			https://www.marketingppc.cz/socialni-site/socialni-site-marketing/	informational+commercial	cs
marketingppc.cz	skript	350	30		14	1		informational	cs
marketingppc.cz	utm parametry	100	0	13	14	1	https://www.marketingppc.cz/ppc/utm-parametry/	informational+commercial	cs
marketingppc.cz	klíčová slova google	80	1	115	14	2	https://www.marketingppc.cz/google-ads/klicova-slova-google-ads/	branded+informational+commercial	cs
marketingppc.cz	psychologie barev	350	1	3	13	1	https://www.marketingppc.cz/marketing/psychologie-barev/	informational	cs
marketingppc.cz	analýza webu	500	0	128	13	2		informational+commercial	cs
marketingppc.cz	marketing mix 7p	60	12				https://www.marketingppc.cz/ppc/marketingovy-mix/	informational	cs
marketingppc.cz	marketingový mix služeb	20	0		13	1	https://www.marketingppc.cz/ppc/marketingovy-mix/	informational	cs
marketingppc.cz	ppc systémy	40	0	193	12	1	https://www.marketingppc.cz/uvod-do-ppc-marketingu/	informational+commercial	cs
marketingppc.cz	jak vytvořit reklamu na facebooku	200	0	34			https://www.marketingppc.cz/socialni-site/jak-nastavit-facebook-reklamu-jako-profesional/	branded+informational+commercial	cs
marketingppc.cz	zpětné odkazy	150	0	122	12	1		informational+commercial	cs
marketingppc.cz	online marketing agentura	150	24	114			https://www.marketingppc.cz/	local+informational+commercial	cs
marketingppc.cz	navstevnost webu	100	1	73	12	2	https://www.marketingppc.cz/ppc/jak-zjistit-navstevnost-webu/	informational+commercial	cs
marketingppc.cz	google klíčová slova	200	1	120			https://www.marketingppc.cz/google-ads/klicova-slova-google-ads/	branded+informational	cs
marketingppc.cz	jak zjistit návštěvnost webu	70	0	58	11	1	https://www.marketingppc.cz/ppc/jak-zjistit-navstevnost-webu/	informational	cs
marketingppc.cz	rtb marketing	150	0	55	11	3	https://www.marketingppc.cz/ppc/rtb-programaticka-reklama/	informational+commercial	cs
marketingppc.cz	demand gen	70	0	209	11	1	https://www.marketingppc.cz/ppc/demand-gen/	informational+commercial	cs
marketingppc.cz	jak na sociální sítě	70	0	44	11	2	https://www.marketingppc.cz/socialni-site/tipy-jak-na-socialni-site/	informational+commercial	cs
marketingppc.cz	demand generation	80	5	209	11	3	https://www.marketingppc.cz/ppc/demand-gen/	informational	cs
marketingppc.cz	kpi význam	250	0	3	11	1		informational	cs
marketingppc.cz	crm marketing	300	1	99			https://www.marketingppc.cz/ppc/crm/	informational+commercial	cs
marketingppc.cz	tiktok marketing	100	0	85			https://www.marketingppc.cz/socialni-site/tiktok-reklama/	branded+informational+commercial	cs
marketingppc.cz	search console	4100	79	84	11	2	https://www.marketingppc.cz/marketing/google-search-console-vyuziti/	branded+informational	cs
marketingppc.cz	návštěvnost webu	80	1	81	11	2	https://www.marketingppc.cz/ppc/jak-zjistit-navstevnost-webu/	informational+commercial	cs
marketingppc.cz	založení business manageru	80	0	138	11	2	https://www.marketingppc.cz/socialni-site/facebook-business-manager/	branded+informational	cs
marketingppc.cz	yt shorts	60	69		10	2	https://www.marketingppc.cz/ppc/youtube-shorts/	branded+navigational+informational	cs
marketingppc.cz	google search console co to je	150	1	4	10	4	https://www.marketingppc.cz/marketing/google-search-console-vyuziti/	branded+informational	cs
marketingppc.cz	remarketing google ads	80	1	30	10	2	https://www.marketingppc.cz/google-ads/google-ads-remarketing/	branded+informational	cs
marketingppc.cz	analyza klicovych slov	450	3	101	10	11	https://www.marketingppc.cz/ppc/analyza-klicovych-slov/	informational	cs
marketingppc.cz	meta reklamy	100	0	29	10	2	https://www.marketingppc.cz/socialni-site/jak-nastavit-facebook-reklamu-jako-profesional/	branded+informational+commercial	cs
marketingppc.cz	reklama na facebooku	200	0	168			https://www.marketingppc.cz/socialni-site/jak-nastavit-facebook-reklamu-jako-profesional/	branded+informational+commercial	cs
marketingppc.cz	consent mode v2	50	28		10	1	https://www.marketingppc.cz/google-analytics/consent-mode-v2/	branded+informational	cs
marketingppc.cz	ppc reklama co to je	150	1	76	10	1	https://www.marketingppc.cz/ppc/co-je-to-ppc/	informational	cs
marketingppc.cz	meta business manager	600	0	172			https://www.marketingppc.cz/socialni-site/facebook-business-manager/	branded+navigational+informational	cs
marketingppc.cz	cpl	150	0	9			https://www.marketingppc.cz/ppc/cpl-2/	informational+commercial	cs
marketingppc.cz	mailing	250	21	3	10	4	https://www.marketingppc.cz/marketing/jak-na-emailing/	informational+commercial	cs
marketingppc.cz	b2c co to je	150	0	4	10	1	https://www.marketingppc.cz/ppc/b2b-b2c/	informational	cs
marketingppc.cz	ppc reklama	500	2	286			https://www.marketingppc.cz/uvod-do-ppc-marketingu/	informational+commercial	cs
marketingppc.cz	reklama na google	450	0	315	9	5	https://www.marketingppc.cz/google-ads/jak-napsat-google-ads-reklamu/	branded+informational+commercial	cs
marketingppc.cz	marketingová strategie	300	2	94	9	1	https://www.marketingppc.cz/marketing/marketingova-strategie/	informational+commercial	cs
marketingppc.cz	marketing agentura	250	46	234			https://www.marketingppc.cz/	local+informational+commercial	cs
marketingppc.cz	marketing mix 4p	150	0				https://www.marketingppc.cz/marketing/4p-marketingu-marketingovy-mix/	informational+commercial	cs
marketingppc.cz	co je marketingový mix	100	0		9	1	https://www.marketingppc.cz/ppc/marketingovy-mix/	informational	cs
marketingppc.cz	správa kampaní	80	0		9	3		local+informational+commercial	cs
marketingppc.cz	7p marketing mix	30	12				https://www.marketingppc.cz/ppc/marketingovy-mix/	informational	cs
marketingppc.cz	call to action	150	29	6	8	3	https://www.marketingppc.cz/ppc/co-je-to-cta/	informational	cs
marketingppc.cz	nástroje online marketingu	60	0	51	8	4	https://www.marketingppc.cz/marketing/online-marketing/	informational+commercial	cs
marketingppc.cz	outbound marketing	200	0				https://www.marketingppc.cz/ppc/outbound-marketing/	informational	cs
marketingppc.cz	rtb reklama	150	0	79	8	4	https://www.marketingppc.cz/ppc/rtb-programaticka-reklama/	informational+commercial	cs
marketingppc.cz	marketing strategie	150	0	55	8	6	https://www.marketingppc.cz/marketing/marketingova-strategie/	informational+commercial	cs
marketingppc.cz	marketing roi	30	0				https://www.marketingppc.cz/ppc/co-je-to-roi/	informational	cs
marketingppc.cz	youtube short	70	65	1	8	4	https://www.marketingppc.cz/ppc/youtube-shorts/	branded+navigational+informational	cs
marketingppc.cz	pmax kampaně	90	0	34	8	1	https://www.marketingppc.cz/google-ads/performance-max/	branded+informational+commercial	cs
marketingppc.cz	kpi marketing	80	0	38			https://www.marketingppc.cz/ppc/kpi/	informational	cs
marketingppc.cz	tiktok reklamy	100	0	174			https://www.marketingppc.cz/socialni-site/tiktok-reklama/	branded+informational+commercial	cs
marketingppc.cz	design webu	200	0	152			https://www.marketingppc.cz/marketing/webdesign-ktery-prodava/	informational+commercial	cs
marketingppc.cz	marketing seo	300	2	83			https://www.marketingppc.cz/faq/seo-a-ppc/	informational	cs
marketingppc.cz	cross selling	150	2	3	7	1	https://www.marketingppc.cz/ppc/cross-selling/	informational	cs
marketingppc.cz	ppc kampaně co to je	100	0	31	7	5	https://www.marketingppc.cz/ppc/co-je-to-ppc/	informational	cs
marketingppc.cz	4 p marketingu	30	0		7	2	https://www.marketingppc.cz/marketing/4p-marketingu-marketingovy-mix/	informational	cs
marketingppc.cz	cookies lišta	150	4	27			https://www.marketingppc.cz/google-analytics/cookies-cookie-lista/	informational	cs
marketingppc.cz	německý srovnávač cen	60	0	74			https://www.marketingppc.cz/ppc/idealo/	informational+commercial	cs
marketingppc.cz	marketingový rozpočet vzor	60	0		7	2		informational	cs
marketingppc.cz	reklama instagram	100	0	112	7	6	https://www.marketingppc.cz/socialni-site/jak-nastavit-facebook-reklamu-jako-profesional/	branded+informational+commercial	cs
marketingppc.cz	co je google ads	50	0	598	7	1	https://www.marketingppc.cz/ppc/google-ads/	branded+informational	cs
marketingppc.cz	co je ppc	250	1	82	7	6	https://www.marketingppc.cz/ppc/co-je-to-ppc/	informational	cs
marketingppc.cz	cta tlačítko	100	0				https://www.marketingppc.cz/ppc/co-je-to-cta/	informational	cs
marketingppc.cz	jak založit business manager	40	0	110	7	2	https://www.marketingppc.cz/socialni-site/facebook-business-manager/	branded+informational	cs
marketingppc.cz	cookie lišta	200	3	27			https://www.marketingppc.cz/google-analytics/cookies-cookie-lista/	informational	cs
marketingppc.cz	ab testování	500	0	29			https://www.marketingppc.cz/ppc/ab-testovani/	informational	cs
marketingppc.cz	usp marketing	30	4		6	1	https://www.marketingppc.cz/ppc/usp/	informational	cs
marketingppc.cz	zpětný odkaz	100	0	122	6	4	https://www.marketingppc.cz/ppc/zpetny-odkaz/	informational	cs
marketingppc.cz	roas výpočet	50	0		6	1	https://www.marketingppc.cz/ppc/roas/	informational	cs
marketingppc.cz	cpm výpočet	20	0				https://www.marketingppc.cz/ppc/cpm/	informational	cs
marketingppc.cz	web marketing	100	0	82	6	5	https://www.marketingppc.cz/marketing/online-marketing/	informational+commercial	cs
marketingppc.cz	budování značky	20	0	61	6	1	https://www.marketingppc.cz/marketing/vybudovat-znacku/	informational+commercial	cs
marketingppc.cz	internet marketing	150	0	105	6	1	https://www.marketingppc.cz/ppc/online-marketing-pojem/	informational	cs
marketingppc.cz	psychologie barev marketing	60	0		6	1	https://www.marketingppc.cz/marketing/psychologie-barev/	informational+commercial	cs
marketingppc.cz	seo marketing	1200	4	171			https://www.marketingppc.cz/faq/seo-a-ppc/	informational+commercial	cs
marketingppc.cz	technické seo	150	0	58	6	7	https://www.marketingppc.cz/marketing/technicke-seo/	informational+commercial	cs
marketingppc.cz	console search	200	70	84	6	8	https://www.marketingppc.cz/marketing/google-search-console-vyuziti/	branded+navigational+informational	cs
marketingppc.cz	shorts videa	50	0	40	6	1	https://www.marketingppc.cz/ppc/youtube-shorts/	branded+informational	cs
marketingppc.cz	instagram reklamy	100	0		6	5	https://www.marketingppc.cz/socialni-site/jak-nastavit-facebook-reklamu-jako-profesional/	branded+informational+commercial	cs
marketingppc.cz	facebook manager	200	0	85			https://www.marketingppc.cz/socialni-site/facebook-business-manager/	branded+informational+commercial	cs
marketingppc.cz	consent mode	40	20	106			https://www.marketingppc.cz/google-analytics/consent-mode-v2/	branded+informational	cs
marketingppc.cz	cpc marketing	50	0	19	6	3	https://www.marketingppc.cz/ppc/cpc/	informational	cs
marketingppc.cz	co je b2b	300	0	1	6	8	https://www.marketingppc.cz/ppc/b2b/	informational	cs
marketingppc.cz	marketing consulting	70	14	57			https://www.marketingppc.cz/ppc/cpa/	local+informational+commercial	cs
marketingppc.cz	leads	250	30	43			https://www.marketingppc.cz/ppc/lead/	informational+commercial	cs
marketingppc.cz	lead magnet	100	13	11	6	6	https://www.marketingppc.cz/ppc/lead-magnet/	informational+commercial	cs
marketingppc.cz	marketingový plán	150	0	88	6	1	https://www.marketingppc.cz/marketing/marketingovy-plan/	informational	cs
marketingppc.cz	meta pixel	250	51	21			https://www.marketingppc.cz/google-analytics/facebook-pixel-gtm/	branded+informational	cs
marketingppc.cz	internetový marketing	100	0	164			https://www.marketingppc.cz/ppc/online-marketing-pojem/	informational+commercial	cs
marketingppc.cz	idealo	450	12	11			https://www.marketingppc.cz/ppc/idealo/	branded+navigational+informational+commercial+transactional	cs
marketingppc.cz	rlsa	10	31		6	2	https://www.marketingppc.cz/ppc/co-je-to-rlsa/	branded+informational	cs
marketingppc.cz	nejnovější sociální sítě	70	1	43			https://www.marketingppc.cz/socialni-site/hlavni-trendy-socialnich-siti/	informational+commercial	cs
marketingppc.cz	rfm analýza	80	0	68			https://www.marketingppc.cz/marketing/vyuziti-rfm-analyzy/	informational	cs
marketingppc.cz	návštěvnost webů	150	0	59	5	9	https://www.marketingppc.cz/ppc/jak-zjistit-navstevnost-webu/	informational+commercial	cs
marketingppc.cz	roi zkratka	40	0				https://www.marketingppc.cz/ppc/co-je-to-roi/	informational	cs
marketingppc.cz	lead marketing	50	1	49	5	3	https://www.marketingppc.cz/ppc/lead/	informational+commercial	cs
marketingppc.cz	share of voice	40	24	92	5	3	https://www.marketingppc.cz/ppc/sov/	informational	cs
marketingppc.cz	remarketing facebook	80	0	60	5	6	https://www.marketingppc.cz/socialni-site/facebook-reklama-tipy-a-triky/	branded+informational+commercial	cs
marketingppc.cz	cta	700	28	29	5	7	https://www.marketingppc.cz/ppc/co-je-to-cta/	branded+informational	cs
marketingppc.cz	cpm marketing	70	10		5	1	https://www.marketingppc.cz/ppc/cpm/	informational	cs
marketingppc.cz	nejlepší ai	200	1	33			https://www.marketingppc.cz/marketing/ai-neni-jen-chatgpt/	informational+commercial	cs
marketingppc.cz	digitalni marketing	70	1	110	5	1	https://www.marketingppc.cz/ppc/digitalni-marketing/	informational+commercial	cs
marketingppc.cz	serp	250	0	41	5	1	https://www.marketingppc.cz/ppc/serp/	informational	cs
marketingppc.cz	reklama na fb	150	0	193			https://www.marketingppc.cz/socialni-site/jak-nastavit-facebook-reklamu-jako-profesional/	branded+informational+commercial	cs
marketingppc.cz	kpi zkratka	300	0	7	5	1		informational	cs
marketingppc.cz	lead gen	150	0	170			https://www.marketingppc.cz/ppc/lead/	informational+commercial	cs
marketingppc.cz	on-line marketing	70	0	107	5	1	https://www.marketingppc.cz/ppc/online-marketing-pojem/	informational+commercial	cs
marketingppc.cz	marketing online	150	0	90	5	1	https://www.marketingppc.cz/ppc/online-marketing-pojem/	informational+commercial	cs
marketingppc.cz	web marketing seo	90	49				https://www.marketingppc.cz/faq/seo-a-ppc/	informational	cs
marketingppc.cz	co prodávat na eshopu	60	0	23	5	1	https://www.marketingppc.cz/marketing/co-prodavat-na-eshopu/	informational+commercial	cs
marketingppc.cz	ads microsoft	30	44		5	2		branded+navigational+informational+commercial+transactional	cs
marketingppc.cz	pno zkratka	80	0		5	1	https://www.marketingppc.cz/ppc/pno/	informational	cs
marketingppc.cz	propagace firmy	60	0	136	5	4		informational+commercial	cs
marketingppc.cz	dsa kampaně	40	0	10	5	2	https://www.marketingppc.cz/google-ads/dynamicke-reklamy-ve-vyhledavani/	branded+informational+commercial	cs
marketingppc.cz	ppc advertising	30	59	113	5	1	https://www.marketingppc.cz/ppc/co-je-to-ppc/	informational	cs
marketingppc.cz	facebook bussines	40	0	132			https://www.marketingppc.cz/socialni-site/facebook-business-manager/	branded+navigational+informational+commercial	cs
marketingppc.cz	canva co to je	150	0				https://www.marketingppc.cz/socialni-site/vyuziti-canvy/	branded+informational	cs
marketingppc.cz	publikační plán	30	0	35	5	2		informational	cs
marketingppc.cz	google reklama cena	100	0	87	5	1	https://www.marketingppc.cz/faq/kolik-stoji-google-ads/	branded+informational+commercial	cs
marketingppc.cz	swot analýza	250	0	14	5	6		informational	cs
marketingppc.cz	co je konverze	200	1	42	5	6	https://www.marketingppc.cz/ppc/co-je-to-konverze/	informational	cs
marketingppc.cz	návštěvnost	300	2	23	5	1	https://www.marketingppc.cz/ppc/jak-zjistit-navstevnost-webu/	informational	cs
marketingppc.cz	marketingový trychtýř	100	0		5	1	https://www.marketingppc.cz/marketing/druhy-trychtyru/	informational	cs
marketingppc.cz	marketing 7p	20	0		5	1	https://www.marketingppc.cz/ppc/marketingovy-mix/	informational	cs
marketingppc.cz	unique selling point	30	32		4	2	https://www.marketingppc.cz/ppc/usp/	informational	cs
marketingppc.cz	výpočet pno	80	0		4	5	https://www.marketingppc.cz/ppc/pno/	informational	cs
marketingppc.cz	programatická reklama	100	0	54	4	7	https://www.marketingppc.cz/ppc/rtb-programaticka-reklama/	informational+commercial	cs
marketingppc.cz	e marketing	150	0	65			https://www.marketingppc.cz/ppc/online-marketing-pojem/	informational+commercial	cs
marketingppc.cz	product placement ve filmu	40	0				https://www.marketingppc.cz/marketing/vliv-product-placementu/	informational	cs
marketingppc.cz	konverze význam	150	0		4	1	https://www.marketingppc.cz/ppc/co-je-to-konverze/	informational	cs
marketingppc.cz	featured snippets	60	47				https://www.marketingppc.cz/ppc/featured-snippets/	branded+informational	cs
marketingppc.cz	b2e	40	0		4	1	https://www.marketingppc.cz/marketing/prehled-obchodnich-modelu/	informational	cs
marketingppc.cz	jak se budují značky	100	0				https://www.marketingppc.cz/marketing/vybudovat-znacku/	branded+informational+commercial+transactional	cs
marketingppc.cz	marketingovy plan	200	0	36			https://www.marketingppc.cz/marketing/marketingovy-plan/	informational	cs
marketingppc.cz	marketingové strategie	100	1	102	4	1	https://www.marketingppc.cz/marketing/marketingova-strategie/	informational+commercial	cs
marketingppc.cz	busines manager	60	0	40	4	4	https://www.marketingppc.cz/socialni-site/facebook-business-manager/	branded+navigational+informational+commercial	cs
marketingppc.cz	zkratka kpi	150	0				https://www.marketingppc.cz/ppc/kpi/	informational	cs
marketingppc.cz	e-mailing	150	2	152	4	6	https://www.marketingppc.cz/marketing/jak-na-emailing/	informational+commercial	cs
marketingppc.cz	cpm	700	0	6	4	1		informational+commercial	cs
marketingppc.cz	youtube seo	70	51	38	4	6	https://www.marketingppc.cz/marketing/youtube-seo/	branded+informational+commercial	cs
marketingppc.cz	marketingovy mix	70	0	61	4	1	https://www.marketingppc.cz/marketing/4p-marketingu-marketingovy-mix/	informational	cs
marketingppc.cz	blog marketing	60	1	24			https://www.marketingppc.cz/blog/	informational+commercial	cs
marketingppc.cz	postovat	90	0				https://www.marketingppc.cz/socialni-site/tipy-jak-na-socialni-site/	informational	cs
marketingppc.cz	google consent mode	50	19	175			https://www.marketingppc.cz/google-analytics/consent-mode-v2/	branded+informational	cs
marketingppc.cz	google ads cena	50	0	113	4	1	https://www.marketingppc.cz/faq/kolik-stoji-google-ads/	branded+informational+commercial	cs
marketingppc.cz	seo katalogy	1300	1		4	18		informational+commercial	cs
marketingppc.cz	long tail	100	1	12			https://www.marketingppc.cz/ppc/co-je-to-long-tail/	informational+commercial	cs
marketingppc.cz	on line marketing	20	0	115	4	1	https://www.marketingppc.cz/ppc/online-marketing-pojem/	informational+commercial	cs
marketingppc.cz	merchant center google	30	26				https://www.marketingppc.cz/google-ads/jak-nastavit-google-merchant-center/	branded+navigational+informational+commercial	cs
marketingppc.cz	marketingova strategie	90	1	92	4	7	https://www.marketingppc.cz/marketing/marketingova-strategie/	informational+commercial	cs
marketingppc.cz	ppc co to je	150	0	96	4	6	https://www.marketingppc.cz/ppc/co-je-to-ppc/	informational	cs
marketingppc.cz	longtail	150	2	25			https://www.marketingppc.cz/ppc/co-je-to-long-tail/	informational+commercial	cs
marketingppc.cz	tiktok reklama	40	0	99	4	1	https://www.marketingppc.cz/socialni-site/tiktok-reklama/	branded+informational+commercial	cs
marketingppc.cz	návštěvnosti	100	2	23			https://www.marketingppc.cz/ppc/jak-zjistit-navstevnost-webu/	informational+commercial	cs
marketingppc.cz	newsletteru	80	0	62			https://www.marketingppc.cz/marketing/jak-napsat-newsletter/	informational	cs
marketingppc.cz	lookalike	70	0				https://www.marketingppc.cz/ppc/lookalike-publikum/	informational+commercial	cs
marketingppc.cz	jak pr	70	0				https://www.marketingppc.cz/marketing/pr-a-marketing/	informational	cs
marketingppc.cz	b2b prodej	200	0	31			https://www.marketingppc.cz/marketing/prehled-obchodnich-modelu/	informational+commercial	cs
marketingppc.cz	b2c význam	200	0				https://www.marketingppc.cz/marketing/prehled-obchodnich-modelu/	informational	cs
marketingppc.cz	kpi co to je	200	0	1	4	8	https://www.marketingppc.cz/ppc/kpi/	informational	cs
marketingppc.cz	atribuce	100	0				https://www.marketingppc.cz/ppc/atribuce-atribucni-modely/	informational	cs
marketingppc.cz	4p marketing	90	2	49	4	4	https://www.marketingppc.cz/marketing/4p-marketingu-marketingovy-mix/	informational	cs
marketingppc.cz	fb business manager	60	0	97			https://www.marketingppc.cz/socialni-site/facebook-business-manager/	branded+navigational+informational	cs
marketingppc.cz	branding co to je	70	0		3	5	https://www.marketingppc.cz/ppc/branding/	informational	cs
marketingppc.cz	plánovač klíčových slov google	100	0	50	3	2	https://www.marketingppc.cz/google-ads/planovac-klicovych-slov-seo/	branded+informational	cs
marketingppc.cz	co je kpi	400	0	2			https://www.marketingppc.cz/ppc/kpi/	informational	cs
marketingppc.cz	poas	150	0	20			https://www.marketingppc.cz/ppc/poas/	informational+commercial	cs
marketingppc.cz	ppc kampaň	200	2	252			https://www.marketingppc.cz/uvod-do-ppc-marketingu/	informational+commercial	cs
marketingppc.cz	be to be	80	0				https://www.marketingppc.cz/ppc/b2b-b2c/	branded+local+informational+commercial+transactional	cs
marketingppc.cz	reklama na internetu	100	1	145	3	1	https://www.marketingppc.cz/marketing/online-marketing/	informational+commercial	cs
marketingppc.cz	co je brand	100	0	18			https://www.marketingppc.cz/ppc/branding/	informational	cs
marketingppc.cz	b2c marketing	150	5	18	3	8	https://www.marketingppc.cz/marketing/prehled-obchodnich-modelu/	informational	cs
marketingppc.cz	druhy sociálních sítí	100	3				https://www.marketingppc.cz/socialni-site/socialni-site-marketing/	informational	cs
marketingppc.cz	google moje firma	800	0	29	3	2	https://www.marketingppc.cz/ppc/firemni-profil-google/	branded+navigational+informational	cs
marketingppc.cz	facebook busines	20	67	38			https://www.marketingppc.cz/socialni-site/facebook-business-manager/	branded+navigational+informational+commercial	cs
marketingppc.cz	kpis	150	67	11	3	1	https://www.marketingppc.cz/ppc/kpi/	informational	cs
marketingppc.cz	srovnávače zboží	50	2	12	3	7	https://www.marketingppc.cz/marketing/srovnavace-zbozi-pro-eshopy/	informational+commercial	cs
marketingppc.cz	ctr marketing	80	0	11			https://www.marketingppc.cz/ppc/ctr/	informational	cs
marketingppc.cz	konverzni pomer	30	0	2	3	1	https://www.marketingppc.cz/ppc/konverzni-pomer/	informational	cs
marketingppc.cz	search engine marketing	150	0	56			https://www.marketingppc.cz/ppc/sem/	informational+commercial	cs
marketingppc.cz	4p marketing mix	70	10		3	7	https://www.marketingppc.cz/marketing/4p-marketingu-marketingovy-mix/	informational	cs
marketingppc.cz	jak na analýzu klíčových slov	150	3	60	3	11		informational	cs
marketingppc.cz	xml feed	100	0	29			https://www.marketingppc.cz/marketing/xml-feed-v-praxi/	informational	cs
marketingppc.cz	co je branding	150	0	65	3	6	https://www.marketingppc.cz/ppc/branding/	informational	cs
marketingppc.cz	co je to b2b	150	0	4	3	8	https://www.marketingppc.cz/ppc/b2b/	informational	cs
marketingppc.cz	google ads kontakt	100	7	42	3	9		branded+local+informational	cs
marketingppc.cz	utm parametr	20	0	12			https://www.marketingppc.cz/ppc/utm-parametry/	informational	cs
marketingppc.cz	nejlepsi ai	100	1	41			https://www.marketingppc.cz/marketing/ai-neni-jen-chatgpt/	informational+commercial	cs
marketingppc.cz	facebook remarketing	30	0	60	3	6		branded+informational+commercial	cs
marketingppc.cz	co znamena b2b	150	0	3	3	10	https://www.marketingppc.cz/ppc/b2b/	informational	cs
marketingppc.cz	co je swot analýza	100	0		3	8	https://www.marketingppc.cz/ppc/swot/	informational	cs
marketingppc.cz	jak založit facebook pro firmu	100	0	6			https://www.marketingppc.cz/socialni-site/facebook-business-manager/	branded+informational	cs
marketingppc.cz	facebook busines manager	10	0	305			https://www.marketingppc.cz/socialni-site/facebook-business-manager/	branded+navigational+informational	cs
marketingppc.cz	rfm analyza	40	0	68			https://www.marketingppc.cz/marketing/vyuziti-rfm-analyzy/	informational+commercial	cs
marketingppc.cz	businnes manager	30	0	15	3	4	https://www.marketingppc.cz/socialni-site/facebook-business-manager/	branded+navigational+informational+commercial	cs
marketingppc.cz	bussines facebook	30	22	132			https://www.marketingppc.cz/socialni-site/facebook-business-manager/	branded+navigational+informational+commercial	cs
marketingppc.cz	4 p marketing	40	0		3	1	https://www.marketingppc.cz/marketing/4p-marketingu-marketingovy-mix/	informational+commercial	cs
marketingppc.cz	roi marketing	100	2	41	3	10	https://www.marketingppc.cz/ppc/co-je-to-roi/	informational	cs
marketingppc.cz	heatmapa	150	0	194			https://www.marketingppc.cz/ppc/heatmap/	informational+commercial	cs
marketingppc.cz	swot příležitosti příklady	30	0				https://www.marketingppc.cz/marketing/analyza-swot/	informational	cs
marketingppc.cz	ads editor	40	34				https://www.marketingppc.cz/ppc/google-ads-editor/	branded+informational+commercial	cs
marketingppc.cz	firemni profil google	30	0				https://www.marketingppc.cz/ppc/firemni-profil-google/	branded+informational+commercial	cs
nazakladedat.cz	utm	600	68	31			https://nazakladedat.cz/co-jsou-utm-parametry-a-jak-je-pouzivat/	informational	cs
nazakladedat.cz	google analytics 4	250	1	101	12	3	https://nazakladedat.cz/co-jsou-google-analytics-4/	branded+informational	cs
nazakladedat.cz	google tag manager co to je	200	0	50			https://nazakladedat.cz/co-je-google-tag-manager/	branded+informational	cs
nazakladedat.cz	dimenze	250	3	134	9	1		informational+commercial	cs
nazakladedat.cz	datalayer	10	8		5	1	https://nazakladedat.cz/co-je-datalayer/	informational	cs
nazakladedat.cz	ga 4	150	69	87			https://nazakladedat.cz/co-jsou-google-analytics-4/	branded+informational	cs
nazakladedat.cz	nasdilet	40	0				https://nazakladedat.cz/jak-nasdilet-pristup-do-zbozi-cz/	informational	cs
nazakladedat.cz	google consent mode	50	19	175			https://nazakladedat.cz/jak-nastavit-google-consent-mode/	branded+informational	cs
nazakladedat.cz	consent mode	40	20	106			https://nazakladedat.cz/jak-nastavit-google-consent-mode/	branded+informational	cs
nazakladedat.cz	google tag	300	59	36			https://nazakladedat.cz/co-je-google-tag-manager/	branded+informational	cs
nazakladedat.cz	data layer	30	9				https://nazakladedat.cz/co-je-datalayer/	informational	cs
nazakladedat.cz	big query	90	23	163			https://nazakladedat.cz/co-je-bigquery/	branded+informational	cs
nazakladedat.cz	co je dimenze	30	0				https://nazakladedat.cz/dimenze-a-metriky/	informational	cs
nazakladedat.cz	email.seznam.cz / referral	10	35				https://nazakladedat.cz/co-znamenaji-kanaly-navstevnosti-v-google-analytics/	branded+navigational+informational	cs
nazakladedat.cz	utm parametr	20	0	12			https://nazakladedat.cz/co-jsou-utm-parametry-a-jak-je-pouzivat/	informational	cs
nazakladedat.cz	looker studio	1400	21	56			https://nazakladedat.cz/co-je-looker-studio/	branded+navigational+informational+commercial	cs
nazakladedat.cz	atribuce	100	0				https://nazakladedat.cz/atribuce/	informational	cs
nazakladedat.cz	zbozi.cz prihlaseni	10	3	9			https://nazakladedat.cz/jak-nasdilet-pristup-do-zbozi-cz/	branded+navigational+transactional	cs
nazakladedat.cz	dimenzi	50	0				https://nazakladedat.cz/dimenze-a-metriky/	informational	cs
nazakladedat.cz	co je google analytics	20	2	28			https://nazakladedat.cz/co-jsou-google-analytics-4/	branded+informational	cs
nazakladedat.cz	rozměry bannerů google ads	30	0	60			https://nazakladedat.cz/pozadavky-na-bannery/	branded+informational+commercial	cs
nazakladedat.cz	utm parametry	150	0	13			https://nazakladedat.cz/co-jsou-utm-parametry-a-jak-je-pouzivat/	informational+commercial	cs
nazakladedat.cz	exclusion	30	0		0	9		informational+commercial	cs
nazakladedat.cz	co je to dimenze	10	0				https://nazakladedat.cz/dimenze-a-metriky/	informational	cs
nazakladedat.cz	tag management	10	30	43	0	7	https://nazakladedat.cz/co-je-google-tag-manager/	informational+commercial	cs
nazakladedat.cz	google bigquery	10	11	79	0	2	https://nazakladedat.cz/co-je-bigquery/	branded+informational+commercial	cs
nazakladedat.cz	google big query	0	4	55	0	4	https://nazakladedat.cz/co-je-bigquery/	branded+informational+commercial	cs
nazakladedat.cz	bigquery	450	2	35			https://nazakladedat.cz/co-je-bigquery/	branded+informational+commercial	cs
nazakladedat.cz	zbozi administrace	10	0		0	9	https://nazakladedat.cz/jak-nasdilet-pristup-do-zbozi-cz/	branded+navigational+informational	cs
nazakladedat.cz	nasdílet	40	0				https://nazakladedat.cz/jak-nasdilet-pristup-do-ads/	informational	cs
nazakladedat.cz	co je pno	70	0				https://nazakladedat.cz/pno-podil-nakladu-na-obratu/	informational	cs
nazakladedat.cz	výpočet pno	100	0				https://nazakladedat.cz/pno-podil-nakladu-na-obratu/	informational	cs
nazakladedat.cz	cookies lista	20	3	27			https://nazakladedat.cz/jak-zkontrolovat-cookies-listu/	informational	cs
nazakladedat.cz	pno vypocet	30	0				https://nazakladedat.cz/pno-podil-nakladu-na-obratu/	informational	cs
nazakladedat.cz	zbozi.cz administrace	0	0	2	0	7	https://nazakladedat.cz/jak-nasdilet-pristup-do-zbozi-cz/	branded+navigational+informational	cs
nazakladedat.cz	sklik bannery	50	0	93			https://nazakladedat.cz/pozadavky-na-bannery/	branded+informational+commercial	cs
nazakladedat.cz	merchant google	30	0	63	0	10		branded+informational	cs
nazakladedat.cz	přidat	300	0	192			https://nazakladedat.cz/jak-pridat-uzivatele-do-google-merchant-center/	informational	cs
nazakladedat.cz	co znamena ga	10	0				https://nazakladedat.cz/uzivatele-v-google-analytics/	informational	cs
nazakladedat.cz	ppc bannery	200	0	88			https://nazakladedat.cz/pozadavky-na-bannery/	informational+commercial	cs
nazakladedat.cz	návštěvnosti	100	2	23			https://nazakladedat.cz/co-znamenaji-kanaly-navstevnosti-v-google-analytics/	informational+commercial	cs
nazakladedat.cz	html5 bannery	50	0	46			https://nazakladedat.cz/pozadavky-na-bannery/	informational+commercial	cs
nazakladedat.cz	velikost banneru	80	0	14			https://nazakladedat.cz/pozadavky-na-bannery/	informational+commercial	cs
nazakladedat.cz	tagy co to je	150	0				https://nazakladedat.cz/co-je-google-tag-manager/	informational	cs
nazakladedat.cz	pno meaning	80	0				https://nazakladedat.cz/pno-podil-nakladu-na-obratu/	informational	cs
nazakladedat.cz	co je tag	200	0				https://nazakladedat.cz/co-je-google-tag-manager/	informational	cs
nazakladedat.cz	míra okamžitého opuštění	50	0				https://nazakladedat.cz/co-je-mira-okamziteho-opusteni/	informational	cs
nazakladedat.cz	utm tag	10	65				https://nazakladedat.cz/co-jsou-utm-parametry-a-jak-je-pouzivat/	informational	cs
nazakladedat.cz	bounce rate co to je	200	0				https://nazakladedat.cz/co-je-mira-okamziteho-opusteni/	informational	cs
nazakladedat.cz	metriky	60	0				https://nazakladedat.cz/dimenze-a-metriky/	informational	cs
nazakladedat.cz	googletagmanager	100	52	87			https://nazakladedat.cz/co-je-google-tag-manager/	branded+navigational+informational	cs
nazakladedat.cz	tag manager	450	52	59			https://nazakladedat.cz/co-je-google-tag-manager/	branded+informational+commercial	cs
nazakladedat.cz	google analitic	60	87	29			https://nazakladedat.cz/co-jsou-google-analytics-4/	branded+navigational+informational	cs
nazakladedat.cz	admin.zbozi	30	0				https://nazakladedat.cz/jak-nasdilet-pristup-do-zbozi-cz/	branded+informational+commercial	cs
nazakladedat.cz	sklik	1500	4	134	0	22		branded+navigational+informational+commercial	cs
nazakladedat.cz	ga4	900	2	67	0	24	https://nazakladedat.cz/co-jsou-google-analytics-4/	branded+informational+commercial	cs
nazakladedat.cz	gtm	900	2	52	0	30		branded+informational	cs
nazakladedat.cz	mojeip.cz	2000	0	18			https://nazakladedat.cz/filtr-na-vylouceni-navstevnosti-z-ip-adres/	branded+navigational+informational	cs
nazakladedat.cz	dynamický remarketing	200	0	21			https://nazakladedat.cz/gtm-sablona-pro-dynamicky-remarketing-google-ads/	branded+informational	cs
nazakladedat.cz	google analytics	3500	98	100			https://nazakladedat.cz/co-jsou-google-analytics-4/	branded+informational+commercial	cs
nazakladedat.cz	pixel facebook	30	0	110			https://nazakladedat.cz/jak-nastavit-facebook-pixel-s-pomoci-gtm/	branded+informational	cs
nazakladedat.cz	analytics google	80	95	38			https://nazakladedat.cz/co-jsou-google-analytics-4/	branded+navigational+informational+commercial	cs
nazakladedat.cz	metrika	80	0				https://nazakladedat.cz/dimenze-a-metriky/	branded+informational+commercial	cs
nazakladedat.cz	google adwords přihlášení	10	0	57			https://nazakladedat.cz/jak-nasdilet-pristup-do-ads/	branded+navigational+informational+transactional	cs
neogy.cz	copywriting	2200	0	48	58	8		informational	cs
neogy.cz	cpc	350	0	11	30	2		informational+commercial	cs
neogy.cz	online marketing	900	0	112	24	5		informational+commercial	cs
neogy.cz	co je to marketing	600	0	66	12	8		informational	cs
neogy.cz	co je marketing	400	0	48	11	1		informational	cs
neogy.cz	marketér	250	0	52	10	6		informational	cs
neogy.cz	online marketing agentura	100	56	114	5	10	https://www.neogy.cz/blog/vybirame-marketingovou-agenturu/	local+informational+commercial	cs
neogy.cz	marketingové kanály	90	0	39	5	6		informational+commercial	cs
neogy.cz	marketing co to je	150	0	24	4	6		informational	cs
neogy.cz	imprese	600	0	18	4	8	https://www.neogy.cz/slovnik-marketingovych-pojmu/imprese/	informational	cs
neogy.cz	kliknutím	200	0	818	3	9		informational	cs
neogy.cz	marketer	200	0	96	3	7		informational	cs
neogy.cz	ppc zkratka	60	0	44	3	4		informational	cs
neogy.cz	marketing význam	60	0		2	7		informational	cs
neogy.cz	marketing online	150	0	90	2	10		informational+commercial	cs
neogy.cz	cpc marketing	100	0	19			https://www.neogy.cz/slovnik-marketingovych-pojmu/cpc/	informational	cs
neogy.cz	marketing definice	200	0	28	1	8		informational	cs
neogy.cz	маркетинг	70	1	25	1	8		informational	cs
neogy.cz	cilova skupina	30	0	4	1	8		informational	cs
neogy.cz	definice marketingu	200	0	43	1	10		informational	cs
neogy.cz	atribuční model	30	0		1	8		informational	cs
neogy.cz	twitter ads	20	2	85	1	2		branded+informational+commercial	cs
neogy.cz	co je imprese	70	0		1	8		informational	cs
neogy.cz	cpm zkratka	20	0		1	7		informational	cs
neogy.cz	demarketing	10	0	24	1	3		informational	cs
neogy.cz	datastudio	50	16	78	1	2		branded+navigational+informational	cs
neogy.cz	sem marketing	200	0	5			https://www.neogy.cz/slovnik-marketingovych-pojmu/sem/	informational	cs
neogy.cz	cro marketing	10	3				https://www.neogy.cz/slovnik-marketingovych-pojmu/cro/	informational	cs
neogy.cz	co je to ppc	20	0	36	0	11		informational	cs
neogy.cz	co je cpc	60	0		0	10	https://www.neogy.cz/slovnik-marketingovych-pojmu/cpc/	informational	cs
neogy.cz	marketing and media	10	0		0	4		branded+informational	cs
neogy.cz	instagram reklamy	100	0				https://www.neogy.cz/slovnik-marketingovych-pojmu/instagram-ads/	branded+informational+commercial	cs
neogy.cz	roi zkratka	10	0		0	9		informational	cs
neogy.cz	co je roi	700	0	7	0	28	https://www.neogy.cz/slovnik-marketingovych-pojmu/roi/	informational	cs
neogy.cz	marketing & media	10	0		0	6		branded+navigational+informational+commercial	cs
neogy.cz	impresse	10	0	127	0	8	https://www.neogy.cz/slovnik-marketingovych-pojmu/imprese/	informational	cs
neogy.cz	marketing	3700	0	94	0	8		informational	cs
neogy.cz	linkbuildingu	200	1		0	31		informational	cs
neogy.cz	co je to ltv	90	0				https://www.neogy.cz/slovnik-marketingovych-pojmu/ltv/	informational	cs
neogy.cz	webová analytika	80	0	112	0	8	https://www.neogy.cz/slovnik-marketingovych-pojmu/webova-analytika/	informational+commercial	cs
neogy.cz	jak zvýšit návštěvnost webu	150	0	107	0	11		informational	cs
neogy.cz	facebook reklamy	200	0	145			https://www.neogy.cz/slovnik-marketingovych-pojmu/facebook-ads/	branded+informational+commercial	cs
neogy.cz	co je to konverze	60	5				https://www.neogy.cz/slovnik-marketingovych-pojmu/hodnota-konverze/	informational	cs
neogy.cz	cta	700	28	29	0	20		branded+informational	cs
neogy.cz	seo sem	20	0	91			https://www.neogy.cz/slovnik-marketingovych-pojmu/sem/	informational	cs
neogy.cz	co je xml	100	0				https://www.neogy.cz/slovnik-marketingovych-pojmu/xml/	informational	cs
neogy.cz	ctr marketing	80	0	11			https://www.neogy.cz/slovnik-marketingovych-pojmu/ctr/	informational	cs
neogy.cz	ga 4	150	69	87			https://www.neogy.cz/slovnik-marketingovych-pojmu/google-analytics/	branded+informational	cs
neogy.cz	tagmanager	40	0	62	0	4		branded+informational+commercial	cs
neogy.cz	co je https	50	0				https://www.neogy.cz/slovnik-marketingovych-pojmu/https/	informational	cs
neogy.cz	life time value	0	42	152			https://www.neogy.cz/slovnik-marketingovych-pojmu/ltv/	informational	cs
neogy.cz	ab testování	500	0	29			https://www.neogy.cz/slovnik-marketingovych-pojmu/a-b-testovani/	informational	cs
neogy.cz	marketingový průzkum	40	0	27			https://www.neogy.cz/sluzby/marketingovy-vyzkum/	informational	cs
neogy.cz	click through rate	40	66	10			https://www.neogy.cz/slovnik-marketingovych-pojmu/ctr/	informational	cs
neogy.cz	co je cpm	60	0				https://www.neogy.cz/slovnik-marketingovych-pojmu/cpv/	informational	cs
neogy.cz	google reklama	200	1	198			https://www.neogy.cz/slovnik-marketingovych-pojmu/google-ads/	branded+informational+commercial	cs
neogy.cz	https //	8500	12	11			https://www.neogy.cz/slovnik-marketingovych-pojmu/https/	informational	cs
neogy.cz	co je to http	150	0				https://www.neogy.cz/slovnik-marketingovych-pojmu/https/	informational	cs
neogy.cz	konverzní poměr výpočet	250	0				https://www.neogy.cz/slovnik-marketingovych-pojmu/konverzni-pomer/	informational	cs
neogy.cz	facebook marketing	40	1	106			https://www.neogy.cz/slovnik-marketingovych-pojmu/facebook-ads/	branded+informational+commercial	cs
neogy.cz	konverzní	600	0				https://www.neogy.cz/slovnik-marketingovych-pojmu/konverzni-pomer/	informational	cs
neogy.cz	cpv	200	0				https://www.neogy.cz/slovnik-marketingovych-pojmu/cpv/	branded+informational	cs
neogy.cz	http https://	1000	0				https://www.neogy.cz/slovnik-marketingovych-pojmu/https/	informational	cs
neogy.cz	roi vzorec	50	1	8			https://www.neogy.cz/slovnik-marketingovych-pojmu/roi/	informational	cs
neogy.cz	see think do care	150	0	23			https://www.neogy.cz/slovnik-marketingovych-pojmu/stdc/	informational	cs
neogy.cz	online agentura	40	40	192			https://www.neogy.cz/blog/vybirame-marketingovou-agenturu/	local+informational+commercial	cs
neogy.cz	reklama na facebooku	200	0	168			https://www.neogy.cz/slovnik-marketingovych-pojmu/facebook-ads/	branded+informational+commercial	cs
neogy.cz	api zkratka	150	1				https://www.neogy.cz/slovnik-marketingovych-pojmu/api/	informational	cs
neogy.cz	co je to instagram	100	0	6			https://www.neogy.cz/slovnik-marketingovych-pojmu/instagram-ads/	branded+informational	cs
neogy.cz	graficky design	200	0	49			https://www.neogy.cz/sluzby/graficky-design/	informational	cs
neogy.cz	facebook reklama	150	0	189			https://www.neogy.cz/slovnik-marketingovych-pojmu/facebook-ads/	branded+informational+commercial	cs
neogy.cz	swot meaning	150	62				https://www.neogy.cz/slovnik-marketingovych-pojmu/swot/	informational	cs
neogy.cz	roi	1000	0	18	0	25		informational	cs
neogy.cz	facebook ads	800	1	111	0	11		branded+informational+commercial	cs
neogy.cz	adwords google	20	27	32			https://www.neogy.cz/slovnik-marketingovych-pojmu/google-ads/	branded+informational+commercial	cs
neogy.cz	ga4	900	2	67	0	22	https://www.neogy.cz/slovnik-marketingovych-pojmu/google-analytics/	branded+informational+commercial	cs
neogy.cz	ads	700	61	101			https://www.neogy.cz/slovnik-marketingovych-pojmu/google-ads/	branded+informational+commercial	cs
neogy.cz	grafický design	900	0	54			https://www.neogy.cz/sluzby/graficky-design/	local+informational+commercial	cs
neogy.cz	gtm	900	2	52	0	29		branded+informational	cs
neogy.cz	a/b testování	60	0				https://www.neogy.cz/slovnik-marketingovych-pojmu/a-b-testovani/	informational+commercial	cs
neogy.cz	google analitic	60	87	29			https://www.neogy.cz/slovnik-marketingovych-pojmu/google-analytics/	branded+navigational+informational	cs
neogy.cz	ads google	150	28	75			https://www.neogy.cz/slovnik-marketingovych-pojmu/google-ads/	branded+informational+commercial	cs
neogy.cz	https//	50	11				https://www.neogy.cz/slovnik-marketingovych-pojmu/https/	informational	cs
neogy.cz	ctr	900	2	12			https://www.neogy.cz/slovnik-marketingovych-pojmu/ctr/	informational+commercial	cs
neogy.cz	google ads	7700	85	83			https://www.neogy.cz/slovnik-marketingovych-pojmu/google-ads/	branded+informational+commercial	cs
neogy.cz	adwords	450	64	86			https://www.neogy.cz/slovnik-marketingovych-pojmu/google-ads/	branded+informational+commercial	cs
neogy.cz	google analytics	3500	98	100			https://www.neogy.cz/slovnik-marketingovych-pojmu/google-analytics/	branded+informational+commercial	cs
neogy.cz	google search console	9600	77	100			https://www.neogy.cz/slovnik-marketingovych-pojmu/google-search-console/	branded+navigational+informational	cs
neogy.cz	analytics google	80	95	38			https://www.neogy.cz/slovnik-marketingovych-pojmu/google-analytics/	branded+navigational+informational+commercial	cs
neogy.cz	search console	4500	91	84			https://www.neogy.cz/slovnik-marketingovych-pojmu/google-search-console/	branded+informational	cs
neogy.cz	rozvoj webu	0	0		0	3		informational+commercial	cs
optimalizovany-web.cz	optimalizace webu	200	0	309	11	3		informational+commercial	cs
optimalizovany-web.cz	shoptet partneři	150	0	144	8	6	https://www.optimalizovany-web.cz/shoptet-partner/	branded+informational+commercial	cs
optimalizovany-web.cz	míra okamžitého opuštění	50	0		8	2	https://www.optimalizovany-web.cz/mira-okamziteho-opusteni-jak-ji-vyhodnocovat/	informational	cs
optimalizovany-web.cz	seo optimalizace stránek	200	3				https://www.optimalizovany-web.cz/vykonnostni-optimalizace-webovych-stranek-pro-uzivatele/	informational+commercial	cs
optimalizovany-web.cz	shoptet partneri	100	0	95	4	7	https://www.optimalizovany-web.cz/shoptet-partner/	branded+informational+commercial	cs
optimalizovany-web.cz	ga 4	100	2	87	4	7		branded+informational	cs
optimalizovany-web.cz	optimalizace webových stránek	200	0	177	3	8		informational+commercial	cs
optimalizovany-web.cz	bounce rate co to je	200	0				https://www.optimalizovany-web.cz/mira-okamziteho-opusteni-jak-ji-vyhodnocovat/	informational	cs
optimalizovany-web.cz	správa ppc kampaní	2200	5	67			https://www.optimalizovany-web.cz/sprava-ppc-kampani/	local+informational+commercial	cs
optimalizovany-web.cz	správa ppc	900	4	424			https://www.optimalizovany-web.cz/sprava-ppc-kampani/	informational+commercial	cs
optimalizovany-web.cz	google universal analytics	30	96	56			https://www.optimalizovany-web.cz/jak-zalozit-puvodni-google-universal-analytics/	branded+informational+commercial	cs
optimalizovany-web.cz	s čím začít podnikat	100	0	14			https://www.optimalizovany-web.cz/skoleni-jak-zacit-podnikat-prakticky/	informational+commercial	cs
optimalizovany-web.cz	sprava ppc kampani	0	2				https://www.optimalizovany-web.cz/sprava-ppc-kampani/	local+informational+commercial+transactional	cs
optimalizovany-web.cz	jak poznat toho pravého	30	0				https://www.optimalizovany-web.cz/seo-konzultant-jak-poznat-toho-praveho/	informational	cs
optimalizovany-web.cz	ga4	900	2	67	0	10	https://www.optimalizovany-web.cz/prozatim-neupgradujte-na-google-analytics-4/	branded+informational+commercial	cs
optimalizovany-web.cz	technické cookies	10	0	40			https://www.optimalizovany-web.cz/zasady-souboru-cookies/	informational	cs
optimalizovany-web.cz	google kategorie	20	0				https://www.optimalizovany-web.cz/prehled-kategorii-zarizeni-v-google-analytics/	branded+informational	cs
optimalizovany-web.cz	podnikání na internetu	40	0	101			https://www.optimalizovany-web.cz/poradenstvi-a-strategie-pro-podnikani-na-internetu/	informational+commercial	cs
optimalizovany-web.cz	fastcentrik	150	0	109			https://www.optimalizovany-web.cz/fastcentrik-partner/	branded+navigational+informational+commercial+transactional	cs
optimalizovany-web.cz	+420 605 876 817	0	0				https://www.optimalizovany-web.cz/reference/	informational	cs
optimalizovany-web.cz	+420 476 443 530	0	0				https://www.optimalizovany-web.cz/reference/	informational	cs
pavelszabo.cz	fakturoid	34000	0	2	3881	2		branded+navigational+informational+commercial+transactional	cs
pavelszabo.cz	claude ai	26000	82	27	550	4		branded+navigational+informational	cs
pavelszabo.cz	ai claude	2100	3	29	179	1		branded+informational	cs
pavelszabo.cz	grok ai	2800	73	12	123	7		branded+informational+commercial	cs
pavelszabo.cz	návštěvnost webů	250	0	59			https://www.pavelszabo.cz/clanek-jak-zjistit-navstevnost-webu/	informational+commercial	cs
pavelszabo.cz	platební brány	150	0	232	31	3		informational+commercial	cs
pavelszabo.cz	dpd sledovani zasilky	200	1	3	28	4		branded+navigational+informational	cs
pavelszabo.cz	dropshipping co to je	200	0	37	21	1		informational+commercial	cs
pavelszabo.cz	rychlost webu	250	0	61	19	2		informational	cs
pavelszabo.cz	ai agent	1000	80	67	18	1		informational	cs
pavelszabo.cz	jak zjistit návštěvnost webu	70	0	58	17	1	https://www.pavelszabo.cz/clanek-jak-zjistit-navstevnost-webu/	informational	cs
pavelszabo.cz	moodboard co to je	80	0		16	1		informational	cs
pavelszabo.cz	dropshipping	3800	0	100	16	8		informational+commercial	cs
pavelszabo.cz	zettelkasten	200	2	6	14	1		informational	cs
pavelszabo.cz	stripe platební brána	150	0	182	13	4		branded+informational+commercial	cs
pavelszabo.cz	tvorba web stránek	800	50	194	12	6		local+informational+commercial	cs
pavelszabo.cz	ecomail api	150	5	118			https://www.pavelszabo.cz/co-je-api-ecomail/	branded+informational	cs
pavelszabo.cz	implementace	300	0	33	12	1	https://www.pavelszabo.cz/co-je-implementace/	informational	cs
pavelszabo.cz	dropshipping cz	70	0	53	12	2	https://www.pavelszabo.cz/clanek-co-je-dropshipping-a-jak-na-nej/	informational+commercial	cs
pavelszabo.cz	fakturoid api	200	1	54	11	7		branded+informational	cs
pavelszabo.cz	positioning značky	100	0		11	3		informational+commercial	cs
pavelszabo.cz	hodinová sazba programátora	70	0	5			https://www.pavelszabo.cz/cena/	informational	cs
pavelszabo.cz	seo ai	150	0	59	10	1		informational+commercial	cs
pavelszabo.cz	implementovat význam	150	0				https://www.pavelszabo.cz/co-je-implementace/	informational	cs
pavelszabo.cz	claude design	350	61	32	10	9		branded+informational+commercial	cs
pavelszabo.cz	doména druhého řádu	70	36	11	9	1	https://www.pavelszabo.cz/co-je-domena-2-radu/	informational	cs
pavelszabo.cz	jak založit eshop na facebooku	150	0		8	6		branded+informational	cs
pavelszabo.cz	co je gpt	100	0		7	5		branded+informational	cs
pavelszabo.cz	indexace webu	250	0	11			https://www.pavelszabo.cz/co-je-indexace-webu/	informational	cs
pavelszabo.cz	jak funguje seo	200	2	68	6	7		informational	cs
pavelszabo.cz	fullstack developer	90	22	19			https://www.pavelszabo.cz/co-je-full-stack-developer/	informational	cs
pavelszabo.cz	fakturoid vs idoklad	50	0	32			https://www.pavelszabo.cz/clanek-fakturoid-a-automatizace-fakturace-jak-usetrit-cas-diky-api/	branded+informational+commercial	cs
pavelszabo.cz	dropshipping eshop	30	0	278	5	3	https://www.pavelszabo.cz/clanek-co-je-dropshipping-a-jak-na-nej/	informational+commercial	cs
pavelszabo.cz	platební brána stripe	50	26	140	5	3	https://www.pavelszabo.cz/co-je-api-stripe/	branded+informational+commercial	cs
pavelszabo.cz	stripe	4500	42	123	5	4		branded+navigational+informational+commercial	cs
pavelszabo.cz	funnel	800	0	46	5	9	https://www.pavelszabo.cz/co-je-funnel/	branded+informational+commercial	cs
pavelszabo.cz	mailchimp návod	40	0		5	5		branded+informational	cs
pavelszabo.cz	doména 2. řádu	90	0				https://www.pavelszabo.cz/co-je-domena-2-radu/	informational	cs
pavelszabo.cz	co je to dropshipping	40	0	36	5	1		informational+commercial	cs
pavelszabo.cz	dropshiping	90	0	97	4	6		informational+commercial	cs
pavelszabo.cz	co je dropshipping	200	0	18			https://www.pavelszabo.cz/clanek-vyhody-vs-realita-dropshippingu-pro-koho-se-opravdu-hodi/	informational	cs
pavelszabo.cz	idoklad vs fakturoid	30	0				https://www.pavelszabo.cz/clanek-fakturoid-a-automatizace-fakturace-jak-usetrit-cas-diky-api/	branded+informational+commercial	cs
pavelszabo.cz	html co to je	200	2				https://www.pavelszabo.cz/co-je-html/	informational	cs
pavelszabo.cz	full stack	100	0	40	4	6	https://www.pavelszabo.cz/co-je-full-stack-developer/	informational	cs
pavelszabo.cz	návštěvnost webu	80	1	81	4	2	https://www.pavelszabo.cz/clanek-jak-zjistit-navstevnost-webu/	informational+commercial	cs
pavelszabo.cz	jak začít dropshipping	30	0		4	1		informational+commercial	cs
pavelszabo.cz	dropshipping jak začít	60	0	40	4	5	https://www.pavelszabo.cz/clanek-co-je-dropshipping-a-jak-na-nej/	informational+commercial	cs
pavelszabo.cz	gls api	40	1		3	4		branded+informational	cs
pavelszabo.cz	návštěvnost stránek	30	0	59	3	2	https://www.pavelszabo.cz/clanek-jak-zjistit-navstevnost-webu/	informational+commercial	cs
pavelszabo.cz	raga	40	0		3	1		informational	cs
pavelszabo.cz	co je hosting	100	0	20	3	4	https://www.pavelszabo.cz/co-je-hosting/	informational	cs
pavelszabo.cz	cms system	100	35	56	3	6		informational	cs
pavelszabo.cz	navstevnost webu	100	1	73	3	2	https://www.pavelszabo.cz/clanek-jak-zjistit-navstevnost-webu/	informational+commercial	cs
pavelszabo.cz	co je to html	250	2				https://www.pavelszabo.cz/co-je-html/	informational	cs
pavelszabo.cz	full-stack	20	12	3			https://www.pavelszabo.cz/co-je-full-stack-developer/	informational+commercial	cs
pavelszabo.cz	fullstack	50	28	3	3	1	https://www.pavelszabo.cz/co-je-full-stack-developer/	informational+commercial	cs
pavelszabo.cz	jak funguje dropshipping	70	0	60	3	7	https://www.pavelszabo.cz/clanek-vyhody-vs-realita-dropshippingu-pro-koho-se-opravdu-hodi/	informational+commercial	cs
pavelszabo.cz	google meet zdarma	100	0	6	3	9		branded+informational	cs
pavelszabo.cz	faktuorid	20	0	5	3	2		branded+navigational+informational+commercial+transactional	cs
pavelszabo.cz	cms systém	60	5	78	3	6		informational	cs
pavelszabo.cz	url zkratka	200	1				https://www.pavelszabo.cz/co-je-url/	informational	cs
pavelszabo.cz	google meet jak funguje	40	0		2	1		branded+informational	cs
pavelszabo.cz	doména 3 řádu	100	34	17	2	9	https://www.pavelszabo.cz/co-je-domena-3-radu/	informational	cs
pavelszabo.cz	jak začít s dropshippingem	30	0	49	2	1		informational+commercial	cs
pavelszabo.cz	full stack developer	200	0	44	2	10	https://www.pavelszabo.cz/co-je-full-stack-developer/	informational	cs
pavelszabo.cz	fine tuning	60	53		2	5		informational	cs
pavelszabo.cz	token co to je	40	3		2	5		informational	cs
pavelszabo.cz	co je figma	60	0		2	7	https://www.pavelszabo.cz/co-je-figma/	branded+informational	cs
pavelszabo.cz	iterace význam	100	0		2	8	https://www.pavelszabo.cz/co-je-iterace/	informational	cs
pavelszabo.cz	jak zviditelnit eshop	10	0	38	2	3	https://www.pavelszabo.cz/clanek-6-klicovych-strategii-jak-zviditelnit-eshop/	informational+commercial	cs
pavelszabo.cz	doména 3. řádu	60	34	25	2	8	https://www.pavelszabo.cz/co-je-domena-3-radu/	informational	cs
pavelszabo.cz	co to je dropshipping	20	0	36	2	1		informational	cs
pavelszabo.cz	co je to framework	30	0				https://www.pavelszabo.cz/co-je-nette/	informational	cs
pavelszabo.cz	webproxy	30	81		2	9		informational+commercial	cs
pavelszabo.cz	co je iterace	70	0		2	8	https://www.pavelszabo.cz/co-je-iterace/	informational	cs
pavelszabo.cz	hotjar co to je	20	0	1686	2	4		branded+informational	cs
pavelszabo.cz	co je framework	50	0				https://www.pavelszabo.cz/co-je-nette/	informational	cs
pavelszabo.cz	co je to hosting	100	0	20			https://www.pavelszabo.cz/co-je-hosting/	informational	cs
pavelszabo.cz	překladač webových stránek	30	7	27	2	5		informational	cs
pavelszabo.cz	vendor lock	150	7		2	9		informational	cs
pavelszabo.cz	překlad stránek	150	4	17	2	7		informational	cs
pavelszabo.cz	jak funguje token	30	2		2	6		informational	cs
pavelszabo.cz	co je implementace	30	0				https://www.pavelszabo.cz/co-je-implementace/	informational	cs
pavelszabo.cz	orchestrace	70	0		2	9		informational	cs
pavelszabo.cz	formát webp	30	7		1	6	https://www.pavelszabo.cz/co-je-webp/	branded+informational	cs
pavelszabo.cz	doména význam	150	31	19	1	4	https://www.pavelszabo.cz/clanek-domena-co-to-je-a-jak-ji-spravne-vybrat/	informational	cs
pavelszabo.cz	dropshipping dodavatele cz	30	0	49	1	1		informational+commercial	cs
pavelszabo.cz	open ia	30	0	16	1	6		branded+informational	cs
pavelszabo.cz	user interface	150	0	61	1	10		informational	cs
pavelszabo.cz	full-stack developer	20	0				https://www.pavelszabo.cz/co-je-full-stack-developer/	informational+commercial	cs
pavelszabo.cz	mockup co to je	40	0		1	9		informational	cs
pavelszabo.cz	co je platební brána	40	0	24	1	8		informational+commercial	cs
pavelszabo.cz	subdomena	150	0	11			https://www.pavelszabo.cz/co-je-subdomena/	informational	cs
pavelszabo.cz	comgate bezpečnost	0	0		1	1	https://www.pavelszabo.cz/co-je-comgate/	branded+informational+commercial	cs
pavelszabo.cz	jak funguje google meet	10	0		1	1	https://www.pavelszabo.cz/co-je-google-meet/	branded+informational	cs
pavelszabo.cz	co je php	90	0	4			https://www.pavelszabo.cz/co-je-co-je-php-a-jaky-je-jeho-vyznam-vytvareni-dynamickych-webovych-stranek/	branded+informational	cs
pavelszabo.cz	jak na dropshipping	50	0		1	10	https://www.pavelszabo.cz/clanek-co-je-dropshipping-a-jak-na-nej/	informational+commercial	cs
pavelszabo.cz	překlad webových stránek	50	11	55	1	7		informational	cs
pavelszabo.cz	fork	400	0	5	1	7		informational+commercial	cs
pavelszabo.cz	optimalizace webu	300	2	309			https://www.pavelszabo.cz/clanek-co-je-aeo-novy-trend-optimalizace-webu-pro-ai-a-hlasove-asistenty/	informational+commercial	cs
pavelszabo.cz	doména co to je	100	14	13	1	11	https://www.pavelszabo.cz/clanek-domena-co-to-je-a-jak-ji-spravne-vybrat/	informational	cs
pavelszabo.cz	meet aplikace	40	0				https://www.pavelszabo.cz/co-je-google-meet/	branded+informational+commercial	cs
pavelszabo.cz	povinnosti identifikované osoby	30	0				https://www.pavelszabo.cz/clanek-co-je-identifikovana-osoba-a-jake-jsou-jeji-povinnosti/	informational	cs
pavelszabo.cz	dpd balík sledování	40	6	10			https://www.pavelszabo.cz/co-je-dpd/	branded+navigational+informational	cs
pavelszabo.cz	hudebni stupnice	40	0				https://music.pavelszabo.cz/clanek-exoticke-hudebni-stupnice-a-mody/	informational	cs
pavelszabo.cz	webp format	50	38				https://www.pavelszabo.cz/co-je-webp/	branded+informational	cs
pavelszabo.cz	co je wordpress	60	0	17	1	11		branded+informational	cs
pavelszabo.cz	roas	500	0	8	1	19		informational	cs
pavelszabo.cz	co je to meet	10	0		1	1	https://www.pavelszabo.cz/co-je-google-meet/	branded+informational	cs
pavelszabo.cz	html zkratka	50	2				https://www.pavelszabo.cz/co-je-html/	informational	cs
pavelszabo.cz	chatgpt openai	250	97	2	1	19		branded+navigational+informational	cs
pavelszabo.cz	google trend	90	38	96	1	2		branded+navigational+informational	cs
pavelszabo.cz	dropshipping v česku	20	0	49	1	8	https://www.pavelszabo.cz/clanek-vyhody-vs-realita-dropshippingu-pro-koho-se-opravdu-hodi/	informational+commercial	cs
pavelszabo.cz	překlad webu	20	8	40	1	8		informational	cs
pavelszabo.cz	co je cache	70	0		1	10		informational	cs
pavelszabo.cz	api co to je	10	0		1	4	https://www.pavelszabo.cz/co-je-api/	informational	cs
pavelszabo.cz	vyplatí se dropshipping	20	0	30	1	9	https://www.pavelszabo.cz/clanek-vyhody-vs-realita-dropshippingu-pro-koho-se-opravdu-hodi/	informational+commercial	cs
pavelszabo.cz	framework co to je	30	0				https://www.pavelszabo.cz/co-je-nette/	informational	cs
pavelszabo.cz	aplikace meet	80	1	7			https://www.pavelszabo.cz/co-je-google-meet/	branded+informational	cs
pavelszabo.cz	chat gpt online zdarma	30	0	11	1	9		branded+informational	cs
pavelszabo.cz	redakcni system	90	8	85			https://www.pavelszabo.cz/co-je-redakcni-system/	informational+commercial	cs
pavelszabo.cz	co je crm	350	1	32			https://www.pavelszabo.cz/co-je-crm-system/	informational	cs
pavelszabo.cz	rebranding	450	0	68	1	7		informational	cs
pavelszabo.cz	co je dpd	40	17		0	10		branded+informational	cs
pavelszabo.cz	co je to api	200	0				https://www.pavelszabo.cz/clanek-co-je-to-api-a-jak-vam-zjednodusi-procesy/	informational	cs
pavelszabo.cz	identifikovaná osoba povinnosti	30	0	2			https://www.pavelszabo.cz/clanek-co-je-identifikovana-osoba-a-jake-jsou-jeji-povinnosti/	informational	cs
pavelszabo.cz	dropshoping	30	1		0	9		informational+commercial	cs
pavelszabo.cz	dpd trasování	40	12	8			https://www.pavelszabo.cz/co-je-dpd/	branded+informational	cs
pavelszabo.cz	hosting co to je	50	0	7	0	11	https://www.pavelszabo.cz/co-je-hosting/	informational	cs
pavelszabo.cz	claude.ai	150	86	15	0	3		branded+navigational+informational+transactional	cs
pavelszabo.cz	pagespeed google	30	64	41	0	4		branded+navigational+informational	cs
pavelszabo.cz	jak nastavit automatický překlad stránek	10	0	157	0	4		informational	cs
pavelszabo.cz	co to je url	200	1				https://www.pavelszabo.cz/co-je-url/	informational	cs
pavelszabo.cz	net developer	20	0	38			https://www.pavelszabo.cz/co-je-full-stack-developer/	branded+informational	cs
pavelszabo.cz	dropshopping	10	18		0	8		informational+commercial	cs
pavelszabo.cz	cta	700	28	29	0	12		branded+informational	cs
pavelszabo.cz	comgate co to je	100	3	16			https://www.pavelszabo.cz/co-je-comgate/	branded+informational+commercial	cs
pavelszabo.cz	cena webu	80	0	134			https://www.pavelszabo.cz/clanek-kolik-stoji-tvorba-webovych-stranek/	informational+commercial	cs
pavelszabo.cz	překladač stránek	10	23	16	0	8		informational	cs
pavelszabo.cz	co znamena url	250	2				https://www.pavelszabo.cz/co-je-url/	informational	cs
pavelszabo.cz	zkratka url	70	1				https://www.pavelszabo.cz/co-je-url/	informational+commercial	cs
pavelszabo.cz	webová adresa	40	1	117			https://www.pavelszabo.cz/co-je-url/	informational	cs
pavelszabo.cz	developer co to je	100	0				https://www.pavelszabo.cz/co-je-full-stack-developer/	informational	cs
pavelszabo.cz	co je to php	40	0				https://www.pavelszabo.cz/co-je-co-je-php-a-jaky-je-jeho-vyznam-vytvareni-dynamickych-webovych-stranek/	branded+informational	cs
pavelszabo.cz	co to je doména	80	0				https://www.pavelszabo.cz/clanek-domena-co-to-je-a-jak-ji-spravne-vybrat/	informational	cs
pavelszabo.cz	drop shiping	10	0		0	8		informational+commercial	cs
pavelszabo.cz	co je chatgpt	800	40	5	0	29		branded+informational	cs
pavelszabo.cz	prompt překlad	80	0		0	11		informational	cs
pavelszabo.cz	iterace	450	0				https://www.pavelszabo.cz/co-je-iterace/	informational	cs
pavelszabo.cz	comgate platební brána	100	36	192			https://www.pavelszabo.cz/co-je-comgate/	branded+informational+commercial+transactional	cs
pavelszabo.cz	dpd api	10	0				https://www.pavelszabo.cz/co-je-dpd/	branded+informational	cs
pavelszabo.cz	domena co to je	20	0	13			https://www.pavelszabo.cz/clanek-domena-co-to-je-a-jak-ji-spravne-vybrat/	informational	cs
pavelszabo.cz	zapier	1200	0	54	0	4		branded+navigational+informational+commercial+transactional	cs
pavelszabo.cz	co je to gdpr	30	11	18			https://www.pavelszabo.cz/co-je-gdpr/	branded+informational	cs
pavelszabo.cz	php zkratka	10	0		0	9		branded+informational	cs
pavelszabo.cz	co je to url	300	1				https://www.pavelszabo.cz/co-je-url/	informational	cs
pavelszabo.cz	ůi	150	0	9	0	9		informational	cs
pavelszabo.cz	adsense	800	4	63	0	4		branded+navigational+informational+commercial+transactional	cs
pavelszabo.cz	favicon co to je	40	1				https://www.pavelszabo.cz/co-je-favicon/	informational	cs
pavelszabo.cz	eshop na míru	350	0	297			https://www.pavelszabo.cz/eshop-na-miru/	informational+commercial	cs
pavelszabo.cz	full stack developer co to je	0	0	4	0	5	https://www.pavelszabo.cz/co-je-full-stack-developer/	informational	cs
pavelszabo.cz	promptní význam	0	0		0	8		informational	cs
pavelszabo.cz	meta popisek	250	0	55			https://www.pavelszabo.cz/co-je-meta-description/	informational	cs
pavelszabo.cz	indexace seznam	90	4		0	27		branded+informational	cs
pavelszabo.cz	doména prvního řádu	60	1	14			https://www.pavelszabo.cz/clanek-domena-co-to-je-a-jak-ji-spravne-vybrat/	informational	cs
pavelszabo.cz	překlad stránky	80	9	17	0	6		informational	cs
pavelszabo.cz	szabo	80	1	9	0	4	https://music.pavelszabo.cz/	local+informational+commercial	cs
pavelszabo.cz	bounce rate co to je	200	0				https://www.pavelszabo.cz/co-je-bounce-rate/	informational	cs
pavelszabo.cz	jak vytvořit e-shop	150	6	175			https://www.pavelszabo.cz/clanek-jak-zalozit-a-vytvorit-eshop/	informational+commercial	cs
pavelszabo.cz	podpora google ads	0	0	36	0	8		branded+informational	cs
pavelszabo.cz	stupnice	1200	0	6	0	8	https://music.pavelszabo.cz/clanek-exoticke-hudebni-stupnice-a-mody/	informational	cs
pavelszabo.cz	jazyk html	20	8				https://www.pavelszabo.cz/co-je-html/	informational	cs
pavelszabo.cz	jak si vytvořit eshop	30	6	242			https://www.pavelszabo.cz/clanek-jak-zalozit-a-vytvorit-eshop/	informational+commercial	cs
pavelszabo.cz	google adsence	60	10	42	0	5		branded+navigational+informational+transactional	cs
pavelszabo.cz	api	4600	56	20			https://www.pavelszabo.cz/clanek-co-je-to-api-a-jak-vam-zjednodusi-procesy/	informational	cs
pavelszabo.cz	eco mail	150	2	83			https://www.pavelszabo.cz/co-je-api-ecomail/	branded+informational+commercial+transactional	cs
pavelszabo.cz	web proxy	150	77	29	0	10	https://www.pavelszabo.cz/co-je-web-proxy/	informational+commercial	cs
pavelszabo.cz	hesla a účty	40	0				https://www.pavelszabo.cz/clanek-7-tipu-pro-bezpecnejsi-ucty-a-silnejsi-hesla/	informational	cs
pavelszabo.cz	html šablony	100	1	46			https://www.pavelszabo.cz/frontend-kodovani-webu-html/	informational	cs
pavelszabo.cz	adsence	80	4	41	0	4		branded+navigational+informational+transactional	cs
pavelszabo.cz	lighthouse google	10	88				https://www.pavelszabo.cz/co-je-lighthouse/	branded+informational	cs
pavelszabo.cz	nabízíme dropshipping	60	0	49			https://www.pavelszabo.cz/clanek-co-je-dropshipping-a-jak-na-nej/	informational+commercial	cs
pavelszabo.cz	pagespeed	500	96	105	0	4		branded+informational	cs
pavelszabo.cz	idoklady	350	0	16			https://www.pavelszabo.cz/clanek-fakturoid-a-automatizace-fakturace-jak-usetrit-cas-diky-api/	branded+navigational+informational+transactional	cs
pavelszabo.cz	kolik stojí webové stránky	350	0	118			https://www.pavelszabo.cz/clanek-kolik-stoji-tvorba-webovych-stranek/	informational+commercial	cs
pavelszabo.cz	google adsense	350	4	65	0	7		branded+navigational+informational+transactional	cs
pavelszabo.cz	jak si zalozit eshop	150	2	117			https://www.pavelszabo.cz/clanek-jak-zalozit-a-vytvorit-eshop/	informational+commercial	cs
pavelszabo.cz	google analitics	20	0	33	0	4		branded+informational	cs
pavelszabo.cz	google serach console	10	79				https://www.pavelszabo.cz/co-je-google-search-console/	branded+navigational+informational	cs
pavelszabo.cz	adsense google	40	3	111	0	7		branded+navigational+informational+transactional	cs
pavelszabo.cz	page speed insight	150	53	75	0	3		branded+navigational+informational	cs
pavelszabo.cz	favicon	1000	71	19			https://www.pavelszabo.cz/co-je-favicon/	informational	cs
pavelszabo.cz	crm význam	70	2	45			https://www.pavelszabo.cz/co-je-crm-system/	informational	cs
pavelszabo.cz	založení e-shopu	10	5	253			https://www.pavelszabo.cz/clanek-jak-zalozit-a-vytvorit-eshop/	informational+commercial+transactional	cs
pavelszabo.cz	front end development	10	42	66			https://www.pavelszabo.cz/co-je-front-end-developer/	informational	cs
pavelszabo.cz	ctr marketing	80	0	11			https://www.pavelszabo.cz/co-je-ctr/	informational	cs
pavelszabo.cz	programování webových stránek	300	1	124			https://www.pavelszabo.cz/tvorba-webovych-stranek-na-miru/	informational+commercial	cs
pavelszabo.cz	automate	30	2	47	0	5		branded+informational+commercial	cs
pavelszabo.cz	cache	700	0	7	0	7	https://www.pavelszabo.cz/co-je-cache/	informational	cs
pavelszabo.cz	co je to meeting	10	0				https://www.pavelszabo.cz/co-je-google-meet/	informational	cs
pavelszabo.cz	dropshipping dodavatele	40	0	51			https://www.pavelszabo.cz/clanek-vyhody-vs-realita-dropshippingu-pro-koho-se-opravdu-hodi/	informational+commercial	cs
pavelszabo.cz	návštěvnosti	100	2	23			https://www.pavelszabo.cz/clanek-jak-zjistit-navstevnost-webu/	informational+commercial	cs
pavelszabo.cz	co je proxy	90	0				https://www.pavelszabo.cz/co-je-web-proxy/	informational	cs
pavelszabo.cz	heureka api	80	0	78			https://www.pavelszabo.cz/co-je-heureka-api/	branded+informational	cs
pavelszabo.cz	vlastní web	150	43	93			https://www.pavelszabo.cz/clanek-jak-vytvorit-web-s-vlastni-domenou/	informational+commercial	cs
pavelszabo.cz	emailovou	30	1				https://www.pavelszabo.cz/clanek-jak-nastavit-a-pouzivat-vlastni-emailovou-adresu-v-gmailu/	informational	cs
pavelszabo.cz	co je tag	200	0				https://www.pavelszabo.cz/co-je-alt-tag/	informational	cs
pavelszabo.cz	systém crm	200	1	99			https://www.pavelszabo.cz/co-je-crm-system/	informational+commercial	cs
pavelszabo.cz	identifikovaná osoba dph	250	1	2			https://www.pavelszabo.cz/clanek-co-je-identifikovana-osoba-a-jake-jsou-jeji-povinnosti/	informational	cs
pavelszabo.cz	idoklad api	300	0	95	0	7	https://www.pavelszabo.cz/co-je-idoklad/	branded+informational	cs
pavelszabo.cz	zappier	80	0	32	0	4		branded+navigational+informational+commercial+transactional	cs
pavelszabo.cz	implementace význam	150	0		0	8	https://www.pavelszabo.cz/co-je-implementace/	informational	cs
pavelszabo.cz	ppc reklama co to je	250	1	76			https://www.pavelszabo.cz/co-je-ppc/	informational	cs
pavelszabo.cz	php ??	40	69				https://www.pavelszabo.cz/co-je-co-je-php-a-jaky-je-jeho-vyznam-vytvareni-dynamickych-webovych-stranek/	branded+informational	cs
pavelszabo.cz	hudební stupnice	80	0	12	0	8	https://music.pavelszabo.cz/clanek-exoticke-hudebni-stupnice-a-mody/	informational	cs
pavelszabo.cz	ga 4	150	69	87			https://www.pavelszabo.cz/co-je-google-analytics/	branded+informational	cs
pavelszabo.cz	osoba identifikovaná k dph	100	1	1			https://www.pavelszabo.cz/clanek-co-je-identifikovana-osoba-a-jake-jsou-jeji-povinnosti/	informational	cs
pavelszabo.cz	webhosting co to je	250	1	33			https://www.pavelszabo.cz/co-je-hosting/	informational	cs
pavelszabo.cz	aplikace na faktury	250	24	97			https://www.pavelszabo.cz/clanek-fakturoid-a-automatizace-fakturace-jak-usetrit-cas-diky-api/	informational+commercial+transactional	cs
pavelszabo.cz	jak založit eshop s oblečením	150	0	73			https://www.pavelszabo.cz/clanek-jak-zalozit-a-vytvorit-eshop/	informational+commercial	cs
pavelszabo.cz	remarketing facebook	100	0	60			https://www.pavelszabo.cz/clanek-remarketing-na-facebooku-ve-3-krocich/	branded+informational+commercial	cs
pavelszabo.cz	počítadlo návštěvnosti webu	50	0				https://www.pavelszabo.cz/clanek-jak-zjistit-navstevnost-webu/	informational+commercial	cs
pavelszabo.cz	co je to google	30	5				https://www.pavelszabo.cz/co-je-google-meet/	branded+informational	cs
pavelszabo.cz	google reklama	200	1	198			https://www.pavelszabo.cz/co-je-google-ads/	branded+informational+commercial	cs
pavelszabo.cz	ppc reklamy	250	1	286			https://www.pavelszabo.cz/co-je-ppc/	informational+commercial	cs
pavelszabo.cz	roi vzorec	50	1	8			https://www.pavelszabo.cz/co-je-roi/	informational	cs
pavelszabo.cz	hodinová sazba	100	1				https://www.pavelszabo.cz/cena/	informational	cs
pavelszabo.cz	html i	10	29				https://www.pavelszabo.cz/co-je-html/	informational	cs
pavelszabo.cz	zrušit populární vyhledávání	40	0				https://www.pavelszabo.cz/blog/	informational	cs
pavelszabo.cz	co je meeting	40	0				https://www.pavelszabo.cz/co-je-google-meet/	informational	cs
pavelszabo.cz	responzivni	150	0	29			https://www.pavelszabo.cz/co-je-responzivni-webdesign/	informational	cs
pavelszabo.cz	jak udělat webovou stránku	350	6	92			https://www.pavelszabo.cz/clanek-jak-vytvorit-web-s-vlastni-domenou/	informational+commercial	cs
pavelszabo.cz	pagespeed insights	450	94	106	0	4		branded+navigational+informational	cs
pavelszabo.cz	dpd místa	0	5	9			https://www.pavelszabo.cz/co-je-dpd/	branded+local+informational	cs
pavelszabo.cz	tvorba webu jičín	10	0	52			https://www.pavelszabo.cz/tvorba-webovych-stranek-na-miru/	local+informational+commercial	cs
pavelszabo.cz	jak propagovat eshop	100	0	110			https://www.pavelszabo.cz/clanek-6-klicovych-strategii-jak-zviditelnit-eshop/	informational+commercial	cs
pavelszabo.cz	webové domény	100	44	54			https://www.pavelszabo.cz/clanek-domena-co-to-je-a-jak-ji-spravne-vybrat/	informational+commercial+transactional	cs
pavelszabo.cz	frontend development	10	48	41			https://www.pavelszabo.cz/co-je-front-end-developer/	informational+commercial	cs
pavelszabo.cz	meet	1300	3	69	0	8		branded+navigational+informational	cs
pavelszabo.cz	co je to konverze	60	5				https://www.pavelszabo.cz/co-je-conversion-rate/	informational	cs
pavelszabo.cz	internetová doména	200	11	97			https://www.pavelszabo.cz/clanek-domena-co-to-je-a-jak-ji-spravne-vybrat/	informational+commercial	cs
pavelszabo.cz	vytvoření eshopu	70	8	271			https://www.pavelszabo.cz/clanek-jak-zalozit-a-vytvorit-eshop/	informational+commercial	cs
pavelszabo.cz	obchodní podmínky eshop	10	0	57			https://www.pavelszabo.cz/co-je-obchodni-podminky-pro-eshop/	informational+commercial	cs
pavelszabo.cz	indexování stránek	60	0	11			https://www.pavelszabo.cz/co-je-google-search-console/	informational+commercial	cs
pavelszabo.cz	ftp protokol	40	0				https://www.pavelszabo.cz/co-je-ftp/	informational	cs
pavelszabo.cz	brotli	50	38				https://www.pavelszabo.cz/co-je-brotli/	branded+informational	cs
pavelszabo.cz	seo optimalizace liberec	350	2	58			https://www.pavelszabo.cz/clanek-co-je-aeo-novy-trend-optimalizace-webu-pro-ai-a-hlasove-asistenty/	local+informational+commercial	cs
pavelszabo.cz	gopay api	50	14	78	0	10	https://www.pavelszabo.cz/co-je-gopay-api/	branded+informational	cs
pavelszabo.cz	.webp	40	1		0	8	https://www.pavelszabo.cz/co-je-webp/	branded+informational	cs
pavelszabo.cz	programování online	20	6	25			https://www.pavelszabo.cz/cena/	informational+commercial	cs
pavelszabo.cz	webp	500	31	8	0	9	https://www.pavelszabo.cz/co-je-webp/	branded+informational	cs
pavelszabo.cz	co je aplikace	100	0				https://www.pavelszabo.cz/co-je-implementace/	informational	cs
pavelszabo.cz	cdn	600	54	31			https://www.pavelszabo.cz/co-je-cdn/	informational	cs
pavelszabo.cz	jak udělat web	90	6	113			https://www.pavelszabo.cz/clanek-jak-vytvorit-web-s-vlastni-domenou/	informational+commercial	cs
pavelszabo.cz	gmeet	10	1		0	8		branded+navigational+informational	cs
pavelszabo.cz	inp	200	5				https://www.pavelszabo.cz/co-je-inp/	branded+local+informational+commercial	cs
pavelszabo.cz	bezpečné heslo	150	7				https://www.pavelszabo.cz/clanek-7-tipu-pro-bezpecnejsi-ucty-a-silnejsi-hesla/	informational	cs
pavelszabo.cz	co je lead	30	0				https://www.pavelszabo.cz/co-je-lead-magnet/	informational	cs
pavelszabo.cz	seo titulek	80	0	48			https://www.pavelszabo.cz/co-je-meta-tagy/	informational	cs
pavelszabo.cz	fakturodi	100	0	5			https://www.pavelszabo.cz/clanek-fakturoid-a-automatizace-fakturace-jak-usetrit-cas-diky-api/	branded+informational+commercial	cs
pavelszabo.cz	ppc meaning	100	60	9			https://www.pavelszabo.cz/co-je-ppc/	informational	cs
pavelszabo.cz	claude	33000	72	28	0	11		branded+navigational+informational+commercial+transactional	cs
pavelszabo.cz	asistent	350	9	3	0	11		informational+commercial	cs
pavelszabo.cz	wordpres	100	27	59	0	11		branded+navigational+informational+commercial	cs
pavelszabo.cz	my sql	100	77	21			https://www.pavelszabo.cz/co-je-mysql/	branded+navigational+informational	cs
pavelszabo.cz	moje dpd	500	5	5			https://www.pavelszabo.cz/co-je-dpd/	branded+navigational+informational	cs
pavelszabo.cz	crm system	1300	1	131			https://www.pavelszabo.cz/co-je-crm-system/	informational+commercial	cs
pavelszabo.cz	fimga	50	23	28			https://www.pavelszabo.cz/co-je-figma/	branded+navigational+informational+commercial+transactional	cs
pavelszabo.cz	jak zalozit eshop	100	1	161			https://www.pavelszabo.cz/clanek-jak-zalozit-a-vytvorit-eshop/	informational+commercial	cs
pavelszabo.cz	domena	600	42	105	0	30		informational+commercial+transactional	cs
pavelszabo.cz	figma	19000	56	54			https://www.pavelszabo.cz/co-je-figma/	branded+informational+commercial	cs
pavelszabo.cz	ads	700	61	101			https://www.pavelszabo.cz/co-je-google-ads/	branded+informational+commercial	cs
pavelszabo.cz	idkolad	200	0	5			https://www.pavelszabo.cz/co-je-idoklad/	branded+navigational+informational+transactional	cs
pavelszabo.cz	idokad	90	0				https://www.pavelszabo.cz/co-je-idoklad/	branded+navigational+informational+transactional	cs
pavelszabo.cz	gtm	900	2	52	0	19		branded+informational	cs
pavelszabo.cz	fakturoid.cz	350	0	3			https://www.pavelszabo.cz/clanek-fakturoid-a-automatizace-fakturace-jak-usetrit-cas-diky-api/	branded+navigational+informational+commercial	cs
pavelszabo.cz	idklad	50	0				https://www.pavelszabo.cz/co-je-idoklad/	branded+informational+commercial+transactional	cs
pavelszabo.cz	iterativní	100	0				https://www.pavelszabo.cz/co-je-iterace/	informational	cs
pavelszabo.cz	html jazyk	200	3	3			https://www.pavelszabo.cz/co-je-html/	informational	cs
pavelszabo.cz	wordpress	4200	83	71	0	26		branded+informational	cs
pavelszabo.cz	.html	70	18				https://www.pavelszabo.cz/co-je-html/	informational	cs
pavelszabo.cz	domena cz	100	57	107			https://www.pavelszabo.cz/clanek-domena-co-to-je-a-jak-ji-spravne-vybrat/	branded+informational+commercial+transactional	cs
pavelszabo.cz	redakční systémy	80	1	25			https://www.pavelszabo.cz/co-je-redakcni-system/	informational+commercial	cs
pavelszabo.cz	google analitic	60	87	29			https://www.pavelszabo.cz/co-je-google-analytics/	branded+navigational+informational	cs
pavelszabo.cz	comgate	3700	0	147			https://www.pavelszabo.cz/co-je-comgate/	branded+navigational+informational+commercial+transactional	cs
pavelszabo.cz	domény	400	73	92			https://www.pavelszabo.cz/clanek-domena-co-to-je-a-jak-ji-spravne-vybrat/	informational+commercial+transactional	cs
pavelszabo.cz	zbozi.cz	9000	10	15			https://www.pavelszabo.cz/co-je-zbozi-cz/	branded+navigational+informational+commercial	cs
pavelszabo.cz	ctr	900	2	12			https://www.pavelszabo.cz/co-je-ctr/	informational+commercial	cs
pavelszabo.cz	ads google	150	28	75			https://www.pavelszabo.cz/co-je-google-ads/	branded+informational+commercial	cs
pavelszabo.cz	google search console	9600	77	100			https://www.pavelszabo.cz/co-je-google-search-console/	branded+navigational+informational	cs
pavelszabo.cz	ecomail	7200	3	45			https://www.pavelszabo.cz/co-je-api-ecomail/	branded+navigational+informational+commercial	cs
pavelszabo.cz	searchconsole	60	82				https://www.pavelszabo.cz/co-je-google-search-console/	branded+navigational+informational	cs
pavelszabo.cz	ssl	600	68	33			https://www.pavelszabo.cz/co-je-ssl-certifikat/	informational+commercial	cs
pavelszabo.cz	google ads	7700	85	83			https://www.pavelszabo.cz/co-je-google-ads/	branded+informational+commercial	cs
pavelszabo.cz	google analytics	3500	98	100			https://www.pavelszabo.cz/co-je-google-analytics/	branded+informational+commercial	cs
pavelszabo.cz	zbizi	20	31	13			https://www.pavelszabo.cz/co-je-zbozi-cz/	branded+navigational+informational+commercial	cs
pavelszabo.cz	search console	4500	91	84			https://www.pavelszabo.cz/co-je-google-search-console/	branded+informational	cs
pavelszabo.cz	domeny	700	42	93			https://www.pavelszabo.cz/clanek-domena-co-to-je-a-jak-ji-spravne-vybrat/	informational+commercial+transactional	cs
pavelszabo.cz	http/2	100	12				https://www.pavelszabo.cz/clanek-http-2-revoluce-v-rychlosti-webovych-stranek/	branded+informational	cs
pavelszabo.cz	html odkazy	40	2	2			https://www.pavelszabo.cz/co-je-html/	informational	cs
rajtmajer.cz	správa ppc	900	4	424			https://www.rajtmajer.cz/sprava-ppc/	informational+commercial	cs
rajtmajer.cz	správa ppc kampaní	2200	5	67			https://www.rajtmajer.cz/sprava-ppc/	local+informational+commercial	cs
rajtmajer.cz	ppc reklamy	250	1	286			https://www.rajtmajer.cz/sprava-ppc/	informational+commercial	cs
rajtmajer.cz	sprava ppc kampani	0	2				https://www.rajtmajer.cz/sprava-ppc/	local+informational+commercial+transactional	cs
rajtmajer.cz	google certifikace	10	3				https://www.rajtmajer.cz/certifikace/	branded+informational+commercial	cs
revolt.bi	revolt	900	2	121	111	1	https://www.revolt.bi/	informational+commercial	cs
revolt.bi	snowflake	1500	35	62			https://www.revolt.bi/technologie/snowflake/	branded+informational+commercial	cs
revolt.bi	dashboard co to je	200	0	40	6	9		informational	cs
revolt.bi	witty trade	10	0	35	6	1	https://www.revolt.bi/en/case-study/witty-trade/	branded+informational+commercial	cs
revolt.bi	data vault	20	6	32	5	1	https://www.revolt.bi/co-je-data-vault-modelovani/	branded+informational+commercial	cs
revolt.bi	revolt bi	20	0	39	5	1	https://www.revolt.bi/	branded+local+navigational+informational+commercial	cs
revolt.bi	carvago europe	150	0	28	2	11	https://www.revolt.bi/en/case-study/carvago/	branded+informational+commercial+transactional	cs
revolt.bi	hackaton	200	10	21			https://www.revolt.bi/proc-jit-na-hackathon/	informational	cs
revolt.bi	gooddata praha	30	4				https://www.revolt.bi/technologie/gooddata/	branded+local+informational+commercial	cs
revolt.bi	hackathon praha	20	4				https://hackathon.revolt.bi/	local+informational	cs
revolt.bi	atribuční model	30	0		1	7		informational	cs
revolt.bi	thoughtspot	10	12		1	2	https://www.revolt.bi/thoughtspot/	branded+navigational+informational+commercial	cs
revolt.bi	carvago kariéra	20	0				https://www.revolt.bi/pripadove-studie/carvago/	branded+informational	cs
revolt.bi	obrátkovost	20	0		0	11		informational	cs
revolt.bi	oktagon kariera	10	0	3			https://www.revolt.bi/oktagon-mma-marketingovy-workshop/	branded+informational	cs
revolt.bi	rfm analýza	80	0	68			https://www.revolt.bi/rfm-analyza/	informational	cs
revolt.bi	car vago	40	0	23			https://www.revolt.bi/pripadove-studie/carvago/	branded+navigational+informational+commercial+transactional	cs
revolt.bi	power bi cena	20	0				https://www.revolt.bi/tableau-nebo-power-bi/	branded+informational+commercial	cs
revolt.bi	in poc	60	24	5			https://www.revolt.bi/co-je-poc-a-proc-ho-chtit/	branded+navigational+informational	cs
revolt.bi	tableu	60	0		0	4		branded+navigational+informational+commercial	cs
revolt.bi	bi	1900	13	16			https://www.revolt.bi/	informational+commercial	cs
revolt.bi	retail summit 2024	0	0				https://www.revolt.bi/retail-summit-2024/	branded+informational+commercial	cs
revolt.bi	rfm segmentace	40	0	68			https://www.revolt.bi/rfm-analyza/	informational+commercial	cs
revolt.bi	datavault	20	36	32			https://www.revolt.bi/co-je-data-vault-modelovani/	branded+informational+commercial	cs
revolt.bi	bi analytik	30	0	23			https://www.revolt.bi/	informational	cs
revolt.bi	goodata	30	0	79			https://www.revolt.bi/technologie/gooddata/	branded+navigational+informational+commercial	cs
revolt.bi	kebola	70	0	98			https://www.revolt.bi/technologie/keboola/	branded+informational+commercial	cs
revolt.bi	keebola	50	0	81			https://www.revolt.bi/technologie/keboola/	branded+informational+commercial	cs
revolt.bi	nps výpočet	20	2	47			https://www.revolt.bi/net-promoter-score-nps-cislo-ktere-potrebujete-znat-pokud-chcete-rust/	branded+informational	cs
revolt.bi	hackathon	500	12	22			https://www.revolt.bi/proc-jit-na-hackathon/	informational	cs
revolt.bi	gooddata	300	0	112			https://www.revolt.bi/technologie/gooddata/	branded+navigational+informational+commercial	cs
revolt.bi	google certifikace	10	3				https://www.revolt.bi/5-tipu-jak-uspet-u-certifikace-google-cloud/	branded+informational+commercial	cs
revolt.bi	keboola	1300	0	57	0	17	https://www.revolt.bi/technologie/keboola/	branded+navigational+informational+commercial	cs
revolt.bi	linux days	400	0	16			https://www.revolt.bi/en/linux-days-2024/	branded+informational	cs
revolt.bi	carvaho	40	0	26			https://www.revolt.bi/pripadove-studie/carvago/	branded+navigational+informational+commercial+transactional	cs
revolt.bi	dbt	200	0	17			https://www.revolt.bi/technologie/dbt/	informational	cs
revolt.bi	carvago	40000	0	16			https://www.revolt.bi/pripadove-studie/carvago/	branded+navigational+informational+commercial+transactional	cs
revolt.bi	www.carvago	80	0	24			https://www.revolt.bi/pripadove-studie/carvago/	branded+navigational+commercial+transactional	cs
revolt.bi	csrvago	20	0	25			https://www.revolt.bi/pripadove-studie/carvago/	branded+navigational+informational+commercial+transactional	cs
seoconsult.cz	ui ux design	4800	0	47	305	3	https://www.seoconsult.cz/blog/ux-vs-ui-design-rozdily-ktere-byste-meli-znat	informational+commercial	cs
seoconsult.cz	seo program	800	0	114	165	1		informational+commercial	cs
seoconsult.cz	seo cena	800	0	92			https://www.seoconsult.cz/ceny-seo	informational+commercial+transactional	cs
seoconsult.cz	seo eshop	1200	0	97	128	3		informational+commercial	cs
seoconsult.cz	canva pro	1500	17	7			https://www.seoconsult.cz/blog/co-je-canva-pro	branded+informational+commercial	cs
seoconsult.cz	seo analýza online	400	0	94	88	4		informational+commercial	cs
seoconsult.cz	seo klíčová slova	200	0	110	85	1		informational+commercial	cs
seoconsult.cz	seo console	1000	0		57	5		branded+informational	cs
seoconsult.cz	seo services	900	0	111	57	6		local+informational+commercial	cs
seoconsult.cz	serp	250	0	41	53	2		informational	cs
seoconsult.cz	seo konzultant brno	600	0		49	5		local+informational+commercial	cs
seoconsult.cz	seo strategie	100	0	83	47	1	https://www.seoconsult.cz/blog/seo-strategie-4-pilire-uspechu-ve-vyhledavacich	informational+commercial	cs
seoconsult.cz	seo firma	400	3	218			https://www.seoconsult.cz/seo-firma	local+informational+commercial	cs
seoconsult.cz	cena reklamy na facebooku	250	0	59			https://www.seoconsult.cz/blog/kolik-stoji-ppc-reklamy-na-facebooku	branded+informational+commercial	cs
seoconsult.cz	seo optimalizace test	400	11	88	37	5		informational+commercial	cs
seoconsult.cz	seo blog	150	43	73			https://www.seoconsult.cz/blog/jak-na-optimalizaci-obsahu-blogu	informational+commercial	cs
seoconsult.cz	reklama na instagramu	150	0	194	34	1		branded+informational+commercial	cs
seoconsult.cz	jak na dropshipping	90	0				https://www.seoconsult.cz/blog/jak-na-dropshipping-v-roce-2024-9-zakladnich-kroku-jak-zacit	informational+commercial	cs
seoconsult.cz	reklama na facebooku cena	200	0	76			https://www.seoconsult.cz/blog/kolik-stoji-ppc-reklamy-na-facebooku	branded+informational+commercial	cs
seoconsult.cz	propagace eshopu	200	0	193	29	3		informational+commercial	cs
seoconsult.cz	facebook reklama cena	250	0	128			https://www.seoconsult.cz/blog/kolik-stoji-ppc-reklamy-na-facebooku	branded+informational+commercial	cs
seoconsult.cz	kontrola seo	800	0	105	21	11		informational+commercial	cs
seoconsult.cz	reklama instagram	100	0	112	17	1		branded+informational+commercial	cs
seoconsult.cz	generátor klíčových slov	150	0	116			https://www.seoconsult.cz/blog/15-nejlepsich-nastroju-pro-analyzu-klicovych-slov	informational+commercial	cs
seoconsult.cz	seo google	350	71	122			https://www.seoconsult.cz/blog/kompletni-pruvodce-od-google-pro-zacatecniky-v-seo	branded+informational+commercial	cs
seoconsult.cz	správa ppc kampaní	300	0	67	16	9	https://www.seoconsult.cz/sluzby/ppc-reklama-spr-va	local+informational+commercial	cs
seoconsult.cz	obsahová strategie	150	0	99	16	5		informational+commercial	cs
seoconsult.cz	seo consulting	50	4	128	15	3	https://www.seoconsult.cz/	local+informational+commercial	cs
seoconsult.cz	seo agentura	900	4	337			https://www.seoconsult.cz/	local+informational+commercial	cs
seoconsult.cz	evergreen význam	450	0		14	1	https://www.seoconsult.cz/blog/co-je-evergreen-obsah-proc-je-dulezity-pro-seo	informational	cs
seoconsult.cz	základy seo	200	0	52	13	7	https://www.seoconsult.cz/blog/kompletni-pruvodce-od-google-pro-zacatecniky-v-seo	informational	cs
seoconsult.cz	marketing na facebooku	300	0	63			https://www.seoconsult.cz/blog/facebook-efektivni-strategie-obsahoveho-marketingu	branded+informational+commercial	cs
seoconsult.cz	blog seo	100	0	73			https://www.seoconsult.cz/blog/jak-na-optimalizaci-obsahu-blogu	informational+commercial	cs
seoconsult.cz	performance max	150	0	30	12	4	https://www.seoconsult.cz/blog/kampane-performance-max-vse-co-chcete-meli-byste-vedet	branded+informational+commercial	cs
seoconsult.cz	seo - marketing	600	34	159	11	13		informational	cs
seoconsult.cz	mapa stránek	90	0		10	1	https://www.seoconsult.cz/blog/co-je-mapa-stranek-proc-ji-vas-web-potrebuje	informational	cs
seoconsult.cz	seo správa	1000	0	131	10	13		local+informational+commercial	cs
seoconsult.cz	seo ai	150	0	59	10	5		informational+commercial	cs
seoconsult.cz	seo novinky	900	0	89	10	13		informational+commercial	cs
seoconsult.cz	seo ostrava	800	0	147	10	13		local+informational+commercial	cs
seoconsult.cz	seo consultants	30	0	128	9	1	https://www.seoconsult.cz/en	local+informational+commercial	cs
seoconsult.cz	seo analýza webu	200	0	100	8	2		informational+commercial	cs
seoconsult.cz	seo pages	100	0	94			https://www.seoconsult.cz/blog/co-je-page-seo	informational	cs
seoconsult.cz	seo hodnocení	600	2	94	8	13		informational+commercial	cs
seoconsult.cz	seo optimalizace pro vyhledávače	3900	0	167	8	19		informational+commercial	cs
seoconsult.cz	jak indexovat stránky na google	200	0	11			https://www.seoconsult.cz/blog/indexovani-webovych-stranek-vyhledavaci-jak-funguje	branded+informational	cs
seoconsult.cz	reklama na instagramu cena	150	0	39			https://www.seoconsult.cz/proc-se-reklama-na-instagramu-vyplati-jak-za-ni-platit-mene	branded+informational+commercial	cs
seoconsult.cz	jak vytvořit reklamu na facebooku	90	0	34	7	4		branded+informational+commercial	cs
seoconsult.cz	knihovna reklam facebook	300	0	145	7	10	https://www.seoconsult.cz/blog/kolik-stoji-ppc-reklamy-na-facebooku	branded+navigational+informational	cs
seoconsult.cz	instagram reklamy	100	0		6	1	https://www.seoconsult.cz/proc-se-reklama-na-instagramu-vyplati-jak-za-ni-platit-mene	branded+informational+commercial	cs
seoconsult.cz	seo optimalizace cena	1000	0	123			https://www.seoconsult.cz/ceny-seo	informational+commercial	cs
seoconsult.cz	social marketing	90	0	26	6	4		informational+commercial	cs
seoconsult.cz	jak začít dropshipping	40	0				https://www.seoconsult.cz/blog/jak-na-dropshipping-v-roce-2024-9-zakladnich-kroku-jak-zacit	informational+commercial	cs
seoconsult.cz	sociální marketing	70	0	68	6	4	https://www.seoconsult.cz/blog/co-znamena-marketing-na-socialnich-sitich	informational	cs
seoconsult.cz	reklama olomouc	100	0	71	5	9	https://www.seoconsult.cz/ppc-reklama-olomouc	local+informational+commercial	cs
seoconsult.cz	jak začít s dropshippingem	30	0	49			https://www.seoconsult.cz/blog/jak-na-dropshipping-v-roce-2024-9-zakladnich-kroku-jak-zacit	informational+commercial	cs
seoconsult.cz	seo youtube	150	1	30			https://www.seoconsult.cz/blog/seo-na-youtube-jak-najit-nejlepsi-klicova-slova-generujici-navstevnost	branded+informational+commercial	cs
seoconsult.cz	seo experts	400	0	115	5	8	https://www.seoconsult.cz/seo-expert	local+informational+commercial	cs
seoconsult.cz	marketingový trychtýř	100	0		5	1		informational	cs
seoconsult.cz	seo konzultace	700	0	263	4	15		local+informational+commercial+transactional	cs
seoconsult.cz	indexace webu	250	0	11			https://www.seoconsult.cz/blog/jak-spustit-kompletni-preindexovani-webu	informational	cs
seoconsult.cz	linkbuildingu	200	1		4	10		informational	cs
seoconsult.cz	display reklama	150	0	56			https://www.seoconsult.cz/blog/bannerova-reklama-od-do-z	informational+commercial	cs
seoconsult.cz	indexování stránek	60	0	11			https://www.seoconsult.cz/blog/indexovani-webovych-stranek-vyhledavaci-jak-funguje	informational+commercial	cs
seoconsult.cz	viralni	200	0	32			https://www.seoconsult.cz/blog/jak-ziskat-viralni-uspech-na-tiktoku	informational	cs
seoconsult.cz	seo brno	800	0	240	4	23	https://www.seoconsult.cz/	local+informational+commercial	cs
seoconsult.cz	knihovna reklam	350	0	340			https://www.seoconsult.cz/blog/vylepsete-vase-reklamy-na-facebooku	branded+informational	cs
seoconsult.cz	kdy postovat na tiktok	90	0				https://www.seoconsult.cz/blog/jak-skutecne-funguje-tiktok-algoritmus	branded+informational	cs
seoconsult.cz	pozice ve vyhledavačích	350	25	72	3	14		informational	cs
seoconsult.cz	meta knihovna reklam	60	0	283	3	4	https://www.seoconsult.cz/blog/vylepsete-vase-reklamy-na-facebooku	branded+informational	cs
seoconsult.cz	děkuji za váš čas	30	0		3	1	https://www.seoconsult.cz/blog/11-prikladu-e-mailovych-pozdravu	informational	cs
seoconsult.cz	jak funguje tiktok	70	0	136			https://www.seoconsult.cz/blog/jak-skutecne-funguje-tiktok-algoritmus	branded+informational	cs
seoconsult.cz	back machine	40	49				https://www.seoconsult.cz/blog/jake-existuji-alternativy-ke-sluzbe-wayback-machine	informational+commercial+transactional	cs
seoconsult.cz	pokročilé vyhledávání google	70	1		3	6	https://www.seoconsult.cz/blog/pokrocile-vyhledavaci-operatory-google-ktere-potrebujete-znat	branded+informational	cs
seoconsult.cz	bannerová reklama	80	0	83			https://www.seoconsult.cz/blog/bannerova-reklama-od-do-z	informational+commercial	cs
seoconsult.cz	ab testování	150	0	29	3	9		informational	cs
seoconsult.cz	instagram jak funguje	90	0				https://www.seoconsult.cz/blog/instagram-vs-facebook-pro-marketing-vse-co-potrebujete-vedet	branded+informational	cs
seoconsult.cz	sem seo	60	0				https://www.seoconsult.cz/blog/seo-vs-sem-jake-jsou-rozdily	informational	cs
seoconsult.cz	reklamy na facebooku	50	0	130	2	6		branded+informational+commercial	cs
seoconsult.cz	placená reklama na facebooku cena	150	0	47			https://www.seoconsult.cz/blog/kolik-stoji-ppc-reklamy-na-facebooku	branded+informational+commercial	cs
seoconsult.cz	b2c marketing	150	0	18			https://www.seoconsult.cz/blog/zakladni-rozdily-mezi-b2b-b2c-marketingem	informational	cs
seoconsult.cz	technické seo	300	0	58			https://www.seoconsult.cz/blog/co-obnasi-technicky-seo-audit	informational+commercial	cs
seoconsult.cz	organické vyhledávání	200	0				https://www.seoconsult.cz/blog/organicke-placene-vyhledavani-socialni-media	informational	cs
seoconsult.cz	seo expert	700	0	236	2	17	https://www.seoconsult.cz/seo-expert	local+informational+commercial	cs
seoconsult.cz	hashtagy na instagram	50	0	5			https://www.seoconsult.cz/blog/kompletni-pruvodce-hashtagy-na-instagramu	branded+informational	cs
seoconsult.cz	indexovat	100	0	2			https://www.seoconsult.cz/blog/indexovani-webovych-stranek-vyhledavaci-jak-funguje	informational	cs
seoconsult.cz	vyhledávání klíčových slov	30	4	76	2	3		informational+commercial	cs
seoconsult.cz	jak získat sledující na instagramu zdarma	30	0	12			https://www.seoconsult.cz/blog/chytre-zpusoby-jak-ziskat-vice-sledujicich-na-instagramu	branded+informational	cs
seoconsult.cz	seo consultant	50	19	128	2	7	https://www.seoconsult.cz/seo-expert	local+informational+commercial	cs
seoconsult.cz	reklamy na instagramu	20	0	77	2	1		branded+informational+commercial	cs
seoconsult.cz	instagram reklama	40	0	120	2	6		branded+informational+commercial	cs
seoconsult.cz	instagram hashtag	20	22	11			https://www.seoconsult.cz/blog/kompletni-pruvodce-hashtagy-na-instagramu	branded+informational+commercial	cs
seoconsult.cz	prodejní trychtýř	20	0		2	4	https://www.seoconsult.cz/blog/vytvorte-si-efektivni-prodejni-funnel-ziskejte-vice-konverzi	informational+commercial	cs
seoconsult.cz	hashtagy na instagramu	10	0	5			https://www.seoconsult.cz/blog/kompletni-pruvodce-hashtagy-na-instagramu	branded+informational	cs
seoconsult.cz	firemni profil google	30	0		2	5		branded+informational+commercial	cs
seoconsult.cz	pmax kampaně	150	0	34			https://www.seoconsult.cz/blog/kampane-performance-max-vse-co-chcete-meli-byste-vedet	branded+informational+commercial	cs
seoconsult.cz	plánovač klíčových slov google	100	0	50	2	6	https://www.seoconsult.cz/blog/jak-pouzivat-planovac-klicovych-slov-google	branded+informational	cs
seoconsult.cz	reklama google	150	2	279			https://www.seoconsult.cz/ppc-reklama-google-cena	branded+informational+commercial	cs
seoconsult.cz	seo consultancy	20	6		2	6	https://www.seoconsult.cz/en	local+informational+commercial	cs
seoconsult.cz	seo optimalizace liberec	350	2	58			https://www.seoconsult.cz/optimalizace-pro-vyhledavace-liberec	local+informational+commercial	cs
seoconsult.cz	dropshipping jak začít	60	0	40	1	9	https://www.seoconsult.cz/blog/jak-na-dropshipping-v-roce-2024-9-zakladnich-kroku-jak-zacit	informational+commercial	cs
seoconsult.cz	channel marketing	20	1				https://www.seoconsult.cz/blog/co-je-marketing-napric-kanaly-jak-jej-implementovat	informational+commercial	cs
seoconsult.cz	seo analyze	90	88	82			https://www.seoconsult.cz/blog/na-co-se-zamerit-pri-seo-analyze-webovych-stranek	informational+commercial	cs
seoconsult.cz	dropshipping v česku	50	0	49			https://www.seoconsult.cz/blog/jak-na-dropshipping-v-roce-2024-9-zakladnich-kroku-jak-zacit	informational+commercial	cs
seoconsult.cz	seo page	700	83	550	1	21	https://www.seoconsult.cz/blog/co-je-page-seo	informational+commercial	cs
seoconsult.cz	jak zvýšit počet sledujících na instagramu	90	0	30			https://www.seoconsult.cz/blog/chytre-zpusoby-jak-ziskat-vice-sledujicich-na-instagramu	branded+informational	cs
seoconsult.cz	algoritmus instagram	60	0				https://www.seoconsult.cz/blog/jak-funguje-algoritmus-instagramu-v-roce-2025	branded+informational	cs
seoconsult.cz	návrhy klíčových slov	200	2	67			https://www.seoconsult.cz/blog/15-nejlepsich-nastroju-pro-analyzu-klicovych-slov	informational	cs
seoconsult.cz	reklama na google	150	1	315			https://www.seoconsult.cz/ppc-reklama-google-cena	branded+informational+commercial	cs
seoconsult.cz	google sge	10	10				https://www.seoconsult.cz/blog/google-search-generative-experience-sge-nova-era-vyhledavani	branded+informational	cs
seoconsult.cz	tiktok algoritmus	0	0		1	1	https://www.seoconsult.cz/blog/jak-skutecne-funguje-tiktok-algoritmus	branded+informational	cs
seoconsult.cz	google klíčová slova	150	0	120	1	10		branded+informational	cs
seoconsult.cz	google reklama	200	1	198			https://www.seoconsult.cz/ppc-reklama-google-cena	branded+informational+commercial	cs
seoconsult.cz	optimalizace telefonu	60	0	15	1	10	https://www.seoconsult.cz/blog/jak-optimalizovat-web-pro-mobilni-telefony	informational	cs
seoconsult.cz	shoptet seo	250	1	82			https://www.seoconsult.cz/seo-pro-shoptet	branded+informational+commercial	cs
seoconsult.cz	co je dropshipping	200	0	18			https://www.seoconsult.cz/blog/jak-na-dropshipping-v-roce-2024-9-zakladnich-kroku-jak-zacit	informational	cs
seoconsult.cz	vyhledávání hlasem	150	0				https://www.seoconsult.cz/blog/hlasove-vyhledavani-na-vzestupu-jak-optimalizovat-obsah	informational	cs
seoconsult.cz	jak získat více sledujících na instagramu	40	0	25			https://www.seoconsult.cz/blog/chytre-zpusoby-jak-ziskat-vice-sledujicich-na-instagramu	branded+informational+commercial	cs
seoconsult.cz	podnadpis	30	0				https://www.seoconsult.cz/blog/postupy-pri-tvorbe-nadpisu-podnapisu-pri-optimalizaci	informational	cs
seoconsult.cz	kolik stoji reklama na instagramu	40	0	43			https://www.seoconsult.cz/proc-se-reklama-na-instagramu-vyplati-jak-za-ni-platit-mene	branded+informational+commercial	cs
seoconsult.cz	jak udělat reklamu na instagramu	60	0	22	1	10		branded+informational+commercial	cs
seoconsult.cz	seo analyza online	10	1	94	1	3		informational+commercial	cs
seoconsult.cz	google seo	200	73	113			https://www.seoconsult.cz/blog/kompletni-pruvodce-od-google-pro-zacatecniky-v-seo	branded+informational	cs
seoconsult.cz	jaký je první krok procesu optimalizace webu pro vyhledávače	50	0	94	1	11		informational	cs
seoconsult.cz	seo specialista	800	0	193	1	27		local+informational+commercial	cs
seoconsult.cz	jak získat sledující na tiktoku	90	0	22			https://www.seoconsult.cz/blog/jak-ziskat-sledujici-na-tiktoku	branded+informational	cs
seoconsult.cz	jak vytvořit druhý účet na facebooku	10	0	148	1	5		branded+informational	cs
seoconsult.cz	ppc kampaně	250	2	236	1	7	https://www.seoconsult.cz/ppc-reklama	informational+commercial	cs
seoconsult.cz	jak se naučit seo?	100	0				https://www.seoconsult.cz/blog/kompletni-pruvodce-od-google-pro-zacatecniky-v-seo	informational	cs
seoconsult.cz	děkuji za zprávu	60	0				https://www.seoconsult.cz/blog/11-prikladu-e-mailovych-pozdravu	informational	cs
seoconsult.cz	test seo	600	16	95			https://www.seoconsult.cz/seo-optimalizace-test	informational+commercial	cs
seoconsult.cz	facebook knihovna reklam	30	0	329	1	10		branded+navigational+informational	cs
seoconsult.cz	socialní sítě	30	0	24	1	8		informational+commercial	cs
seoconsult.cz	vytvoření stránky na facebooku	20	0	23	1	8	https://www.seoconsult.cz/blog/optimalizujte-svou-firemni-stranku-na-facebooku	branded+informational	cs
seoconsult.cz	placená reklama na instagramu	30	0	83	1	9	https://www.seoconsult.cz/proc-se-reklama-na-instagramu-vyplati-jak-za-ni-platit-mene	branded+informational+commercial	cs
seoconsult.cz	instagram pro začátečníky	20	0		1	8		branded+informational	cs
seoconsult.cz	facebook pixel	200	2	41			https://www.seoconsult.cz/blog/instagram-vs-facebook-pro-marketing-vse-co-potrebujete-vedet	branded+informational	cs
seoconsult.cz	seo - brno	400	0	284	1	27		local+informational+commercial	cs
seoconsult.cz	jak začít email	100	0				https://www.seoconsult.cz/blog/11-prikladu-e-mailovych-pozdravu	informational	cs
seoconsult.cz	klíčová slova seo	150	0	147			https://www.seoconsult.cz/blog/jak-najit-nejlepsi-klicova-slova-pro-seo	informational	cs
seoconsult.cz	canva co to je	150	0				https://www.seoconsult.cz/blog/co-je-canva-pro	branded+informational	cs
seoconsult.cz	marketingové kanály	80	0	39			https://www.seoconsult.cz/blog/co-je-marketing-napric-kanaly-jak-jej-implementovat	informational+commercial	cs
seoconsult.cz	najlepsza firma seo	10	1				https://www.seoconsult.cz/seo-firma	informational+commercial	cs
seoconsult.cz	meta charset	10	22				https://www.seoconsult.cz/blog/vylepsete-seo-sveho-webu-pomoci-nejdulezitejsich-meta-html-tagu	informational	cs
seoconsult.cz	píár význam	60	0				https://www.seoconsult.cz/blog/rostouci-vyznam-pr-pro-viditelnost-v-dobe-umele-inteligence	informational	cs
seoconsult.cz	optimalizace pro vyhledávače	200	1	178	0	19		informational+commercial	cs
seoconsult.cz	instagram příběhy	30	0		0	11		branded+informational	cs
seoconsult.cz	tiktok trendy	20	1				https://www.seoconsult.cz/blog/nejvetsi-soucasne-tiktok-trendy	branded+informational	cs
seoconsult.cz	seo agentury	600	1		0	24		local+informational+commercial	cs
seoconsult.cz	email rozloučení	30	0				https://www.seoconsult.cz/blog/11-prikladu-e-mailovych-pozdravu	informational	cs
seoconsult.cz	seo jako brno	600	0	101	0	30		branded+local+informational+commercial	cs
seoconsult.cz	seo odborník	600	0	66	0	27		local+informational+commercial	cs
seoconsult.cz	polsky vyhledavac	30	3				https://www.seoconsult.cz/optimalizace-pro-vyhledavace-polsko	informational+commercial	cs
seoconsult.cz	moje firma seznam	450	0	119			https://www.seoconsult.cz/blog/jak-optimalizovat-vas-firemni-zapis-na-googlu	branded+informational+commercial	cs
seoconsult.cz	banner reklama	30	0	87	0	4		local+informational+commercial+transactional	cs
seoconsult.cz	formalni email	70	3				https://www.seoconsult.cz/blog/11-prikladu-e-mailovych-pozdravu	informational	cs
seoconsult.cz	pozdrav	300	1	1			https://www.seoconsult.cz/blog/11-prikladu-e-mailovych-pozdravu	informational	cs
seoconsult.cz	on page	350	0	11	0	23	https://www.seoconsult.cz/blog/co-je-page-seo	informational	cs
seoconsult.cz	reklamy na tiktoku	40	0	90			https://www.seoconsult.cz/blog/jak-zacit-s-reklamou-na-tiktoku	branded+informational+commercial	cs
seoconsult.cz	seo sem	20	0	91			https://www.seoconsult.cz/blog/seo-vs-sem-jake-jsou-rozdily	informational	cs
seoconsult.cz	agentura taste	70	2				https://www.seoconsult.cz/blog/agentura-taste-poradala-skoleni-seo-pro-e-shopy	branded+local+informational+commercial	cs
seoconsult.cz	jak smazat firmu z google	10	0		0	10	https://www.seoconsult.cz/blog/na-firemni-profil-na-googlu-budete-muset-cekat	branded+informational	cs
seoconsult.cz	děkuji s pozdravem	60	0				https://www.seoconsult.cz/blog/11-prikladu-e-mailovych-pozdravu	informational	cs
seoconsult.cz	koupit recenze na google	50	1				https://www.seoconsult.cz/blog/jak-zvysit-pocet-pozitivnich-recenzi-na-googlu	branded+informational+commercial+transactional	cs
seoconsult.cz	ppc reklama cena	30	0	316			https://www.seoconsult.cz/ppc-reklama-sklik-cena	informational+commercial	cs
seoconsult.cz	hashtagy instagram	10	0	5	0	8	https://www.seoconsult.cz/blog/kompletni-pruvodce-hashtagy-na-instagramu	branded+informational	cs
seoconsult.cz	jak si změnit jméno na youtube	0	0				https://www.seoconsult.cz/blog/jak-zmenit-nazev-vaseho-youtube-kanalu	branded+informational	cs
seoconsult.cz	nejpoužívanější hashtagy	70	0				https://www.seoconsult.cz/blog/kompletni-pruvodce-hashtagy-na-instagramu	informational	cs
seoconsult.cz	obsahová reklama	200	0	24			https://www.seoconsult.cz/blog/obsahova-nebo-vyhledavaci-sit-google	informational+commercial	cs
seoconsult.cz	indexování	100	0	2	0	8	https://www.seoconsult.cz/blog/indexovani-webovych-stranek-vyhledavaci-jak-funguje	informational	cs
seoconsult.cz	algoritmus instagramu	0	0		0	8	https://www.seoconsult.cz/blog/jak-funguje-algoritmus-instagramu-v-roce-2025	branded+informational	cs
seoconsult.cz	jak používat instagram	80	0	250			https://www.seoconsult.cz/blog/kompletni-pruvodce-hashtagy-na-instagramu	branded+informational	cs
seoconsult.cz	sledující na instagramu	150	4	30			https://www.seoconsult.cz/blog/chytre-zpusoby-jak-ziskat-vice-sledujicich-na-instagramu	branded+informational+commercial+transactional	cs
seoconsult.cz	jak změnit jméno na youtube	0	0		0	1	https://www.seoconsult.cz/blog/jak-zmenit-nazev-vaseho-youtube-kanalu	branded+informational	cs
seoconsult.cz	sale banner	10	0				https://www.seoconsult.cz/blog/bannerova-reklama-od-do-z	informational+commercial	cs
seoconsult.cz	b2b význam	200	0	1			https://www.seoconsult.cz/blog/zakladni-rozdily-mezi-b2b-b2c-marketingem	informational	cs
seoconsult.cz	jak se dela hashtag	90	2				https://www.seoconsult.cz/blog/kompletni-pruvodce-hashtagy-na-instagramu	informational	cs
seoconsult.cz	jan dvorský	250	0				https://www.seoconsult.cz/jan-dvorsky	informational	cs
seoconsult.cz	vs instagram	0	0		0	7	https://www.seoconsult.cz/blog/instagram-vs-facebook-pro-marketing-vse-co-potrebujete-vedet	branded+informational	cs
seoconsult.cz	zrušit účet google	0	0		0	4		branded+informational+transactional	cs
seoconsult.cz	reklamní kampaně	200	0	127			https://www.seoconsult.cz/blog/placene-reklamni-kampane-jak-ridit-jejich-rozpocet	informational+commercial	cs
seoconsult.cz	sales navigator linkedin	50	23	25			https://www.seoconsult.cz/blog/komplexni-pruvodce-pouzivanim-navigacniho-nastroje-linkedin-sales-navigator	branded+informational+commercial+transactional	cs
seoconsult.cz	instagram statistiky	30	0				https://www.seoconsult.cz/blog/jak-zmerit-vykon-kampani-na-instagramu	branded+informational+commercial	cs
seoconsult.cz	propagace na instagramu	30	0	110			https://www.seoconsult.cz/proc-se-reklama-na-instagramu-vyplati-jak-za-ni-platit-mene	branded+informational+commercial	cs
seoconsult.cz	moje firma na googlu	150	0	37			https://www.seoconsult.cz/blog/moje-firma-na-googlu-je-nyni-firemni-profil-google	branded+informational+commercial	cs
seoconsult.cz	page seo	200	58	94	0	31	https://www.seoconsult.cz/blog/13-hlavnich-nalezitosti-page-seo-ktere-musite-znat	informational	cs
seoconsult.cz	reklama na tiktoku	30	0	90			https://www.seoconsult.cz/blog/zjistete-jak-funguje-reklama-na-tiktoku	branded+informational+commercial	cs
seoconsult.cz	rel nofollow	100	50	2			https://www.seoconsult.cz/blog/nofollow-odkazy-skutecne-je-vyhledavace-nesleduji	informational	cs
seoconsult.cz	pr význam	60	0				https://www.seoconsult.cz/blog/rostouci-vyznam-pr-pro-viditelnost-v-dobe-umele-inteligence	informational	cs
seoconsult.cz	nejvíc sledujících na instagramu	10	0	34			https://www.seoconsult.cz/blog/chytre-zpusoby-jak-ziskat-vice-sledujicich-na-instagramu	branded+informational	cs
seoconsult.cz	google vyhledavani podle obrazku	40	5	17			https://www.seoconsult.cz/blog/hledani-v-google-podle-obrazku-textu-soucasne	branded+informational	cs
seoconsult.cz	vyhledavani podle fotek	250	4	17			https://www.seoconsult.cz/blog/hledani-v-google-podle-obrazku-textu-soucasne	informational	cs
seoconsult.cz	linkedin sales navigator	200	17	19			https://www.seoconsult.cz/blog/komplexni-pruvodce-pouzivanim-navigacniho-nastroje-linkedin-sales-navigator	branded+informational+commercial+transactional	cs
seoconsult.cz	děkuji a přeji hezký den	70	0				https://www.seoconsult.cz/blog/11-prikladu-e-mailovych-pozdravu	informational	cs
seoconsult.cz	správa ppc	900	4	424			https://www.seoconsult.cz/sluzby/ppc-reklama-spr-va	informational+commercial	cs
seoconsult.cz	jak funguje dropshipping	150	0	60			https://www.seoconsult.cz/blog/jak-na-dropshipping-v-roce-2024-9-zakladnich-kroku-jak-zacit	informational+commercial	cs
seoconsult.cz	dobrý den paní	90	0				https://www.seoconsult.cz/blog/11-prikladu-e-mailovych-pozdravu	informational	cs
seoconsult.cz	audit ppc	100	0	527			https://www.seoconsult.cz/ppc-reklama-praha	informational+commercial	cs
seoconsult.cz	meta popisek	250	0	55			https://www.seoconsult.cz/blog/meta-popisky-v-otazkach-odpovedich	informational	cs
seoconsult.cz	stories formát	20	0				https://www.seoconsult.cz/blog/vse-co-jste-kdy-chteli-vedet-o-reklamach-v-instagram-stories	branded+informational	cs
seoconsult.cz	firma na google	50	0	72			https://www.seoconsult.cz/blog/moznosti-firemniho-profilu-na-googlu	branded+informational	cs
seoconsult.cz	přeji hezký zbytek dne	80	0				https://www.seoconsult.cz/blog/11-prikladu-e-mailovych-pozdravu	informational	cs
seoconsult.cz	marketing novinky	150	6	94			https://www.seoconsult.cz/blog/rijnove-novinky-2024-v-seo-digitalnim-marketingu	informational+commercial	cs
seoconsult.cz	ppc seo	10	0	100			https://www.seoconsult.cz/blog/seo-ppc-nejlepe-funguji-spolecne	informational+commercial	cs
seoconsult.cz	heshtag	30	5	30			https://www.seoconsult.cz/blog/kompletni-pruvodce-hashtagy-na-instagramu	informational	cs
seoconsult.cz	co je mapa	20	1				https://www.seoconsult.cz/blog/co-je-mapa-stranek-proc-ji-vas-web-potrebuje	informational	cs
seoconsult.cz	google vyhledavani obrazku	20	4				https://www.seoconsult.cz/blog/hledani-v-google-podle-obrazku-textu-soucasne	branded+informational	cs
seoconsult.cz	identifikace podle fotky	250	4	15			https://www.seoconsult.cz/blog/hledani-v-google-podle-obrazku-textu-soucasne	informational	cs
seoconsult.cz	jak přidat firmu na google	70	0	58			https://www.seoconsult.cz/blog/jak-optimalizovat-vas-firemni-zapis-na-googlu	branded+informational	cs
seoconsult.cz	pište pro nás	20	0				https://www.seoconsult.cz/blog/piste-clanky-jako-profesional-nastartujte-svou-kreativitu-pomoci-techto-tipu	informational	cs
seoconsult.cz	polský vyhledávač	80	0				https://www.seoconsult.cz/optimalizace-pro-vyhledavace-polsko	branded+informational	cs
seoconsult.cz	jak vytvořit stránku na facebooku	90	0	33			https://www.seoconsult.cz/blog/optimalizujte-svou-firemni-stranku-na-facebooku	branded+informational	cs
seoconsult.cz	strukturovaná data	30	0	11			https://www.seoconsult.cz/blog/potvrzeno-googlem-strukturovana-data-jsou-nezbytna-i-v-ere-ai	informational	cs
seoconsult.cz	jak na tiktok	90	0	21			https://www.seoconsult.cz/blog/jak-ziskat-viralni-uspech-na-tiktoku	branded+informational	cs
seoconsult.cz	jak vytvořit stránku na fb	100	0	35			https://www.seoconsult.cz/blog/optimalizujte-svou-firemni-stranku-na-facebooku	branded+informational	cs
seoconsult.cz	analýza webových stránek	150	0	127			https://www.seoconsult.cz/seo-analyza-webu	informational+commercial	cs
seoconsult.cz	plánovač klíčových slov	100	0	145	0	8	https://www.seoconsult.cz/blog/15-nejlepsich-nastroju-pro-analyzu-klicovych-slov	branded+informational+commercial	cs
seoconsult.cz	co je webinar	40	0	43			https://www.seoconsult.cz/blog/tipy-osvedcene-postupy-pro-vytvareni-skvelych-webinaru	informational	cs
seoconsult.cz	seo wordpress	80	0	61			https://www.seoconsult.cz/blog/jak-nastavit-wordpress-pro-uspech-v-seo	branded+informational+commercial	cs
seoconsult.cz	pronájem eshopu	80	16	135			https://www.seoconsult.cz/blog/vyplati-se-prave-vam-pronajem-e-shopu-zde-najdete-jasnou-odpoved	informational+commercial+transactional	cs
seoconsult.cz	jak rozjet kosmetický salon	20	0				https://www.seoconsult.cz/blog/kosmeticky-salon-jak-se-prosadit-na-trhu	informational+commercial	cs
seoconsult.cz	vyhledat obrázek pomocí vyhledávače google	40	5				https://www.seoconsult.cz/blog/hledani-v-google-podle-obrazku-textu-soucasne	branded+informational	cs
seoconsult.cz	vyhledat podle obrazku	20	4	20			https://www.seoconsult.cz/blog/hledani-v-google-podle-obrazku-textu-soucasne	informational	cs
seoconsult.cz	seo titulek	80	0	48			https://www.seoconsult.cz/blog/vylepsete-seo-sveho-webu-pomoci-nejdulezitejsich-meta-html-tagu	informational	cs
seoconsult.cz	co je to tiktok	90	0				https://www.seoconsult.cz/blog/jak-vyuzivat-tiktok-pro-vas-business	branded+informational	cs
seoconsult.cz	jsem s pozdravem	100	0				https://www.seoconsult.cz/blog/11-prikladu-e-mailovych-pozdravu	informational	cs
seoconsult.cz	jaka je moje ip	80	0	3			https://www.seoconsult.cz/blog/jaka-je-moje-ip-adresa-jak-ji-mohu-vyloucit-ze-statistik-google-analytics	informational	cs
seoconsult.cz	dropshipping cz	100	0	53			https://www.seoconsult.cz/blog/jak-na-dropshipping-v-roce-2024-9-zakladnich-kroku-jak-zacit	informational+commercial	cs
seoconsult.cz	recenzi	100	0	12			https://www.seoconsult.cz/blog/jak-zvysit-pocet-pozitivnich-recenzi-na-googlu	informational+commercial	cs
seoconsult.cz	přeji pěkný den	40	0				https://www.seoconsult.cz/blog/11-prikladu-e-mailovych-pozdravu	informational	cs
seoconsult.cz	jak vytvořit firemní facebook	90	0	5			https://www.seoconsult.cz/blog/optimalizujte-svou-firemni-stranku-na-facebooku	branded+informational	cs
seoconsult.cz	co je cpc	70	0				https://www.seoconsult.cz/blog/cpc-dal-roste-ulehcete-rozpoctu-diky-optimalizaci-investic-do-google-ads	informational	cs
seoconsult.cz	on-page seo	10	69	32			https://www.seoconsult.cz/blog/13-hlavnich-nalezitosti-page-seo-ktere-musite-znat	informational	cs
seoconsult.cz	od kolika je instagram	400	0				https://www.seoconsult.cz/blog/marketing-na-instagramu-facebooku	branded+informational	cs
seoconsult.cz	kpi co to je	100	0	1			https://www.seoconsult.cz/blog/jak-odlisit-cile-od-klicovych-ukazatelu-vykonnosti	informational	cs
seoconsult.cz	ai vyznam	40	2				https://www.seoconsult.cz/blog/rostouci-vyznam-pr-pro-viditelnost-v-dobe-umele-inteligence	informational	cs
seoconsult.cz	maximální délka reels	20	15				https://www.seoconsult.cz/blog/tiktok-nebo-instagram-reels-co-je-vyhodnejsi	branded+informational	cs
seoconsult.cz	kdo má nejvíc odběratelů na youtube v čr	60	2				https://www.seoconsult.cz/blog/jak-ziskat-vice-odberatelu-na-youtube	branded+informational	cs
seoconsult.cz	instagram sledujici	100	10	34			https://www.seoconsult.cz/blog/chytre-zpusoby-jak-ziskat-vice-sledujicich-na-instagramu	branded+informational+commercial+transactional	cs
seoconsult.cz	webový archiv	20	11				https://www.seoconsult.cz/blog/jake-existuji-alternativy-ke-sluzbe-wayback-machine	informational	cs
seoconsult.cz	hledání obrázku	20	3	2			https://www.seoconsult.cz/blog/hledani-v-google-podle-obrazku-textu-soucasne	informational	cs
seoconsult.cz	co je b2c	150	0				https://www.seoconsult.cz/blog/zakladni-rozdily-mezi-b2b-b2c-marketingem	informational	cs
seoconsult.cz	google ads remarketing	150	58	30			https://www.seoconsult.cz/blog/remarketingove-strategie-google-ads-ktere-funguji	branded+informational	cs
seoconsult.cz	google rozpoznání obrázku	30	5				https://www.seoconsult.cz/blog/hledani-v-google-podle-obrazku-textu-soucasne	branded+informational	cs
seoconsult.cz	historie googlu	30	3	16			https://www.seoconsult.cz/blog/data-z-google-ads-editoru-se-nepropisuji-do-historie-reklam-na-webu-jak-resit	branded+navigational+informational	cs
seoconsult.cz	jak udelat hashtag	30	2				https://www.seoconsult.cz/blog/kompletni-pruvodce-hashtagy-na-instagramu	informational	cs
seoconsult.cz	nejvice sledujicich na instagramu	10	0	39			https://www.seoconsult.cz/blog/chytre-zpusoby-jak-ziskat-vice-sledujicich-na-instagramu	branded+informational	cs
seoconsult.cz	vyhledat obrázek pomocí google	30	3				https://www.seoconsult.cz/blog/hledani-v-google-podle-obrazku-textu-soucasne	branded+informational	cs
seoconsult.cz	jak udelat hastag	30	2				https://www.seoconsult.cz/blog/kompletni-pruvodce-hashtagy-na-instagramu	informational	cs
seoconsult.cz	anglický pozdrav v emailu	80	1				https://www.seoconsult.cz/blog/11-prikladu-e-mailovych-pozdravu	informational	cs
seoconsult.cz	mailem	100	0	14	0	6		informational	cs
seoconsult.cz	ppc specialista	500	0	336			https://www.seoconsult.cz/ppc-specialista-praha	informational	cs
seoconsult.cz	jak nastavit seo	150	1	150			https://www.seoconsult.cz/blog/jak-nastavit-wordpress-pro-uspech-v-seo	informational	cs
seoconsult.cz	zpětný odkaz	150	0	122			https://www.seoconsult.cz/blog/jak-ziskat-zpetne-odkazy-co-jsou-zpetne-odkazy-k-cemu-slouzi-jak-je-ziskat	informational	cs
seoconsult.cz	dobry den pani	40	0				https://www.seoconsult.cz/blog/11-prikladu-e-mailovych-pozdravu	informational	cs
seoconsult.cz	analýza klíčových slov	1000	2	106			https://www.seoconsult.cz/blog/15-nejlepsich-nastroju-pro-analyzu-klicovych-slov	informational	cs
seoconsult.cz	demands	20	0				https://www.seoconsult.cz/blog/co-je-demand-gen-kampan-proc-vas-mela-zajimat	informational	cs
seoconsult.cz	ppc reklama co to je	250	1	76			https://www.seoconsult.cz/ppc-reklama	informational	cs
seoconsult.cz	vyhledavac obrazku	10	3	3			https://www.seoconsult.cz/blog/hledani-v-google-podle-obrazku-textu-soucasne	informational	cs
seoconsult.cz	web seo	700	11	191			https://www.seoconsult.cz/blog/seo-web-design-vse-co-potrebujete-vedet	informational	cs
seoconsult.cz	vyhledávač obrázků	80	3	22			https://www.seoconsult.cz/blog/hledani-v-google-podle-obrazku-textu-soucasne	informational	cs
seoconsult.cz	co je cpm	60	0				https://www.seoconsult.cz/blog/udrzte-si-nizke-cpm-u-facebookovych-reklam-i-po-zavedeni-ios-14	informational	cs
seoconsult.cz	oslovení vážení	20	0				https://www.seoconsult.cz/blog/11-prikladu-e-mailovych-pozdravu	informational	cs
seoconsult.cz	hledat podle fotografie	10	4	8			https://www.seoconsult.cz/blog/hledani-v-google-podle-obrazku-textu-soucasne	informational	cs
seoconsult.cz	vyhledávač fotek	100	5	4			https://www.seoconsult.cz/blog/hledani-v-google-podle-obrazku-textu-soucasne	informational	cs
seoconsult.cz	sledujících	40	0	37			https://www.seoconsult.cz/blog/chytre-zpusoby-jak-ziskat-vice-sledujicich-na-instagramu	informational+commercial	cs
seoconsult.cz	prodej na instagramu	30	0	19			https://www.seoconsult.cz/blog/jak-zmerit-vykon-kampani-na-instagramu	branded+informational+commercial	cs
seoconsult.cz	klíčové slovo v textu	100	1				https://www.seoconsult.cz/blog/analyza-pouzivani-klicovych-slov	informational	cs
seoconsult.cz	co je lead	30	0				https://www.seoconsult.cz/blog/generovani-leadu-jak-zacit	informational	cs
seoconsult.cz	ux a ui	200	0	5			https://www.seoconsult.cz/blog/ux-vs-ui-design-rozdily-ktere-byste-meli-znat	informational	cs
seoconsult.cz	k čemu slouží hashtag	80	2				https://www.seoconsult.cz/blog/kompletni-pruvodce-hashtagy-na-instagramu	informational	cs
seoconsult.cz	jak založit business manager	150	0	110			https://www.seoconsult.cz/zalozeni-facebook-business-manageru	branded+informational	cs
seoconsult.cz	tiktok platí za sledování videí	70	0	60			https://www.seoconsult.cz/blog/statistiky-tiktoku-ktere-potrebujete-znat	branded+informational	cs
seoconsult.cz	time machine web	70	76				https://www.seoconsult.cz/blog/jake-existuji-alternativy-ke-sluzbe-wayback-machine	branded+navigational+informational	cs
seoconsult.cz	přeji hezký víkend	50	0				https://www.seoconsult.cz/blog/11-prikladu-e-mailovych-pozdravu	informational	cs
seoconsult.cz	vyhledávání v textu	20	0				https://www.seoconsult.cz/blog/je-text-alt-faktorem-hodnoceni-pro-vyhledavani-obrazku-v-googlu	informational	cs
seoconsult.cz	seznam moje firma	30	1				https://www.seoconsult.cz/blog/moje-firma-na-googlu-je-nyni-firemni-profil-google	branded+informational+commercial	cs
seoconsult.cz	cílová skupina marketing	80	0				https://www.seoconsult.cz/blog/jak-najit-sve-cilove-publikum	informational	cs
seoconsult.cz	webové vyhledávače	90	1				https://www.seoconsult.cz/blog/tajemstvi-algoritmu-internetovych-vyhledavacu	informational	cs
seoconsult.cz	přeji hezký den	300	0				https://www.seoconsult.cz/blog/11-prikladu-e-mailovych-pozdravu	informational	cs
seoconsult.cz	seznam pridat url	60	0				https://www.seoconsult.cz/blog/indexovani-webovych-stranek-vyhledavaci-jak-funguje	branded+informational	cs
seoconsult.cz	test rychlosti webu	100	32	133			https://www.seoconsult.cz/blog/jak-dukladne-otestovat-rychlost-vaseho-webu	informational	cs
seoconsult.cz	formální email vzor česky	80	0	118			https://www.seoconsult.cz/blog/11-prikladu-e-mailovych-pozdravu	informational	cs
seoconsult.cz	email jak napsat	50	0				https://www.seoconsult.cz/blog/11-prikladu-e-mailovych-pozdravu	informational	cs
seoconsult.cz	seo význam	300	4	23			https://www.seoconsult.cz/blog/klicovy-vyznam-zameru-vyhledavani-pro-seo	informational	cs
seoconsult.cz	jak napsat email doktorovi	50	0				https://www.seoconsult.cz/blog/11-prikladu-e-mailovych-pozdravu	informational	cs
seoconsult.cz	ppc reklamy	250	1	286			https://www.seoconsult.cz/ppc-reklama	informational+commercial	cs
seoconsult.cz	jak propagovat instagram	100	0	17			https://www.seoconsult.cz/proc-se-reklama-na-instagramu-vyplati-jak-za-ni-platit-mene	branded+informational+commercial	cs
seoconsult.cz	google vyhledávání podle obrázku	300	9	9			https://www.seoconsult.cz/blog/hledani-v-google-podle-obrazku-textu-soucasne	branded+informational	cs
seoconsult.cz	jak napsat email	600	0	3			https://www.seoconsult.cz/blog/11-prikladu-e-mailovych-pozdravu	informational	cs
seoconsult.cz	hledat googlem	10	34				https://www.seoconsult.cz/blog/umite-vyhledavat-na-googlu-s-nasimi-tipy-pujdete-na-jistotu	branded+informational	cs
seoconsult.cz	obchodní email vzor	60	0				https://www.seoconsult.cz/blog/11-prikladu-e-mailovych-pozdravu	informational	cs
seoconsult.cz	mailing	250	3	3			https://www.seoconsult.cz/vite-co-je-e-mailing-jak-s-nim-u-nas-vlastne-pracujeme	informational+commercial	cs
seoconsult.cz	nabízíme dropshipping	60	0	49			https://www.seoconsult.cz/blog/jak-na-dropshipping-v-roce-2024-9-zakladnich-kroku-jak-zacit	informational+commercial	cs
seoconsult.cz	jak zjistit like na instagramu	70	0				https://www.seoconsult.cz/blog/jak-zmerit-vykon-kampani-na-instagramu	branded+informational	cs
seoconsult.cz	demand	100	0	19	0	11		informational	cs
seoconsult.cz	google hledání obrázků	90	8				https://www.seoconsult.cz/blog/hledani-v-google-podle-obrazku-textu-soucasne	branded+informational	cs
seoconsult.cz	vyhledat podle obrázku	250	4	15			https://www.seoconsult.cz/blog/hledani-v-google-podle-obrazku-textu-soucasne	informational	cs
seoconsult.cz	kdy byl založen instagram	40	0				https://www.seoconsult.cz/blog/marketingova-strategie-na-instagramu	branded+informational	cs
seoconsult.cz	co je reels	150	51				https://www.seoconsult.cz/blog/tiktok-nebo-instagram-reels-co-je-vyhodnejsi	branded+informational	cs
sovanet.cz	zpetne odkazy	400	0	122	78	1		informational+commercial	cs
sovanet.cz	analýza webu	500	0	128			https://www.sovanet.cz/analyza-struktury-webu-pouzitelnosti/	informational+commercial	cs
sovanet.cz	fmcg	500	1	18			https://www.sovanet.cz/fmcg/	informational+commercial	cs
sovanet.cz	zpětné odkazy	150	0	122	19	3		informational+commercial	cs
sovanet.cz	linkbulding	350	0	118	17	6		informational	cs
sovanet.cz	analýza webových stránek	150	0	127			https://www.sovanet.cz/analyza-struktury-webu-pouzitelnosti/	informational+commercial	cs
sovanet.cz	ambient marketing	40	0		14	3	https://www.sovanet.cz/slovnik-internetovych-pojmu/a/ambient-marketing/	informational	cs
sovanet.cz	linkbuildingu	200	1		12	5		informational	cs
sovanet.cz	analyza webu	150	0	95			https://www.sovanet.cz/analyza-struktury-webu-pouzitelnosti/	informational+commercial	cs
sovanet.cz	https	4700	12	6			https://www.sovanet.cz/https-a-co-je-treba-si-ohlidat/	informational	cs
sovanet.cz	seo strategie	100	0	83	6	6		informational+commercial	cs
sovanet.cz	link building	150	48	139	5	7		informational+commercial	cs
sovanet.cz	robot txt	50	0	7	5	3		informational	cs
sovanet.cz	barter	900	3	1			https://www.sovanet.cz/slovnik-internetovych-pojmu/b/barter/	informational	cs
sovanet.cz	user generated content	80	0	23	4	4		informational	cs
sovanet.cz	nástroj na seo	1900	0		2	22		informational+commercial	cs
sovanet.cz	uživatelské testování	200	0	50			https://www.sovanet.cz/uzivatelske-testovani/	informational	cs
sovanet.cz	referenční marketing	30	0		2	5	https://www.sovanet.cz/novinka-ze-sveta-onlinu-referencni-marketing/	informational+commercial	cs
sovanet.cz	cíle marketingu	60	0		2	9	https://www.sovanet.cz/definuj-cil-pochop-zpusob-dosazeni/	informational	cs
sovanet.cz	https protokol	90	0	121	2	8		informational	cs
sovanet.cz	marketingové služby	100	0	141			https://www.sovanet.cz/komplexni-online-marketingove-sluzby/	local+informational+commercial	cs
sovanet.cz	buzz marketing	100	0	66			https://www.sovanet.cz/slovnik-internetovych-pojmu/b/buzzmarketing/	informational	cs
sovanet.cz	co je to barter	50	1				https://www.sovanet.cz/slovnik-internetovych-pojmu/b/barter/	informational	cs
sovanet.cz	barter význam	20	1				https://www.sovanet.cz/slovnik-internetovych-pojmu/b/barter/	informational	cs
sovanet.cz	co je https	50	0		1	8	https://www.sovanet.cz/proc-se-hodi-prejit-na-https/	informational	cs
sovanet.cz	fmcg sektor	30	0				https://www.sovanet.cz/fmcg/	informational	cs
sovanet.cz	co je barter	80	1				https://www.sovanet.cz/slovnik-internetovych-pojmu/b/barter/	informational	cs
sovanet.cz	atl komunikace	60	0				https://www.sovanet.cz/slovnik-internetovych-pojmu/a/atl/	informational	cs
sovanet.cz	guerrilla marketing	90	0	14			https://www.sovanet.cz/slovnik-internetovych-pojmu/a/ambient-marketing/	informational	cs
sovanet.cz	media plan	60	0				https://www.sovanet.cz/media-plany-poznejte-skutecnou-prilezitost-nafouknute-bublin/	informational+commercial	cs
sovanet.cz	media plán	70	0				https://www.sovanet.cz/media-plany-poznejte-skutecnou-prilezitost-nafouknute-bublin/	informational+commercial	cs
sovanet.cz	linkbuilding seo	200	0	130			https://www.sovanet.cz/linkbuilding/	informational+commercial	cs
sovanet.cz	swot	900	0	16	0	6		informational	cs
sovanet.cz	audit webu	80	0	115			https://www.sovanet.cz/vyzkousejte-audit-webu-zdarma/	informational+commercial	cs
sovanet.cz	+420 389 010 422	30	0				https://essox-staging.sovanet.cz/dulezite-informace	local+informational	cs
sovanet.cz	je telefonní číslo osobní údaj	40	0				https://www.sovanet.cz/co-musite-vedet-o-gdpr/	informational	cs
sovanet.cz	smart cile priklad	10	0		0	5		informational	cs
sovanet.cz	page rank	100	22	67	0	7		branded+informational	cs
sovanet.cz	tagování	10	0		0	8		informational	cs
sovanet.cz	btl co to je	10	0				https://www.sovanet.cz/slovnik-internetovych-pojmu/b/btl/	branded+informational+commercial	cs
sovanet.cz	struktura webu	600	0	65	0	27		informational	cs
sovanet.cz	https //	8500	12	11			https://www.sovanet.cz/https-a-co-je-treba-si-ohlidat/	informational	cs
sovanet.cz	linkedin sales navigator	200	17	19			https://www.sovanet.cz/perks-of-using-linkedin-s-sales-navigator/	branded+informational+commercial+transactional	cs
sovanet.cz	bounce rate co to je	200	0				https://www.sovanet.cz/slovnik-internetovych-pojmu/b/bounce-rate/	informational	cs
sovanet.cz	dvakrát měř jednou řež	100	0				https://www.sovanet.cz/dvakrat-mer-jednou-rez-aneb-technicka-analyza/	informational	cs
sovanet.cz	seo agentury	600	1		0	30		local+informational+commercial	cs
sovanet.cz	rozměry bannerů google ads	30	0	60			https://www.sovanet.cz/velke-srovnani-povolenych-formatu/	branded+informational+commercial	cs
sovanet.cz	srank	450	0				https://www.sovanet.cz/srank/	branded+informational	cs
sovanet.cz	školení linkbuilding	300	2	43	0	29		informational+commercial	cs
sovanet.cz	facebook studio	0	0		0	8		branded+informational+commercial	cs
sovanet.cz	responzivní reklama	30	0		0	10		informational	cs
sovanet.cz	fmcg význam	0	0		0	4	https://www.sovanet.cz/fmcg/	informational	cs
sovanet.cz	sales navigator linkedin	50	23	25			https://www.sovanet.cz/perks-of-using-linkedin-s-sales-navigator/	branded+informational+commercial+transactional	cs
sovanet.cz	linkbuilding	250	2				https://www.sovanet.cz/linkbuilding/	informational	cs
sovanet.cz	jyxo	20	0				https://www.sovanet.cz/jyxo/	branded+informational	cs
sovanet.cz	marketing novinky	150	6	94			https://www.sovanet.cz/marketingove-novinky-a-tipy-srpen-2024/	informational+commercial	cs
sovanet.cz	kořenový adresář	0	0		0	6	https://www.sovanet.cz/korenovy-adresar/	informational	cs
sovanet.cz	nákup na splátky essox	60	0	231			https://essox-staging.sovanet.cz/dokumenty-ke-stazeni/nakup-na-splatky	branded+informational+commercial+transactional	cs
sovanet.cz	google adsense	350	4	65	0	6		branded+navigational+informational+transactional	cs
sovanet.cz	engagement	500	0	6	0	11		informational	cs
sovanet.cz	limity veřejných zakázek	30	0				http://kopstransparency.sovanet.cz/verejne-zakazky-1-jake-financni-limity-zakazky-maleho-rozsah/	informational	cs
sovanet.cz	smart emailing	150	1	85	0	4	https://www.sovanet.cz/co-vsechno-umi-smartemailing-a-proc-ho-pouzivame/	branded+navigational+informational+commercial	cs
sovanet.cz	guerilla marketing příklady	150	0	32			https://www.sovanet.cz/trendy-online-marketingu/	informational	cs
sovanet.cz	essox půjčka podmínky	60	0	55			https://essox-staging.sovanet.cz/dokumenty-ke-stazeni/nakup-na-splatky	branded+informational+commercial	cs
sovanet.cz	swot metoda	100	0	4			https://www.sovanet.cz/swot-analyza/	informational	cs
sovanet.cz	http https://	1000	0				https://www.sovanet.cz/https-a-co-je-treba-si-ohlidat/	informational	cs
sovanet.cz	sklik bannery	50	0	93			https://www.sovanet.cz/velke-srovnani-povolenych-formatu/	branded+informational+commercial	cs
sovanet.cz	be real aplikace	30	0				https://www.sovanet.cz/bereal-aneb-dokonale-ne-dokonala-aplikace/	branded+informational	cs
sovanet.cz	essox splátky	30	1	60			https://essox-staging.sovanet.cz/dokumenty-ke-stazeni/nakup-na-splatky	branded+informational+commercial+transactional	cs
sovanet.cz	ctr marketing	80	0	11			https://www.sovanet.cz/slovnik-internetovych-pojmu/c/click-through-rate-ctr/	informational	cs
sovanet.cz	mediální plán	20	0				https://www.sovanet.cz/media-plany-poznejte-skutecnou-prilezitost-nafouknute-bublin/	informational	cs
sovanet.cz	smartmailing	150	0	55	0	4	https://www.sovanet.cz/co-vsechno-umi-smartemailing-a-proc-ho-pouzivame/	branded+navigational+informational+commercial	cs
sovanet.cz	cílová skupina marketing	80	0				https://www.sovanet.cz/slovnik-internetovych-pojmu/c/cilova-skupina/	informational	cs
sovanet.cz	ttps	30	0		0	5		informational	cs
sovanet.cz	ambush marketing	40	0	17			https://www.sovanet.cz/slovnik-internetovych-pojmu/a/ambush-marketing/	informational	cs
sovanet.cz	seo linkbuilding	150	0	117			https://www.sovanet.cz/linkbuilding/	informational+commercial	cs
sovanet.cz	direct mail	70	0	74	0	9		informational	cs
sovanet.cz	essox eshopy	50	2	158			https://essox-staging.sovanet.cz/nakupy-on-line	branded+informational+commercial+transactional	cs
sovanet.cz	webgarant	20	0				https://www.sovanet.cz/web-garant/	branded+local+informational+commercial	cs
sovanet.cz	obsahová reklama	200	0	24			https://www.sovanet.cz/obsahova-sit/	informational+commercial	cs
sovanet.cz	bartrový obchod	10	3				https://www.sovanet.cz/slovnik-internetovych-pojmu/b/barter/	informational	cs
sovanet.cz	seo nástroje	600	0	68	0	15		informational+commercial	cs
sovanet.cz	interní komunikace	150	0	97			https://www.sovanet.cz/digitalizace-interni-komunikace-jak-zefektivnit-praci-zamestnancu/	informational+commercial	cs
sovanet.cz	zkratka url	70	1				https://www.sovanet.cz/co-jsou-utm-parametry-a-jak-mi-pomuzou/	informational+commercial	cs
sovanet.cz	utm parametry	150	0	13			https://www.sovanet.cz/co-jsou-utm-parametry-a-jak-mi-pomuzou/	informational+commercial	cs
sovanet.cz	klíčová slova seo	150	0	147			https://www.sovanet.cz/faktory-ovlivnujici-seo-a-jak-na-ne-vyzrat/	informational	cs
sovanet.cz	ad sense	10	24	116			https://www.sovanet.cz/slovnik-internetovych-pojmu/a/adsense-google-adsense/	branded+navigational+informational+transactional	cs
sovanet.cz	sklik logo	150	4				https://www.sovanet.cz/velke-srovnani-povolenych-formatu/	branded+informational+commercial	cs
sovanet.cz	pracovni portal	60	72	7			https://www.sovanet.cz/pracovni-portal-klasicke-mobilni-verzi/	informational+commercial	cs
sovanet.cz	35-3042380287/0100	50	0				https://essox-staging.sovanet.cz/uver-na-auto	branded+local+informational	cs
sovanet.cz	adwords	500	0	86	0	7	https://www.sovanet.cz/slovnik-internetovych-pojmu/a/adwords-google-adwords/	branded+informational+commercial	cs
sovanet.cz	canva cz	100	0				https://www.sovanet.cz/tipy-na-uzitecne-nastroje/	branded+navigational+informational+commercial	cs
sovanet.cz	co je dns	350	0	4			https://www.sovanet.cz/dns/	informational	cs
sovanet.cz	marketingový audit	10	0	69			https://www.sovanet.cz/doc/audity_online_marketingu_sova_navigator.pdf	informational	cs
sovanet.cz	http 404	200	1	8			https://www.sovanet.cz/zkrotit-stranky-chybou-404/	informational	cs
sovanet.cz	plánovač klíčových slov google	150	0	50			https://www.sovanet.cz/jak-na-analyzu-klicovych-slov-a-konkurence/	branded+informational	cs
sovanet.cz	ga 4	150	69	87			https://www.sovanet.cz/googleanalytics4/	branded+informational	cs
sovanet.cz	cookies lista	20	3	27			https://www.sovanet.cz/cookie-lista-aneb-dodrzovat-pravidla-s-nami-se-vyplati/	informational	cs
sovanet.cz	webový vyhledávač	150	0	6			https://www.sovanet.cz/fulltextove-vyhledavace/	informational	cs
sovanet.cz	hoax	900	0	5	0	13		informational	cs
sovanet.cz	kb spotřebitelský úvěr	80	0	97			https://essox-staging.sovanet.cz/nakupy-on-line	informational+commercial+transactional	cs
sovanet.cz	smartemailing	1800	0	99	0	6	https://www.sovanet.cz/co-vsechno-umi-smartemailing-a-proc-ho-pouzivame/	branded+navigational+informational+commercial	cs
sovanet.cz	online marketing agentura	150	24	114			https://www.sovanet.cz/online-marketing/	local+informational+commercial	cs
sovanet.cz	canva co to je	150	0				https://www.sovanet.cz/tipy-na-uzitecne-nastroje/	branded+informational	cs
sovanet.cz	click through rate	40	66	10			https://www.sovanet.cz/slovnik-internetovych-pojmu/c/click-through-rate-ctr/	informational	cs
sovanet.cz	vyhledavace	250	1	15			https://www.sovanet.cz/fulltextove-vyhledavace/	informational	cs
sovanet.cz	dvoufázové ověření	250	2	17			https://www.sovanet.cz/dvoufazove-overeni/	informational	cs
sovanet.cz	velikost banneru	80	0	14			https://www.sovanet.cz/velke-srovnani-povolenych-formatu/	informational+commercial	cs
sovanet.cz	data studio google	10	17	230			https://www.sovanet.cz/google-data-studio-nove-v-cr/	branded+navigational+informational	cs
sovanet.cz	mediaplan	100	0				https://www.sovanet.cz/media-plany-poznejte-skutecnou-prilezitost-nafouknute-bublin/	informational+commercial	cs
sovanet.cz	internetový	30	8	21			https://www.sovanet.cz/spuntik/	informational+commercial	cs
sovanet.cz	co je to gdpr	30	11	18			https://www.sovanet.cz/co-musite-vedet-o-gdpr/	branded+informational	cs
sovanet.cz	see think do care	150	0	23			https://www.sovanet.cz/see-think-do-care/	informational	cs
sovanet.cz	5994130217/0100	70	0				https://essox-staging.sovanet.cz/uver-na-auto	informational	cs
sovanet.cz	adsence	80	88	41			https://www.sovanet.cz/slovnik-internetovych-pojmu/a/adsense-google-adsense/	branded+navigational+informational+transactional	cs
sovanet.cz	b2g	200	0	9			https://www.sovanet.cz/slovnik-internetovych-pojmu/b/b2g/	informational	cs
sovanet.cz	google zboží	50	2	2			https://www.sovanet.cz/15-tipu-jak-na-nakupy-google/	branded+informational+commercial	cs
sovanet.cz	analýza klíčových slov	1000	2	106			https://www.sovanet.cz/analyza-klicovych-slov/	informational	cs
sovanet.cz	adwords google	20	27	32			https://www.sovanet.cz/slovnik-internetovych-pojmu/a/adwords-google-adwords/	branded+informational+commercial	cs
sovanet.cz	essox leasing	20	0	39			https://essox-staging.sovanet.cz/ds	branded+informational+commercial	cs
sovanet.cz	chyba 404	250	0	2			https://www.sovanet.cz/zkrotit-stranky-chybou-404/	informational	cs
sovanet.cz	nákupy google	70	2	29			https://www.sovanet.cz/15-tipu-jak-na-nakupy-google/	branded+informational+commercial	cs
sovanet.cz	dns servery	150	14	24			https://www.sovanet.cz/dns/	informational	cs
sovanet.cz	essox	2300	0	132			https://essox-staging.sovanet.cz/dulezite-informace	branded+informational+commercial	cs
sovanet.cz	starkl zahradnictví	100	0	14			https://www.sovanet.cz/nejvetsi-online-zahradnictvi-v-cr-eshop-web/	branded+local+navigational+informational+commercial	cs
sovanet.cz	bere.al	0	7				https://www.sovanet.cz/bereal-aneb-dokonale-ne-dokonala-aplikace/	branded+navigational+informational	cs
sovanet.cz	aktualizace chrome	250	5	78			https://www.sovanet.cz/aktualizace-google-chrome-prechod-na-https/	branded+informational	cs
sovanet.cz	https//	50	11				https://www.sovanet.cz/https-a-co-je-treba-si-ohlidat/	informational	cs
sovanet.cz	vektorova grafika	200	0	20			https://www.sovanet.cz/vektorova-grafika/	informational	cs
sovanet.cz	google data	60	84	57			https://www.sovanet.cz/google-data-studio-nove-v-cr/	branded+informational	cs
sovanet.cz	sklik klíčová slova	70	0	27			https://www.sovanet.cz/postrehy-z-sklik-expert-forum-2020/	branded+informational+commercial	cs
sovanet.cz	nakupy google	60	2	263			https://www.sovanet.cz/15-tipu-jak-na-nakupy-google/	branded+informational+commercial	cs
sovanet.cz	ctr	900	2	12			https://www.sovanet.cz/slovnik-internetovych-pojmu/c/click-through-rate-ctr/	informational+commercial	cs
sovanet.cz	google plus	300	22	137			https://www.sovanet.cz/nova-socialni-sit-google/	branded+informational+commercial	cs
sovanet.cz	google data studio	350	26	62			https://www.sovanet.cz/google-data-studio-nove-v-cr/	branded+navigational+informational	cs
sovanet.cz	ga4	600	90	67			https://www.sovanet.cz/googleanalytics4/	branded+informational+commercial	cs
sovanet.cz	data studio	150	9	78			https://www.sovanet.cz/google-data-studio-nove-v-cr/	branded+navigational+informational+commercial	cs
sovanet.cz	datastudio	50	9	78			https://www.sovanet.cz/google-data-studio-nove-v-cr/	branded+navigational+informational	cs
sovanet.cz	co je be real	0	0				https://www.sovanet.cz/bereal-aneb-dokonale-ne-dokonala-aplikace/	branded+informational	cs
sovanet.cz	jak funguje bereal	0	0				https://www.sovanet.cz/bereal-aneb-dokonale-ne-dokonala-aplikace/	branded+informational	cs
sovanet.cz	co je bereal	0	0				https://www.sovanet.cz/bereal-aneb-dokonale-ne-dokonala-aplikace/	branded+informational	cs
sovanet.cz	be real co to je	0	0				https://www.sovanet.cz/bereal-aneb-dokonale-ne-dokonala-aplikace/	branded+informational	cs
sovanet.cz	nová sociální síť	0	0	37	0	6		branded+informational	cs
sovanet.cz	aktualizovat google chrome	0	3	24			https://www.sovanet.cz/aktualizace-google-chrome-prechod-na-https/	branded+informational	cs
sovanet.cz	https/bezpečnost/	0	0		0	4		informational	cs
strafelda.cz	email marketing	3500	0	218	1398	2	https://www.strafelda.cz/email-marketing	informational+commercial	cs
strafelda.cz	zavinac	14000	0	2	1122	3	https://www.strafelda.cz/zavinac	informational	cs
strafelda.cz	zavináč	19000	0	1	745	4	https://www.strafelda.cz/zavinac	informational	cs
strafelda.cz	hashtag	16000	0	10	623	1	https://www.strafelda.cz/hashtag	informational	cs
strafelda.cz	nástroj na seo	1900	0		194	1		informational+commercial	cs
strafelda.cz	crm	3500	7	130			https://www.strafelda.cz/crm	informational+commercial	cs
strafelda.cz	obsahová strategie	250	0	99			https://www.strafelda.cz/obsahova-strategie	informational+commercial	cs
strafelda.cz	roi	1000	0	18	135	1	https://www.strafelda.cz/roi	informational	cs
strafelda.cz	url odkaz	1900	4				https://www.strafelda.cz/url	informational+commercial	cs
strafelda.cz	chat gpt-4	2200	0	1	123	5		branded+informational	cs
strafelda.cz	https	4700	12	6			https://www.strafelda.cz/https	informational	cs
strafelda.cz	seo nástroje	600	0	68	118	3	https://www.strafelda.cz/seo-nastroje	informational+commercial	cs
strafelda.cz	marketing seo	300	2	83			https://www.strafelda.cz/seo	informational	cs
strafelda.cz	co je url	600	0		106	1	https://www.strafelda.cz/url	informational	cs
strafelda.cz	seo optimalizace pro vyhledávače	500	3	167			https://www.strafelda.cz/seo	informational+commercial	cs
strafelda.cz	https //	8500	12	11			https://www.strafelda.cz/https	informational	cs
strafelda.cz	seo url	200	61				https://www.strafelda.cz/seo-friendly-url	informational	cs
strafelda.cz	crm system	1300	1	131			https://www.strafelda.cz/crm	informational+commercial	cs
strafelda.cz	crm systém	1100	0	131			https://www.strafelda.cz/crm	informational+commercial	cs
strafelda.cz	linkbuilding seo	300	6	130	68	1	https://www.strafelda.cz/linkbuilding	informational+commercial	cs
strafelda.cz	zlatý řez	1300	0	7	65	1	https://www.strafelda.cz/zlaty-rez	informational	cs
strafelda.cz	ui	2600	45	25	61	1	https://www.strafelda.cz/ui	informational	cs
strafelda.cz	seo copywriter	450	0	71			https://www.strafelda.cz/seo-copywriting	informational+commercial	cs
strafelda.cz	počet zpětných odkazů	200	0	275	56	1		informational	cs
strafelda.cz	hastag	1200	2	34	55	1	https://www.strafelda.cz/hashtag	informational	cs
strafelda.cz	seo linkbuilding	150	6	117	54	1	https://www.strafelda.cz/linkbuilding	informational+commercial	cs
strafelda.cz	copywriter seo	500	0	127	53	1		informational	cs
strafelda.cz	content hub	100	1				https://www.strafelda.cz/content-hub	branded+informational+commercial	cs
strafelda.cz	linkbulding	350	0	118	48	2		informational	cs
strafelda.cz	seo nástroj	500	1	68	48	5	https://www.strafelda.cz/seo-nastroje	informational+commercial	cs
strafelda.cz	kpi	2800	1	11	46	6	https://www.strafelda.cz/kpi	informational	cs
strafelda.cz	frontend	700	0	91	46	1	https://www.strafelda.cz/frontend	informational+commercial	cs
strafelda.cz	url	1700	3	27	45	4	https://www.strafelda.cz/url	informational	cs
strafelda.cz	ppv	2300	48	31			https://www.strafelda.cz/ppv	informational+commercial+transactional	cs
strafelda.cz	technické seo	150	0	58	43	1	https://www.strafelda.cz/technicke-seo	informational+commercial	cs
strafelda.cz	mailing	250	3	3			https://www.strafelda.cz/mailing	informational+commercial	cs
strafelda.cz	adresa url	90	0		42	1	https://www.strafelda.cz/url	informational	cs
strafelda.cz	linkbuilding zdarma	150	1		42	1		informational+commercial	cs
strafelda.cz	moodboard	1100	48	16	42	5	https://www.strafelda.cz/moodboard	informational+commercial	cs
strafelda.cz	zavináč znak	150	2	1	41	1	https://www.strafelda.cz/zavinac	informational	cs
strafelda.cz	co je crm	350	1	32			https://www.strafelda.cz/crm	informational	cs
strafelda.cz	url adresa	250	0	87	40	2	https://www.strafelda.cz/url	informational	cs
strafelda.cz	ab testování	500	0	29			https://www.strafelda.cz/a-b-testovani	informational	cs
strafelda.cz	wysiwyg	250	38	32	39	1	https://www.strafelda.cz/wysiwyg	informational+commercial	cs
strafelda.cz	seo marketing	1200	4	171			https://www.strafelda.cz/seo	informational+commercial	cs
strafelda.cz	on page	450	0	11			https://www.strafelda.cz/on-page-faktory	informational	cs
strafelda.cz	co je to crm	200	1	29	34	2	https://www.strafelda.cz/crm	informational	cs
strafelda.cz	zavináč zkratka	1400	1	1	33	4	https://www.strafelda.cz/zavinac	informational	cs
strafelda.cz	crm program	400	5	139			https://www.strafelda.cz/crm	informational+commercial	cs
strafelda.cz	výpočet roi	450	1	25	32	4	https://www.strafelda.cz/roi	informational	cs
strafelda.cz	microcopy	80	13		32	1	https://www.strafelda.cz/microcopy	informational+commercial	cs
strafelda.cz	co je roi	700	0	7	31	3	https://www.strafelda.cz/roi	informational	cs
strafelda.cz	marketingová strategie	300	2	94	31	1	https://www.strafelda.cz/marketingova-strategie	informational+commercial	cs
strafelda.cz	redirect 301	100	75	20			https://www.strafelda.cz/presmerovani-301	informational	cs
strafelda.cz	co je to url	200	1		30	1	https://www.strafelda.cz/url	informational	cs
strafelda.cz	co znamena url	90	0		29	1	https://www.strafelda.cz/url	informational	cs
strafelda.cz	rfm	100	3	19			https://www.strafelda.cz/rfm-segmentace	informational+commercial	cs
strafelda.cz	meta keywords	90	56	38	28	1	https://www.strafelda.cz/meta-tag-keywords	informational	cs
strafelda.cz	audit webu	100	0	115	27	1	https://www.strafelda.cz/audit-webu	informational+commercial	cs
strafelda.cz	favicon	1000	71	19			https://www.strafelda.cz/favicon-ico	informational	cs
strafelda.cz	linkbuilding	150	0		26	1	https://www.strafelda.cz/linkbuilding	informational	cs
strafelda.cz	co je server	200	36	58	26	1	https://www.strafelda.cz/server	informational	cs
strafelda.cz	marketingové kanály	90	0	39	26	1	https://www.strafelda.cz/marketingovy-kanal	informational+commercial	cs
strafelda.cz	301 redirect	90	59	12			https://www.strafelda.cz/presmerovani-301	informational	cs
strafelda.cz	seo vyznam	350	4	11	25	5	https://www.strafelda.cz/seo	informational	cs
strafelda.cz	subdomena	100	8	11	25	2	https://www.strafelda.cz/subdomena	informational	cs
strafelda.cz	seo optimalizace webu	300	4	309			https://www.strafelda.cz/seo	informational+commercial	cs
strafelda.cz	aida model	100	1		25	2	https://www.strafelda.cz/aida-model	informational	cs
strafelda.cz	link building	150	48	139	25	1	https://www.strafelda.cz/linkbuilding	informational+commercial	cs
strafelda.cz	nejpoužívanější internetové vyhledávače	200	0				https://www.strafelda.cz/vyhledavac	informational	cs
strafelda.cz	cx	450	0	6	24	3	https://www.strafelda.cz/cx	informational	cs
strafelda.cz	seo nástroje zdarma	300	1	66	24	4		informational+commercial	cs
strafelda.cz	co je to html	250	2				https://www.strafelda.cz/html	informational	cs
strafelda.cz	vyhledávač	900	12	4			https://www.strafelda.cz/vyhledavac	informational	cs
strafelda.cz	seo prakticky	700	0	37			https://www.strafelda.cz/titulek-stranky	branded+local+navigational+informational+commercial	cs
strafelda.cz	ahrefs	1700	33	200			https://www.strafelda.cz/ahrefs	branded+informational+commercial	cs
strafelda.cz	seo optimalizace	350	4	187	22	4	https://www.strafelda.cz/seo	informational	cs
strafelda.cz	smtp server	200	39	66	22	2	https://www.strafelda.cz/smtp	informational+commercial	cs
strafelda.cz	co je ui	150	0	2	22	1	https://www.strafelda.cz/ui	informational	cs
strafelda.cz	internetový vyhledávač	300	0	72			https://www.strafelda.cz/vyhledavac	informational	cs
strafelda.cz	deep link	150	20	51			https://www.strafelda.cz/deep-link	informational	cs
strafelda.cz	seo cena	800	0	92			https://www.strafelda.cz/titulek-stranky	informational+commercial+transactional	cs
strafelda.cz	roadmapa	100	0	470	21	1	https://www.strafelda.cz/roadmapa	informational	cs
strafelda.cz	seo konzultant	900	2	209	21	3	https://www.strafelda.cz/seo-konzultant	local+informational+commercial	cs
strafelda.cz	výpočet návratnosti investice	150	40	32			https://www.strafelda.cz/roi	informational	cs
strafelda.cz	majestic seo	450	0	38	21	2	https://www.strafelda.cz/majestic	branded+navigational+informational+commercial	cs
strafelda.cz	drag and drop	150	39	41	21	1	https://www.strafelda.cz/drag-drop-editor	informational	cs
strafelda.cz	rich snippets	150	61	47			https://www.strafelda.cz/rich-snippet	informational	cs
strafelda.cz	heslo	1500	3	4			https://www.strafelda.cz/heslo	informational	cs
strafelda.cz	influencer	7600	0	17	20	10		informational+commercial	cs
strafelda.cz	co to je url	80	2		19	1	https://www.strafelda.cz/url	informational	cs
strafelda.cz	book	2600	0	62	19	5		informational+commercial	cs
strafelda.cz	linkbuildingu	200	1		19	1		informational	cs
strafelda.cz	co je mvp	250	0		19	2	https://www.strafelda.cz/mvp	informational	cs
strafelda.cz	redakční systém	80	1	25	18	1	https://www.strafelda.cz/cms	informational+commercial	cs
strafelda.cz	html co to je	200	2				https://www.strafelda.cz/html	informational	cs
strafelda.cz	copyright	900	0	21	18	1	https://www.strafelda.cz/copyright	informational	cs
strafelda.cz	e commerce	500	6	75			https://www.strafelda.cz/e-commerce	informational+commercial	cs
strafelda.cz	meta tag	200	55				https://www.strafelda.cz/meta-tag-description	informational	cs
strafelda.cz	url co to je	80	0		18	1	https://www.strafelda.cz/url	informational	cs
strafelda.cz	eye tracking	100	35	23			https://www.strafelda.cz/eye-tracking	informational+commercial	cs
strafelda.cz	url adresa co to je	90	0		18	2	https://www.strafelda.cz/url	informational	cs
strafelda.cz	smtp	600	26	90	17	1	https://www.strafelda.cz/smtp	informational	cs
strafelda.cz	znak copyright	70	0		17	1	https://www.strafelda.cz/copyright	informational	cs
strafelda.cz	doména význam	150	31	19	17	1	https://www.strafelda.cz/domena	informational	cs
strafelda.cz	cms systémy	50	0	78	16	1	https://www.strafelda.cz/cms	informational+commercial	cs
strafelda.cz	crm systém co to je	250	0	38	16	4	https://www.strafelda.cz/crm	informational	cs
strafelda.cz	vektorová grafika	600	0	21	16	1	https://www.strafelda.cz/vektorova-grafika	informational+commercial	cs
strafelda.cz	co je to lead	100	0		16	1	https://www.strafelda.cz/lead	informational	cs
strafelda.cz	mobile first	350	9		16	6		informational	cs
strafelda.cz	co je url adresa	150	0		16	1	https://www.strafelda.cz/url	informational	cs
strafelda.cz	co je to seo	400	4	21	16	1	https://www.strafelda.cz/seo	informational	cs
strafelda.cz	favicon.ico	150	83	24			https://www.strafelda.cz/favicon-ico	informational	cs
strafelda.cz	page rank	100	22	67	15	1	https://www.strafelda.cz/pagerank	branded+informational	cs
strafelda.cz	školení linkbuilding	300	2	43	15	6		informational+commercial	cs
strafelda.cz	jak funguje seo	200	2	68	15	3	https://www.strafelda.cz/seo	informational	cs
strafelda.cz	zkratka kpi	150	0				https://www.strafelda.cz/kpi	informational	cs
strafelda.cz	konverzní poměr výpočet	100	0		15	1	https://www.strafelda.cz/konverzni-pomer	informational	cs
strafelda.cz	subdoména	70	8	17	15	1	https://www.strafelda.cz/subdomena	informational	cs
strafelda.cz	kpi co to je	200	0	1	15	1	https://www.strafelda.cz/kpi	informational	cs
strafelda.cz	xenu link	350	3	723	14	7		branded+informational	cs
strafelda.cz	lead magnet	100	13	11	14	2	https://www.strafelda.cz/lead-magnet	informational+commercial	cs
strafelda.cz	marketingový trychtýř	100	0		14	1	https://www.strafelda.cz/marketingovy-trychtyr	informational	cs
strafelda.cz	validator	200	54	3	14	2	https://www.strafelda.cz/validator	informational	cs
strafelda.cz	optimalizace pro vyhledávače	200	1	178	14	3	https://www.strafelda.cz/seo	informational+commercial	cs
strafelda.cz	hesteg	200	2	67	14	1	https://www.strafelda.cz/hashtag	informational	cs
strafelda.cz	linkbuilding tipy	100	0		14	1		informational+commercial	cs
strafelda.cz	seo co to je	350	3	88	14	1	https://www.strafelda.cz/seo	informational	cs
strafelda.cz	co je to url adresa	100	0		13	1	https://www.strafelda.cz/url	informational	cs
strafelda.cz	co je to server	250	31	54	13	4	https://www.strafelda.cz/server	informational	cs
strafelda.cz	kpi význam	250	0	3	13	1	https://www.strafelda.cz/kpi	informational	cs
strafelda.cz	headless cms	90	65	115	13	1	https://www.strafelda.cz/headless-cms	informational	cs
strafelda.cz	long tail	150	0	12	13	1	https://www.strafelda.cz/long-tail	informational+commercial	cs
strafelda.cz	robot txt	150	10	7			https://www.strafelda.cz/robots-txt	informational	cs
strafelda.cz	metrika	80	0				https://www.strafelda.cz/metrika	branded+informational+commercial	cs
strafelda.cz	marketing email	40	58	155	13	1	https://www.strafelda.cz/email-marketing	informational+commercial	cs
strafelda.cz	seo optimalizace stránek	200	3				https://www.strafelda.cz/seo	informational+commercial	cs
strafelda.cz	co je smtp	50	0				https://www.strafelda.cz/smtp	informational	cs
strafelda.cz	cpm	700	1	6			https://www.strafelda.cz/cpm	informational+commercial	cs
strafelda.cz	crawl budget	150	23	180			https://www.strafelda.cz/crawl-budget	informational	cs
strafelda.cz	co je spam	500	15	1			https://www.strafelda.cz/spam	informational	cs
strafelda.cz	archetyp značky	60	0				https://www.strafelda.cz/archetyp-znacky	informational	cs
strafelda.cz	zpětné odkazy	150	0	122	12	1		informational+commercial	cs
strafelda.cz	co je adresa url	50	0		12	1	https://www.strafelda.cz/url	informational	cs
strafelda.cz	interface	350	0	45	12	1	https://www.strafelda.cz/ui	branded+informational	cs
strafelda.cz	bitmapová grafika	250	0	3			https://www.strafelda.cz/bitmapova-grafika	informational	cs
strafelda.cz	smpt server	40	1	97			https://www.strafelda.cz/smtp	informational	cs
strafelda.cz	front end	150	0	72			https://www.strafelda.cz/frontend	informational	cs
strafelda.cz	ab test	200	0	25			https://www.strafelda.cz/a-b-testovani	informational+commercial	cs
strafelda.cz	model aida	50	0	9	11	2	https://www.strafelda.cz/aida-model	informational	cs
strafelda.cz	lokální seo	600	0	106			https://www.strafelda.cz/lokalni-seo	informational+commercial	cs
strafelda.cz	klíčové ukazatele výkonnosti	30	0		11	1	https://www.strafelda.cz/kpi	informational	cs
strafelda.cz	zavinac znak	150	2	1	11	1	https://www.strafelda.cz/zavinac	informational	cs
strafelda.cz	affiliate program	300	12	62			https://www.strafelda.cz/affiliate-marketing	informational+commercial	cs
strafelda.cz	co znamena mvp	90	0				https://www.strafelda.cz/mvp	informational	cs
strafelda.cz	meta tags	150	79	34			https://www.strafelda.cz/meta-tagy	informational	cs
strafelda.cz	marketing strategie	150	1	55			https://www.strafelda.cz/marketingova-strategie	informational+commercial	cs
strafelda.cz	rfm segmentace	30	0	68	10	1	https://www.strafelda.cz/rfm-segmentace	informational+commercial	cs
strafelda.cz	zavinač	800	34	2	10	4	https://www.strafelda.cz/zavinac	informational	cs
strafelda.cz	intranet	5900	0	51	10	10		informational	cs
strafelda.cz	vyhledávač zboží	150	56	16	10	6	https://www.strafelda.cz/vyhledavac-zbozi	informational+commercial	cs
strafelda.cz	meta popis	350	0	6			https://www.strafelda.cz/meta-tag-description	informational	cs
strafelda.cz	graficky navrh	200	0	28	10	7		local+informational+commercial+transactional	cs
strafelda.cz	optimalizace seo	250	4	235	10	5	https://www.strafelda.cz/seo	informational	cs
strafelda.cz	funnel	800	0	46	10	6	https://www.strafelda.cz/marketingovy-trychtyr	branded+informational+commercial	cs
strafelda.cz	meta robots	50	13		10	2	https://www.strafelda.cz/meta-tag-robots	informational	cs
strafelda.cz	validní	90	0				https://www.strafelda.cz/validita	informational	cs
strafelda.cz	co je crm systém	250	0	26	10	5	https://www.strafelda.cz/crm	informational	cs
strafelda.cz	affiliate link	150	28	45			https://www.strafelda.cz/affiliate-odkaz	informational+commercial	cs
strafelda.cz	seo webu	250	2	175			https://www.strafelda.cz/seo	informational	cs
strafelda.cz	ssi index	80	0	60			https://www.strafelda.cz/ssi	branded+informational	cs
strafelda.cz	znak zavináč	200	1	1	9	1	https://www.strafelda.cz/zavinac	informational	cs
strafelda.cz	co znamená mvp	90	0				https://www.strafelda.cz/mvp	informational	cs
strafelda.cz	konverze	900	6	12			https://www.strafelda.cz/konverze	informational	cs
strafelda.cz	vyhledávače	200	0	3	9	1	https://www.strafelda.cz/vyhledavac	informational	cs
strafelda.cz	co znamená url	60	0		9	1	https://www.strafelda.cz/url	informational	cs
strafelda.cz	co je http	60	0		9	1	https://www.strafelda.cz/http	informational	cs
strafelda.cz	copyright znak	30	0	57	9	1	https://www.strafelda.cz/copyright	informational	cs
strafelda.cz	rfm analýza	80	0	68			https://www.strafelda.cz/rfm-segmentace	informational	cs
strafelda.cz	internetová adresa	40	1	117			https://www.strafelda.cz/url	informational	cs
strafelda.cz	co je doména	250	35	34	9	1		informational	cs
strafelda.cz	newsletter co to je	150	0	29			https://www.strafelda.cz/newsletter	informational	cs
strafelda.cz	co znamena spam	80	14				https://www.strafelda.cz/spam	informational	cs
strafelda.cz	ssi linkedin	150	1	145	8	1	https://www.strafelda.cz/ssi	branded+informational	cs
strafelda.cz	e mail marketing	60	0	150	8	1	https://www.strafelda.cz/email-marketing	informational+commercial	cs
strafelda.cz	preheader	50	0				https://www.strafelda.cz/preheader	informational	cs
strafelda.cz	xml sitemap	150	91	77			https://www.strafelda.cz/sitemap-xml	informational+commercial	cs
strafelda.cz	co je to intranet	80	0	65			https://www.strafelda.cz/intranet	informational	cs
strafelda.cz	lead generation	250	12	86	8	1		informational+commercial	cs
strafelda.cz	xhtml	100	0	4	8	4	https://www.strafelda.cz/xhtml	informational	cs
strafelda.cz	copywriting seo	90	0	71	8	4	https://www.strafelda.cz/seo-copywriting	informational	cs
strafelda.cz	drobečková navigace	100	0		8	3	https://www.strafelda.cz/drobeckova-navigace	informational	cs
strafelda.cz	front-end	90	0	5			https://www.strafelda.cz/frontend	informational+commercial	cs
strafelda.cz	co je to spam	450	14	1			https://www.strafelda.cz/spam	informational	cs
strafelda.cz	konverze význam	150	0		8	1	https://www.strafelda.cz/konverze	informational	cs
strafelda.cz	script	500	67	5	8	1		informational	cs
strafelda.cz	qr	1600	16	18	8	1	https://www.strafelda.cz/qr-kod	informational	cs
strafelda.cz	tooltip	200	32	3	8	1	https://www.strafelda.cz/tooltip	informational	cs
strafelda.cz	marketingova strategie	90	1	92	8	4	https://www.strafelda.cz/marketingova-strategie	informational+commercial	cs
strafelda.cz	co je karusel	60	0		8	1	https://www.strafelda.cz/karusel	informational	cs
strafelda.cz	jak udělat analýzu klíčových slov	90	3	54	8	1		informational	cs
strafelda.cz	zpětný odkaz	100	0	122	8	3	https://www.strafelda.cz/zpetny-odkaz	informational	cs
strafelda.cz	crm co to je	300	1	27	8	5	https://www.strafelda.cz/crm	informational	cs
strafelda.cz	url zkratka	200	1				https://www.strafelda.cz/url	informational	cs
strafelda.cz	webová adresa	40	1	117			https://www.strafelda.cz/url	informational	cs
strafelda.cz	xenu	70	5		7	1	https://www.strafelda.cz/xenu	informational	cs
strafelda.cz	seo copywriting	250	2	86	7	9	https://www.strafelda.cz/seo-copywriting	informational+commercial	cs
strafelda.cz	ecommerce	600	6	69			https://www.strafelda.cz/e-commerce	informational+commercial	cs
strafelda.cz	konverzní poměr	150	0	16	7	1	https://www.strafelda.cz/konverzni-pomer	informational+commercial	cs
strafelda.cz	zlatý řez obličej	30	0		7	2	https://www.strafelda.cz/zlaty-rez	informational	cs
strafelda.cz	remarketing co to je	60	0				https://www.strafelda.cz/remarketing	informational	cs
strafelda.cz	meta tag description	20	86	77	7	1	https://www.strafelda.cz/meta-tag-description	informational	cs
strafelda.cz	noindex nofollow	80	13		7	4	https://www.strafelda.cz/meta-tag-robots	informational	cs
strafelda.cz	kpi zkratka	300	0	7	7	1	https://www.strafelda.cz/kpi	informational	cs
strafelda.cz	seo seo	100	7	143			https://www.strafelda.cz/seo	local+informational+commercial	cs
strafelda.cz	spam co to je	250	15	1			https://www.strafelda.cz/spam	informational	cs
strafelda.cz	seo software	60	70				https://www.strafelda.cz/seo-nastroje	informational+commercial	cs
strafelda.cz	co je hashtag	250	3		7	6	https://www.strafelda.cz/hashtag	informational	cs
strafelda.cz	odkazy	350	1	4	7	2		informational	cs
strafelda.cz	ctr	1200	28	12	7	12	https://www.strafelda.cz/ctr	informational+commercial	cs
strafelda.cz	seo - marketing	600	34	159	7	15		informational	cs
strafelda.cz	ajax na podlahy	250	0	14			https://www.strafelda.cz/ajax	branded+informational+commercial+transactional	cs
strafelda.cz	emailing marketing	100	10	155	7	2	https://www.strafelda.cz/email-marketing	informational+commercial	cs
strafelda.cz	html tag	150	55				https://www.strafelda.cz/html-tag	informational	cs
strafelda.cz	user agent	150	78				https://www.strafelda.cz/user-agent	informational	cs
strafelda.cz	gzip	50	50				https://www.strafelda.cz/gzip	branded+informational	cs
strafelda.cz	seo market	80	17	114			https://www.strafelda.cz/seo	informational+commercial	cs
strafelda.cz	roi výpočet	100	4	28	7	6	https://www.strafelda.cz/roi	informational	cs
strafelda.cz	html banner	20	0				https://www.strafelda.cz/html-banner	informational	cs
strafelda.cz	customer lifetime value	30	45	16			https://www.strafelda.cz/clv	informational	cs
strafelda.cz	vyhledávače internetu	200	0	21			https://www.strafelda.cz/vyhledavac	informational	cs
strafelda.cz	systém crm	200	1	99			https://www.strafelda.cz/crm	informational+commercial	cs
strafelda.cz	atribut	250	0				https://www.strafelda.cz/html-atribut	informational	cs
strafelda.cz	crm zkratka	70	3	39			https://www.strafelda.cz/crm	informational	cs
strafelda.cz	formát json	40	1				https://www.strafelda.cz/json	informational	cs
strafelda.cz	cms system	100	35	56	6	3	https://www.strafelda.cz/cms	informational	cs
strafelda.cz	co je to http	50	0		6	2	https://www.strafelda.cz/http	informational	cs
strafelda.cz	co je qr kód	50	2	4	6	1	https://www.strafelda.cz/qr-kod	informational	cs
strafelda.cz	seo zkratka	150	2	19	6	4	https://www.strafelda.cz/seo	informational	cs
strafelda.cz	hastagy	60	1	6	6	1	https://www.strafelda.cz/hashtag	informational	cs
strafelda.cz	zlaty řez	80	0				https://www.strafelda.cz/zlaty-rez	informational	cs
strafelda.cz	meta tagy	100	0		6	3	https://www.strafelda.cz/meta-tagy	informational	cs
strafelda.cz	výkonostní marketing	90	0		6	5	https://www.strafelda.cz/vykonnostni-marketing	informational+commercial	cs
strafelda.cz	typy cookies	50	0	22	6	3	https://www.strafelda.cz/cookies	informational	cs
strafelda.cz	bidding	150	0	82	6	1	https://www.strafelda.cz/bidding	informational+commercial	cs
strafelda.cz	seo titulek	80	0	48			https://www.strafelda.cz/titulek-stranky	informational	cs
strafelda.cz	mapa stránek	90	0		6	3	https://www.strafelda.cz/mapa-webu-sitemap	informational	cs
strafelda.cz	co je konverze	200	1	42	6	5	https://www.strafelda.cz/konverze	informational	cs
strafelda.cz	testimonial	100	0	84			https://www.strafelda.cz/testimonial	informational+commercial	cs
strafelda.cz	road mapa	40	0		6	1	https://www.strafelda.cz/roadmapa	informational+commercial	cs
strafelda.cz	marketingová strategie vzor	60	0	57	6	5	https://www.strafelda.cz/marketingova-strategie	informational	cs
strafelda.cz	.html	70	18				https://www.strafelda.cz/html	informational	cs
strafelda.cz	captcha	800	12	62	5	7	https://www.strafelda.cz/captcha	branded+informational	cs
strafelda.cz	xenu link sleuth	250	0		5	11	https://www.strafelda.cz/xenu	branded+informational+commercial+transactional	cs
strafelda.cz	cross selling co to je	40	0				https://www.strafelda.cz/cross-selling	informational	cs
strafelda.cz	co je qr kod	30	1	4	5	1	https://www.strafelda.cz/qr-kod	informational	cs
strafelda.cz	tag cloud	50	79				https://www.strafelda.cz/tag-cloud	informational+commercial	cs
strafelda.cz	indexace webu	150	0	11	5	6	https://www.strafelda.cz/indexace-webu	informational	cs
strafelda.cz	validní význam	450	0		5	10		informational	cs
strafelda.cz	corporate design	20	0	63	5	1	https://www.strafelda.cz/corporate-design	informational+commercial	cs
strafelda.cz	hashtagy	70	0	17	5	4	https://www.strafelda.cz/hashtag	informational	cs
strafelda.cz	sitemap xml	150	89	51			https://www.strafelda.cz/sitemap-xml	informational	cs
strafelda.cz	co jsou cookies	150	55	19			https://www.strafelda.cz/cookies	informational	cs
strafelda.cz	perex co to je	100	0				https://www.strafelda.cz/perex	informational	cs
strafelda.cz	robots.txt	150	71	30	5	5	https://www.strafelda.cz/robots-txt	informational	cs
strafelda.cz	stdc framework	50	2		5	3	https://www.strafelda.cz/stdc-framework	branded+informational	cs
strafelda.cz	cms systém	60	5	78	5	3	https://www.strafelda.cz/cms	informational	cs
strafelda.cz	lead gen	150	5	170	5	2		informational+commercial	cs
strafelda.cz	nps zkratka	200	0		5	9		branded+informational	cs
strafelda.cz	email znak	70	2		5	1	https://www.strafelda.cz/zavinac	informational	cs
strafelda.cz	meta popisek	250	0	55			https://www.strafelda.cz/meta-tag-description	informational	cs
strafelda.cz	co je php	50	0	4	5	1	https://www.strafelda.cz/php	branded+informational	cs
strafelda.cz	cross selling	200	0	3			https://www.strafelda.cz/cross-selling	informational	cs
strafelda.cz	up-selling	100	0				https://www.strafelda.cz/up-selling	informational+commercial	cs
strafelda.cz	moodboard co to je	80	0		5	6	https://www.strafelda.cz/moodboard	informational	cs
strafelda.cz	uvodni stranka	30	25		5	2	https://www.strafelda.cz/uvodni-stranka	navigational+informational	cs
strafelda.cz	extranet	500	0	27			https://www.strafelda.cz/extranet	informational	cs
strafelda.cz	touchpoints	20	47				https://www.strafelda.cz/touchpoint	informational+commercial	cs
strafelda.cz	yavinač	50	0	48	5	2	https://www.strafelda.cz/zavinac	informational	cs
strafelda.cz	co to je server	30	0				https://www.strafelda.cz/server	informational	cs
strafelda.cz	security by obscurity	40	4		5	4	https://www.strafelda.cz/security-through-obscurity	informational	cs
strafelda.cz	http:	100	45				https://www.strafelda.cz/http	informational	cs
strafelda.cz	usp marketing	100	0				https://www.strafelda.cz/usp	informational	cs
strafelda.cz	e-business	30	0		5	3	https://www.strafelda.cz/e-business	informational	cs
strafelda.cz	crm systémy	100	0	130			https://www.strafelda.cz/crm	informational+commercial	cs
strafelda.cz	@	1300	2		4	6	https://www.strafelda.cz/zavinac	informational	cs
strafelda.cz	tisková zpráva	90	0	24	4	6		informational	cs
strafelda.cz	kpis co to je	40	1		4	1	https://www.strafelda.cz/kpi	informational	cs
strafelda.cz	yavináč	100	0	1	4	4	https://www.strafelda.cz/zavinac	informational	cs
strafelda.cz	seo význam	150	4	23	4	6	https://www.strafelda.cz/seo	informational	cs
strafelda.cz	tagy co to je	150	0				https://www.strafelda.cz/meta-tagy	informational	cs
strafelda.cz	wireframe co to je	150	0				https://www.strafelda.cz/wireframe	informational	cs
strafelda.cz	publikační plán	30	0	35			https://www.strafelda.cz/publikacni-plan	informational	cs
strafelda.cz	co je algoritmus	600	0	3			https://www.strafelda.cz/algoritmus	informational	cs
strafelda.cz	kpi vyznam	40	0		4	1		informational	cs
strafelda.cz	auth	80	76	14	4	1	https://www.strafelda.cz/auth-id	informational+commercial	cs
strafelda.cz	feedback	1600	0	17	4	15	https://www.strafelda.cz/feedback-loop	informational	cs
strafelda.cz	co to je seo	200	3	25	4	9	https://www.strafelda.cz/seo	informational	cs
strafelda.cz	yavinac	600	6	2	4	5	https://www.strafelda.cz/zavinac	informational	cs
strafelda.cz	google pagerank	150	13	67	4	5		branded+informational	cs
taste.cz	seo ebook	1000	2	67	133	3		informational+commercial	cs
taste.cz	taste	200	0	4	75	1	https://taste.cz/	branded+local+navigational+informational+commercial	cs
taste.cz	analýza klíčových slov	500	4	106	26	4	https://taste.cz/vzorova-analyza-klicovych-slov	informational	cs
taste.cz	ai restart	100	0		25	2		branded+informational+commercial+transactional	cs
taste.cz	seo checklist	100	49	31			https://taste.cz/ke-stazeni/taste-checklist-hlavnich-seo-faktoru-soucasnosti.pdf	informational	cs
taste.cz	seo audit	800	70	130			https://taste.cz/vzorovy-seo-audit-webu	informational+commercial	cs
taste.cz	školení linkbuilding	300	2	43	19	5		informational+commercial	cs
taste.cz	technické seo	150	0	58	18	1	https://taste.cz/ebook-technicke-seo	informational+commercial	cs
taste.cz	strategie značky	300	0	36	16	6		informational+commercial	cs
taste.cz	analyza klicovych slov	450	3	101	16	9	https://taste.cz/vzorova-analyza-klicovych-slov	informational	cs
taste.cz	audit webu	100	0	115	11	2	https://taste.cz/vzorovy-seo-audit-webu	informational+commercial	cs
taste.cz	google analytics 4	300	67	101			https://taste.cz/ga4	branded+informational	cs
taste.cz	marketingová agentura praha	300	48	208			https://taste.cz/	local+informational+commercial	cs
taste.cz	kniha seo	2000	0	55	4	20		informational+commercial	cs
taste.cz	jak na analýzu klíčových slov	150	3	60	4	10		informational	cs
taste.cz	taste academy	10	0		3	1	https://academy.taste.cz/	branded+local+navigational+informational+commercial+transactional	cs
taste.cz	seo strategie	100	0	83			https://taste.cz/obsahovy-audit-strategie	informational+commercial	cs
taste.cz	reklamní agentury praha	150	7	93			https://taste.cz/	local+informational+commercial	cs
taste.cz	presety zdarma	60	0	15			https://taste.cz/fotograficke-presety	branded+informational	cs
taste.cz	taste agentura	0	1	38	2	1	https://taste.cz/	branded+informational+commercial	cs
taste.cz	jan tichý	50	10	5			https://academy.taste.cz/jan-tichy	informational	cs
taste.cz	agentura taste	20	0		1	4	https://taste.cz/	branded+local+informational+commercial	cs
taste.cz	digitální agentura	350	19	191			https://taste.cz/	branded+navigational+informational	cs
taste.cz	online agentury	10	61	192	1	4	https://taste.cz/	local+informational+commercial	cs
taste.cz	ppc kampaně	250	2	236	1	7		informational+commercial	cs
taste.cz	data restart	30	30		1	9		branded+informational+commercial	cs
taste.cz	david bureš	30	0		1	1		informational	cs
taste.cz	ga 4	150	69	87			https://academy.taste.cz/google-analytics-4	branded+informational	cs
taste.cz	online agentura	40	40	192			https://taste.cz/	local+informational+commercial	cs
taste.cz	marketingové agentury praha	20	33	133			https://taste.cz/	local+informational+commercial	cs
taste.cz	reklamni agentura praha	90	24	93			https://taste.cz/	local+informational+commercial	cs
taste.cz	jan janoušek	10	0		0	4		informational	cs
taste.cz	responsive	50	56				https://academy.taste.cz/responsive-webdesign	informational	cs
taste.cz	marketingova agentura	700	61	289	0	32	https://taste.cz/	local+informational+commercial	cs
taste.cz	influencer marketing	1200	0	117			https://academy.taste.cz/influencer-marketing	informational+commercial	cs
taste.cz	maturity model	0	12		0	8	https://taste.cz/maturity-model-analytics	informational	cs
taste.cz	david janoušek	0	0		0	2	https://academy.taste.cz/david-janousek	local+informational	cs
taste.cz	redesign webu	100	0	164			https://taste.cz/seo-checklist-redesign-webu	informational+commercial	cs
taste.cz	marketing agentura	250	46	234			https://taste.cz/	local+informational+commercial	cs
taste.cz	jan sládek	10	0				https://academy.taste.cz/jan-sladek	informational	cs
taste.cz	nette doctrine	20	1	1			https://academy.taste.cz/doctrine2	branded+informational	cs
taste.cz	marketingova firma	50	39	79			https://taste.cz/	local+informational+commercial	cs
taste.cz	seo agentura	900	4	337			https://taste.cz/	local+informational+commercial	cs
taste.cz	php kurz	30	1	36			https://academy.taste.cz/php-pro-zacatecniky	branded+informational+commercial	cs
taste.cz	všechny sociální sítě	100	2	33			https://taste.cz/chci-socialni-site	informational	cs
taste.cz	co si dát do bia na ig	20	0				https://taste.cz/ke-stazeni/taste-checklist-spravne-vyplneneho-auditu-instagram.pdf	branded+informational	cs
taste.cz	rozměry bannerů google ads	30	0	60			https://taste.cz/ke-stazeni/taste-manual-pro-audit-reklamy.pdf	branded+informational+commercial	cs
taste.cz	influence marketing	40	0	55			https://academy.taste.cz/influencer-marketing	informational+commercial	cs
taste.cz	sun online	0	47				https://taste.cz/taste	branded+informational+commercial	cs
taste.cz	online marketing agentura	150	24	114			https://taste.cz/	local+informational+commercial	cs
taste.cz	základy seo	800	0	52			https://taste.cz/ke-stazeni/taste-checklist-hlavnich-seo-faktoru-soucasnosti.pdf	informational	cs
taste.cz	lovebrand	150	0	70	0	8	https://academy.taste.cz/	branded+navigational+informational+commercial	cs
taste.cz	agentury	80	13	30			https://taste.cz/	local+informational+commercial	cs
taste.cz	google analitics	20	0	33	0	9		branded+informational	cs
taste.cz	gtm	900	2	52	0	16		branded+informational	cs
taste.cz	ga4	600	90	67			https://academy.taste.cz/google-analytics-4	branded+informational+commercial	cs
taste.cz	digichef	10	0				https://taste.cz/newsletter	branded+navigational+informational	cs
taste.cz	google analitic	60	87	29			https://taste.cz/ga4	branded+navigational+informational	cs
taste.cz	míra okamžitého opuštění	50	0				https://academy.taste.cz/universal-analytics	informational	cs
taste.cz	google analytics	3500	98	100			https://taste.cz/ga4	branded+informational+commercial	cs
taste.cz	media	600	53	18			https://taste.cz/	informational	cs
taste.cz	analytics google	80	95	38			https://taste.cz/ga4	branded+navigational+informational+commercial	cs
taste.cz	tichý	40	6	4			https://academy.taste.cz/jan-tichy	informational+commercial	cs
taste.cz	influencer akademie	0	0	3	0	7		branded+informational+commercial+transactional	cs
taste.cz	konec cookies třetích stran	0	0				https://taste.cz/recept-na-svet-bez-cookies	informational	cs
taste.cz	dom by dom	0	0		0	6		branded+navigational+informational	cs
unikum.cz	vykonnostni marketing pro e shop	3200	0		281	1		informational+commercial	cs
unikum.cz	zbožové srovnávače	80	0	48	44	1		informational+commercial	cs
unikum.cz	yoy	300	0	26	30	1		informational	cs
unikum.cz	unikum	60	0	26	25	1	https://unikum.cz/	branded+local+navigational+informational+commercial	cs
unikum.cz	sitemap	200	3	28	7	1		informational	cs
unikum.cz	cgi co to je	150	0		6	7		informational	cs
unikum.cz	konverzní poměr výpočet	100	0		6	5		informational	cs
unikum.cz	co je cgi	100	0		3	8		informational	cs
unikum.cz	ministerstvo financí varuje účastí na hazardní hře může vzniknout závislost	30	6		1	8	https://unikum.cz/hazard-moznosti-a-omezeni-v-online-reklame/	branded+informational	cs
unikum.cz	reklama na alkohol	20	0		1	4		informational	cs
unikum.cz	online nákupy z rakouska	30	5				https://unikum.cz/expanze-e-shopu-na-rakousky-trh/	informational+commercial+transactional	cs
unikum.cz	co se vyplatí koupit na ukrajině	10	0				https://unikum.cz/expanze-e-shopu-na-ukrajinsky-trh-v-roce-2025-rizika-sance-a-realita/	informational+commercial	cs
unikum.cz	seznam pridat url	60	0				https://unikum.cz/jak-na-indexaci-stranek-a-jejich-pridani-na-google-seznam-a-bing/	branded+informational	cs
unikum.cz	indexování stránek	60	0	11			https://unikum.cz/jak-na-indexaci-stranek-a-jejich-pridani-na-google-seznam-a-bing/	informational+commercial	cs
unikum.cz	indexace seznam	90	4		0	19		branded+informational	cs
unikum.cz	bannerová reklama	80	0	83			https://unikum.cz/reklamni-bannery-jejich-ucel-a-formaty/	informational+commercial	cs
unikum.cz	butlers flora	20	0	5			https://unikum.cz/portfolio/spoluprace-s-butlers/	branded+local+informational	cs
unikum.cz	butlers chodov	40	0	11			https://unikum.cz/portfolio/spoluprace-s-butlers/	branded+local+informational+commercial	cs
unikum.cz	jak napsat report	40	0				https://unikum.cz/od-poptavky-po-prvni-report-aneb-jak-probiha-zacatek-spoluprace/	informational	cs
unikum.cz	rozměry bannerů google ads	30	0	60			https://unikum.cz/reklamni-bannery-jejich-ucel-a-formaty/	branded+informational+commercial	cs
unikum.cz	marketingový audit	10	0	69			https://unikum.cz/marketingovy-audit-proc-je-to-nutnost-a-ne-zbytecnost/	informational	cs
unikum.cz	německé	80	0				https://unikum.cz/expanze-na-nemecky-trh-jak-oslovit-narocne-nemecke-zakazniky-v-roce-2025/	informational	cs
unikum.cz	reklamě	20	0	39			https://unikum.cz/kontroverze-v-online-reklame/	informational	cs
unikum.cz	nákupy v rakousku aktuálně	30	0				https://unikum.cz/expanze-e-shopu-na-rakousky-trh/	informational+commercial	cs
unikum.cz	nákupy z německa přes internet	60	14	16			https://unikum.cz/expanze-e-shopu-na-nemecky-trh/	informational+commercial+transactional	cs
unikum.cz	jak funguje affiliate marketing	70	0	39			https://unikum.cz/affiliate-marketing-co-to-vlastne-je/	informational	cs
unikum.cz	bannery online	90	0	24			https://unikum.cz/reklamni-bannery-jejich-ucel-a-formaty/	informational+commercial+transactional	cs
unikum.cz	reklamní banery	60	1	81			https://unikum.cz/reklamni-bannery-jejich-ucel-a-formaty/	local+informational+commercial+transactional	cs
unikum.cz	reklamní bannery	90	0	55			https://unikum.cz/reklamni-bannery-jejich-ucel-a-formaty/	informational+commercial+transactional	cs
unikum.cz	plánovač klíčových slov google	150	0	50			https://unikum.cz/exportni-strategie-3-nastroje-google-ktere-napovi/	branded+informational	cs
unikum.cz	kontroverze	350	0				https://unikum.cz/kontroverze-v-online-reklame/	informational	cs
unikum.cz	seznam přidat url	150	0				https://unikum.cz/jak-na-indexaci-stranek-a-jejich-pridani-na-google-seznam-a-bing/	informational	cs
unikum.cz	seznam add url	400	1				https://unikum.cz/jak-na-indexaci-stranek-a-jejich-pridani-na-google-seznam-a-bing/	branded+informational	cs
unikum.cz	ppc specialista	500	0	336			https://unikum.cz/co-dela-ppc-specialista-jak-funguje-standardni-mesicni-sprava/	informational	cs
unikum.cz	ppč	100	0				https://unikum.cz/co-dela-ppc-specialista-jak-funguje-standardni-mesicni-sprava/	informational	cs
unikum.cz	edigital recenze	0	0				https://unikum.cz/expanze-e-shopu-na-madarsky-trh/	branded+informational+commercial	cs
visibility.cz	digitální marketingová agentura	250	50	197			https://www.visibility.cz/	local+informational+commercial	cs
visibility.cz	seo agentura	900	4	337			https://www.visibility.cz/seo/	local+informational+commercial	cs
visibility.cz	seo agentura praha	900	5	406			https://www.visibility.cz/seo/	local+informational+commercial	cs
visibility.cz	visibility	150	2	81	88	1	https://www.visibility.cz/	branded+local+navigational+informational+commercial	cs
visibility.cz	digitální agentura praha	250	34	120			https://www.visibility.cz/	local+informational+commercial	cs
visibility.cz	rtb marketing	200	0	55			https://www.visibility.cz/kdy-je-ten-pravy-cas-pro-rtb-reklamu/	informational+commercial	cs
visibility.cz	marketingová agentura praha	200	53	208	36	5	https://www.visibility.cz/	local+informational+commercial	cs
visibility.cz	marketingové agentury	300	48	188	35	5		local+informational+commercial	cs
visibility.cz	specialista seo	700	0	1014	25	8		informational+commercial	cs
visibility.cz	visibility digital	60	1		21	1	https://www.visibility.cz/	branded+local+informational+commercial	cs
visibility.cz	seo audit	450	82	130	20	4		informational+commercial	cs
visibility.cz	utm	600	68	31			https://www.visibility.cz/utm-parametry-co-jsou-zac-k-cemu-slouzi-a-jak-je-pouzivat/	informational	cs
visibility.cz	online marketingová agentura	90	36	224			https://www.visibility.cz/	local+informational+commercial	cs
visibility.cz	lokální seo	600	0	106			https://www.visibility.cz/10-tipu-na-lokalni-seo-s-vyuzitim-ai-umele-inteligence/	informational+commercial	cs
visibility.cz	digital agency	100	46	67			https://www.visibility.cz/	local+informational+commercial	cs
visibility.cz	ppc audit	400	0	571			https://www.visibility.cz/seo-a-ppc-o-cem-to-je-to-je/	informational+commercial	cs
visibility.cz	marketing blog	60	1	24			https://www.visibility.cz/blog/	informational+commercial	cs
visibility.cz	blog marketing	60	1	24			https://www.visibility.cz/blog/	informational+commercial	cs
visibility.cz	seo firma	400	3	218			https://www.visibility.cz/seo/	local+informational+commercial	cs
visibility.cz	data restart	150	0				https://www.visibility.cz/data-restart-skvela-konference-navzdory-iac/	branded+informational+commercial	cs
visibility.cz	marketingové agentury praha	20	33	133			https://www.visibility.cz/	local+informational+commercial	cs
visibility.cz	online marketing kurz zdarma	100	0	41			https://www.visibility.cz/chcete-pracovat-v-online-marketingu-udelejte-si-zadarmo-tyto-3-certifikaty/	informational+commercial	cs
visibility.cz	ppc specialista junior	150	0	39			https://www.visibility.cz/ppc-specialista-junior/	informational	cs
visibility.cz	ppc specialist	80	0	74	6	3	https://www.visibility.cz/ppc-specialista/	local+informational+commercial	cs
visibility.cz	marketingova agentura	700	61	289	6	17	https://www.visibility.cz/	local+informational+commercial	cs
visibility.cz	digital turbine	30	7	43			https://www.visibility.cz/digital-turbine-jako-exkluzivni-dodavatel-efektivni-reklamy-v-mobilnich-hrach/	branded+navigational+informational+commercial	cs
visibility.cz	seo - audity	350	68	257	5	11		informational+commercial	cs
visibility.cz	co je twitch	300	0				https://www.visibility.cz/twitch-uz-neoslovuje-jen-deti-nakup-reklamy-ma-ale-sva-specifika/	branded+informational	cs
visibility.cz	porno reklamy	40	0				https://www.visibility.cz/inzerce-na-pornhubu-trafficjunky-radi-poradi/	informational	cs
visibility.cz	utm parametry	150	0	13			https://www.visibility.cz/utm-parametry-co-jsou-zac-k-cemu-slouzi-a-jak-je-pouzivat/	informational+commercial	cs
visibility.cz	online marketing agency	30	26				https://www.visibility.cz/	local+informational+commercial	cs
visibility.cz	komprimace obrázků	90	1				https://www.visibility.cz/jak-a-proc-komprimovat-obrazky-na-web/	informational+commercial	cs
visibility.cz	programatická reklama	100	0	54	2	10		informational+commercial	cs
visibility.cz	seo článek	150	0	94			https://www.visibility.cz/jak-napsat-skvely-seo-clanek-rady-od-visi-copywritera/	informational	cs
visibility.cz	jak si na facebooku změnit jméno	30	0				https://www.visibility.cz/heureka-nazev-stranky-na-facebooku-lze-nyni-zmenit-bez-omezeni/	branded+informational	cs
visibility.cz	business development	150	0	30	2	9	https://www.visibility.cz/kariera-detail/business-development-manager/	informational+commercial	cs
visibility.cz	nový web	90	1	59			https://www.visibility.cz/pripravujete-novy-web-nezapomente-4-kroky/	branded+informational+commercial	cs
visibility.cz	ppc specialista	500	0	336	2	6	https://www.visibility.cz/ppc-specialista/	informational	cs
visibility.cz	seo ppc	30	0	114			https://www.visibility.cz/seo-a-ppc-o-cem-to-je-to-je/	informational+commercial	cs
visibility.cz	krátká videa	150	0	3			https://www.visibility.cz/proc-se-kratka-videa-vyplati/	informational	cs
visibility.cz	jak se přejmenovat na facebooku	40	0				https://www.visibility.cz/heureka-nazev-stranky-na-facebooku-lze-nyni-zmenit-bez-omezeni/	branded+informational	cs
visibility.cz	marketingova agentura praha	20	50	131			https://www.visibility.cz/	local+informational+commercial	cs
visibility.cz	spolupráce se značkami	30	0				https://www.visibility.cz/znacky-a-influenceri-aneb-autenticita-nade-vse/	informational+commercial	cs
visibility.cz	online marketing agentura	150	24	114			https://www.visibility.cz/	local+informational+commercial	cs
visibility.cz	influencer marketing	700	0	117	1	20		informational+commercial	cs
visibility.cz	kratka videa	150	0	16			https://www.visibility.cz/proc-se-kratka-videa-vyplati/	informational	cs
visibility.cz	jak zmenit jmeno na facebooku	70	0				https://www.visibility.cz/heureka-nazev-stranky-na-facebooku-lze-nyni-zmenit-bez-omezeni/	branded+informational	cs
visibility.cz	co je pno	70	0				https://www.visibility.cz/seo-a-ppc-o-cem-to-je-to-je/	informational	cs
visibility.cz	utm parametr	20	0	12			https://www.visibility.cz/utm-parametry-co-jsou-zac-k-cemu-slouzi-a-jak-je-pouzivat/	informational	cs
visibility.cz	komprimace obrázku	40	1				https://www.visibility.cz/jak-a-proc-komprimovat-obrazky-na-web/	informational	cs
visibility.cz	jak se naučit seo?	100	0				https://www.visibility.cz/10-tipu-na-lokalni-seo-s-vyuzitim-ai-umele-inteligence/	informational	cs
visibility.cz	rtb reklama	200	0	79			https://www.visibility.cz/kdy-je-ten-pravy-cas-pro-rtb-reklamu/	informational+commercial	cs
visibility.cz	postovat	90	0				https://www.visibility.cz/5-tipu-co-postovat-na-vas-firemni-facebook/	informational	cs
visibility.cz	online agentury	10	55	192			https://www.visibility.cz/	local+informational+commercial	cs
visibility.cz	jak upravit jméno na facebooku	30	0				https://www.visibility.cz/heureka-nazev-stranky-na-facebooku-lze-nyni-zmenit-bez-omezeni/	branded+informational	cs
visibility.cz	dv 360	30	2	74			https://www.visibility.cz/vyuzijte-agenturu-s-certifikatem-google-marketing-platform-dv360/	branded+informational+commercial	cs
visibility.cz	push notifikace android	40	0	14			https://www.visibility.cz/push-notifikace-tezte-z-databaze-odberatelu-oznameni/	branded+informational	cs
visibility.cz	online agentura	40	40	192			https://www.visibility.cz/	local+informational+commercial	cs
visibility.cz	videokonference zdarma	20	0	6			https://www.visibility.cz/videokonference-porovnani-nejlepsich-platforem-pro-firmu-2020/	informational+commercial	cs
visibility.cz	digitální agentura	350	19	191			https://www.visibility.cz/	branded+navigational+informational	cs
visibility.cz	co je push notifikace	70	0				https://www.visibility.cz/push-notifikace-tezte-z-databaze-odberatelu-oznameni/	informational	cs
visibility.cz	facebook zmena jmena	20	0				https://www.visibility.cz/heureka-nazev-stranky-na-facebooku-lze-nyni-zmenit-bez-omezeni/	branded+informational	cs
visibility.cz	reklamní agentury praha	150	7	93			https://www.visibility.cz/	local+informational+commercial	cs
visibility.cz	nejnovější sociální sítě	70	1	43			https://www.visibility.cz/kategorie/socialni-site/	informational+commercial	cs
visibility.cz	komprimovat obrázek	20	1				https://www.visibility.cz/jak-a-proc-komprimovat-obrazky-na-web/	informational	cs
visibility.cz	ab testování	500	0	29			https://www.visibility.cz/ab-testovani-na-facebooku/	informational	cs
visibility.cz	co je to notifikace	300	0				https://www.visibility.cz/push-notifikace-tezte-z-databaze-odberatelu-oznameni/	informational	cs
visibility.cz	marketing agentura	250	46	234			https://www.visibility.cz/	local+informational+commercial	cs
visibility.cz	seo agentury	600	1		0	26		local+informational+commercial	cs
visibility.cz	facebook změna jména	50	0				https://www.visibility.cz/heureka-nazev-stranky-na-facebooku-lze-nyni-zmenit-bez-omezeni/	branded+informational	cs
visibility.cz	marketing agency	150	22	110			https://www.visibility.cz/	local+informational+commercial	cs
visibility.cz	see think do care	150	0	23			https://www.visibility.cz/vyhodnocovat-aktivity-podle-modelu-see-think-care/	informational	cs
visibility.cz	reklama na tiktoku	30	0	90			https://www.visibility.cz/tiktok-reklama/	branded+informational+commercial	cs
visibility.cz	komprese fotek	200	1	13			https://www.visibility.cz/jak-a-proc-komprimovat-obrazky-na-web/	informational	cs
visibility.cz	komprese fotky	20	1				https://www.visibility.cz/jak-a-proc-komprimovat-obrazky-na-web/	informational+commercial	cs
visibility.cz	návštěvnost stránek	30	0	59			https://www.visibility.cz/odhad-navstevnosti-konkurencnich-stranek/	informational+commercial	cs
visibility.cz	komprese obrazku	100	1				https://www.visibility.cz/jak-a-proc-komprimovat-obrazky-na-web/	informational+commercial	cs
visibility.cz	publikační plán	30	0	35			https://www.visibility.cz/publikacni-plan-facebook-levou-zadni/	informational	cs
visibility.cz	jak změnit příjmení na facebooku	60	0				https://www.visibility.cz/heureka-nazev-stranky-na-facebooku-lze-nyni-zmenit-bez-omezeni/	branded+informational	cs
visibility.cz	reklamni agentura praha	90	24	93			https://www.visibility.cz/	local+informational+commercial	cs
visibility.cz	komprese obrázků	200	2	16			https://www.visibility.cz/jak-a-proc-komprimovat-obrazky-na-web/	informational	cs
visibility.cz	jak na fb zmenit jmeno	30	0				https://www.visibility.cz/heureka-nazev-stranky-na-facebooku-lze-nyni-zmenit-bez-omezeni/	branded+informational	cs
visibility.cz	reklamní kampaně	200	0	127			https://www.visibility.cz/kategorie/reklamni-kampane/	informational+commercial	cs
visibility.cz	mediální plán	20	0				https://www.visibility.cz/existuje-idealni-strategie-medialniho-nakupu/	informational	cs
visibility.cz	ppc seo	10	0	100			https://www.visibility.cz/seo-a-ppc-o-cem-to-je-to-je/	informational+commercial	cs
visibility.cz	videokonference	80	0	24			https://www.visibility.cz/videokonference-porovnani-nejlepsich-platforem-pro-firmu-2020/	informational+commercial	cs
visibility.cz	komprese obrázku	40	1				https://www.visibility.cz/jak-a-proc-komprimovat-obrazky-na-web/	informational	cs
visibility.cz	nefunkční facebook	20	0				https://www.visibility.cz/nefunguje-facebook-neco-si-prej/	branded+informational	cs
visibility.cz	jak napsat popis	10	0		0	7		informational	cs
visibility.cz	gap analyza	100	0				https://www.visibility.cz/content-gap-analyza/	informational	cs
visibility.cz	marketingova firma	50	39	79			https://www.visibility.cz/	local+informational+commercial	cs
visibility.cz	rtb	200	1	143			https://www.visibility.cz/kdy-je-ten-pravy-cas-pro-rtb-reklamu/	informational+commercial	cs
visibility.cz	omezeni na fb	10	0				https://www.visibility.cz/heureka-nazev-stranky-na-facebooku-lze-nyni-zmenit-bez-omezeni/	branded+informational	cs
visibility.cz	seo optimalizace pro vyhledávače	500	3	167			https://www.visibility.cz/seo/	informational+commercial	cs
visibility.cz	seo copywriting	250	0	86			https://www.visibility.cz/seo-copywriting-psat-lidi-i-vyhledavace/	informational+commercial	cs
visibility.cz	jak komprimovat fotky	40	1				https://www.visibility.cz/jak-a-proc-komprimovat-obrazky-na-web/	informational	cs
visibility.cz	kurz online marketing	150	5	107			https://www.visibility.cz/chcete-pracovat-v-online-marketingu-udelejte-si-zadarmo-tyto-3-certifikaty/	informational+commercial+transactional	cs
visibility.cz	marketing kurz	150	7	71			https://www.visibility.cz/chcete-pracovat-v-online-marketingu-udelejte-si-zadarmo-tyto-3-certifikaty/	informational+commercial+transactional	cs
visibility.cz	notifikace android	70	1				https://www.visibility.cz/push-notifikace-tezte-z-databaze-odberatelu-oznameni/	branded+informational	cs
visibility.cz	plusy a minusy	10	0				https://www.visibility.cz/plusy-a-minusy-nasazeni-ai-ve-velkych-firmach/	branded+informational	cs
visibility.cz	kurz online marketingu	300	5	84			https://www.visibility.cz/chcete-pracovat-v-online-marketingu-udelejte-si-zadarmo-tyto-3-certifikaty/	informational+commercial	cs
visibility.cz	web seo	700	11	191			https://www.visibility.cz/seo/	informational	cs
visibility.cz	kurzy online marketingu	300	7	84			https://www.visibility.cz/chcete-pracovat-v-online-marketingu-udelejte-si-zadarmo-tyto-3-certifikaty/	informational+commercial	cs
visibility.cz	co je to tiktok	90	0				https://www.visibility.cz/tiktok-zarucuje-levnejsi-zasah-nez-klasicke-socialni-site/	branded+informational	cs
visibility.cz	plánovač klíčových slov google	150	0	50			https://www.visibility.cz/novy-nastroj-keyword-planner/	branded+informational	cs
visibility.cz	digital advertising	10	39	51			https://www.visibility.cz/	informational	cs
visibility.cz	proč nefunguje facebook	30	0	13			https://www.visibility.cz/nefunguje-facebook-neco-si-prej/	branded+informational	cs
visibility.cz	typy cookies	150	0	22			https://www.visibility.cz/na-co-se-pripravit-u-cookies-v-roce-2022/	informational	cs
visibility.cz	jak změnit název stránky na fb	40	0		0	6	https://www.visibility.cz/heureka-nazev-stranky-na-facebooku-lze-nyni-zmenit-bez-omezeni/	branded+informational	cs
visibility.cz	počítadlo návštěvnosti webu	50	0				https://www.visibility.cz/odhad-navstevnosti-konkurencnich-stranek/	informational+commercial	cs
visibility.cz	digital marketting agency	0	14				https://www.visibility.cz/	local+informational+commercial	cs
visibility.cz	jak změnit název stránky na facebooku	40	0				https://www.visibility.cz/heureka-nazev-stranky-na-facebooku-lze-nyni-zmenit-bez-omezeni/	branded+informational	cs
visibility.cz	ga 4	150	69	87			https://www.visibility.cz/ga4/	branded+informational	cs
visibility.cz	trafficjunky	30	0	112			https://www.visibility.cz/inzerce-na-pornhubu-trafficjunky-radi-poradi/	branded+informational+commercial	cs
visibility.cz	bezdrátová sluchátka noise cancelling	10	0	16			https://www.visibility.cz/bezdratova-sluchatka-test-tech-nejlepsich-pro-praci-v-roce-2020/	informational+commercial+transactional	cs
visibility.cz	jak zjistit návštěvnost webu	70	0	58			https://www.visibility.cz/odhad-navstevnosti-konkurencnich-stranek/	informational	cs
visibility.cz	reklamní agentura	300	39	189			https://www.visibility.cz/	local+informational+commercial	cs
visibility.cz	komprese jpg	250	3	13			https://www.visibility.cz/jak-a-proc-komprimovat-obrazky-na-web/	informational+commercial+transactional	cs
visibility.cz	reklamy na tiktoku	40	0	90			https://www.visibility.cz/tiktok-reklama/	branded+informational+commercial	cs
visibility.cz	dynamický remarketing	200	0	21			https://www.visibility.cz/co-to-je-dynamicky-remarketing/	branded+informational	cs
visibility.cz	spolupráce s influencery	10	0	44			https://www.visibility.cz/jak-si-pojistit-vykon-pri-spolupraci-s-influencery/	informational+commercial	cs
visibility.cz	návštěvnost webu	100	0	81			https://www.visibility.cz/odhad-navstevnosti-konkurencnich-stranek/	informational+commercial	cs
visibility.cz	kurz marketingu	250	6	76			https://www.visibility.cz/chcete-pracovat-v-online-marketingu-udelejte-si-zadarmo-tyto-3-certifikaty/	informational+commercial	cs
visibility.cz	digital marketing agencies	20	4	70			https://www.visibility.cz/	local+informational+commercial	cs
visibility.cz	online platforma význam	20	0				https://www.visibility.cz/co-vam-muze-prinest-vyuzivani-rtb-v-online-strategii/	informational	cs
visibility.cz	reklamní agentury	250	36				https://www.visibility.cz/	local+informational+commercial	cs
visibility.cz	jak napsat článek	90	0	12			https://www.visibility.cz/jak-napsat-skvely-seo-clanek-rady-od-visi-copywritera/	informational	cs
visibility.cz	drobečková navigace	100	0				https://www.visibility.cz/drobeckova-navigace-pomoci-microdat/	informational	cs
visibility.cz	seo optimalizace liberec	350	2	58			https://www.visibility.cz/seo/	local+informational+commercial	cs
visibility.cz	kurz marketing	150	6	48			https://www.visibility.cz/chcete-pracovat-v-online-marketingu-udelejte-si-zadarmo-tyto-3-certifikaty/	informational+commercial	cs
visibility.cz	sociální sítě ikony	10	0				https://www.visibility.cz/bezpecne-chovani-na-socialnich-sitich/	informational	cs
visibility.cz	ppc bannery	200	0	88			https://www.visibility.cz/creative/	informational+commercial	cs
visibility.cz	influencera	20	0	23			https://www.visibility.cz/znacky-a-influenceri-aneb-autenticita-nade-vse/	informational+commercial	cs
visibility.cz	jak na tiktok	90	0	21			https://www.visibility.cz/reklama-na-tiktoku-v-roce-2024-jake-formaty-jsou-nejvhodnejsi-a-jak-je-vyuzit/	branded+informational	cs
visibility.cz	marketingovy kalendar	20	0	45			https://www.visibility.cz/kalendar-marketingovych-akci-pro-rok-2024/	informational+commercial	cs
visibility.cz	digital marketing services	10	43				https://www.visibility.cz/	local+informational+commercial	cs
visibility.cz	nejznámější sociální sítě	60	3				https://www.visibility.cz/5-top-trendu-roku-2022-pro-socialni-site/	informational	cs
visibility.cz	audit webu	80	0	115			https://www.visibility.cz/seo-audit/	informational+commercial	cs
visibility.cz	ppc agency	60	24				https://www.visibility.cz/	local+informational+commercial	cs
visibility.cz	komunikace s klientem	80	0				https://www.visibility.cz/budovat-vztah-klientem/	informational	cs
visibility.cz	seo consultancy	20	3				https://www.visibility.cz/seo/	local+informational+commercial	cs
visibility.cz	analýza klíčových slov	1000	2	106			https://www.visibility.cz/analyza-klicovych-slov/	informational	cs
visibility.cz	kvalitní sluchátka s mikrofonem	30	0	9			https://www.visibility.cz/bezdratova-sluchatka-test-tech-nejlepsich-pro-praci-v-roce-2020/	informational+commercial	cs
visibility.cz	influenceři	200	1	17			https://www.visibility.cz/znacky-a-influenceri-aneb-autenticita-nade-vse/	informational+commercial	cs
visibility.cz	dv360	200	1	72			https://www.visibility.cz/vyuzijte-agenturu-s-certifikatem-google-marketing-platform-dv360/	branded+informational+commercial	cs
visibility.cz	návštěvnosti	100	2	23			https://www.visibility.cz/propad-organicke-navstevnosti-nocni-mura-kazdeho-majitele-webu-tim/	informational+commercial	cs
visibility.cz	mutumutu	500	0	117			https://www.visibility.cz/jak-jsme-desetinasobne-zvysili-prodej-pojisteni-mutumutu/	branded+navigational+informational+commercial+transactional	cs
visibility.cz	digital marketing	1600	0	141			https://www.visibility.cz/	informational+commercial	cs
visibility.cz	influencery	60	0	23			https://www.visibility.cz/jak-gen-z-vnima-influencery/	branded+informational+commercial	cs
visibility.cz	notifikace	1200	0	16			https://www.visibility.cz/push-notifikace-tezte-z-databaze-odberatelu-oznameni/	informational	cs
visibility.cz	a/b testování	60	0				https://www.visibility.cz/ab-testovani-na-facebooku/	informational+commercial	cs
visibility.cz	výkonný	50	0				https://www.visibility.cz/10-rad-jak-byt-vykonny-nejen-v-praci/	informational	cs
visibility.cz	dynamický	60	0				https://www.visibility.cz/co-to-je-dynamicky-remarketing/	informational+commercial	cs
visibility.cz	mutumutu.cz	20	0				https://www.visibility.cz/jak-jsme-desetinasobne-zvysili-prodej-pojisteni-mutumutu/	branded+navigational+informational+commercial+transactional	cs
visibility.cz	datastudio	50	9	78			https://www.visibility.cz/zacnete-pracovat-data-studiem-1-cast/	branded+navigational+informational	cs
visibility.cz	data studio	150	9	78			https://www.visibility.cz/zacnete-pracovat-data-studiem-1-cast/	branded+navigational+informational+commercial	cs
visibility.cz	ga4	600	90	67			https://www.visibility.cz/ga4/	branded+informational+commercial	cs
visibility.cz	young lions	20	1				https://www.visibility.cz/young-lions-z-visibility-spokojeni-a-nateseni-do-dalsich-rocniku/	branded+informational	cs
visibility.cz	http/2	100	12				https://www.visibility.cz/o-krok-blize-k-rychlejsim-webum-vyzkousejte-novy-protokol-http2/	branded+informational	cs
visibility.cz	seo servis	70	0	309			https://www.visibility.cz/seo/	branded+navigational+informational+commercial	cs
visibility.cz	placeny whatsapp	0	0				https://www.visibility.cz/placene-profily-bez-reklam-meta-couva-pred-eu/	branded+informational+commercial	cs
visibility.cz	tiktok uživatele	0	0				https://www.visibility.cz/tiktok-zarucuje-levnejsi-zasah-nez-klasicke-socialni-site/	branded+informational	cs
visibility.cz	zmenit jmeno na fb	0	0				https://www.visibility.cz/heureka-nazev-stranky-na-facebooku-lze-nyni-zmenit-bez-omezeni/	branded+informational	cs
visibility.cz	reklamu ￼	0	0				https://www.visibility.cz/reklamu-na-youtube-natocite-mobilem/	informational+commercial	cs
visibility.cz	nejpoužívanější sociální sítě 2022	0	0				https://www.visibility.cz/5-top-trendu-roku-2022-pro-socialni-site/	informational	cs
visibility.cz	seo [	0	8				https://www.visibility.cz/seo/	informational	cs
visibility.cz	instagram v tichem rezimu	0	0				https://www.visibility.cz/proc-mit-ruzne-strategie-na-socialnich-sitich/	branded+informational	cs
visibility.cz	instagram první vydání	0	0				https://www.visibility.cz/instagram-s-novym-formatem/	branded+informational	cs
visibility.cz	polsky amazon	0	0				https://www.visibility.cz/visictvrtek-amazon-je-budoucnost-konec-cookies-mu-jen-pomuze/	branded+navigational+informational+commercial+transactional	cs
visibility.cz	allegro tržiště	0	1	37			https://www.visibility.cz/visictvrtek-nabidl-navod-jak-uspet-na-allegru/	branded+informational+commercial	cs
visibility.cz	jak změnit jméno na fb přes mobil	0	0				https://www.visibility.cz/heureka-nazev-stranky-na-facebooku-lze-nyni-zmenit-bez-omezeni/	branded+informational	cs
visibility.cz	whatsapp zpoplatnění 2024	0	0		0	5		branded+informational	cs
visibility.cz	nejlepsi bezdratove sluchatka	0	1	13			https://www.visibility.cz/bezdratova-sluchatka-test-tech-nejlepsich-pro-praci-v-roce-2020/	informational+commercial	cs
visibility.cz	avon tričko 2023	0	0	14			https://www.visibility.cz/ar-kampan-avonu-ziskala-oceneni-na-internet-effectiveness-awards/	branded+informational+commercial+transactional	cs
visibility.cz	ionickiss dm	0	0	11			https://www.visibility.cz/restart-japonske-znacky-ionickiss-pro-evropu/	branded+informational+commercial+transactional	cs
webfusion.cz	tvorba webových stránek české budějovice	1200	23	131			https://webfusion.cz/tvorba-webovych-stranek-ceske-budejovice/	local+informational+commercial+transactional	cs
webfusion.cz	kolik stojí webové stránky	250	0	118	97	1	https://webfusion.cz/kolik-stoji-webove-stranky-v-roce-2025/	informational+commercial	cs
webfusion.cz	tvorba webových stránek pardubice	300	0	142	93	2		local+informational+commercial	cs
webfusion.cz	webové stránky cena	200	0	177	89	1	https://webfusion.cz/kolik-stoji-webove-stranky-v-roce-2025/	informational+commercial	cs
webfusion.cz	kolik stojí web	150	0	156			https://webfusion.cz/kolik-stoji-webove-stranky-v-roce-2025/	informational+commercial	cs
webfusion.cz	business manager	1700	0	167	68	1		informational+commercial	cs
webfusion.cz	startup	1300	0	11	66	6	https://webfusion.cz/slovnik/startup/	informational	cs
webfusion.cz	kolik stoji webove stranky	150	0	121	51	1	https://webfusion.cz/kolik-stoji-webove-stranky-v-roce-2025/	informational+commercial	cs
webfusion.cz	vývoj aplikací	400	3	137			https://webfusion.cz/kolik-stoji-vyvoj-mobilni-aplikace-v-roce-2025/	local+informational+commercial	cs
webfusion.cz	tvorba loga cena	80	0	42	49	1	https://webfusion.cz/kolik-stoji-tvorba-loga-v-roce-2025/	local+informational+commercial	cs
webfusion.cz	seo optimalizace brno	600	0	273	49	5		local+informational+commercial	cs
webfusion.cz	jpeg	600	15	38	41	1		informational	cs
webfusion.cz	tvorba webových stránek praha	350		274			https://webfusion.cz/tvorba-webovych-stranek-praha/	local+informational+commercial+transactional	cs
webfusion.cz	provoz webových stránek cena	150	0	67			https://webfusion.cz/kolik-stoji-webove-stranky-v-roce-2025/	informational+commercial	cs
webfusion.cz	cena webu	80	0	134	33	1	https://webfusion.cz/kolik-stoji-webove-stranky-v-roce-2025/	informational+commercial	cs
webfusion.cz	tvorba webových stránek brno	150	16	143	32	4	https://webfusion.cz/tvorba-webovych-stranek-brno/	local+informational+commercial	cs
webfusion.cz	tvorba webů	450	30	227	31	8		local+informational+commercial	cs
webfusion.cz	tvorba webových stránek zlín	350	35	222	30	6		local+informational+commercial	cs
webfusion.cz	digitální agentura liberec	70	0	88	27	1	https://webfusion.cz/digitalni-agentura-liberec/	local+informational+commercial	cs
webfusion.cz	tvorba webových stránek cena	150	1	119	27	3	https://webfusion.cz/kolik-stoji-webove-stranky-v-roce-2025/	local+informational+commercial	cs
webfusion.cz	wireframe	800	42	37	23	1		informational	cs
webfusion.cz	nové logo	100	3	27			https://webfusion.cz/kolik-stoji-tvorba-loga-v-roce-2025/	informational	cs
webfusion.cz	tvorba webových stránek ceník	80	0	104	22	1	https://webfusion.cz/kolik-stoji-webove-stranky-v-roce-2025/	informational+commercial	cs
webfusion.cz	tvorba webových stránek ostrava	150	8	175			https://webfusion.cz/tvorba-webovych-stranek-ostrava/	local+informational+commercial+transactional	cs
webfusion.cz	tvorba eshopu cena	100	4	144	21	4	https://webfusion.cz/kolik-stoji-tvorba-eshopu-v-roce-2025/	informational+commercial	cs
webfusion.cz	tvorba webu cena	150	0	132	20	4	https://webfusion.cz/kolik-stoji-webove-stranky-v-roce-2025/	informational+commercial	cs
webfusion.cz	správa webu	200	0	142			https://webfusion.cz/sprava-webovych-stranek/	local+informational+commercial	cs
webfusion.cz	správa webových stránek	150	7	183			https://webfusion.cz/sprava-webovych-stranek/	local+informational+commercial+transactional	cs
webfusion.cz	web design	600	1	106	19	6	https://webfusion.cz/slovnik/web-design/	local+informational+commercial	cs
webfusion.cz	webdesign praha	70	0	187			https://webfusion.cz/tvorba-webovych-stranek-praha/	local+informational+commercial	cs
webfusion.cz	reklama na internetu	350	0	145			https://webfusion.cz/kolik-stoji-online-marketing-v-roce-2025/	informational+commercial	cs
webfusion.cz	průměrná cena webových stránek	150	0	79	17	5	https://webfusion.cz/kolik-stoji-webove-stranky-v-roce-2025/	informational+commercial	cs
webfusion.cz	seo optimalizace liberec	150	0	58	17	5	https://webfusion.cz/seo-optimalizace-liberec/	local+informational+commercial	cs
webfusion.cz	tvorba eshop	60	0	332	15	2		informational+commercial	cs
webfusion.cz	vývoj aplikace	200	2	301			https://webfusion.cz/kolik-stoji-vyvoj-mobilni-aplikace-v-roce-2025/	local+informational+commercial	cs
webfusion.cz	vývoj webových aplikací	250	1	719	15	5		local+informational+commercial	cs
webfusion.cz	eshop na míru	350	0	297			https://webfusion.cz/kolik-stoji-tvorba-eshopu-v-roce-2025/	informational+commercial	cs
webfusion.cz	vývoj mobilní aplikace cena	40	0	193	13	1	https://webfusion.cz/kolik-stoji-vyvoj-mobilni-aplikace-v-roce-2025/	informational+commercial	cs
webfusion.cz	tvorba webových stránek hradec králové	200	0	233	13	6		local+informational+commercial	cs
webfusion.cz	optimalizace rychlosti webu	200	0		12	4		informational+commercial	cs
webfusion.cz	tvorba webu brno	40	28	166	11	4	https://webfusion.cz/tvorba-webovych-stranek-brno/	local+informational+commercial	cs
webfusion.cz	online marketing olomouc	30	1	96	10	1	https://webfusion.cz/online-marketing-olomouc/	local+informational+commercial	cs
webfusion.cz	cena webových stránek	100	0	106	10	1	https://webfusion.cz/kolik-stoji-webove-stranky-v-roce-2025/	informational+commercial	cs
webfusion.cz	stránky	400	59	52	9	1		informational	cs
webfusion.cz	tvorba e shopu	250	5	302			https://webfusion.cz/kolik-stoji-tvorba-eshopu-v-roce-2025/	local+informational+commercial+transactional	cs
webfusion.cz	vývoj mobilní aplikace	150	5	303	8	3	https://webfusion.cz/kolik-stoji-vyvoj-mobilni-aplikace-v-roce-2025/	local+informational+commercial	cs
webfusion.cz	grafický návrh loga	150	0	36	8	6	https://webfusion.cz/kolik-stoji-tvorba-loga-v-roce-2025/	local+informational+commercial+transactional	cs
webfusion.cz	vývoj webu	350	23	170			https://webfusion.cz/	local+informational+commercial	cs
webfusion.cz	vývoj mobilních aplikací	200	4	374	8	9	https://webfusion.cz/kolik-stoji-vyvoj-mobilni-aplikace-v-roce-2025/	local+informational+commercial	cs
webfusion.cz	sprava webu	100	1	78			https://webfusion.cz/sprava-webovych-stranek/	local+informational+commercial	cs
webfusion.cz	vývoj webových stránek	250	28	160			https://webfusion.cz/	local+informational+commercial	cs
webfusion.cz	webu	300	11	52	7	1		informational+commercial	cs
webfusion.cz	webové stránky ceník	40	0	138	7	1	https://webfusion.cz/kolik-stoji-webove-stranky-v-roce-2025/	informational+commercial	cs
webfusion.cz	tvorba web stránky	150	0	273	7	7		local+informational+commercial+transactional	cs
webfusion.cz	webove stranky	300	37	138	6	11		local+informational+commercial	cs
webfusion.cz	návrh webu	150	24	90			https://webfusion.cz/	informational+commercial	cs
webfusion.cz	tvorba mobilních aplikací	70	1	60	6	5	https://webfusion.cz/vyvoj-mobilnich-aplikaci/	local+informational+commercial	cs
webfusion.cz	eshop cena	40	4	150	6	1	https://webfusion.cz/kolik-stoji-tvorba-eshopu-v-roce-2025/	informational+commercial	cs
webfusion.cz	cena loga	10	0	26	6	1	https://webfusion.cz/kolik-stoji-tvorba-loga-v-roce-2025/	local+informational+commercial	cs
webfusion.cz	tvorba mobilní aplikace	150	0	165			https://webfusion.cz/kolik-stoji-vyvoj-mobilni-aplikace-v-roce-2025/	informational+commercial	cs
webfusion.cz	webdesign brno	40	41	147	6	4	https://webfusion.cz/tvorba-webovych-stranek-brno/	local+informational+commercial	cs
webfusion.cz	kolik stoji eshop	30	0	132	5	1	https://webfusion.cz/kolik-stoji-tvorba-eshopu-v-roce-2025/	informational+commercial	cs
webfusion.cz	co je piktogram	70	0		5	1	https://webfusion.cz/slovnik/piktogram/	informational	cs
webfusion.cz	eshop na míru cena	60	0	395	5	6	https://webfusion.cz/kolik-stoji-tvorba-eshopu-v-roce-2025/	informational+commercial	cs
webfusion.cz	tvorba aplikace	150	0	177			https://webfusion.cz/kolik-stoji-vyvoj-mobilni-aplikace-v-roce-2025/	informational+commercial	cs
webfusion.cz	www stranky	150	52	62			https://webfusion.cz/kolik-stoji-webove-stranky-v-roce-2025/	informational+commercial	cs
webfusion.cz	akvizice	1800	1	39	5	8	https://webfusion.cz/slovnik/akvizice/	informational	cs
webfusion.cz	návrh loga	350	2	37			https://webfusion.cz/kolik-stoji-tvorba-loga-v-roce-2025/	informational+commercial+transactional	cs
webfusion.cz	firemní identita	150	0	71	4	8	https://webfusion.cz/tvorba-firemni-identity/	informational+commercial	cs
webfusion.cz	založení eshopu cena	50	1	150			https://webfusion.cz/kolik-stoji-tvorba-eshopu-v-roce-2025/	informational+commercial	cs
webfusion.cz	vyvoj mobilnich aplikaci	100	4	374	4	8	https://webfusion.cz/kolik-stoji-vyvoj-mobilni-aplikace-v-roce-2025/	local+informational+commercial	cs
webfusion.cz	digitální agentura brno	100	51	91	4	10		local+informational+commercial	cs
webfusion.cz	tvorba webu praha	40	0	181	4	4	https://webfusion.cz/tvorba-webovych-stranek-praha/	local+informational+commercial+transactional	cs
webfusion.cz	internetové stránky zdarma	150	58	91			https://webfusion.cz/kolik-stoji-webove-stranky-v-roce-2025/	informational+commercial	cs
webfusion.cz	jak vytvořit web zdarma	150	30	81			https://webfusion.cz/kolik-stoji-webove-stranky-v-roce-2025/	informational+commercial	cs
webfusion.cz	kolik stojí eshop	20	1	132	4	1	https://webfusion.cz/kolik-stoji-tvorba-eshopu-v-roce-2025/	informational+commercial	cs
webfusion.cz	tvorba loga	700	48	51	3	18		informational+commercial+transactional	cs
webfusion.cz	výroba webových stránek	100	45	213	3	11		local+informational+commercial	cs
webfusion.cz	online marketing brno	80	4	180			https://webfusion.cz/online-marketing-brno/	local+informational+commercial	cs
webfusion.cz	vlastní webové stránky	200	44	121	3	6		informational+commercial	cs
webfusion.cz	woocommerce eshop	100	1	120			https://webfusion.cz/tvorba-e-shopu-na-woocommerce/	branded+informational+commercial	cs
webfusion.cz	vývoj aplikace cena	40	0	193	3	1	https://webfusion.cz/kolik-stoji-vyvoj-mobilni-aplikace-v-roce-2025/	informational+commercial	cs
webfusion.cz	co je to piktogram	100	0				https://webfusion.cz/slovnik/piktogram/	informational	cs
webfusion.cz	online marketing kurz zdarma	100	0	41			https://webfusion.cz/kolik-stoji-online-marketing-v-roce-2025/	informational+commercial	cs
webfusion.cz	vytvoření loga	150	0	33			https://webfusion.cz/kolik-stoji-tvorba-loga-v-roce-2025/	informational+commercial	cs
webfusion.cz	organické vyhledávání	100	0		3	6		informational	cs
webfusion.cz	jak udelat webovky	90	6	80			https://webfusion.cz/kolik-stoji-webove-stranky-v-roce-2025/	informational	cs
webfusion.cz	kolik stoji web	10	0	73	2	2	https://webfusion.cz/kolik-stoji-webove-stranky-v-roce-2025/	informational+commercial	cs
webfusion.cz	business suite	80	0	148	2	8		branded+navigational+informational+commercial	cs
webfusion.cz	webova stranka	150	12	138			https://webfusion.cz/kolik-stoji-webove-stranky-v-roce-2025/	informational	cs
webfusion.cz	www stránky	60	42	62			https://webfusion.cz/kolik-stoji-webove-stranky-v-roce-2025/	informational+commercial	cs
webfusion.cz	busines manager	60	0	40	2	7	https://webfusion.cz/slovnik/business-manager/	branded+navigational+informational+commercial	cs
webfusion.cz	martin nasswettr	20	0				https://webfusion.cz/author/nasswe/	informational	cs
webfusion.cz	vytvořit logo	150	0	29			https://webfusion.cz/kolik-stoji-tvorba-loga-v-roce-2025/	informational+commercial	cs
webfusion.cz	tvorba webových stránek jihlava	20	34	142	2	3		local+informational+commercial	cs
webfusion.cz	eweb	100	61				https://webfusion.cz/kolik-stoji-webove-stranky-v-roce-2025/	informational	cs
webfusion.cz	cena eshopu	40	1	150	2	9	https://webfusion.cz/kolik-stoji-tvorba-eshopu-v-roce-2025/	informational+commercial	cs
webfusion.cz	jak vytvořit web s vlastní doménou	80	16	84			https://webfusion.cz/kolik-stoji-webove-stranky-v-roce-2025/	informational+commercial	cs
webfusion.cz	tvorba webových stránek plzeň	10	0	225	2	3		local+informational+commercial	cs
webfusion.cz	onlinemarketing	100	0	116			https://webfusion.cz/kolik-stoji-online-marketing-v-roce-2025/	informational+commercial	cs
webfusion.cz	tvorba e-shopu	60	3	301	2	10	https://webfusion.cz/kolik-stoji-tvorba-eshopu-v-roce-2025/	local+informational+commercial+transactional	cs
webfusion.cz	vyvoj aplikaci	30	3	677	1	7	https://webfusion.cz/kolik-stoji-vyvoj-mobilni-aplikace-v-roce-2025/	local+informational+commercial	cs
webfusion.cz	c ++	10	0		1	2		informational	cs
webfusion.cz	businnes manager	30	0	15	1	7		branded+navigational+informational+commercial	cs
webfusion.cz	caching	100	60				https://webfusion.cz/slovnik/caching/	informational	cs
webfusion.cz	on-line marketing	90	0	107			https://webfusion.cz/kolik-stoji-online-marketing-v-roce-2025/	informational+commercial	cs
webfusion.cz	design loga	100	10	38			https://webfusion.cz/kolik-stoji-tvorba-loga-v-roce-2025/	local+informational+commercial	cs
webfusion.cz	brandmanual	20	0	71			https://webfusion.cz/slovnik/brand-manual/	informational+commercial+transactional	cs
webfusion.cz	a logo	50	0	49			https://webfusion.cz/kolik-stoji-tvorba-loga-v-roce-2025/	informational+commercial	cs
webfusion.cz	tvorba webové stránky	350	42	213			https://webfusion.cz/	local+informational+commercial	cs
webfusion.cz	kolik stojí	3400	1	19			https://webfusion.cz/kolik-stoji-online-marketing-v-roce-2025/	informational+commercial	cs
webfusion.cz	webové stranky	50	56	127	1	11	https://webfusion.cz/kolik-stoji-webove-stranky-v-roce-2025/	local+informational+commercial+transactional	cs
webfusion.cz	byznys model	20	0		1	5		informational	cs
webfusion.cz	vytvořit eshop	100	20	454			https://webfusion.cz/kolik-stoji-tvorba-eshopu-v-roce-2025/	informational+commercial+transactional	cs
webfusion.cz	firemní web	20	0	96	1	7		informational+commercial	cs
webfusion.cz	tvorba aplikací	30	0	115			https://webfusion.cz/kolik-stoji-vyvoj-mobilni-aplikace-v-roce-2025/	informational+commercial	cs
webfusion.cz	grafické práce ceník	10	0	14			https://webfusion.cz/kolik-stoji-tvorba-loga-v-roce-2025/	local+informational+commercial	cs
webfusion.cz	stranky zdarma	40	56	68			https://webfusion.cz/kolik-stoji-webove-stranky-v-roce-2025/	informational+commercial	cs
webfusion.cz	tvorba webovych stranek	40	48	197	1	12		local+informational+commercial+transactional	cs
webfusion.cz	stránky pro dospělé	30	0				https://webfusion.cz/kolik-stoji-webove-stranky-v-roce-2025/	informational	cs
webfusion.cz	navrh loga	30	27	30	1	10	https://webfusion.cz/kolik-stoji-tvorba-loga-v-roce-2025/	informational+commercial	cs
webfusion.cz	webove stránky	150	45	99			https://webfusion.cz/kolik-stoji-webove-stranky-v-roce-2025/	informational+commercial	cs
webfusion.cz	tvorba loga ai	90	0				https://webfusion.cz/kolik-stoji-tvorba-loga-v-roce-2025/	informational+commercial+transactional	cs
webfusion.cz	seo console	1000	0		1	25		branded+informational	cs
webfusion.cz	vyroba loga	20	18	37	1	2	https://webfusion.cz/kolik-stoji-tvorba-loga-v-roce-2025/	informational+commercial+transactional	cs
webfusion.cz	návrh loga zdarma	20	0	14			https://webfusion.cz/kolik-stoji-tvorba-loga-v-roce-2025/	informational+commercial	cs
webfusion.cz	webová stránka	200	24	151			https://webfusion.cz/kolik-stoji-webove-stranky-v-roce-2025/	informational	cs
webfusion.cz	webv	80	58				https://webfusion.cz/kolik-stoji-webove-stranky-v-roce-2025/	informational	cs
webfusion.cz	optimalizace webu	300	2	309			https://webfusion.cz/optimalizace-webu/	informational+commercial	cs
webfusion.cz	tvorba webu jičín	10	0	52	1	9	https://webfusion.cz/tvorba-webovych-stranek-jicin/	local+informational+commercial	cs
webfusion.cz	bussines suite	10	0	145	0	2		branded+navigational+informational+commercial	cs
webfusion.cz	piktogramy význam	10	0		0	1	https://webfusion.cz/slovnik/piktogram/	informational	cs
webfusion.cz	tvorba vizitek	70	2	54			https://webfusion.cz/tvorba-vizitek/	informational+commercial+transactional	cs
webfusion.cz	logo návrh	100	2	33			https://webfusion.cz/tvorba-loga/	informational+commercial	cs
webfusion.cz	meta business manager	600	0	172			https://webfusion.cz/slovnik/business-manager/	branded+navigational+informational	cs
webfusion.cz	webové stránky tvorba	400	42	290			https://webfusion.cz/	local+informational+commercial+transactional	cs
webfusion.cz	profesionální webové stránky	250	29	238			https://webfusion.cz/kolik-stoji-webove-stranky-v-roce-2025/	local+informational+commercial+transactional	cs
webfusion.cz	vytváření webových stránek	30	42	136			https://webfusion.cz/	informational+commercial	cs
webfusion.cz	vytvoření vlastního loga	30	0	20			https://webfusion.cz/kolik-stoji-tvorba-loga-v-roce-2025/	informational+commercial	cs
webfusion.cz	internetove stranky	150	52	112			https://webfusion.cz/kolik-stoji-webove-stranky-v-roce-2025/	informational+commercial	cs
webfusion.cz	mia reality	0	0	15	0	4	https://webfusion.cz/portfolio/mia-reality/	branded+local+navigational+informational+commercial	cs
webfusion.cz	tvorba webu zdarma	200	56	127			https://webfusion.cz/vyplati-se-tvorba-webovych-stranek-zdarma/	informational+commercial	cs
webfusion.cz	bussines manager	0	0	200	0	2	https://webfusion.cz/slovnik/business-manager/	branded+informational+commercial	cs
webfusion.cz	web stranky	150	49	220			https://webfusion.cz/kolik-stoji-webove-stranky-v-roce-2025/	informational+commercial	cs
webfusion.cz	kurz online marketingu	300	5	84			https://webfusion.cz/kolik-stoji-online-marketing-v-roce-2025/	informational+commercial	cs
webfusion.cz	widget co to je	600	1		0	25		informational	cs
webfusion.cz	co je mockup	70	0				https://webfusion.cz/slovnik/mockup/	informational	cs
webfusion.cz	webové stránky zdarma	600	56	159			https://webfusion.cz/vyplati-se-tvorba-webovych-stranek-zdarma/	informational+commercial	cs
webfusion.cz	co je widget	400	0		0	26		informational	cs
webfusion.cz	stk sternberk	40	0				https://webfusion.cz/spusteni-novych-stranek-stk-sternberk/	branded+local+informational	cs
webfusion.cz	co je to ftp	50	2				https://webfusion.cz/slovnik/ftp/	informational	cs
webfusion.cz	marketing ostrava	150	0	65			https://webfusion.cz/online-marketing-ostrava/	local+informational+commercial	cs
webfusion.cz	vr education	0	0	32	0	3		branded+local+informational+commercial	cs
webfusion.cz	webová stránka zdarma	250	56	158			https://webfusion.cz/vyplati-se-tvorba-webovych-stranek-zdarma/	informational+commercial	cs
webfusion.cz	bussiness suite	0	0		0	8	https://webfusion.cz/slovnik/business-suite/	branded+navigational+informational+commercial	cs
webfusion.cz	javascript	2700	88	18			https://webfusion.cz/slovnik/javascript/	branded+informational	cs
webfusion.cz	stk šternberk	150	0	36			https://webfusion.cz/spusteni-novych-stranek-stk-sternberk/	branded+local+informational	cs
webfusion.cz	co je to retence	70	0				https://webfusion.cz/slovnik/retence/	informational	cs
webfusion.cz	logo na míru	90	8	59			https://webfusion.cz/kolik-stoji-tvorba-loga-v-roce-2025/	local+informational+commercial+transactional	cs
webfusion.cz	linkbuildingu	200	1		0	29		informational	cs
webfusion.cz	firemni identita	0	0	69	0	9	https://webfusion.cz/tvorba-firemni-identity/	informational+commercial	cs
webfusion.cz	tvorba loga program	40	0	40			https://webfusion.cz/kolik-stoji-tvorba-loga-v-roce-2025/	informational+commercial	cs
webfusion.cz	www stránky zdarma	150	56	62			https://webfusion.cz/vyplati-se-tvorba-webovych-stranek-zdarma/	informational+commercial	cs
webfusion.cz	co jsou widgety	60	0				https://webfusion.cz/slovnik/widget/	informational	cs
webfusion.cz	internetové stránky	100	52	148			https://webfusion.cz/kolik-stoji-webove-stranky-v-roce-2025/	informational+commercial	cs
webfusion.cz	wordpress gutenberg	40	73	26			https://webfusion.cz/slovnik/gutenberg-editor/	branded+informational	cs
webfusion.cz	e-commerce	600	1	65	0	31	https://webfusion.cz/slovnik/e-commerce/	informational	cs
webfusion.cz	webove stranky zdarma	100	56	121			https://webfusion.cz/vyplati-se-tvorba-webovych-stranek-zdarma/	informational+commercial	cs
webfusion.cz	mockup význam	0	0		0	9	https://webfusion.cz/slovnik/mockup/	informational	cs
webfusion.cz	json	1500	89	19			https://webfusion.cz/slovnik/json/	informational	cs
webfusion.cz	google tag	300	59	36			https://webfusion.cz/slovnik/google-tag-manager/	branded+informational	cs
webfusion.cz	jak vytvořit mobilní aplikaci zdarma	60	0	20			https://webfusion.cz/kolik-stoji-vyvoj-mobilni-aplikace-v-roce-2025/	informational	cs
webfusion.cz	content delivery network	50	74	102			https://webfusion.cz/slovnik/content-delivery-network-cdn/	informational	cs
webfusion.cz	eshop wordpress	200	0	82			https://webfusion.cz/tvorba-e-shopu-na-woocommerce/	branded+informational+commercial	cs
webfusion.cz	omnichannel	250	0	101			https://webfusion.cz/slovnik/omnichannel/	informational+commercial	cs
webfusion.cz	konverzní	600	0				https://webfusion.cz/slovnik/konverzni-trychtyr/	informational	cs
webfusion.cz	ppc reklama co to je	250	1	76			https://webfusion.cz/ppc-reklama/	informational	cs
webfusion.cz	jak udělat webové stránky	250	6	112			https://webfusion.cz/kolik-stoji-webove-stranky-v-roce-2025/	informational+commercial	cs
webfusion.cz	cybrela	40	0	180	0	4	https://webfusion.cz/portfolio/cybrela/	branded+informational+commercial	cs
webfusion.cz	shop tet	80	26	31			https://webfusion.cz/slovnik/shoptet/	branded+navigational+informational+commercial+transactional	cs
webfusion.cz	stránky zdarma	50	56	116			https://webfusion.cz/kolik-stoji-webove-stranky-v-roce-2025/	informational+commercial	cs
webfusion.cz	vytvoření webu	50	42	432			https://webfusion.cz/kolik-stoji-webove-stranky-v-roce-2025/	informational+commercial	cs
webfusion.cz	facebook busines manager	10	0	305			https://webfusion.cz/slovnik/business-manager/	branded+navigational+informational	cs
webfusion.cz	vytvořit vizitku	10	0	55			https://webfusion.cz/tvorba-vizitek/	informational+commercial+transactional	cs
webfusion.cz	sebevědomě	100	0				https://webfusion.cz/portfolio/sebevedome/	informational	cs
webfusion.cz	open-source	70	90	23			https://webfusion.cz/slovnik/open-source-software/	informational	cs
webfusion.cz	webových	150	32	122			https://webfusion.cz/	informational+commercial	cs
webfusion.cz	microsites	60	0	59			https://webfusion.cz/slovnik/microsite/	informational+commercial	cs
webfusion.cz	co je to plugin	50	0				https://webfusion.cz/slovnik/plugin/	informational	cs
webfusion.cz	vytvořit web	30	43	153			https://webfusion.cz/kolik-stoji-webove-stranky-v-roce-2025/	informational+commercial+transactional	cs
webfusion.cz	vytvoření eshopu	70	8	271			https://webfusion.cz/kolik-stoji-tvorba-eshopu-v-roce-2025/	informational+commercial	cs
webfusion.cz	vlastní web	150	43	93			https://webfusion.cz/kolik-stoji-webove-stranky-v-roce-2025/	informational+commercial	cs
webfusion.cz	jak si udělat webové stránky	50	6	114			https://webfusion.cz/kolik-stoji-webove-stranky-v-roce-2025/	informational	cs
webfusion.cz	https	4700	12	6			https://webfusion.cz/slovnik/https/	informational	cs
webfusion.cz	marketing brno	40	3	89			https://webfusion.cz/online-marketing-brno/	local+informational+commercial	cs
webfusion.cz	tvorba webových stránek wordpress	100	2	137			https://webfusion.cz/jak-nainstalovat-wordpress/	branded+informational+commercial	cs
webfusion.cz	jak si vytvořit webové stránky zdarma	200	30	107			https://webfusion.cz/vyplati-se-tvorba-webovych-stranek-zdarma/	informational+commercial	cs
webfusion.cz	co je to akvizice	150	0	27			https://webfusion.cz/slovnik/akvizice/	informational	cs
webfusion.cz	akvizice co to je	100	0	96			https://webfusion.cz/slovnik/akvizice/	informational	cs
webfusion.cz	sklik bannery	50	0	93			https://webfusion.cz/vse-co-potrebujete-vedet-reklama-sklik/	branded+informational+commercial	cs
webfusion.cz	formát json	40	1				https://webfusion.cz/slovnik/json/	informational	cs
webfusion.cz	influencer co to je	100	0	2			https://webfusion.cz/slovnik/influencer/	informational	cs
webfusion.cz	business model canvas česky	60	0				https://webfusion.cz/tvorba-business-modelu/	branded+informational	cs
webfusion.cz	programování aplikace	40	0	42			https://webfusion.cz/kolik-stoji-vyvoj-mobilni-aplikace-v-roce-2025/	informational	cs
webfusion.cz	co znamená influencer	200	0				https://webfusion.cz/slovnik/influencer/	informational	cs
webfusion.cz	program na tvorbu webových stránek	300	1	100			https://webfusion.cz/kolik-stoji-webove-stranky-v-roce-2025/	informational+commercial	cs
webfusion.cz	wordpress cms	20	85				https://webfusion.cz/slovnik/content-management-system-cms/	branded+informational+commercial	cs
webfusion.cz	open source software	100	86	15	0	7	https://webfusion.cz/slovnik/open-source-software/	informational	cs
webfusion.cz	online marketing agentura	150	24	114			https://webfusion.cz/kolik-stoji-online-marketing-v-roce-2025/	local+informational+commercial	cs
webfusion.cz	co je roi	500	4	7			https://webfusion.cz/slovnik/roi/	informational	cs
webfusion.cz	jak udělat webovou stránku	350	6	92			https://webfusion.cz/kolik-stoji-webove-stranky-v-roce-2025/	informational+commercial	cs
webfusion.cz	.json	70	82				https://webfusion.cz/slovnik/json/	informational	cs
webfusion.cz	ab testování	500	0	29			https://webfusion.cz/slovnik/a-b-testovani/	informational	cs
webfusion.cz	co je influencer	450	0	1			https://webfusion.cz/slovnik/influencer/	informational	cs
webfusion.cz	jak udělat webové stránky zdarma	70	43	178			https://webfusion.cz/vyplati-se-tvorba-webovych-stranek-zdarma/	informational+commercial	cs
webfusion.cz	ppc reklamy	250	1	286			https://webfusion.cz/ppc-reklama/	informational+commercial	cs
webfusion.cz	webp	500	31	8	0	7	https://webfusion.cz/slovnik/webp/	branded+informational	cs
webfusion.cz	on-page seo	10	69	32			https://webfusion.cz/slovnik/onpage-seo/	informational	cs
webfusion.cz	tvorba webu wordpress	100	3	136			https://webfusion.cz/jak-nainstalovat-wordpress/	branded+local+informational+commercial	cs
webfusion.cz	co je xml	100	0				https://webfusion.cz/slovnik/xml/	informational	cs
webfusion.cz	co je https	50	0				https://webfusion.cz/slovnik/https/	informational	cs
webfusion.cz	programovací aplikace	10	0	42			https://webfusion.cz/kolik-stoji-vyvoj-mobilni-aplikace-v-roce-2025/	informational+commercial	cs
webfusion.cz	jak udelat logo	10	0	13			https://webfusion.cz/kolik-stoji-tvorba-loga-v-roce-2025/	informational+commercial	cs
webfusion.cz	webm	250	67	10			https://webfusion.cz/slovnik/webm/	branded+informational	cs
webfusion.cz	piktogramy a jejich význam	250	0				https://webfusion.cz/slovnik/piktogram/	informational	cs
webfusion.cz	jak vymyslet logo	90	0	14			https://webfusion.cz/kolik-stoji-tvorba-loga-v-roce-2025/	informational+commercial	cs
webfusion.cz	jak založit webové stránky	40	6	78			https://webfusion.cz/kolik-stoji-webove-stranky-v-roce-2025/	informational+commercial	cs
webfusion.cz	design webových stránek	250	0	109			https://webfusion.cz/kolik-stoji-webove-stranky-v-roce-2025/	local+informational+commercial	cs
webfusion.cz	starup	50	14				https://webfusion.cz/slovnik/startup/	informational+commercial	cs
webfusion.cz	co je b2c	150	0				https://webfusion.cz/slovnik/b2c/	informational	cs
webfusion.cz	webove aplikace	100	2	113			https://webfusion.cz/vyvoj-webovych-aplikaci/	informational+commercial	cs
webfusion.cz	co je to wordpress	200	0				https://webfusion.cz/slovnik/wordpress/	branded+informational	cs
webfusion.cz	co je php	90	0	4			https://webfusion.cz/slovnik/php/	branded+informational	cs
webfusion.cz	linkbuilding seo	200	0	130			https://webfusion.cz/co-je-linkbuilding-a-jak-funguje/	informational+commercial	cs
webfusion.cz	https //	8500	12	11			https://webfusion.cz/slovnik/https/	informational	cs
webfusion.cz	responzivni	150	0	29			https://webfusion.cz/responzivni-design-jako-zaklad-kazdeho-moderniho-webu/	informational	cs
webfusion.cz	co je cpc	70	0				https://webfusion.cz/slovnik/cpc-cena-za-proklik/	informational	cs
webfusion.cz	shoptet cenik	150	16				https://webfusion.cz/kolik-stoji-tvorba-eshopu-v-roce-2025/	branded+informational+commercial	cs
webfusion.cz	omni channel	50	0	93			https://webfusion.cz/slovnik/omnichannel/	informational	cs
webfusion.cz	návrhy loga	200	2	35			https://webfusion.cz/kolik-stoji-tvorba-loga-v-roce-2025/	informational+commercial	cs
webfusion.cz	jak na wordpress	90	0	72			https://webfusion.cz/jak-nainstalovat-wordpress/	branded+informational	cs
webfusion.cz	http https://	1000	0				https://webfusion.cz/slovnik/https/	informational	cs
webfusion.cz	ppc kampaně	400	2	236			https://webfusion.cz/ppc-reklama/	informational+commercial	cs
webfusion.cz	co je public relations	50	0				https://webfusion.cz/slovnik/public-relations-pr/	informational	cs
webfusion.cz	phpmyadmin	450	58	11			https://webfusion.cz/slovnik/phpmyadmin/	branded+navigational+informational	cs
webfusion.cz	seo linkbuilding	150	0	117			https://webfusion.cz/co-je-linkbuilding-a-jak-funguje/	informational+commercial	cs
webfusion.cz	podnikani online	10	0	16			https://webfusion.cz/tag/online-podnikani/	informational+commercial	cs
webfusion.cz	obsahová reklama	200	0	24			https://webfusion.cz/slovnik/google-ads/	informational+commercial	cs
webfusion.cz	webové	90	24	126			https://webfusion.cz/kolik-stoji-webove-stranky-v-roce-2025/	informational+commercial	cs
webfusion.cz	jak založit business manager	150	0	110			https://webfusion.cz/slovnik/business-manager/	branded+informational	cs
webfusion.cz	jak vytvořit e-shop	150	6	175			https://webfusion.cz/kolik-stoji-tvorba-eshopu-v-roce-2025/	informational+commercial	cs
webfusion.cz	my sql	100	77	21			https://webfusion.cz/slovnik/mysql/	branded+navigational+informational	cs
webfusion.cz	click through rate	40	66	10			https://webfusion.cz/slovnik/ctr-click-through-rate/	informational	cs
webfusion.cz	beckend	30	0	33			https://webfusion.cz/slovnik/backend/	informational	cs
webfusion.cz	.webp	40	1		0	9	https://webfusion.cz/slovnik/webp/	branded+informational	cs
webfusion.cz	ftps	80	3				https://webfusion.cz/slovnik/ftp/	informational	cs
webfusion.cz	cdn	600	54	31			https://webfusion.cz/slovnik/content-delivery-network-cdn/	informational	cs
webfusion.cz	a+b	40	0				https://webfusion.cz/slovnik/a-b-testovani/	informational	cs
webfusion.cz	úvodní	100	0				https://webfusion.cz/uvodni-video/	informational	cs
webfusion.cz	affinity photo	900	32	10			https://webfusion.cz/slovnik/affinity-photo/	branded+informational+commercial+transactional	cs
webfusion.cz	plugin	350	17	8			https://webfusion.cz/slovnik/plugin/	informational+commercial	cs
webfusion.cz	jak udělat logo	150	0	13			https://webfusion.cz/kolik-stoji-tvorba-loga-v-roce-2025/	informational+commercial	cs
webfusion.cz	roi vzorec	50	1	8			https://webfusion.cz/slovnik/roi/	informational	cs
webfusion.cz	piktogram	1100	0	22	0	26		informational	cs
webfusion.cz	xml	600	0	6	0	28		informational	cs
webfusion.cz	jednoduché webové stránky	30	31	76			https://webfusion.cz/kolik-stoji-webove-stranky-v-roce-2025/	informational+commercial	cs
webfusion.cz	strojový kód	90	0				https://webfusion.cz/slovnik/zdrojovy-kod/	informational	cs
webfusion.cz	retence	1000	0	5			https://webfusion.cz/slovnik/retence/	informational+commercial	cs
webfusion.cz	joomla	200	18	63			https://webfusion.cz/slovnik/joomla/	branded+informational+commercial	cs
webfusion.cz	widgety	500	0	5			https://webfusion.cz/slovnik/widget/	informational	cs
webfusion.cz	webová aplikace	250	1	201			https://webfusion.cz/vyvoj-webovych-aplikaci/	informational	cs
webfusion.cz	woocommerce	800	62	49			https://webfusion.cz/slovnik/woocommerce/	branded+informational+commercial	cs
webfusion.cz	a/b testování	60	0				https://webfusion.cz/slovnik/a-b-testovani/	informational+commercial	cs
webfusion.cz	woocomerce	90	41	56			https://webfusion.cz/slovnik/woocommerce/	branded+informational+commercial	cs
webfusion.cz	sklik klíčová slova	70	0	27			https://webfusion.cz/slovnik/sklik/	branded+informational+commercial	cs
webfusion.cz	fb business manager	60	0	97			https://webfusion.cz/slovnik/business-manager/	branded+navigational+informational	cs
webfusion.cz	dokumentace	60	1	44			https://webfusion.cz/tvorba-projektove-dokumentace/	informational	cs
webfusion.cz	shoptet	12000	16	45			https://webfusion.cz/slovnik/shoptet/	branded+informational+commercial	cs
webfusion.cz	facebook pixel	200	2	41			https://webfusion.cz/slovnik/facebook-pixel/	branded+informational	cs
webfusion.cz	searchconsole	60	82				https://webfusion.cz/slovnik/google-search-console/	branded+navigational+informational	cs
webfusion.cz	tag manager	450	52	59			https://webfusion.cz/slovnik/google-tag-manager/	branded+informational+commercial	cs
webfusion.cz	infografika	700	3	31			https://webfusion.cz/slovnik/infografika/	informational	cs
webfusion.cz	search console	4500	91	84			https://webfusion.cz/slovnik/google-search-console/	branded+informational	cs
webfusion.cz	affinity	1400	69	10			https://webfusion.cz/slovnik/affinity-photo/	branded+informational+commercial+transactional	cs
webfusion.cz	https//	50	11				https://webfusion.cz/slovnik/https/	informational	cs
webfusion.cz	pixel facebook	30	0	110			https://webfusion.cz/slovnik/facebook-pixel/	branded+informational	cs
webfusion.cz	onlinepizza olomouc	0	0	62			https://webfusion.cz/portfolio/online-pizza/	branded+local+informational+commercial+transactional	cs
webfusion.cz	piktogram význam	0	0				https://webfusion.cz/slovnik/piktogram/	informational	cs
webfusion.cz	tvorba webu liberec	0	25				https://webfusion.cz/tvorba-webovych-stranek-liberec/		cs
webfusion.cz	mia reality recenze	0	0	23	0	6	https://webfusion.cz/portfolio/mia-reality/	branded+local+informational+commercial	cs
webfusion.cz	creatorstudio	0	0		0	6		branded+informational+commercial	cs
webfusion.cz	tvorba web stránek	0	34	194			https://webfusion.cz/	local+informational+commercial	cs
webglobe.cz	webglobe	7200	0	59	7291	1	https://www.webglobe.cz/	branded+navigational+informational+commercial	cs
webglobe.cz	webglobe webmail	2400	20	4	2425	1	https://www.webglobe.cz/poradna/prihlaseni-do-weboveho-rozhrani	branded+navigational+informational	cs
webglobe.cz	webmail webglobe	1200	20	13	1240	1	https://www.webglobe.cz/poradna/prihlaseni-do-weboveho-rozhrani	branded+navigational+informational	cs
webglobe.cz	www	17000	77	19	968	2		informational	cs
webglobe.cz	zavináč	19000	0	1	635	1	https://www.webglobe.cz/poradna/jak-napsat-zavinac	informational	cs
webglobe.cz	webmail.webglobe	300	19	9	380	1	https://www.webglobe.cz/poradna/prihlaseni-do-weboveho-rozhrani	branded+navigational+transactional	cs
webglobe.cz	wordpress	4200	83	71	359	3	https://www.webglobe.cz/poradna/co-je-wordpress	branded+informational	cs
webglobe.cz	webglobe admin	450	7	2	319	1	https://admin.webglobe.cz/	branded+navigational+informational+transactional	cs
webglobe.cz	přijaté emaily	4800	0	14	270	5		informational	cs
webglobe.cz	volné domény	500	65	69	264	1	https://www.webglobe.cz/domeny	informational+commercial+transactional	cs
webglobe.cz	webglobe mail přihlášení	350	19	2	248	1		branded+navigational+transactional	cs
webglobe.cz	wordpress hosting	500	46	213	236	1	https://www.webglobe.cz/webhosting/wordpress	branded+informational+commercial	cs
webglobe.cz	savana	2700	5	3	227	2		informational	cs
webglobe.cz	webhosting	1000	67	138	216	2	https://www.webglobe.cz/webhosting/sdileny	local+informational+commercial+transactional	cs
webglobe.cz	jak napsat zavináč	2600	0	1	191	1	https://www.webglobe.cz/poradna/jak-napsat-zavinac	informational	cs
webglobe.cz	js	1000	0	15	186	2	https://www.webglobe.cz/poradna/co-je-javascript	branded+informational	cs
webglobe.cz	blog	1100	15	32			https://www.webglobe.cz/poradna/co-je-blog	informational	cs
webglobe.cz	dsl	4000	7	39	168	3		navigational+informational	cs
webglobe.cz	ui	2600	45	25	153	1	https://www.webglobe.cz/blog/rozdil-mezi-ux-a-ui/	informational	cs
webglobe.cz	software	3400	39	44	152	1	https://www.webglobe.cz/poradna/co-je-software	informational+commercial	cs
webglobe.cz	google looker studio	700	0	85	149	2		branded+informational+commercial	cs
webglobe.cz	webmail přihlášení	1200	55	1	143	3	https://www.webglobe.cz/poradna/prihlaseni-do-weboveho-rozhrani	navigational+transactional	cs
webglobe.cz	ignum	150	0	8	137	1	https://www.webglobe.cz/znacka/ignum	branded+informational+commercial	cs
webglobe.cz	onebit	150	34	7	136	1	https://www.webglobe.cz/znacka/onebit	branded+informational+commercial	cs
webglobe.cz	webmail ebola	100	0	7			https://www.webglobe.cz/	informational	cs
webglobe.cz	facebook business manager	2000	24	147	128	1	https://www.webglobe.cz/poradna/co-je-business-manager-facebook	branded+navigational+informational	cs
webglobe.cz	domena	600	42	105	125	1		informational+commercial+transactional	cs
webglobe.cz	roundcube webmail	500	26	63	123	5	https://www.webglobe.cz/poradna/co-je-roundcube	branded+navigational+informational+transactional	cs
webglobe.cz	e-mail hosting	700	39	98	121	1		informational+commercial+transactional	cs
webglobe.cz	webmail	5900	0	24	116	2	https://www.webglobe.cz/poradna/co-je-webmail	navigational+informational	cs
webglobe.cz	hardware	4500	4	13			https://www.webglobe.cz/poradna/co-je-hardware	local+informational+commercial	cs
webglobe.cz	dns server	800	37	16	108	1	https://www.webglobe.cz/poradna/co-je-dns	informational	cs
webglobe.cz	nejlepší webové stránky	100	0	78	102	1	https://www.webglobe.cz/blog/nejlepsi-webove-stranky-sveta-2025/	informational+commercial	cs
webglobe.cz	webglobe přihlášení	150	0		100	1	https://www.webglobe.cz/prihlaseni	branded+navigational+informational	cs
webglobe.cz	nic	3900	3	39	100	2	https://www.webglobe.cz/blog/cena-domeny	branded+navigational+informational	cs
webglobe.cz	https	4600	0	6	99	7	https://www.webglobe.cz/blog/co-je-https/	informational	cs
webglobe.cz	tvorba web stránek	800	50	194	99	5	https://www.webglobe.cz/blog/web-zdarma/	local+informational+commercial	cs
webglobe.cz	webeditor	100	10	29	97	1	https://www.webglobe.cz/web	branded+informational+commercial	cs
webglobe.cz	reverse proxy	200	26	20	94	2		informational	cs
webglobe.cz	co je marketing	400	0	48	90	2		informational	cs
webglobe.cz	ignum webmail	200	2	2	87	2	https://www.webglobe.cz/znacka/ignum	branded+informational+commercial	cs
webglobe.cz	webglobe smtp	100	0		85	1	https://www.webglobe.cz/poradna/jake-parametry-pro-nastaveni-emailoveho-klienta-pouzit	branded+informational	cs
webglobe.cz	webglobe email	150	8	8	82	1	https://www.webglobe.cz/poradna/prihlaseni-do-weboveho-rozhrani	branded+navigational+informational	cs
webglobe.cz	pr	5200	8	33	81	1		informational	cs
webglobe.cz	co je to hardware	1300	0	11	81	1	https://www.webglobe.cz/poradna/co-je-hardware	informational	cs
webglobe.cz	error 503	200	0		81	2		informational	cs
webglobe.cz	jak se píše zavináč	1100	0	1	80	1	https://www.webglobe.cz/poradna/jak-napsat-zavinac	informational	cs
webglobe.cz	tvorba webu cena	400	0	132			https://www.webglobe.cz/blog/tvorba-webu	informational+commercial	cs
webglobe.cz	trojan virus	200	10	54	75	1	https://www.webglobe.cz/poradna/co-je-trojan-virus	informational	cs
webglobe.cz	webmail ignum	150	0				https://www.webglobe.cz/znacka/ignum	branded+navigational+informational	cs
webglobe.cz	zavináč na klávesnici	1000	49	1	70	3	https://www.webglobe.cz/poradna/jak-napsat-zavinac	informational	cs
webglobe.cz	business manager	1700	0	167	68	1		informational+commercial	cs
webglobe.cz	tvorba webových stránek	1200	31	308	67	7		local+informational+commercial+transactional	cs
webglobe.cz	webové stránky	1200	48	118			https://www.webglobe.cz/blog/web-zdarma/	informational+commercial	cs
webglobe.cz	chyba 503	150	0		63	2	https://www.webglobe.cz/poradna/co-je-chyba-503	informational	cs
webglobe.cz	webglobe.cz	80	3	183	61	1	https://www.webglobe.cz/	branded+navigational+informational+commercial+transactional	cs
webglobe.cz	proxy	900	28	49			https://www.webglobe.cz/poradna/co-je-proxy-server	informational	cs
webglobe.cz	domény volné	100	65	82	59	1	https://www.webglobe.cz/domeny	informational+commercial+transactional	cs
webglobe.cz	ww	3100	89	1	58	1		informational	cs
webglobe.cz	org	350	23	26	58	1	https://www.webglobe.cz/domeny/org	branded+informational	cs
webglobe.cz	co je software	800	0	166	57	1	https://www.webglobe.cz/poradna/co-je-software	informational	cs
webglobe.cz	onpage	600	0		57	1		branded+informational+commercial	cs
webglobe.cz	domena zdarma	200	42	133	52	1	https://www.webglobe.cz/blog/domena-zdarma-u-webglobe/	informational+commercial+transactional	cs
webglobe.cz	ůi	150	0	9	52	1	https://www.webglobe.cz/blog/rozdil-mezi-ux-a-ui/	informational	cs
webglobe.cz	kolik stojí webové stránky	350	0	118			https://www.webglobe.cz/blog/tvorba-webu	informational+commercial	cs
webglobe.cz	volne domeny	200	68	79	51	3	https://www.webglobe.cz/domeny	informational+commercial+transactional	cs
webglobe.cz	caht gpt	5600	94	1	51	15		branded+navigational+informational+transactional	cs
webglobe.cz	jak zjistit návštěvnost webu	70	0	58	50	1	https://www.webglobe.cz/blog/jak-zjistit-navstevnost-ciziho-webu/	informational	cs
webglobe.cz	storytelling	600	0	19	50	6		informational+commercial	cs
webglobe.cz	admin	1000	0	6	50	1		informational	cs
webglobe.cz	webhosting c4	70	23	28	49	1		branded+informational+commercial	cs
webglobe.cz	freemail	900	8	36	49	2		branded+navigational+informational+transactional	cs
webglobe.cz	elementor	900	76	48	49	3	https://www.webglobe.cz/poradna/co-je-elementor	branded+informational+commercial	cs
webglobe.cz	je doména volná	200	41	63			https://www.webglobe.cz/blog/overeni-domeny/	informational+commercial+transactional	cs
webglobe.cz	seznam indexace	250	3				https://www.webglobe.cz/poradna/co-je-indexace	branded+informational	cs
webglobe.cz	jak se dělá zavináč	1000	0	1	45	1	https://www.webglobe.cz/poradna/jak-napsat-zavinac	informational	cs
webglobe.cz	retence	1000	0	5	45	1	https://www.webglobe.cz/poradna/co-je-retence-zakazniku	informational+commercial	cs
webglobe.cz	whitehat seo	700	4		45	6		informational+commercial	cs
webglobe.cz	port	1900	35	139			https://www.webglobe.cz/poradna/co-je-port	branded+informational	cs
webglobe.cz	eshop zdarma	350	5	118	44	1		informational+commercial+transactional	cs
webglobe.cz	návštěvnost webu	80	1	81	43	1	https://www.webglobe.cz/blog/jak-zjistit-navstevnost-ciziho-webu/	informational+commercial	cs
webglobe.cz	co je html	200	1		42	1	https://www.webglobe.cz/poradna/co-je-html	informational	cs
webglobe.cz	domeny	700	60	93	41	2	https://www.webglobe.cz/domeny	informational+commercial+transactional	cs
webglobe.cz	webové stránky zdarma	600	52	159	41	1	https://www.webglobe.cz/blog/web-zdarma	informational+commercial	cs
webglobe.cz	co je to dns	250	22	4	40	1	https://www.webglobe.cz/blog/dns-co-to-je/	informational	cs
webglobe.cz	domény	300	50	92	40	3	https://www.webglobe.cz/domeny	informational+commercial+transactional	cs
webglobe.cz	co je url	600	0		39	1	https://www.webglobe.cz/poradna/co-je-url	informational	cs
webglobe.cz	savana hosting	50	31	24	39	1	https://www.webglobe.cz/	branded+informational+commercial	cs
webglobe.cz	tvorba webů	450	30	227	39	7		local+informational+commercial	cs
webglobe.cz	webové stránky cena	400	0	177			https://www.webglobe.cz/blog/tvorba-webu	informational+commercial	cs
webglobe.cz	webmail.webglobe.cz	30	7	5	38	1	https://www.webglobe.cz/poradna/prihlaseni-do-weboveho-rozhrani	branded+navigational	cs
webglobe.cz	onebit mail	40	6	1	37	1	https://www.webglobe.cz/znacka/onebit	branded+navigational+informational	cs
webglobe.cz	wan	600	0	10	37	1		informational	cs
webglobe.cz	web globe	150	47		37	1	https://www.webglobe.cz/	branded+navigational+informational+commercial+transactional	cs
webglobe.cz	ssl certifikát zdarma	50	58	32	37	1	https://www.webglobe.cz/poradna/lets-encrypt-ssl-certifikat-zdarma	informational+commercial+transactional	cs
webglobe.cz	jak udělat zavináč	600	6	1	37	1	https://www.webglobe.cz/poradna/jak-napsat-zavinac	informational	cs
webglobe.cz	web hosting	700	78	157	37	5		informational+commercial+transactional	cs
webglobe.cz	zkratka pro zavináč	200	0	1	36	1	https://www.webglobe.cz/poradna/jak-napsat-zavinac	informational	cs
webglobe.cz	navstevnost webu	100	1	73	36	1	https://www.webglobe.cz/blog/jak-zjistit-navstevnost-ciziho-webu/	informational+commercial	cs
webglobe.cz	klávesová zkratka zavináč	300	2	1			https://www.webglobe.cz/poradna/jak-napsat-zavinac	informational	cs
webglobe.cz	kde koupit domenu	250	51		35	1	https://www.webglobe.cz/blog/jak-koupit-domenu/	informational+commercial+transactional	cs
webglobe.cz	elementor pro	450	75	39			https://www.webglobe.cz/blog/elementor-srovnani/	branded+informational+commercial	cs
webglobe.cz	informace o doméně	300	2	14			https://www.webglobe.cz/poradna/jak-zjistim-majitele-obsazene-domeny	informational	cs
webglobe.cz	vlastní web	150	43	93			https://www.webglobe.cz/blog/web-zdarma/	informational+commercial	cs
webglobe.cz	chyba 403	100	0		34	1	https://www.webglobe.cz/poradna/chyba-403	informational	cs
webglobe.cz	ebola hosting	30	40	119	34	1	https://www.webglobe.cz/	branded+informational+commercial	cs
webglobe.cz	domeny.cz	300	55		33	5		branded+navigational+informational+commercial+transactional	cs
webglobe.cz	wordpress download	300	38	39	33	2	https://www.webglobe.cz/blog/wordpress-instalace	branded+informational+transactional	cs
webglobe.cz	multihosting	200	0	156	33	2	https://www.webglobe.cz/poradna/co-je-multihosting	informational+commercial	cs
webglobe.cz	co je to wordpress	150	0		33	1	https://www.webglobe.cz/poradna/co-je-wordpress	branded+informational	cs
webglobe.cz	wy	100	0	148	33	1		informational	cs
webglobe.cz	doména	450	46	105	32	1	https://www.webglobe.cz/domeny/akce	informational+commercial+transactional	cs
webglobe.cz	admin webglobe	40	0	4	32	1	https://admin.webglobe.cz/	branded+navigational+informational	cs
webglobe.cz	looker studio	1100	0	56	31	2		branded+navigational+informational+commercial	cs
webglobe.cz	webové stránky tvorba	250	32	290	31	7	https://www.webglobe.cz/blog/web-zdarma/	local+informational+commercial+transactional	cs
webglobe.cz	vytvoření webových stránek	1000	48	181	30	7	https://www.webglobe.cz/blog/web-zdarma/	informational+commercial	cs
webglobe.cz	internetové stránky zdarma	150	55	91	30	1	https://www.webglobe.cz/blog/web-zdarma/	informational+commercial	cs
webglobe.cz	tvorba webu zdarma	250	56	127	30	1	https://www.webglobe.cz/blog/web-zdarma/	informational+commercial	cs
webglobe.cz	uefi	400	7	2	30	1		branded+informational	cs
webglobe.cz	wordpress webhosting	350	48	118	29	5	https://www.webglobe.cz/webhosting/wordpress	branded+informational+commercial	cs
webglobe.cz	co je switch	150	4		29	1	https://www.webglobe.cz/poradna/co-je-switch	informational	cs
webglobe.cz	zavináč klávesnice	80	0	1	29	1	https://www.webglobe.cz/poradna/jak-napsat-zavinac	informational	cs
webglobe.cz	wordpress šablony	400	2	34	29	5	https://www.webglobe.cz/blog/top-10-wordpress-sablon-zdarma/	branded+informational+commercial	cs
webglobe.cz	lokální seo	250	0	106	29	1		informational+commercial	cs
webglobe.cz	webmail onebit	50	6	3	27	1	https://www.webglobe.cz/znacka/onebit	branded+navigational+informational	cs
webglobe.cz	microsoft 365 login	5300	0	5	27	10		branded+navigational+informational+transactional	cs
webglobe.cz	deamon	100	0	2			https://www.webglobe.cz/poradna/co-je-daemon	branded+navigational+informational+commercial	cs
webglobe.cz	ux	900	0	30	27	6	https://www.webglobe.cz/blog/rozdil-mezi-ux-a-ui/	informational	cs
webglobe.cz	co je widget	400	0		27	1	https://www.webglobe.cz/poradna/co-je-widget	informational	cs
webglobe.cz	www stránky zdarma	100	57	62	27	1	https://www.webglobe.cz/blog/web-zdarma/	informational+commercial	cs
webglobe.cz	info o domene	100	36	24	26	2	https://www.webglobe.cz/poradna/jak-zjistim-majitele-obsazene-domeny	informational	cs
webglobe.cz	c4 webhosting	30	23	112	26	1		branded+informational+commercial	cs
webglobe.cz	p2p	600	0	5	26	3		branded+navigational+informational+commercial	cs
webglobe.cz	mailhosting	150	19	124	25	2	https://www.webglobe.cz/poradna/co-je-mailhosting	informational+commercial+transactional	cs
webglobe.cz	webové prezentace	150	0	77			https://www.webglobe.cz/poradna/co-je-webova-prezentace	informational+commercial	cs
webglobe.cz	co je dns	250	26	4	25	1	https://www.webglobe.cz/blog/dns-co-to-je/	informational	cs
webglobe.cz	web seo	450	1	191	25	1	https://www.webglobe.cz/poradna/co-je-seo	informational	cs
webglobe.cz	dostupnost domény	80	61	79	25	2	https://www.webglobe.cz/domeny	informational+commercial	cs
webglobe.cz	autorita domény	70	0	13	25	1		branded+informational	cs
webglobe.cz	volná doména	100	65		25	2	https://www.webglobe.cz/domeny	informational+commercial+transactional	cs
webglobe.cz	registrace domény zdarma	200	24	64			https://www.webglobe.cz/blog/domena-zdarma-u-webglobe/	informational+commercial+transactional	cs
webglobe.cz	jak se dělá zavináč na klávesnici	300	0	1	24	1	https://www.webglobe.cz/poradna/jak-napsat-zavinac	informational	cs
webglobe.cz	webová doména	200	56	194	24	3	https://www.webglobe.cz/blog/domena-a-hosting-rozdil	informational+commercial+transactional	cs
webglobe.cz	error 500	400	24	7	24	1	https://www.webglobe.cz/poradna/co-je-chyba-500	informational	cs
webglobe.cz	jak napsat zavináč na anglické klávesnici	250	1	1			https://www.webglobe.cz/poradna/jak-napsat-zavinac	informational	cs
webglobe.cz	vlastní webové stránky	200	44	121	24	1	https://www.webglobe.cz/blog/web-zdarma/	informational+commercial	cs
webglobe.cz	hosting zdarma	150	47	69	24	2	https://www.webglobe.cz/znacka/hosting-zdarma	informational+commercial	cs
webglobe.cz	c2c	350	0	17	24	1		informational	cs
webglobe.cz	komu patří doména	70	36	12	24	2	https://www.webglobe.cz/poradna/jak-zjistim-majitele-obsazene-domeny	informational	cs
webglobe.cz	jak napsat zavináč na klávesnici	250	0	1	23	1	https://www.webglobe.cz/poradna/jak-napsat-zavinac	informational	cs
webglobe.cz	customer journey	200	26	75	23	1	https://www.webglobe.cz/poradna/co-je-customer-journey	informational+commercial	cs
webglobe.cz	zavináč anglická klávesnice	90	0	2	23	1	https://www.webglobe.cz/poradna/jak-napsat-zavinac	informational	cs
webglobe.cz	český webhosting	300	38	89	22	2		branded+local+informational+commercial+transactional	cs
webglobe.cz	blog.cz	30	0	83	22	2		informational	cs
webglobe.cz	verejna ip adresa	300	0	27			https://www.webglobe.cz/poradna/jak-zjistit-ip-adresu	informational	cs
webglobe.cz	jak udělat @ na notebooku	150	0				https://www.webglobe.cz/poradna/jak-napsat-zavinac	informational	cs
webglobe.cz	dmarc	300	8	11	22	1		branded+informational	cs
webglobe.cz	ignum mail přihlášení	70	6		22	2	https://www.webglobe.cz/znacka/ignum	branded+navigational	cs
webglobe.cz	cdn	600	58	31	22	1	https://www.webglobe.cz/poradna/co-je-cdn	informational	cs
webglobe.cz	webhosting cena	100	42	91	22	1	https://www.webglobe.cz/kompletni-cenik	informational+commercial+transactional	cs
webglobe.cz	čí je doména	50	36	18	22	1	https://www.webglobe.cz/poradna/jak-zjistim-majitele-obsazene-domeny	informational	cs
webglobe.cz	responzivita	150	0	42	22	1	https://www.webglobe.cz/poradna/co-je-responzivita	informational	cs
webglobe.cz	ignum mail	20	0	9	22	1	https://www.webglobe.cz/znacka/ignum	branded+informational+commercial	cs
webglobe.cz	provoz webových stránek cena	150	0	67			https://www.webglobe.cz/blog/tvorba-webu	informational+commercial	cs
webglobe.cz	zavináč na macu	800	0	1			https://www.webglobe.cz/poradna/jak-napsat-zavinac	branded+informational	cs
webglobe.cz	latence	700	0	18	21	5	https://www.webglobe.cz/poradna/co-je-latence	informational	cs
webglobe.cz	linkbuilding zdarma	150	1		21	1		informational+commercial	cs
webglobe.cz	chyba 500	200	35	2	21	1	https://www.webglobe.cz/poradna/co-je-chyba-500	informational	cs
webglobe.cz	sem rush	200	0	59	21	4		branded+navigational+informational+commercial	cs
webglobe.cz	technické seo	150	0	58	21	1	https://www.webglobe.cz/poradna/co-je-technicke-seo	informational+commercial	cs
webglobe.cz	linkbulding	350	0	118	21	3		informational	cs
webglobe.cz	návštěvnost webů	150	0	59	21	2	https://www.webglobe.cz/blog/jak-zjistit-navstevnost-ciziho-webu/	informational+commercial	cs
webglobe.cz	htaccess redirect	30	2	3	20	1	https://www.webglobe.cz/poradna/co-je-redirect-htaccess	informational	cs
webglobe.cz	vytvoření webové stránky zdarma	100	44	107	20	1	https://www.webglobe.cz/blog/web-zdarma/	informational+commercial	cs
webglobe.cz	mpls	350	1	5	20	1		informational	cs
webglobe.cz	iframe	400	4	34	20	1		informational	cs
webglobe.cz	co je link	150	0		20	1	https://www.webglobe.cz/poradna/co-je-link	informational	cs
webglobe.cz	widget	1400	0	4	20	1		informational	cs
webglobe.cz	brand marketing	250	3	104	20	1	https://www.webglobe.cz/poradna/co-je-brand-marketing	informational+commercial	cs
webglobe.cz	volna domena	90	65	60	20	1	https://www.webglobe.cz/domeny	informational+commercial+transactional	cs
webglobe.cz	webove stranky	300	37	138	20	6	https://www.webglobe.cz/blog/web-zdarma/	local+informational+commercial	cs
webglobe.cz	klíčová slova seo	150	1	147	20	3	https://www.webglobe.cz/poradna/co-je-keyword	informational	cs
webglobe.cz	zavináč klávesová zkratka	80	2	3			https://www.webglobe.cz/poradna/jak-napsat-zavinac	informational	cs
webglobe.cz	převod domény na jiného majitele	60	4	94	20	1	https://www.webglobe.cz/blog/prevod-domeny-na-jineho-majitele/	informational	cs
webglobe.cz	imprese	600	0	18	19	5	https://www.webglobe.cz/poradna/co-je-imprese	informational	cs
webglobe.cz	co je kpi	400	0	2			https://www.webglobe.cz/poradna/co-je-kpi	informational	cs
webglobe.cz	mail hosting	150	39	91	19	2	https://www.webglobe.cz/poradna/co-je-mailhosting	informational+commercial+transactional	cs
webglobe.cz	webglobe imap	90	0		19	1	https://www.webglobe.cz/poradna/jake-parametry-pro-nastaveni-emailoveho-klienta-pouzit	branded+informational	cs
webglobe.cz	seo web	1000	9	142			https://www.webglobe.cz/poradna/co-je-seo	informational	cs
webglobe.cz	sftp	300	7	92	19	1		informational	cs
webglobe.cz	tvorba webových stránek zdarma	250	51	93	19	6	https://www.webglobe.cz/blog/web-zdarma	informational+commercial	cs
webglobe.cz	konverzní	800	0		19	6	https://www.webglobe.cz/poradna/co-je-konverzni-pomer	informational	cs
webglobe.cz	vps co to je	60	31	68	19	1	https://www.webglobe.cz/blog/co-je-to-vps	informational	cs
webglobe.cz	jak se dělá zavináč na pc	150	0	1	19	1	https://www.webglobe.cz/poradna/jak-napsat-zavinac	informational	cs
webglobe.cz	webs	250	43	41	19	1		branded+informational+commercial	cs
webglobe.cz	benchmark	2100	41	13	19	1		informational+commercial	cs
webglobe.cz	css	1800	22	15	18	1	https://www.webglobe.cz/poradna/co-je-css	informational	cs
webglobe.cz	gat gpt	700	96	1	18	10		branded+navigational+informational+transactional	cs
webglobe.cz	savana webmail	800	18	1	18	2	https://www.webglobe.cz/lp/savana	branded+navigational+informational	cs
webglobe.cz	affiliate marketing co to je	600	1	21			https://www.webglobe.cz/poradna/co-je-affiliate	informational	cs
webglobe.cz	jak napsat na klávesnici zavináč	80	1	1	18	1	https://www.webglobe.cz/poradna/jak-napsat-zavinac	informational	cs
webglobe.cz	webglobe ftp	40	0		18	1	https://www.webglobe.cz/poradna/jak-se-prihlasit-k-ftp	branded+informational	cs
webglobe.cz	widgety	500	0	5	18	1	https://www.webglobe.cz/poradna/co-je-widget	informational	cs
webglobe.cz	firmware	700	0	27	18	1		informational	cs
webglobe.cz	jak zrušit spam	150	9	44	18	1	https://www.webglobe.cz/blog/zbavte-se-spamu-v-emaile/	informational	cs
webglobe.cz	smtp	600	26	90	18	1		informational	cs
webglobe.cz	eshop zdarma na vlastní doméně	80	5	121	18	1		informational+commercial	cs
webglobe.cz	server housing	300	25	143	18	3		local+informational+commercial+transactional	cs
webglobe.cz	oneadmin	20	0		18	1	https://www.webglobe.cz/znacka/onebit	branded+navigational+informational+commercial	cs
webglobe.cz	cluster	350	55	7	18	1	https://www.webglobe.cz/poradna/co-je-cluster	informational	cs
webglobe.cz	zavinac	14000	0	2	18	6	https://www.webglobe.cz/poradna/jak-napsat-zavinac	informational	cs
webglobe.cz	url adresa	250	0	87	18	4	https://www.webglobe.cz/poradna/co-je-url	informational	cs
webglobe.cz	facebook business	150	30	135	17	2		branded+informational+commercial	cs
webglobe.cz	honeypot	200	5	3	17	1	https://www.webglobe.cz/poradna/co-je-honeypot	informational	cs
webglobe.cz	zavinac na klavesnici	70	2	2	17	1	https://www.webglobe.cz/poradna/jak-napsat-zavinac	informational	cs
webglobe.cz	meta popisek	100	1	55	17	1	https://www.webglobe.cz/blog/meta-description/	informational	cs
webglobe.cz	založit email zdarma	1000	31	18	17	11	https://www.webglobe.cz/poradna/jak-si-zalozit-emailovou-schranku	informational+transactional	cs
webglobe.cz	onebit hosting	50	24	64	17	1	https://www.webglobe.cz/znacka/onebit	branded+informational+commercial	cs
webglobe.cz	http 503	250	0	7	17	1	https://www.webglobe.cz/poradna/co-je-chyba-503	informational	cs
webglobe.cz	co je případová studie	100	0		17	1	https://www.webglobe.cz/poradna/co-je-pripadova-studie	informational	cs
webglobe.cz	domeny overeni	100	63	81	17	1	https://www.webglobe.cz/blog/overeni-domeny/	informational+commercial+transactional	cs
webglobe.cz	jak se dela zavinac	200	0	1	17	1	https://www.webglobe.cz/poradna/jak-napsat-zavinac	informational	cs
webglobe.cz	pomalé načítání stránek	70	0	2	17	3	https://www.webglobe.cz/blog/optimailzace-vykonu-wordpressu/	informational	cs
webglobe.cz	web editor	70	75	61			https://www.webglobe.cz/web	informational+commercial+transactional	cs
webglobe.cz	vps hosting	500	43	149	16	1	https://www.webglobe.cz/servery/vps	informational+commercial+transactional	cs
webglobe.cz	upsell	200	0	5			https://www.webglobe.cz/poradna/co-je-upsell	informational+commercial	cs
webglobe.cz	favicon	1000	0	19	16	1	https://www.webglobe.cz/poradna/pridavani-favicony	informational	cs
webglobe.cz	403 forbidden	500	0	5	16	1	https://www.webglobe.cz/poradna/co-je-chyba-403	informational	cs
webglobe.cz	trojský kůň vir	200	2	94	16	1	https://www.webglobe.cz/poradna/co-je-trojan-virus	informational	cs
webglobe.cz	vlan	400	1	10	16	1		informational	cs
webglobe.cz	informace o domene	90	34	30	16	2	https://www.webglobe.cz/poradna/jak-zjistim-majitele-obsazene-domeny	informational	cs
webglobe.cz	email hosting	100	2	90			https://www.webglobe.cz/poradna/co-je-mailhosting	informational+commercial+transactional	cs
webglobe.cz	vlastník domény	90	46	11	16	2	https://www.webglobe.cz/poradna/jak-zjistim-majitele-obsazene-domeny	informational	cs
webglobe.cz	smtp relay	50	27	76	15	1		informational	cs
webglobe.cz	webglobe mail	20	6	8	15	1	https://www.webglobe.cz/poradna/prihlaseni-do-weboveho-rozhrani	branded+navigational+informational	cs
webglobe.cz	dkim záznam	60	0		15	1	https://www.webglobe.cz/poradna/dkim-zaznamy	branded+informational	cs
webglobe.cz	zavináč na notebooku	200	2	2			https://www.webglobe.cz/poradna/jak-napsat-zavinac	informational	cs
webglobe.cz	vps	600	50	42	15	8	https://www.webglobe.cz/servery/vps	informational+commercial+transactional	cs
webglobe.cz	ikona webu	70	0		15	1	https://www.webglobe.cz/poradna/wp-favicon	informational	cs
webglobe.cz	linux server	90	82	82	15	1	https://www.webglobe.cz/poradna/co-je-linux-server	informational	cs
webglobe.cz	web mail	200	47	3	15	4	https://www.webglobe.cz/poradna/co-je-webmail	navigational+informational	cs
webglobe.cz	dns servery	200	0	24	15	1	https://www.webglobe.cz/poradna/dns-servery-nameservery-webglobe	informational	cs
webglobe.cz	démon	600	0	2	15	1		informational	cs
webglobe.cz	majitel domény	60	1	9			https://www.webglobe.cz/poradna/jak-zjistim-majitele-obsazene-domeny	informational	cs
webglobe.cz	jak se pise zavinac	250	3	1			https://www.webglobe.cz/poradna/jak-napsat-zavinac	informational	cs
webglobe.cz	kde registrovat doménu	150	43	115	14	5	https://www.webglobe.cz/blog/jak-koupit-domenu/	informational+commercial+transactional	cs
webglobe.cz	stranky zdarma	100	52	68	14	1	https://www.webglobe.cz/blog/web-zdarma/	informational+commercial	cs
webglobe.cz	webglobe recenze	100	11	87	14	1	https://www.webglobe.cz/poradna/webglobe-zkusenosti	branded+informational+commercial	cs
webglobe.cz	jak se píše zavináč na notebooku	200	0	1	14	1	https://www.webglobe.cz/poradna/jak-napsat-zavinac	informational	cs
webglobe.cz	webove stránky	150	35	99	14	3	https://www.webglobe.cz/blog/web-zdarma/	informational+commercial	cs
webglobe.cz	bot net	250	7	38			https://www.webglobe.cz/poradna/co-je-botnet	informational	cs
webglobe.cz	aida	900	9	7	14	1		informational+commercial+transactional	cs
webglobe.cz	co je chatgpt	800	40	5	14	10	https://www.webglobe.cz/poradna/co-je-chatgpt	branded+informational	cs
webglobe.cz	tvorba webové stránky	200	38	213	14	6	https://www.webglobe.cz/blog/web-zdarma/	local+informational+commercial	cs
webglobe.cz	sitemap	200	3	28	14	1	https://www.webglobe.cz/poradna/co-je-sitemap	informational	cs
webglobe.cz	co je to doména	100	34	32	14	1	https://www.webglobe.cz/blog/co-je-domena/	informational	cs
webglobe.cz	web stránky zdarma	150	56	93			https://www.webglobe.cz/blog/web-zdarma/	informational+commercial	cs
webglobe.cz	wpa2	60	30	3	14	1		branded+informational	cs
webglobe.cz	webová stránka zdarma	150	53	158	14	1	https://www.webglobe.cz/blog/web-zdarma/	informational+commercial	cs
webglobe.cz	on page	350	0	11	14	4	https://www.webglobe.cz/poradna/co-je-on-page-seo	informational	cs
webglobe.cz	zavinac na ceske klavesnici	90	3	1			https://www.webglobe.cz/poradna/jak-napsat-zavinac	informational	cs
webglobe.cz	jak udělat zavináč na notebooku	100	0	1	14	1	https://www.webglobe.cz/poradna/jak-napsat-zavinac	informational	cs
webglobe.cz	dostupnost domeny	100	60	31	14	2	https://www.webglobe.cz/blog/overeni-domeny/	informational+commercial	cs
webglobe.cz	stable	250	7	7	14	1	https://www.webglobe.cz/znacka/stable	informational	cs
webglobe.cz	co je doména	250	35	34	14	1	https://www.webglobe.cz/blog/co-je-domena/	informational	cs
webglobe.cz	skript	350	30		14	1	https://www.webglobe.cz/poradna/co-je-skript	informational	cs
webglobe.cz	spf záznam	60	1	4	14	1	https://www.webglobe.cz/poradna/jak-nastavit-spf-zaznamy	branded+informational	cs
webglobe.cz	server dns	90	33	5	13	1	https://www.webglobe.cz/poradna/co-je-dns	informational	cs
webglobe.cz	co je seo nastavení stránky	700	3	22	13	10		informational	cs
webglobe.cz	metadescription	600	0	16	13	9		informational	cs
webglobe.cz	jak nainstalovat wordpress	150	5	21	13	4	https://www.webglobe.cz/blog/wordpress-instalace/	branded+informational	cs
webglobe.cz	domeny na prodej	150	0	39	13	1		informational+commercial+transactional	cs
webglobe.cz	jak napsat zavinac	300	1	1	13	1	https://www.webglobe.cz/poradna/jak-napsat-zavinac	informational	cs
webglobe.cz	url adresa co to je	90	0		13	1		informational	cs
webglobe.cz	wordpress šablony zdarma	100	2	29	13	3	https://www.webglobe.cz/blog/top-10-wordpress-sablon-zdarma/	branded+informational+commercial	cs
webglobe.cz	gzip	50	58		13	1	https://www.webglobe.cz/poradna/co-je-gzip	branded+informational	cs
webglobe.cz	widget co to je	600	1		13	6	https://www.webglobe.cz/poradna/co-je-widget	informational	cs
webglobe.cz	volné domeny	150	65	79	13	3	https://www.webglobe.cz/domeny	informational+commercial+transactional	cs
webglobe.cz	redundantní	500	0		13	1		informational	cs
webglobe.cz	seo on page	700	0	67			https://www.webglobe.cz/poradna/co-je-on-page-seo	informational	cs
webglobe.cz	vytvoření webových stránek zdarma	150	47	122	13	5	https://www.webglobe.cz/blog/web-zdarma/	informational+commercial	cs
webglobe.cz	subdomena	100	8	11	13	1	https://www.webglobe.cz/poradna/co-je-subdomena	informational	cs
webglobe.cz	cpo	150	0	1	13	2		informational	cs
webglobe.cz	zavinac klavesnice	80	0	1	13	1	https://www.webglobe.cz/poradna/jak-napsat-zavinac	informational	cs
webglobe.cz	webová prezentace	100	0	77	13	2	https://www.webglobe.cz/poradna/co-je-webova-prezentace	informational+commercial	cs
webglobe.cz	jak napsat zavináč na pc	150	1	1	13	1	https://www.webglobe.cz/poradna/jak-napsat-zavinac	informational	cs
webglobe.cz	jak založit webové stránky zdarma	150	46	89	13	5	https://www.webglobe.cz/blog/web-zdarma/	informational+commercial	cs
webglobe.cz	co je to firewall	500	0	32			https://www.webglobe.cz/poradna/co-je-firewall	informational	cs
webglobe.cz	cron	350	54	47	13	1	https://www.webglobe.cz/poradna/cron	branded+informational	cs
webglobe.cz	co je to webhosting	150	35	27	13	1	https://www.webglobe.cz/blog/webhosting-co-to-je/	informational	cs
webglobe.cz	kde založit email	90	19	26	13	1		informational+commercial	cs
webglobe.cz	ui ux	200	0	51	12	1	https://www.webglobe.cz/blog/rozdil-mezi-ux-a-ui/	informational	cs
webglobe.cz	pno	1400	0	10	12	9	https://www.webglobe.cz/poradna/co-je-pno	informational	cs
webglobe.cz	403	350	0	3	12	1	https://www.webglobe.cz/poradna/co-je-chyba-403	informational	cs
webglobe.cz	koupit domenu	200	51	173	12	6	https://www.webglobe.cz/domeny	informational+commercial+transactional	cs
webglobe.cz	implementace	300	0	33	12	1		informational	cs
webglobe.cz	co je ugc	150	0				https://www.webglobe.cz/poradna/co-je-ugc	informational	cs
webglobe.cz	co znamena url	90	0		12	1	https://www.webglobe.cz/poradna/co-je-url	informational	cs
webglobe.cz	jak vytvořit webové stránky zdarma	100	43	118			https://www.webglobe.cz/blog/web-zdarma/	informational+commercial	cs
webglobe.cz	free mail	150	0	36	12	4		informational+commercial	cs
